ISO-10303-21;
HEADER;
/* Generated by software containing ST-Developer
 * from STEP Tools, Inc. (www.steptools.com) 
 */
/* OPTION: strings as raw bytes, not using required /X/ escapes */

FILE_DESCRIPTION(
/* description */ ('Unknown'),
/* implementation_level */ '2;1');

FILE_NAME(
/* name */ 'RD901F-40-15F-A100K-00DL1',
/* time_stamp */ '2024-11-22T11:08:07+02:00',
/* author */ ('Unknown'),
/* organization */ ('Unknown'),
/* preprocessor_version */ 'ST-DEVELOPER v18.102',
/* originating_system */ 'Solid Edge',
/* authorisation */ 'Unknown');

FILE_SCHEMA (('AUTOMOTIVE_DESIGN {1 0 10303 214 3 1 1}'));
ENDSEC;

DATA;
#10=PROPERTY_DEFINITION_REPRESENTATION(#14,#12);
#11=PROPERTY_DEFINITION_REPRESENTATION(#15,#13);
#12=REPRESENTATION('',(#16),#9135);
#13=REPRESENTATION('',(#17),#9135);
#14=PROPERTY_DEFINITION('pmi validation property','',#9140);
#15=PROPERTY_DEFINITION('pmi validation property','',#9140);
#16=VALUE_REPRESENTATION_ITEM('number of annotations',COUNT_MEASURE(0.));
#17=VALUE_REPRESENTATION_ITEM('number of views',COUNT_MEASURE(0.));
#18=SHAPE_REPRESENTATION_RELATIONSHIP('','',#4754,#19);
#19=ADVANCED_BREP_SHAPE_REPRESENTATION('',(#4752),#9135);
#20=(
BOUNDED_SURFACE()
B_SPLINE_SURFACE(1,2,((#7701,#7702,#7703,#7704,#7705,#7706,#7707,#7708,
#7709,#7710,#7711,#7712,#7713,#7714,#7715,#7716,#7717,#7718,#7719,#7720,
#7721,#7722,#7723,#7724,#7725,#7726,#7727,#7728,#7729,#7730,#7731,#7732,
#7733,#7734,#7735,#7736,#7737,#7738,#7739,#7740,#7741,#7742,#7743,#7744,
#7745,#7746,#7747,#7748,#7749,#7750,#7751,#7752,#7753,#7754,#7755,#7756,
#7757,#7758,#7759,#7760,#7761,#7762,#7763,#7764,#7765,#7766,#7767,#7768,
#7769,#7770,#7771,#7772,#7773,#7774,#7775,#7776,#7777,#7778,#7779,#7780,
#7781,#7782,#7783,#7784,#7785,#7786,#7787,#7788,#7789,#7790,#7791,#7792,
#7793,#7794,#7795,#7796,#7797,#7798,#7799,#7800,#7801,#7802,#7803,#7804,
#7805,#7806,#7807,#7808,#7809,#7810,#7811,#7812,#7813,#7814,#7815,#7816,
#7817,#7818,#7819,#7820,#7821,#7822,#7823,#7824,#7825,#7826,#7827,#7828,
#7829,#7830,#7831,#7832,#7833,#7834,#7835,#7836,#7837,#7838,#7839,#7840,
#7841,#7842,#7843,#7844,#7845,#7846,#7847,#7848,#7849,#7850,#7851,#7852,
#7853,#7854,#7855,#7856,#7857,#7858,#7859,#7860,#7861,#7862,#7863,#7864,
#7865,#7866,#7867,#7868,#7869,#7870,#7871,#7872,#7873,#7874,#7875,#7876,
#7877,#7878,#7879,#7880,#7881,#7882,#7883,#7884,#7885,#7886,#7887,#7888,
#7889,#7890,#7891,#7892,#7893,#7894,#7895,#7896,#7897,#7898,#7899,#7900,
#7901,#7902,#7903,#7904,#7905,#7906,#7907,#7908,#7909,#7910,#7911,#7912,
#7913,#7914,#7915,#7916,#7917,#7918,#7919,#7920,#7921,#7922,#7923,#7924,
#7925,#7926,#7927,#7928,#7929,#7930,#7931,#7932,#7933,#7934,#7935,#7936,
#7937,#7938,#7939,#7940,#7941,#7942,#7943,#7944,#7945,#7946,#7947,#7948,
#7949,#7950,#7951,#7952,#7953,#7954,#7955,#7956,#7957,#7958,#7959),(#7960,
#7961,#7962,#7963,#7964,#7965,#7966,#7967,#7968,#7969,#7970,#7971,#7972,
#7973,#7974,#7975,#7976,#7977,#7978,#7979,#7980,#7981,#7982,#7983,#7984,
#7985,#7986,#7987,#7988,#7989,#7990,#7991,#7992,#7993,#7994,#7995,#7996,
#7997,#7998,#7999,#8000,#8001,#8002,#8003,#8004,#8005,#8006,#8007,#8008,
#8009,#8010,#8011,#8012,#8013,#8014,#8015,#8016,#8017,#8018,#8019,#8020,
#8021,#8022,#8023,#8024,#8025,#8026,#8027,#8028,#8029,#8030,#8031,#8032,
#8033,#8034,#8035,#8036,#8037,#8038,#8039,#8040,#8041,#8042,#8043,#8044,
#8045,#8046,#8047,#8048,#8049,#8050,#8051,#8052,#8053,#8054,#8055,#8056,
#8057,#8058,#8059,#8060,#8061,#8062,#8063,#8064,#8065,#8066,#8067,#8068,
#8069,#8070,#8071,#8072,#8073,#8074,#8075,#8076,#8077,#8078,#8079,#8080,
#8081,#8082,#8083,#8084,#8085,#8086,#8087,#8088,#8089,#8090,#8091,#8092,
#8093,#8094,#8095,#8096,#8097,#8098,#8099,#8100,#8101,#8102,#8103,#8104,
#8105,#8106,#8107,#8108,#8109,#8110,#8111,#8112,#8113,#8114,#8115,#8116,
#8117,#8118,#8119,#8120,#8121,#8122,#8123,#8124,#8125,#8126,#8127,#8128,
#8129,#8130,#8131,#8132,#8133,#8134,#8135,#8136,#8137,#8138,#8139,#8140,
#8141,#8142,#8143,#8144,#8145,#8146,#8147,#8148,#8149,#8150,#8151,#8152,
#8153,#8154,#8155,#8156,#8157,#8158,#8159,#8160,#8161,#8162,#8163,#8164,
#8165,#8166,#8167,#8168,#8169,#8170,#8171,#8172,#8173,#8174,#8175,#8176,
#8177,#8178,#8179,#8180,#8181,#8182,#8183,#8184,#8185,#8186,#8187,#8188,
#8189,#8190,#8191,#8192,#8193,#8194,#8195,#8196,#8197,#8198,#8199,#8200,
#8201,#8202,#8203,#8204,#8205,#8206,#8207,#8208,#8209,#8210,#8211,#8212,
#8213,#8214,#8215,#8216,#8217,#8218)),.UNSPECIFIED.,.F.,.F.,.F.)
B_SPLINE_SURFACE_WITH_KNOTS((2,2),(3,2,2,2,2,2,2,2,2,2,2,2,2,2,2,2,2,2,
2,2,2,2,2,2,2,2,2,2,2,2,2,2,2,2,2,2,2,2,2,2,2,2,2,2,2,2,2,2,2,2,2,2,2,2,
2,2,2,2,2,2,2,2,2,2,2,2,2,2,2,2,2,2,2,2,2,2,2,2,2,2,2,2,2,2,2,2,2,2,2,2,
2,2,2,2,2,2,2,2,2,2,2,2,2,2,2,2,2,2,2,2,2,2,2,2,2,2,2,2,2,2,2,2,2,2,2,2,
2,2,2,3),(0.,1.),(0.,0.00714285714285714,0.0142857142857143,0.0214285714285714,
0.0285714285714286,0.0357142857142857,0.0428571428571429,0.05,0.0571428571428571,
0.0642857142857143,0.0714285714285714,0.0785714285714286,0.0857142857142857,
0.0928571428571429,0.1,0.107142857142857,0.114285714285714,0.121428571428571,
0.128571428571429,0.135714285714286,0.142857142857143,0.15,0.157142857142857,
0.164285714285714,0.171428571428571,0.178571428571429,0.185714285714286,
0.192857142857143,0.2,0.207142857142857,0.214285714285714,0.221428571428571,
0.228571428571429,0.235714285714286,0.242857142857143,0.25,0.257142857142857,
0.264285714285714,0.271428571428571,0.278571428571429,0.285714285714286,
0.292857142857143,0.3,0.307142857142857,0.314285714285714,0.321428571428571,
0.328571428571429,0.335714285714286,0.342857142857143,0.35,0.357142857142857,
0.364285714285714,0.371428571428571,0.378571428571429,0.385714285714286,
0.392857142857143,0.4,0.407142857142857,0.414285714285714,0.421428571428571,
0.428571428571429,0.435714285714286,0.442857142857143,0.45,0.457142857142857,
0.464285714285714,0.471428571428571,0.478571428571429,0.485714285714286,
0.492857142857143,0.5,0.507142857142857,0.514285714285714,0.521428571428571,
0.528571428571429,0.535714285714286,0.542857142857143,0.55,0.557142857142857,
0.564285714285714,0.571428571428571,0.578571428571429,0.585714285714286,
0.592857142857143,0.6,0.607142857142857,0.614285714285714,0.621428571428571,
0.628571428571429,0.635714285714286,0.642857142857143,0.65,0.657142857142857,
0.664285714285714,0.671428571428571,0.678571428571429,0.685714285714286,
0.692857142857143,0.7,0.707142857142857,0.714285714285714,0.721428571428571,
0.728571428571429,0.735714285714286,0.742857142857143,0.75,0.757142857142857,
0.764285714285714,0.771428571428571,0.778571428571429,0.785714285714286,
0.792857142857143,0.8,0.807142857142857,0.814285714285714,0.821428571428571,
0.828571428571429,0.835714285714286,0.842857142857143,0.85,0.857142857142857,
0.864285714285714,0.871428571428571,0.878571428571429,0.885714285714286,
0.892857142857143,0.9,0.907142857142857,0.914285714285714,0.918590659346868),
 .PIECEWISE_BEZIER_KNOTS.)
GEOMETRIC_REPRESENTATION_ITEM()
RATIONAL_B_SPLINE_SURFACE(((1.,0.974927912181824,1.,0.974927912181824,1.,
0.974927912181824,1.,0.974927912181824,1.,0.974927912181824,1.,0.974927912181824,
1.,0.974927912181824,1.,0.974927912181824,1.,0.974927912181824,1.,0.974927912181824,
1.,0.974927912181824,1.,0.974927912181824,1.,0.974927912181824,1.,0.974927912181824,
1.,0.974927912181824,1.,0.974927912181824,1.,0.974927912181824,1.,0.974927912181824,
1.,0.974927912181824,1.,0.974927912181824,1.,0.974927912181824,1.,0.974927912181824,
1.,0.974927912181824,1.,0.974927912181824,1.,0.974927912181824,1.,0.974927912181824,
1.,0.974927912181824,1.,0.974927912181824,1.,0.974927912181824,1.,0.974927912181824,
1.,0.974927912181824,1.,0.974927912181824,1.,0.974927912181824,1.,0.974927912181824,
1.,0.974927912181824,1.,0.974927912181824,1.,0.974927912181824,1.,0.974927912181824,
1.,0.974927912181824,1.,0.974927912181824,1.,0.974927912181824,1.,0.974927912181824,
1.,0.974927912181824,1.,0.974927912181824,1.,0.974927912181824,1.,0.974927912181824,
1.,0.974927912181824,1.,0.974927912181824,1.,0.974927912181824,1.,0.974927912181824,
1.,0.974927912181824,1.,0.974927912181824,1.,0.974927912181824,1.,0.974927912181824,
1.,0.974927912181824,1.,0.974927912181824,1.,0.974927912181824,1.,0.974927912181824,
1.,0.974927912181824,1.,0.974927912181824,1.,0.974927912181824,1.,0.974927912181824,
1.,0.974927912181824,1.,0.974927912181824,1.,0.974927912181824,1.,0.974927912181824,
1.,0.974927912181824,1.,0.974927912181824,1.,0.974927912181824,1.,0.974927912181824,
1.,0.974927912181824,1.,0.974927912181824,1.,0.974927912181824,1.,0.974927912181824,
1.,0.974927912181824,1.,0.974927912181824,1.,0.974927912181824,1.,0.974927912181824,
1.,0.974927912181824,1.,0.974927912181824,1.,0.974927912181824,1.,0.974927912181824,
1.,0.974927912181824,1.,0.974927912181824,1.,0.974927912181824,1.,0.974927912181824,
1.,0.974927912181824,1.,0.974927912181824,1.,0.974927912181824,1.,0.974927912181824,
1.,0.974927912181824,1.,0.974927912181824,1.,0.974927912181824,1.,0.974927912181824,
1.,0.974927912181824,1.,0.974927912181824,1.,0.974927912181824,1.,0.974927912181824,
1.,0.974927912181824,1.,0.974927912181824,1.,0.974927912181824,1.,0.974927912181824,
1.,0.974927912181824,1.,0.974927912181824,1.,0.974927912181824,1.,0.974927912181824,
1.,0.974927912181824,1.,0.974927912181824,1.,0.974927912181824,1.,0.974927912181824,
1.,0.974927912181824,1.,0.974927912181824,1.,0.974927912181824,1.,0.974927912181824,
1.,0.974927912181824,1.,0.974927912181824,1.,0.974927912181824,1.,0.974927912181824,
1.,0.974927912181824,1.,0.974927912181824,1.,0.974927912181824,1.,0.974927912181824,
1.,0.974927912181824,1.,0.974927912181824,1.,0.974927912181824,1.,0.974927912181824,
1.,0.974927912181824,1.,0.974927912181824,1.,0.984889245512408,0.98799276203728),
(1.,0.974927912181824,1.,0.974927912181824,1.,0.974927912181824,1.,0.974927912181824,
1.,0.974927912181824,1.,0.974927912181824,1.,0.974927912181824,1.,0.974927912181824,
1.,0.974927912181824,1.,0.974927912181824,1.,0.974927912181824,1.,0.974927912181824,
1.,0.974927912181824,1.,0.974927912181824,1.,0.974927912181824,1.,0.974927912181824,
1.,0.974927912181824,1.,0.974927912181824,1.,0.974927912181824,1.,0.974927912181824,
1.,0.974927912181824,1.,0.974927912181824,1.,0.974927912181824,1.,0.974927912181824,
1.,0.974927912181824,1.,0.974927912181824,1.,0.974927912181824,1.,0.974927912181824,
1.,0.974927912181824,1.,0.974927912181824,1.,0.974927912181824,1.,0.974927912181824,
1.,0.974927912181824,1.,0.974927912181824,1.,0.974927912181824,1.,0.974927912181824,
1.,0.974927912181824,1.,0.974927912181824,1.,0.974927912181824,1.,0.974927912181824,
1.,0.974927912181824,1.,0.974927912181824,1.,0.974927912181824,1.,0.974927912181824,
1.,0.974927912181824,1.,0.974927912181824,1.,0.974927912181824,1.,0.974927912181824,
1.,0.974927912181824,1.,0.974927912181824,1.,0.974927912181824,1.,0.974927912181824,
1.,0.974927912181824,1.,0.974927912181824,1.,0.974927912181824,1.,0.974927912181824,
1.,0.974927912181824,1.,0.974927912181824,1.,0.974927912181824,1.,0.974927912181824,
1.,0.974927912181824,1.,0.974927912181824,1.,0.974927912181824,1.,0.974927912181824,
1.,0.974927912181824,1.,0.974927912181824,1.,0.974927912181824,1.,0.974927912181824,
1.,0.974927912181824,1.,0.974927912181824,1.,0.974927912181824,1.,0.974927912181824,
1.,0.974927912181824,1.,0.974927912181824,1.,0.974927912181824,1.,0.974927912181824,
1.,0.974927912181824,1.,0.974927912181824,1.,0.974927912181824,1.,0.974927912181824,
1.,0.974927912181824,1.,0.974927912181824,1.,0.974927912181824,1.,0.974927912181824,
1.,0.974927912181824,1.,0.974927912181824,1.,0.974927912181824,1.,0.974927912181824,
1.,0.974927912181824,1.,0.974927912181824,1.,0.974927912181824,1.,0.974927912181824,
1.,0.974927912181824,1.,0.974927912181824,1.,0.974927912181824,1.,0.974927912181824,
1.,0.974927912181824,1.,0.974927912181824,1.,0.974927912181824,1.,0.974927912181824,
1.,0.974927912181824,1.,0.974927912181824,1.,0.974927912181824,1.,0.974927912181824,
1.,0.974927912181824,1.,0.974927912181824,1.,0.974927912181824,1.,0.974927912181824,
1.,0.974927912181824,1.,0.974927912181824,1.,0.974927912181824,1.,0.974927912181824,
1.,0.974927912181824,1.,0.974927912181824,1.,0.974927912181824,1.,0.974927912181824,
1.,0.974927912181824,1.,0.974927912181824,1.,0.974927912181824,1.,0.974927912181824,
1.,0.974927912181824,1.,0.974927912181824,1.,0.974927912181824,1.,0.974927912181824,
1.,0.974927912181824,1.,0.974927912181824,1.,0.974927912181824,1.,0.974927912181824,
1.,0.984889245512408,0.98799276203728)))
REPRESENTATION_ITEM('')
SURFACE()
);
#21=(
BOUNDED_SURFACE()
B_SPLINE_SURFACE(1,2,((#8220,#8221,#8222,#8223,#8224,#8225,#8226,#8227,
#8228,#8229,#8230,#8231,#8232,#8233,#8234,#8235,#8236,#8237,#8238,#8239,
#8240,#8241,#8242,#8243,#8244,#8245,#8246,#8247,#8248,#8249,#8250,#8251,
#8252,#8253,#8254,#8255,#8256,#8257,#8258,#8259,#8260,#8261,#8262,#8263,
#8264,#8265,#8266,#8267,#8268,#8269,#8270,#8271,#8272,#8273,#8274,#8275,
#8276,#8277,#8278,#8279,#8280,#8281,#8282,#8283,#8284,#8285,#8286,#8287,
#8288,#8289,#8290,#8291,#8292,#8293,#8294,#8295,#8296,#8297,#8298,#8299,
#8300,#8301,#8302,#8303,#8304,#8305,#8306,#8307,#8308,#8309,#8310,#8311,
#8312,#8313,#8314,#8315,#8316,#8317,#8318,#8319,#8320,#8321,#8322,#8323,
#8324,#8325,#8326,#8327,#8328,#8329,#8330,#8331,#8332,#8333,#8334,#8335,
#8336,#8337,#8338,#8339,#8340,#8341,#8342,#8343,#8344,#8345,#8346,#8347,
#8348,#8349,#8350,#8351,#8352,#8353,#8354,#8355,#8356,#8357,#8358,#8359,
#8360,#8361,#8362,#8363,#8364,#8365,#8366,#8367,#8368,#8369,#8370,#8371,
#8372,#8373,#8374,#8375,#8376,#8377,#8378,#8379,#8380,#8381,#8382,#8383,
#8384,#8385,#8386,#8387,#8388,#8389,#8390,#8391,#8392,#8393,#8394,#8395,
#8396,#8397,#8398,#8399,#8400,#8401,#8402,#8403,#8404,#8405,#8406,#8407,
#8408,#8409,#8410,#8411,#8412,#8413,#8414,#8415,#8416,#8417,#8418,#8419,
#8420,#8421,#8422,#8423,#8424,#8425,#8426,#8427,#8428,#8429,#8430,#8431,
#8432,#8433,#8434,#8435,#8436,#8437,#8438,#8439,#8440,#8441,#8442,#8443,
#8444,#8445,#8446,#8447,#8448,#8449,#8450,#8451,#8452,#8453,#8454,#8455,
#8456,#8457,#8458,#8459,#8460,#8461,#8462,#8463,#8464),(#8465,#8466,#8467,
#8468,#8469,#8470,#8471,#8472,#8473,#8474,#8475,#8476,#8477,#8478,#8479,
#8480,#8481,#8482,#8483,#8484,#8485,#8486,#8487,#8488,#8489,#8490,#8491,
#8492,#8493,#8494,#8495,#8496,#8497,#8498,#8499,#8500,#8501,#8502,#8503,
#8504,#8505,#8506,#8507,#8508,#8509,#8510,#8511,#8512,#8513,#8514,#8515,
#8516,#8517,#8518,#8519,#8520,#8521,#8522,#8523,#8524,#8525,#8526,#8527,
#8528,#8529,#8530,#8531,#8532,#8533,#8534,#8535,#8536,#8537,#8538,#8539,
#8540,#8541,#8542,#8543,#8544,#8545,#8546,#8547,#8548,#8549,#8550,#8551,
#8552,#8553,#8554,#8555,#8556,#8557,#8558,#8559,#8560,#8561,#8562,#8563,
#8564,#8565,#8566,#8567,#8568,#8569,#8570,#8571,#8572,#8573,#8574,#8575,
#8576,#8577,#8578,#8579,#8580,#8581,#8582,#8583,#8584,#8585,#8586,#8587,
#8588,#8589,#8590,#8591,#8592,#8593,#8594,#8595,#8596,#8597,#8598,#8599,
#8600,#8601,#8602,#8603,#8604,#8605,#8606,#8607,#8608,#8609,#8610,#8611,
#8612,#8613,#8614,#8615,#8616,#8617,#8618,#8619,#8620,#8621,#8622,#8623,
#8624,#8625,#8626,#8627,#8628,#8629,#8630,#8631,#8632,#8633,#8634,#8635,
#8636,#8637,#8638,#8639,#8640,#8641,#8642,#8643,#8644,#8645,#8646,#8647,
#8648,#8649,#8650,#8651,#8652,#8653,#8654,#8655,#8656,#8657,#8658,#8659,
#8660,#8661,#8662,#8663,#8664,#8665,#8666,#8667,#8668,#8669,#8670,#8671,
#8672,#8673,#8674,#8675,#8676,#8677,#8678,#8679,#8680,#8681,#8682,#8683,
#8684,#8685,#8686,#8687,#8688,#8689,#8690,#8691,#8692,#8693,#8694,#8695,
#8696,#8697,#8698,#8699,#8700,#8701,#8702,#8703,#8704,#8705,#8706,#8707,
#8708,#8709)),.UNSPECIFIED.,.F.,.F.,.F.)
B_SPLINE_SURFACE_WITH_KNOTS((2,2),(3,2,2,2,2,2,2,2,2,2,2,2,2,2,2,2,2,2,
2,2,2,2,2,2,2,2,2,2,2,2,2,2,2,2,2,2,2,2,2,2,2,2,2,2,2,2,2,2,2,2,2,2,2,2,
2,2,2,2,2,2,2,2,2,2,2,2,2,2,2,2,2,2,2,2,2,2,2,2,2,2,2,2,2,2,2,2,2,2,2,2,
2,2,2,2,2,2,2,2,2,2,2,2,2,2,2,2,2,2,2,2,2,2,2,2,2,2,2,2,2,2,2,2,3),(0.,
1.),(0.,0.00714285714285714,0.0142857142857143,0.0214285714285714,0.0285714285714286,
0.0357142857142857,0.0428571428571429,0.05,0.0571428571428571,0.0642857142857143,
0.0714285714285714,0.0785714285714286,0.0857142857142857,0.0928571428571429,
0.1,0.107142857142857,0.114285714285714,0.121428571428571,0.128571428571429,
0.135714285714286,0.142857142857143,0.15,0.157142857142857,0.164285714285714,
0.171428571428571,0.178571428571429,0.185714285714286,0.192857142857143,
0.2,0.207142857142857,0.214285714285714,0.221428571428571,0.228571428571429,
0.235714285714286,0.242857142857143,0.25,0.257142857142857,0.264285714285714,
0.271428571428571,0.278571428571429,0.285714285714286,0.292857142857143,
0.3,0.307142857142857,0.314285714285714,0.321428571428571,0.328571428571429,
0.335714285714286,0.342857142857143,0.35,0.357142857142857,0.364285714285714,
0.371428571428571,0.378571428571429,0.385714285714286,0.392857142857143,
0.4,0.407142857142857,0.414285714285714,0.421428571428571,0.428571428571429,
0.435714285714286,0.442857142857143,0.45,0.457142857142857,0.464285714285714,
0.471428571428571,0.478571428571429,0.485714285714286,0.492857142857143,
0.5,0.507142857142857,0.514285714285714,0.521428571428571,0.528571428571429,
0.535714285714286,0.542857142857143,0.55,0.557142857142857,0.564285714285714,
0.571428571428571,0.578571428571429,0.585714285714286,0.592857142857143,
0.6,0.607142857142857,0.614285714285714,0.621428571428571,0.628571428571429,
0.635714285714286,0.642857142857143,0.65,0.657142857142857,0.664285714285714,
0.671428571428571,0.678571428571429,0.685714285714286,0.692857142857143,
0.7,0.707142857142857,0.714285714285714,0.721428571428571,0.728571428571429,
0.735714285714286,0.742857142857143,0.75,0.757142857142857,0.764285714285714,
0.771428571428571,0.778571428571429,0.785714285714286,0.792857142857143,
0.8,0.807142857142857,0.814285714285714,0.821428571428571,0.828571428571429,
0.835714285714286,0.842857142857143,0.85,0.857142857142857,0.864285714285714,
0.870642403087866),.PIECEWISE_BEZIER_KNOTS.)
GEOMETRIC_REPRESENTATION_ITEM()
RATIONAL_B_SPLINE_SURFACE(((1.,0.974927912181824,1.,0.974927912181824,1.,
0.974927912181824,1.,0.974927912181824,1.,0.974927912181824,1.,0.974927912181824,
1.,0.974927912181824,1.,0.974927912181824,1.,0.974927912181824,1.,0.974927912181824,
1.,0.974927912181824,1.,0.974927912181824,1.,0.974927912181824,1.,0.974927912181824,
1.,0.974927912181824,1.,0.974927912181824,1.,0.974927912181824,1.,0.974927912181824,
1.,0.974927912181824,1.,0.974927912181824,1.,0.974927912181824,1.,0.974927912181824,
1.,0.974927912181824,1.,0.974927912181824,1.,0.974927912181824,1.,0.974927912181824,
1.,0.974927912181824,1.,0.974927912181824,1.,0.974927912181824,1.,0.974927912181824,
1.,0.974927912181824,1.,0.974927912181824,1.,0.974927912181824,1.,0.974927912181824,
1.,0.974927912181824,1.,0.974927912181824,1.,0.974927912181824,1.,0.974927912181824,
1.,0.974927912181824,1.,0.974927912181824,1.,0.974927912181824,1.,0.974927912181824,
1.,0.974927912181824,1.,0.974927912181824,1.,0.974927912181824,1.,0.974927912181824,
1.,0.974927912181824,1.,0.974927912181824,1.,0.974927912181824,1.,0.974927912181824,
1.,0.974927912181824,1.,0.974927912181824,1.,0.974927912181824,1.,0.974927912181824,
1.,0.974927912181824,1.,0.974927912181824,1.,0.974927912181824,1.,0.974927912181824,
1.,0.974927912181824,1.,0.974927912181824,1.,0.974927912181824,1.,0.974927912181824,
1.,0.974927912181824,1.,0.974927912181824,1.,0.974927912181824,1.,0.974927912181824,
1.,0.974927912181824,1.,0.974927912181824,1.,0.974927912181824,1.,0.974927912181824,
1.,0.974927912181824,1.,0.974927912181824,1.,0.974927912181824,1.,0.974927912181824,
1.,0.974927912181824,1.,0.974927912181824,1.,0.974927912181824,1.,0.974927912181824,
1.,0.974927912181824,1.,0.974927912181824,1.,0.974927912181824,1.,0.974927912181824,
1.,0.974927912181824,1.,0.974927912181824,1.,0.974927912181824,1.,0.974927912181824,
1.,0.974927912181824,1.,0.974927912181824,1.,0.974927912181824,1.,0.974927912181824,
1.,0.974927912181824,1.,0.974927912181824,1.,0.974927912181824,1.,0.974927912181824,
1.,0.974927912181824,1.,0.974927912181824,1.,0.974927912181824,1.,0.974927912181824,
1.,0.974927912181824,1.,0.974927912181824,1.,0.974927912181824,1.,0.974927912181824,
1.,0.974927912181824,1.,0.974927912181824,1.,0.974927912181824,1.,0.974927912181824,
1.,0.974927912181824,1.,0.974927912181824,1.,0.974927912181824,1.,0.974927912181824,
1.,0.974927912181824,1.,0.974927912181824,1.,0.974927912181824,1.,0.974927912181824,
1.,0.974927912181824,1.,0.974927912181824,1.,0.974927912181824,1.,0.974927912181824,
1.,0.974927912181824,1.,0.974927912181824,1.,0.974927912181824,1.,0.97768743561675,
0.995088399118941),(1.,0.974927912181824,1.,0.974927912181824,1.,0.974927912181824,
1.,0.974927912181824,1.,0.974927912181824,1.,0.974927912181824,1.,0.974927912181824,
1.,0.974927912181824,1.,0.974927912181824,1.,0.974927912181824,1.,0.974927912181824,
1.,0.974927912181824,1.,0.974927912181824,1.,0.974927912181824,1.,0.974927912181824,
1.,0.974927912181824,1.,0.974927912181824,1.,0.974927912181824,1.,0.974927912181824,
1.,0.974927912181824,1.,0.974927912181824,1.,0.974927912181824,1.,0.974927912181824,
1.,0.974927912181824,1.,0.974927912181824,1.,0.974927912181824,1.,0.974927912181824,
1.,0.974927912181824,1.,0.974927912181824,1.,0.974927912181824,1.,0.974927912181824,
1.,0.974927912181824,1.,0.974927912181824,1.,0.974927912181824,1.,0.974927912181824,
1.,0.974927912181824,1.,0.974927912181824,1.,0.974927912181824,1.,0.974927912181824,
1.,0.974927912181824,1.,0.974927912181824,1.,0.974927912181824,1.,0.974927912181824,
1.,0.974927912181824,1.,0.974927912181824,1.,0.974927912181824,1.,0.974927912181824,
1.,0.974927912181824,1.,0.974927912181824,1.,0.974927912181824,1.,0.974927912181824,
1.,0.974927912181824,1.,0.974927912181824,1.,0.974927912181824,1.,0.974927912181824,
1.,0.974927912181824,1.,0.974927912181824,1.,0.974927912181824,1.,0.974927912181824,
1.,0.974927912181824,1.,0.974927912181824,1.,0.974927912181824,1.,0.974927912181824,
1.,0.974927912181824,1.,0.974927912181824,1.,0.974927912181824,1.,0.974927912181824,
1.,0.974927912181824,1.,0.974927912181824,1.,0.974927912181824,1.,0.974927912181824,
1.,0.974927912181824,1.,0.974927912181824,1.,0.974927912181824,1.,0.974927912181824,
1.,0.974927912181824,1.,0.974927912181824,1.,0.974927912181824,1.,0.974927912181824,
1.,0.974927912181824,1.,0.974927912181824,1.,0.974927912181824,1.,0.974927912181824,
1.,0.974927912181824,1.,0.974927912181824,1.,0.974927912181824,1.,0.974927912181824,
1.,0.974927912181824,1.,0.974927912181824,1.,0.974927912181824,1.,0.974927912181824,
1.,0.974927912181824,1.,0.974927912181824,1.,0.974927912181824,1.,0.974927912181824,
1.,0.974927912181824,1.,0.974927912181824,1.,0.974927912181824,1.,0.974927912181824,
1.,0.974927912181824,1.,0.974927912181824,1.,0.974927912181824,1.,0.974927912181824,
1.,0.974927912181824,1.,0.974927912181824,1.,0.974927912181824,1.,0.974927912181824,
1.,0.974927912181824,1.,0.974927912181824,1.,0.974927912181824,1.,0.974927912181824,
1.,0.974927912181824,1.,0.974927912181824,1.,0.974927912181824,1.,0.974927912181824,
1.,0.974927912181824,1.,0.974927912181824,1.,0.974927912181824,1.,0.974927912181824,
1.,0.974927912181824,1.,0.974927912181824,1.,0.97768743561675,0.995088399118941)))
REPRESENTATION_ITEM('')
SURFACE()
);
#22=(
BOUNDED_CURVE()
B_SPLINE_CURVE(2,(#6567,#6568,#6569,#6570,#6571,#6572,#6573,#6574,#6575,
#6576,#6577,#6578,#6579,#6580,#6581,#6582,#6583,#6584,#6585,#6586,#6587,
#6588,#6589,#6590,#6591,#6592,#6593,#6594,#6595,#6596,#6597,#6598,#6599,
#6600,#6601,#6602,#6603,#6604,#6605,#6606,#6607,#6608,#6609,#6610,#6611,
#6612,#6613,#6614,#6615,#6616,#6617,#6618,#6619,#6620,#6621,#6622,#6623,
#6624,#6625,#6626,#6627,#6628,#6629,#6630,#6631,#6632,#6633,#6634,#6635,
#6636,#6637,#6638,#6639,#6640,#6641,#6642,#6643,#6644,#6645,#6646,#6647,
#6648,#6649,#6650,#6651,#6652,#6653,#6654,#6655,#6656,#6657,#6658,#6659,
#6660,#6661,#6662,#6663,#6664,#6665,#6666,#6667,#6668,#6669,#6670,#6671,
#6672,#6673,#6674,#6675,#6676,#6677,#6678,#6679,#6680,#6681,#6682,#6683,
#6684,#6685,#6686,#6687,#6688,#6689,#6690,#6691,#6692,#6693,#6694,#6695,
#6696,#6697,#6698,#6699,#6700,#6701,#6702,#6703,#6704,#6705,#6706,#6707,
#6708,#6709,#6710,#6711,#6712,#6713,#6714,#6715,#6716,#6717,#6718,#6719,
#6720,#6721,#6722,#6723,#6724,#6725,#6726,#6727,#6728,#6729,#6730,#6731,
#6732,#6733,#6734,#6735,#6736,#6737,#6738,#6739,#6740,#6741,#6742,#6743,
#6744,#6745,#6746,#6747,#6748,#6749,#6750,#6751,#6752,#6753,#6754,#6755,
#6756,#6757,#6758,#6759,#6760,#6761,#6762,#6763,#6764,#6765,#6766,#6767,
#6768,#6769,#6770,#6771,#6772,#6773,#6774,#6775,#6776,#6777,#6778,#6779,
#6780,#6781,#6782,#6783,#6784,#6785,#6786,#6787,#6788,#6789,#6790,#6791,
#6792,#6793,#6794,#6795,#6796,#6797,#6798,#6799,#6800,#6801,#6802,#6803,
#6804,#6805,#6806,#6807,#6808,#6809,#6810,#6811,#6812,#6813,#6814,#6815,
#6816,#6817,#6818,#6819,#6820,#6821,#6822,#6823,#6824,#6825,#6826,#6827,
#6828,#6829,#6830,#6831,#6832,#6833,#6834,#6835,#6836,#6837,#6838,#6839,
#6840,#6841,#6842,#6843,#6844,#6845,#6846,#6847),.UNSPECIFIED.,.F.,.F.)
B_SPLINE_CURVE_WITH_KNOTS((3,2,2,2,2,2,2,2,2,2,2,2,2,2,2,2,2,2,2,2,2,2,
2,2,2,2,2,2,2,2,2,2,2,2,2,2,2,2,2,2,2,2,2,2,2,2,2,2,2,2,2,2,2,2,2,2,2,2,
2,2,2,2,2,2,2,2,2,2,2,2,2,2,2,2,2,2,2,2,2,2,2,2,2,2,2,2,2,2,2,2,2,2,2,2,
2,2,2,2,2,2,2,2,2,2,2,2,2,2,2,2,2,2,2,2,2,2,2,2,2,2,2,2,2,2,2,2,2,2,2,2,
2,2,2,2,2,2,2,2,2,2,3),(0.,0.00714285714285714,0.0142857142857143,0.0214285714285714,
0.0285714285714286,0.0357142857142857,0.0428571428571429,0.05,0.0571428571428571,
0.0642857142857143,0.0714285714285714,0.0785714285714286,0.0857142857142857,
0.0928571428571429,0.1,0.107142857142857,0.114285714285714,0.121428571428571,
0.128571428571429,0.135714285714286,0.142857142857143,0.15,0.157142857142857,
0.164285714285714,0.171428571428571,0.178571428571429,0.185714285714286,
0.192857142857143,0.2,0.207142857142857,0.214285714285714,0.221428571428571,
0.228571428571429,0.235714285714286,0.242857142857143,0.25,0.257142857142857,
0.264285714285714,0.271428571428571,0.278571428571429,0.285714285714286,
0.292857142857143,0.3,0.307142857142857,0.314285714285714,0.321428571428571,
0.328571428571429,0.335714285714286,0.342857142857143,0.35,0.357142857142857,
0.364285714285714,0.371428571428571,0.378571428571429,0.385714285714286,
0.392857142857143,0.4,0.407142857142857,0.414285714285714,0.421428571428571,
0.428571428571429,0.435714285714286,0.442857142857143,0.45,0.457142857142857,
0.464285714285714,0.471428571428571,0.478571428571429,0.485714285714286,
0.492857142857143,0.5,0.507142857142857,0.514285714285714,0.521428571428571,
0.528571428571429,0.535714285714286,0.542857142857143,0.55,0.557142857142857,
0.564285714285714,0.571428571428571,0.578571428571429,0.585714285714286,
0.592857142857143,0.6,0.607142857142857,0.614285714285714,0.621428571428571,
0.628571428571429,0.635714285714286,0.642857142857143,0.65,0.657142857142857,
0.664285714285714,0.671428571428571,0.678571428571429,0.685714285714286,
0.692857142857143,0.7,0.707142857142857,0.714285714285714,0.721428571428571,
0.728571428571429,0.735714285714286,0.742857142857143,0.75,0.757142857142857,
0.764285714285714,0.771428571428571,0.778571428571429,0.785714285714286,
0.792857142857143,0.8,0.807142857142857,0.814285714285714,0.821428571428571,
0.828571428571429,0.835714285714286,0.842857142857143,0.85,0.857142857142857,
0.864285714285714,0.871428571428571,0.878571428571429,0.885714285714286,
0.892857142857143,0.9,0.907142857142857,0.914285714285714,0.921428571428571,
0.928571428571429,0.935714285714286,0.942857142857143,0.95,0.957142857142857,
0.964285714285714,0.971428571428571,0.978571428571429,0.985714285714286,
0.992857142857143,1.),.PIECEWISE_BEZIER_KNOTS.)
CURVE()
GEOMETRIC_REPRESENTATION_ITEM()
RATIONAL_B_SPLINE_CURVE((1.,0.974927912181824,1.,0.974927912181824,1.,0.974927912181824,
1.,0.974927912181824,1.,0.974927912181824,1.,0.974927912181824,1.,0.974927912181824,
1.,0.974927912181824,1.,0.974927912181824,1.,0.974927912181824,1.,0.974927912181824,
1.,0.974927912181824,1.,0.974927912181824,1.,0.974927912181824,1.,0.974927912181824,
1.,0.974927912181824,1.,0.974927912181824,1.,0.974927912181824,1.,0.974927912181824,
1.,0.974927912181824,1.,0.974927912181824,1.,0.974927912181824,1.,0.974927912181824,
1.,0.974927912181824,1.,0.974927912181824,1.,0.974927912181824,1.,0.974927912181824,
1.,0.974927912181824,1.,0.974927912181824,1.,0.974927912181824,1.,0.974927912181824,
1.,0.974927912181824,1.,0.974927912181824,1.,0.974927912181824,1.,0.974927912181824,
1.,0.974927912181824,1.,0.974927912181824,1.,0.974927912181824,1.,0.974927912181824,
1.,0.974927912181824,1.,0.974927912181824,1.,0.974927912181824,1.,0.974927912181824,
1.,0.974927912181824,1.,0.974927912181824,1.,0.974927912181824,1.,0.974927912181824,
1.,0.974927912181824,1.,0.974927912181824,1.,0.974927912181824,1.,0.974927912181824,
1.,0.974927912181824,1.,0.974927912181824,1.,0.974927912181824,1.,0.974927912181824,
1.,0.974927912181824,1.,0.974927912181824,1.,0.974927912181824,1.,0.974927912181824,
1.,0.974927912181824,1.,0.974927912181824,1.,0.974927912181824,1.,0.974927912181824,
1.,0.974927912181824,1.,0.974927912181824,1.,0.974927912181824,1.,0.974927912181824,
1.,0.974927912181824,1.,0.974927912181824,1.,0.974927912181824,1.,0.974927912181824,
1.,0.974927912181824,1.,0.974927912181824,1.,0.974927912181824,1.,0.974927912181824,
1.,0.974927912181824,1.,0.974927912181824,1.,0.974927912181824,1.,0.974927912181824,
1.,0.974927912181824,1.,0.974927912181824,1.,0.974927912181824,1.,0.974927912181824,
1.,0.974927912181824,1.,0.974927912181824,1.,0.974927912181824,1.,0.974927912181824,
1.,0.974927912181824,1.,0.974927912181824,1.,0.974927912181824,1.,0.974927912181824,
1.,0.974927912181824,1.,0.974927912181824,1.,0.974927912181824,1.,0.974927912181824,
1.,0.974927912181824,1.,0.974927912181824,1.,0.974927912181824,1.,0.974927912181824,
1.,0.974927912181824,1.,0.974927912181824,1.,0.974927912181824,1.,0.974927912181824,
1.,0.974927912181824,1.,0.974927912181824,1.,0.974927912181824,1.,0.974927912181824,
1.,0.974927912181824,1.,0.974927912181824,1.,0.974927912181824,1.,0.974927912181824,
1.,0.974927912181824,1.,0.974927912181824,1.,0.974927912181824,1.,0.974927912181824,
1.,0.974927912181824,1.,0.974927912181824,1.,0.974927912181824,1.,0.974927912181824,
1.,0.974927912181824,1.,0.974927912181824,1.,0.974927912181824,1.,0.974927912181824,
1.,0.974927912181824,1.,0.974927912181824,1.,0.974927912181824,1.,0.974927912181824,
1.,0.974927912181824,1.,0.974927912181824,1.,0.974927912181824,1.,0.974927912181824,
1.,0.974927912181824,1.,0.974927912181824,1.,0.974927912181824,1.,0.974927912181824,
1.,0.974927912181824,1.,0.974927912181824,1.,0.974927912181824,1.,0.974927912181824,
1.,0.974927912181824,1.))
REPRESENTATION_ITEM('')
);
#23=(
BOUNDED_CURVE()
B_SPLINE_CURVE(2,(#6851,#6852,#6853,#6854,#6855,#6856,#6857,#6858,#6859,
#6860,#6861,#6862,#6863,#6864,#6865,#6866,#6867,#6868,#6869,#6870,#6871,
#6872,#6873,#6874,#6875,#6876,#6877,#6878,#6879,#6880,#6881,#6882,#6883,
#6884,#6885,#6886,#6887,#6888,#6889,#6890,#6891,#6892,#6893,#6894,#6895,
#6896,#6897,#6898,#6899,#6900,#6901,#6902,#6903,#6904,#6905,#6906,#6907,
#6908,#6909,#6910,#6911,#6912,#6913,#6914,#6915,#6916,#6917,#6918,#6919,
#6920,#6921,#6922,#6923,#6924,#6925,#6926,#6927,#6928,#6929,#6930,#6931,
#6932,#6933,#6934,#6935,#6936,#6937,#6938,#6939,#6940,#6941,#6942,#6943,
#6944,#6945,#6946,#6947,#6948,#6949,#6950,#6951,#6952,#6953,#6954,#6955,
#6956,#6957,#6958,#6959,#6960,#6961,#6962,#6963,#6964,#6965,#6966,#6967,
#6968,#6969,#6970,#6971,#6972,#6973,#6974,#6975,#6976,#6977,#6978,#6979,
#6980,#6981,#6982,#6983,#6984,#6985,#6986,#6987,#6988,#6989,#6990,#6991,
#6992,#6993,#6994,#6995,#6996,#6997,#6998,#6999,#7000,#7001,#7002,#7003,
#7004,#7005,#7006,#7007,#7008,#7009,#7010,#7011,#7012,#7013,#7014,#7015,
#7016,#7017,#7018,#7019,#7020,#7021,#7022,#7023,#7024,#7025,#7026,#7027,
#7028,#7029,#7030,#7031,#7032,#7033,#7034,#7035,#7036,#7037,#7038,#7039,
#7040,#7041,#7042,#7043,#7044,#7045,#7046,#7047,#7048,#7049,#7050,#7051,
#7052,#7053,#7054,#7055,#7056,#7057,#7058,#7059,#7060,#7061,#7062,#7063,
#7064,#7065,#7066,#7067,#7068,#7069,#7070,#7071,#7072,#7073,#7074,#7075,
#7076,#7077,#7078,#7079,#7080,#7081,#7082,#7083,#7084,#7085,#7086,#7087,
#7088,#7089,#7090,#7091,#7092,#7093,#7094,#7095,#7096,#7097,#7098,#7099,
#7100,#7101,#7102,#7103,#7104,#7105,#7106,#7107,#7108,#7109,#7110,#7111,
#7112,#7113,#7114,#7115,#7116,#7117,#7118,#7119,#7120,#7121,#7122,#7123,
#7124,#7125,#7126,#7127,#7128,#7129,#7130,#7131),.UNSPECIFIED.,.F.,.F.)
B_SPLINE_CURVE_WITH_KNOTS((3,2,2,2,2,2,2,2,2,2,2,2,2,2,2,2,2,2,2,2,2,2,
2,2,2,2,2,2,2,2,2,2,2,2,2,2,2,2,2,2,2,2,2,2,2,2,2,2,2,2,2,2,2,2,2,2,2,2,
2,2,2,2,2,2,2,2,2,2,2,2,2,2,2,2,2,2,2,2,2,2,2,2,2,2,2,2,2,2,2,2,2,2,2,2,
2,2,2,2,2,2,2,2,2,2,2,2,2,2,2,2,2,2,2,2,2,2,2,2,2,2,2,2,2,2,2,2,2,2,2,2,
2,2,2,2,2,2,2,2,2,2,3),(0.,0.00714285714285714,0.0142857142857143,0.0214285714285714,
0.0285714285714286,0.0357142857142857,0.0428571428571429,0.05,0.0571428571428571,
0.0642857142857143,0.0714285714285714,0.0785714285714286,0.0857142857142857,
0.0928571428571429,0.1,0.107142857142857,0.114285714285714,0.121428571428571,
0.128571428571429,0.135714285714286,0.142857142857143,0.15,0.157142857142857,
0.164285714285714,0.171428571428571,0.178571428571429,0.185714285714286,
0.192857142857143,0.2,0.207142857142857,0.214285714285714,0.221428571428571,
0.228571428571429,0.235714285714286,0.242857142857143,0.25,0.257142857142857,
0.264285714285714,0.271428571428571,0.278571428571429,0.285714285714286,
0.292857142857143,0.3,0.307142857142857,0.314285714285714,0.321428571428571,
0.328571428571429,0.335714285714286,0.342857142857143,0.35,0.357142857142857,
0.364285714285714,0.371428571428571,0.378571428571429,0.385714285714286,
0.392857142857143,0.4,0.407142857142857,0.414285714285714,0.421428571428571,
0.428571428571429,0.435714285714286,0.442857142857143,0.45,0.457142857142857,
0.464285714285714,0.471428571428571,0.478571428571429,0.485714285714286,
0.492857142857143,0.5,0.507142857142857,0.514285714285714,0.521428571428571,
0.528571428571429,0.535714285714286,0.542857142857143,0.55,0.557142857142857,
0.564285714285714,0.571428571428571,0.578571428571429,0.585714285714286,
0.592857142857143,0.6,0.607142857142857,0.614285714285714,0.621428571428571,
0.628571428571429,0.635714285714286,0.642857142857143,0.65,0.657142857142857,
0.664285714285714,0.671428571428571,0.678571428571429,0.685714285714286,
0.692857142857143,0.7,0.707142857142857,0.714285714285714,0.721428571428571,
0.728571428571429,0.735714285714286,0.742857142857143,0.75,0.757142857142857,
0.764285714285714,0.771428571428571,0.778571428571429,0.785714285714286,
0.792857142857143,0.8,0.807142857142857,0.814285714285714,0.821428571428571,
0.828571428571429,0.835714285714286,0.842857142857143,0.85,0.857142857142857,
0.864285714285714,0.871428571428571,0.878571428571429,0.885714285714286,
0.892857142857143,0.9,0.907142857142857,0.914285714285714,0.921428571428571,
0.928571428571429,0.935714285714286,0.942857142857143,0.95,0.957142857142857,
0.964285714285714,0.971428571428571,0.978571428571429,0.985714285714286,
0.992857142857143,1.),.PIECEWISE_BEZIER_KNOTS.)
CURVE()
GEOMETRIC_REPRESENTATION_ITEM()
RATIONAL_B_SPLINE_CURVE((1.,0.974927912181824,1.,0.974927912181824,1.,0.974927912181824,
1.,0.974927912181824,1.,0.974927912181824,1.,0.974927912181824,1.,0.974927912181824,
1.,0.974927912181824,1.,0.974927912181824,1.,0.974927912181824,1.,0.974927912181824,
1.,0.974927912181824,1.,0.974927912181824,1.,0.974927912181824,1.,0.974927912181824,
1.,0.974927912181824,1.,0.974927912181824,1.,0.974927912181824,1.,0.974927912181824,
1.,0.974927912181824,1.,0.974927912181824,1.,0.974927912181824,1.,0.974927912181824,
1.,0.974927912181824,1.,0.974927912181824,1.,0.974927912181824,1.,0.974927912181824,
1.,0.974927912181824,1.,0.974927912181824,1.,0.974927912181824,1.,0.974927912181824,
1.,0.974927912181824,1.,0.974927912181824,1.,0.974927912181824,1.,0.974927912181824,
1.,0.974927912181824,1.,0.974927912181824,1.,0.974927912181824,1.,0.974927912181824,
1.,0.974927912181824,1.,0.974927912181824,1.,0.974927912181824,1.,0.974927912181824,
1.,0.974927912181824,1.,0.974927912181824,1.,0.974927912181824,1.,0.974927912181824,
1.,0.974927912181824,1.,0.974927912181824,1.,0.974927912181824,1.,0.974927912181824,
1.,0.974927912181824,1.,0.974927912181824,1.,0.974927912181824,1.,0.974927912181824,
1.,0.974927912181824,1.,0.974927912181824,1.,0.974927912181824,1.,0.974927912181824,
1.,0.974927912181824,1.,0.974927912181824,1.,0.974927912181824,1.,0.974927912181824,
1.,0.974927912181824,1.,0.974927912181824,1.,0.974927912181824,1.,0.974927912181824,
1.,0.974927912181824,1.,0.974927912181824,1.,0.974927912181824,1.,0.974927912181824,
1.,0.974927912181824,1.,0.974927912181824,1.,0.974927912181824,1.,0.974927912181824,
1.,0.974927912181824,1.,0.974927912181824,1.,0.974927912181824,1.,0.974927912181824,
1.,0.974927912181824,1.,0.974927912181824,1.,0.974927912181824,1.,0.974927912181824,
1.,0.974927912181824,1.,0.974927912181824,1.,0.974927912181824,1.,0.974927912181824,
1.,0.974927912181824,1.,0.974927912181824,1.,0.974927912181824,1.,0.974927912181824,
1.,0.974927912181824,1.,0.974927912181824,1.,0.974927912181824,1.,0.974927912181824,
1.,0.974927912181824,1.,0.974927912181824,1.,0.974927912181824,1.,0.974927912181824,
1.,0.974927912181824,1.,0.974927912181824,1.,0.974927912181824,1.,0.974927912181824,
1.,0.974927912181824,1.,0.974927912181824,1.,0.974927912181824,1.,0.974927912181824,
1.,0.974927912181824,1.,0.974927912181824,1.,0.974927912181824,1.,0.974927912181824,
1.,0.974927912181824,1.,0.974927912181824,1.,0.974927912181824,1.,0.974927912181824,
1.,0.974927912181824,1.,0.974927912181824,1.,0.974927912181824,1.,0.974927912181824,
1.,0.974927912181824,1.,0.974927912181824,1.,0.974927912181824,1.,0.974927912181824,
1.,0.974927912181824,1.,0.974927912181824,1.,0.974927912181824,1.,0.974927912181824,
1.,0.974927912181824,1.,0.974927912181824,1.,0.974927912181824,1.,0.974927912181824,
1.,0.974927912181824,1.,0.974927912181824,1.,0.974927912181824,1.,0.974927912181824,
1.,0.974927912181824,1.,0.974927912181824,1.,0.974927912181824,1.,0.974927912181824,
1.,0.974927912181824,1.))
REPRESENTATION_ITEM('')
);
#24=(
BOUNDED_CURVE()
B_SPLINE_CURVE(2,(#7136,#7137,#7138,#7139,#7140,#7141,#7142,#7143,#7144,
#7145,#7146,#7147,#7148,#7149,#7150,#7151,#7152,#7153,#7154,#7155,#7156,
#7157,#7158,#7159,#7160,#7161,#7162,#7163,#7164,#7165,#7166,#7167,#7168,
#7169,#7170,#7171,#7172,#7173,#7174,#7175,#7176,#7177,#7178,#7179,#7180,
#7181,#7182,#7183,#7184,#7185,#7186,#7187,#7188,#7189,#7190,#7191,#7192,
#7193,#7194,#7195,#7196,#7197,#7198,#7199,#7200,#7201,#7202,#7203,#7204,
#7205,#7206,#7207,#7208,#7209,#7210,#7211,#7212,#7213,#7214,#7215,#7216,
#7217,#7218,#7219,#7220,#7221,#7222,#7223,#7224,#7225,#7226,#7227,#7228,
#7229,#7230,#7231,#7232,#7233,#7234,#7235,#7236,#7237,#7238,#7239,#7240,
#7241,#7242,#7243,#7244,#7245,#7246,#7247,#7248,#7249,#7250,#7251,#7252,
#7253,#7254,#7255,#7256,#7257,#7258,#7259,#7260,#7261,#7262,#7263,#7264,
#7265,#7266,#7267,#7268,#7269,#7270,#7271,#7272,#7273,#7274,#7275,#7276,
#7277,#7278,#7279,#7280,#7281,#7282,#7283,#7284,#7285,#7286,#7287,#7288,
#7289,#7290,#7291,#7292,#7293,#7294,#7295,#7296,#7297,#7298,#7299,#7300,
#7301,#7302,#7303,#7304,#7305,#7306,#7307,#7308,#7309,#7310,#7311,#7312,
#7313,#7314,#7315,#7316,#7317,#7318,#7319,#7320,#7321,#7322,#7323,#7324,
#7325,#7326,#7327,#7328,#7329,#7330,#7331,#7332,#7333,#7334,#7335,#7336,
#7337,#7338,#7339,#7340,#7341,#7342,#7343,#7344,#7345,#7346,#7347,#7348,
#7349,#7350,#7351,#7352,#7353,#7354,#7355,#7356,#7357,#7358,#7359,#7360,
#7361,#7362,#7363,#7364,#7365,#7366,#7367,#7368,#7369,#7370,#7371,#7372,
#7373,#7374,#7375,#7376,#7377,#7378,#7379,#7380,#7381,#7382,#7383,#7384,
#7385,#7386,#7387,#7388,#7389,#7390,#7391,#7392,#7393,#7394,#7395,#7396,
#7397,#7398,#7399,#7400,#7401,#7402,#7403,#7404,#7405,#7406,#7407,#7408,
#7409,#7410,#7411,#7412,#7413,#7414,#7415,#7416),.UNSPECIFIED.,.F.,.F.)
B_SPLINE_CURVE_WITH_KNOTS((3,2,2,2,2,2,2,2,2,2,2,2,2,2,2,2,2,2,2,2,2,2,
2,2,2,2,2,2,2,2,2,2,2,2,2,2,2,2,2,2,2,2,2,2,2,2,2,2,2,2,2,2,2,2,2,2,2,2,
2,2,2,2,2,2,2,2,2,2,2,2,2,2,2,2,2,2,2,2,2,2,2,2,2,2,2,2,2,2,2,2,2,2,2,2,
2,2,2,2,2,2,2,2,2,2,2,2,2,2,2,2,2,2,2,2,2,2,2,2,2,2,2,2,2,2,2,2,2,2,2,2,
2,2,2,2,2,2,2,2,2,2,3),(0.,0.00714285714285714,0.0142857142857143,0.0214285714285714,
0.0285714285714286,0.0357142857142857,0.0428571428571429,0.05,0.0571428571428571,
0.0642857142857143,0.0714285714285714,0.0785714285714286,0.0857142857142857,
0.0928571428571429,0.1,0.107142857142857,0.114285714285714,0.121428571428571,
0.128571428571429,0.135714285714286,0.142857142857143,0.15,0.157142857142857,
0.164285714285714,0.171428571428571,0.178571428571429,0.185714285714286,
0.192857142857143,0.2,0.207142857142857,0.214285714285714,0.221428571428571,
0.228571428571429,0.235714285714286,0.242857142857143,0.25,0.257142857142857,
0.264285714285714,0.271428571428571,0.278571428571429,0.285714285714286,
0.292857142857143,0.3,0.307142857142857,0.314285714285714,0.321428571428571,
0.328571428571429,0.335714285714286,0.342857142857143,0.35,0.357142857142857,
0.364285714285714,0.371428571428571,0.378571428571429,0.385714285714286,
0.392857142857143,0.4,0.407142857142857,0.414285714285714,0.421428571428571,
0.428571428571429,0.435714285714286,0.442857142857143,0.45,0.457142857142857,
0.464285714285714,0.471428571428571,0.478571428571429,0.485714285714286,
0.492857142857143,0.5,0.507142857142857,0.514285714285714,0.521428571428571,
0.528571428571429,0.535714285714286,0.542857142857143,0.55,0.557142857142857,
0.564285714285714,0.571428571428571,0.578571428571429,0.585714285714286,
0.592857142857143,0.6,0.607142857142857,0.614285714285714,0.621428571428571,
0.628571428571429,0.635714285714286,0.642857142857143,0.65,0.657142857142857,
0.664285714285714,0.671428571428571,0.678571428571429,0.685714285714286,
0.692857142857143,0.7,0.707142857142857,0.714285714285714,0.721428571428571,
0.728571428571429,0.735714285714286,0.742857142857143,0.75,0.757142857142857,
0.764285714285714,0.771428571428571,0.778571428571429,0.785714285714286,
0.792857142857143,0.8,0.807142857142857,0.814285714285714,0.821428571428571,
0.828571428571429,0.835714285714286,0.842857142857143,0.85,0.857142857142857,
0.864285714285714,0.871428571428571,0.878571428571429,0.885714285714286,
0.892857142857143,0.9,0.907142857142857,0.914285714285714,0.921428571428571,
0.928571428571429,0.935714285714286,0.942857142857143,0.95,0.957142857142857,
0.964285714285714,0.971428571428571,0.978571428571429,0.985714285714286,
0.992857142857143,1.),.UNSPECIFIED.)
CURVE()
GEOMETRIC_REPRESENTATION_ITEM()
RATIONAL_B_SPLINE_CURVE((1.,0.974927912181824,1.,0.974927912181824,1.,0.974927912181824,
1.,0.974927912181824,1.,0.974927912181824,1.,0.974927912181824,1.,0.974927912181824,
1.,0.974927912181824,1.,0.974927912181824,1.,0.974927912181824,1.,0.974927912181824,
1.,0.974927912181824,1.,0.974927912181824,1.,0.974927912181824,1.,0.974927912181824,
1.,0.974927912181824,1.,0.974927912181824,1.,0.974927912181824,1.,0.974927912181824,
1.,0.974927912181824,1.,0.974927912181824,1.,0.974927912181824,1.,0.974927912181824,
1.,0.974927912181824,1.,0.974927912181824,1.,0.974927912181824,1.,0.974927912181824,
1.,0.974927912181824,1.,0.974927912181824,1.,0.974927912181824,1.,0.974927912181824,
1.,0.974927912181824,1.,0.974927912181824,1.,0.974927912181824,1.,0.974927912181824,
1.,0.974927912181824,1.,0.974927912181824,1.,0.974927912181824,1.,0.974927912181824,
1.,0.974927912181824,1.,0.974927912181824,1.,0.974927912181824,1.,0.974927912181824,
1.,0.974927912181824,1.,0.974927912181824,1.,0.974927912181824,1.,0.974927912181824,
1.,0.974927912181824,1.,0.974927912181824,1.,0.974927912181824,1.,0.974927912181824,
1.,0.974927912181824,1.,0.974927912181824,1.,0.974927912181824,1.,0.974927912181824,
1.,0.974927912181824,1.,0.974927912181824,1.,0.974927912181824,1.,0.974927912181824,
1.,0.974927912181824,1.,0.974927912181824,1.,0.974927912181824,1.,0.974927912181824,
1.,0.974927912181824,1.,0.974927912181824,1.,0.974927912181824,1.,0.974927912181824,
1.,0.974927912181824,1.,0.974927912181824,1.,0.974927912181824,1.,0.974927912181824,
1.,0.974927912181824,1.,0.974927912181824,1.,0.974927912181824,1.,0.974927912181824,
1.,0.974927912181824,1.,0.974927912181824,1.,0.974927912181824,1.,0.974927912181824,
1.,0.974927912181824,1.,0.974927912181824,1.,0.974927912181824,1.,0.974927912181824,
1.,0.974927912181824,1.,0.974927912181824,1.,0.974927912181824,1.,0.974927912181824,
1.,0.974927912181824,1.,0.974927912181824,1.,0.974927912181824,1.,0.974927912181824,
1.,0.974927912181824,1.,0.974927912181824,1.,0.974927912181824,1.,0.974927912181824,
1.,0.974927912181824,1.,0.974927912181824,1.,0.974927912181824,1.,0.974927912181824,
1.,0.974927912181824,1.,0.974927912181824,1.,0.974927912181824,1.,0.974927912181824,
1.,0.974927912181824,1.,0.974927912181824,1.,0.974927912181824,1.,0.974927912181824,
1.,0.974927912181824,1.,0.974927912181824,1.,0.974927912181824,1.,0.974927912181824,
1.,0.974927912181824,1.,0.974927912181824,1.,0.974927912181824,1.,0.974927912181824,
1.,0.974927912181824,1.,0.974927912181824,1.,0.974927912181824,1.,0.974927912181824,
1.,0.974927912181824,1.,0.974927912181824,1.,0.974927912181824,1.,0.974927912181824,
1.,0.974927912181824,1.,0.974927912181824,1.,0.974927912181824,1.,0.974927912181824,
1.,0.974927912181824,1.,0.974927912181824,1.,0.974927912181824,1.,0.974927912181824,
1.,0.974927912181824,1.,0.974927912181824,1.,0.974927912181824,1.,0.974927912181824,
1.,0.974927912181824,1.,0.974927912181824,1.,0.974927912181824,1.,0.974927912181824,
1.,0.974927912181824,1.))
REPRESENTATION_ITEM('')
);
#25=(
BOUNDED_CURVE()
B_SPLINE_CURVE(2,(#7420,#7421,#7422,#7423,#7424,#7425,#7426,#7427,#7428,
#7429,#7430,#7431,#7432,#7433,#7434,#7435,#7436,#7437,#7438,#7439,#7440,
#7441,#7442,#7443,#7444,#7445,#7446,#7447,#7448,#7449,#7450,#7451,#7452,
#7453,#7454,#7455,#7456,#7457,#7458,#7459,#7460,#7461,#7462,#7463,#7464,
#7465,#7466,#7467,#7468,#7469,#7470,#7471,#7472,#7473,#7474,#7475,#7476,
#7477,#7478,#7479,#7480,#7481,#7482,#7483,#7484,#7485,#7486,#7487,#7488,
#7489,#7490,#7491,#7492,#7493,#7494,#7495,#7496,#7497,#7498,#7499,#7500,
#7501,#7502,#7503,#7504,#7505,#7506,#7507,#7508,#7509,#7510,#7511,#7512,
#7513,#7514,#7515,#7516,#7517,#7518,#7519,#7520,#7521,#7522,#7523,#7524,
#7525,#7526,#7527,#7528,#7529,#7530,#7531,#7532,#7533,#7534,#7535,#7536,
#7537,#7538,#7539,#7540,#7541,#7542,#7543,#7544,#7545,#7546,#7547,#7548,
#7549,#7550,#7551,#7552,#7553,#7554,#7555,#7556,#7557,#7558,#7559,#7560,
#7561,#7562,#7563,#7564,#7565,#7566,#7567,#7568,#7569,#7570,#7571,#7572,
#7573,#7574,#7575,#7576,#7577,#7578,#7579,#7580,#7581,#7582,#7583,#7584,
#7585,#7586,#7587,#7588,#7589,#7590,#7591,#7592,#7593,#7594,#7595,#7596,
#7597,#7598,#7599,#7600,#7601,#7602,#7603,#7604,#7605,#7606,#7607,#7608,
#7609,#7610,#7611,#7612,#7613,#7614,#7615,#7616,#7617,#7618,#7619,#7620,
#7621,#7622,#7623,#7624,#7625,#7626,#7627,#7628,#7629,#7630,#7631,#7632,
#7633,#7634,#7635,#7636,#7637,#7638,#7639,#7640,#7641,#7642,#7643,#7644,
#7645,#7646,#7647,#7648,#7649,#7650,#7651,#7652,#7653,#7654,#7655,#7656,
#7657,#7658,#7659,#7660,#7661,#7662,#7663,#7664,#7665,#7666,#7667,#7668,
#7669,#7670,#7671,#7672,#7673,#7674,#7675,#7676,#7677,#7678,#7679,#7680,
#7681,#7682,#7683,#7684,#7685,#7686,#7687,#7688,#7689,#7690,#7691,#7692,
#7693,#7694,#7695,#7696,#7697,#7698,#7699,#7700),.UNSPECIFIED.,.F.,.F.)
B_SPLINE_CURVE_WITH_KNOTS((3,2,2,2,2,2,2,2,2,2,2,2,2,2,2,2,2,2,2,2,2,2,
2,2,2,2,2,2,2,2,2,2,2,2,2,2,2,2,2,2,2,2,2,2,2,2,2,2,2,2,2,2,2,2,2,2,2,2,
2,2,2,2,2,2,2,2,2,2,2,2,2,2,2,2,2,2,2,2,2,2,2,2,2,2,2,2,2,2,2,2,2,2,2,2,
2,2,2,2,2,2,2,2,2,2,2,2,2,2,2,2,2,2,2,2,2,2,2,2,2,2,2,2,2,2,2,2,2,2,2,2,
2,2,2,2,2,2,2,2,2,2,3),(0.,0.00714285714285714,0.0142857142857143,0.0214285714285714,
0.0285714285714286,0.0357142857142857,0.0428571428571429,0.05,0.0571428571428571,
0.0642857142857143,0.0714285714285714,0.0785714285714286,0.0857142857142857,
0.0928571428571429,0.1,0.107142857142857,0.114285714285714,0.121428571428571,
0.128571428571429,0.135714285714286,0.142857142857143,0.15,0.157142857142857,
0.164285714285714,0.171428571428571,0.178571428571429,0.185714285714286,
0.192857142857143,0.2,0.207142857142857,0.214285714285714,0.221428571428571,
0.228571428571429,0.235714285714286,0.242857142857143,0.25,0.257142857142857,
0.264285714285714,0.271428571428571,0.278571428571429,0.285714285714286,
0.292857142857143,0.3,0.307142857142857,0.314285714285714,0.321428571428571,
0.328571428571429,0.335714285714286,0.342857142857143,0.35,0.357142857142857,
0.364285714285714,0.371428571428571,0.378571428571429,0.385714285714286,
0.392857142857143,0.4,0.407142857142857,0.414285714285714,0.421428571428571,
0.428571428571429,0.435714285714286,0.442857142857143,0.45,0.457142857142857,
0.464285714285714,0.471428571428571,0.478571428571429,0.485714285714286,
0.492857142857143,0.5,0.507142857142857,0.514285714285714,0.521428571428571,
0.528571428571429,0.535714285714286,0.542857142857143,0.55,0.557142857142857,
0.564285714285714,0.571428571428571,0.578571428571429,0.585714285714286,
0.592857142857143,0.6,0.607142857142857,0.614285714285714,0.621428571428571,
0.628571428571429,0.635714285714286,0.642857142857143,0.65,0.657142857142857,
0.664285714285714,0.671428571428571,0.678571428571429,0.685714285714286,
0.692857142857143,0.7,0.707142857142857,0.714285714285714,0.721428571428571,
0.728571428571429,0.735714285714286,0.742857142857143,0.75,0.757142857142857,
0.764285714285714,0.771428571428571,0.778571428571429,0.785714285714286,
0.792857142857143,0.8,0.807142857142857,0.814285714285714,0.821428571428571,
0.828571428571429,0.835714285714286,0.842857142857143,0.85,0.857142857142857,
0.864285714285714,0.871428571428571,0.878571428571429,0.885714285714286,
0.892857142857143,0.9,0.907142857142857,0.914285714285714,0.921428571428571,
0.928571428571429,0.935714285714286,0.942857142857143,0.95,0.957142857142857,
0.964285714285714,0.971428571428571,0.978571428571429,0.985714285714286,
0.992857142857143,1.),.UNSPECIFIED.)
CURVE()
GEOMETRIC_REPRESENTATION_ITEM()
RATIONAL_B_SPLINE_CURVE((1.,0.974927912181824,1.,0.974927912181824,1.,0.974927912181824,
1.,0.974927912181824,1.,0.974927912181824,1.,0.974927912181824,1.,0.974927912181824,
1.,0.974927912181824,1.,0.974927912181824,1.,0.974927912181824,1.,0.974927912181824,
1.,0.974927912181824,1.,0.974927912181824,1.,0.974927912181824,1.,0.974927912181824,
1.,0.974927912181824,1.,0.974927912181824,1.,0.974927912181824,1.,0.974927912181824,
1.,0.974927912181824,1.,0.974927912181824,1.,0.974927912181824,1.,0.974927912181824,
1.,0.974927912181824,1.,0.974927912181824,1.,0.974927912181824,1.,0.974927912181824,
1.,0.974927912181824,1.,0.974927912181824,1.,0.974927912181824,1.,0.974927912181824,
1.,0.974927912181824,1.,0.974927912181824,1.,0.974927912181824,1.,0.974927912181824,
1.,0.974927912181824,1.,0.974927912181824,1.,0.974927912181824,1.,0.974927912181824,
1.,0.974927912181824,1.,0.974927912181824,1.,0.974927912181824,1.,0.974927912181824,
1.,0.974927912181824,1.,0.974927912181824,1.,0.974927912181824,1.,0.974927912181824,
1.,0.974927912181824,1.,0.974927912181824,1.,0.974927912181824,1.,0.974927912181824,
1.,0.974927912181824,1.,0.974927912181824,1.,0.974927912181824,1.,0.974927912181824,
1.,0.974927912181824,1.,0.974927912181824,1.,0.974927912181824,1.,0.974927912181824,
1.,0.974927912181824,1.,0.974927912181824,1.,0.974927912181824,1.,0.974927912181824,
1.,0.974927912181824,1.,0.974927912181824,1.,0.974927912181824,1.,0.974927912181824,
1.,0.974927912181824,1.,0.974927912181824,1.,0.974927912181824,1.,0.974927912181824,
1.,0.974927912181824,1.,0.974927912181824,1.,0.974927912181824,1.,0.974927912181824,
1.,0.974927912181824,1.,0.974927912181824,1.,0.974927912181824,1.,0.974927912181824,
1.,0.974927912181824,1.,0.974927912181824,1.,0.974927912181824,1.,0.974927912181824,
1.,0.974927912181824,1.,0.974927912181824,1.,0.974927912181824,1.,0.974927912181824,
1.,0.974927912181824,1.,0.974927912181824,1.,0.974927912181824,1.,0.974927912181824,
1.,0.974927912181824,1.,0.974927912181824,1.,0.974927912181824,1.,0.974927912181824,
1.,0.974927912181824,1.,0.974927912181824,1.,0.974927912181824,1.,0.974927912181824,
1.,0.974927912181824,1.,0.974927912181824,1.,0.974927912181824,1.,0.974927912181824,
1.,0.974927912181824,1.,0.974927912181824,1.,0.974927912181824,1.,0.974927912181824,
1.,0.974927912181824,1.,0.974927912181824,1.,0.974927912181824,1.,0.974927912181824,
1.,0.974927912181824,1.,0.974927912181824,1.,0.974927912181824,1.,0.974927912181824,
1.,0.974927912181824,1.,0.974927912181824,1.,0.974927912181824,1.,0.974927912181824,
1.,0.974927912181824,1.,0.974927912181824,1.,0.974927912181824,1.,0.974927912181824,
1.,0.974927912181824,1.,0.974927912181824,1.,0.974927912181824,1.,0.974927912181824,
1.,0.974927912181824,1.,0.974927912181824,1.,0.974927912181824,1.,0.974927912181824,
1.,0.974927912181824,1.,0.974927912181824,1.,0.974927912181824,1.,0.974927912181824,
1.,0.974927912181824,1.,0.974927912181824,1.,0.974927912181824,1.,0.974927912181824,
1.,0.974927912181824,1.))
REPRESENTATION_ITEM('')
);
#26=CONICAL_SURFACE('',#4836,2.0040345411375,0.785398163397449);
#27=CONICAL_SURFACE('',#4888,2.82373694815006,0.292345500243893);
#28=B_SPLINE_CURVE_WITH_KNOTS('',3,(#6374,#6375,#6376,#6377,#6378,#6379),
 .UNSPECIFIED.,.F.,.F.,(4,1,1,4),(0.,0.00161679226163971,0.00323358452327942,
0.00646716904655883),.UNSPECIFIED.);
#29=B_SPLINE_CURVE_WITH_KNOTS('',3,(#6384,#6385,#6386,#6387,#6388),
 .UNSPECIFIED.,.F.,.F.,(4,1,4),(0.,0.00321717520275294,0.00643435040550589),
 .UNSPECIFIED.);
#30=B_SPLINE_CURVE_WITH_KNOTS('',3,(#6408,#6409,#6410,#6411),
 .UNSPECIFIED.,.F.,.F.,(4,4),(1.06869496672389E-6,0.00161551716775106),
 .UNSPECIFIED.);
#31=B_SPLINE_CURVE_WITH_KNOTS('',3,(#6412,#6413,#6414,#6415),
 .UNSPECIFIED.,.F.,.F.,(4,4),(0.00449940147936473,0.00611734700551025),
 .UNSPECIFIED.);
#32=PLANE('',#4762);
#33=PLANE('',#4763);
#34=PLANE('',#4764);
#35=PLANE('',#4765);
#36=PLANE('',#4766);
#37=PLANE('',#4769);
#38=PLANE('',#4773);
#39=PLANE('',#4774);
#40=PLANE('',#4776);
#41=PLANE('',#4777);
#42=PLANE('',#4778);
#43=PLANE('',#4779);
#44=PLANE('',#4780);
#45=PLANE('',#4787);
#46=PLANE('',#4788);
#47=PLANE('',#4789);
#48=PLANE('',#4790);
#49=PLANE('',#4791);
#50=PLANE('',#4794);
#51=PLANE('',#4798);
#52=PLANE('',#4799);
#53=PLANE('',#4801);
#54=PLANE('',#4802);
#55=PLANE('',#4803);
#56=PLANE('',#4804);
#57=PLANE('',#4805);
#58=PLANE('',#4806);
#59=PLANE('',#4807);
#60=PLANE('',#4808);
#61=PLANE('',#4813);
#62=PLANE('',#4814);
#63=PLANE('',#4815);
#64=PLANE('',#4816);
#65=PLANE('',#4817);
#66=PLANE('',#4818);
#67=PLANE('',#4819);
#68=PLANE('',#4820);
#69=PLANE('',#4826);
#70=PLANE('',#4830);
#71=PLANE('',#4837);
#72=PLANE('',#4838);
#73=PLANE('',#4839);
#74=PLANE('',#4840);
#75=PLANE('',#4845);
#76=PLANE('',#4846);
#77=PLANE('',#4851);
#78=PLANE('',#4856);
#79=PLANE('',#4859);
#80=PLANE('',#4862);
#81=PLANE('',#4865);
#82=PLANE('',#4872);
#83=PLANE('',#4873);
#84=PLANE('',#4876);
#85=PLANE('',#4879);
#86=PLANE('',#4880);
#87=PLANE('',#4881);
#88=PLANE('',#4882);
#89=PLANE('',#4886);
#90=PLANE('',#4890);
#91=PLANE('',#4891);
#92=PLANE('',#4893);
#93=PLANE('',#4894);
#94=PLANE('',#4895);
#95=PLANE('',#4896);
#96=PLANE('',#4897);
#97=PLANE('',#4898);
#98=PLANE('',#4899);
#99=PLANE('',#4900);
#100=PLANE('',#4901);
#101=PLANE('',#4902);
#102=PLANE('',#4903);
#103=PLANE('',#4904);
#104=PLANE('',#4905);
#105=PLANE('',#4909);
#106=PLANE('',#4910);
#107=PLANE('',#4911);
#108=PLANE('',#4915);
#109=PLANE('',#4916);
#110=PLANE('',#4917);
#111=PLANE('',#4918);
#112=PLANE('',#4919);
#113=PLANE('',#4920);
#114=PLANE('',#4921);
#115=PLANE('',#4922);
#116=PLANE('',#4923);
#117=PLANE('',#4924);
#118=PLANE('',#4925);
#119=PLANE('',#4929);
#120=PLANE('',#4930);
#121=PLANE('',#4931);
#122=PLANE('',#4932);
#123=PLANE('',#4936);
#124=PLANE('',#4937);
#125=PLANE('',#4938);
#126=PLANE('',#4939);
#127=PLANE('',#4940);
#128=PLANE('',#4941);
#129=PLANE('',#4942);
#130=PLANE('',#4946);
#131=PLANE('',#4950);
#132=PLANE('',#4953);
#133=PLANE('',#4954);
#134=PLANE('',#4960);
#135=PLANE('',#4964);
#136=PLANE('',#4968);
#137=PLANE('',#4970);
#138=PLANE('',#4972);
#139=PLANE('',#4976);
#140=PLANE('',#4980);
#141=PLANE('',#4984);
#142=PLANE('',#4987);
#143=PLANE('',#4988);
#144=PLANE('',#4994);
#145=PLANE('',#4998);
#146=PLANE('',#4999);
#147=PLANE('',#5001);
#148=PLANE('',#5012);
#149=PLANE('',#5013);
#150=PLANE('',#5017);
#151=PLANE('',#5020);
#152=PLANE('',#5021);
#153=PLANE('',#5024);
#154=PLANE('',#5025);
#155=PLANE('',#5026);
#156=PLANE('',#5027);
#157=PLANE('',#5028);
#158=PLANE('',#5029);
#159=PLANE('',#5030);
#160=PLANE('',#5031);
#161=LINE('',#5987,#551);
#162=LINE('',#5991,#552);
#163=LINE('',#5996,#553);
#164=LINE('',#6000,#554);
#165=LINE('',#6002,#555);
#166=LINE('',#6005,#556);
#167=LINE('',#6007,#557);
#168=LINE('',#6009,#558);
#169=LINE('',#6011,#559);
#170=LINE('',#6014,#560);
#171=LINE('',#6016,#561);
#172=LINE('',#6018,#562);
#173=LINE('',#6020,#563);
#174=LINE('',#6022,#564);
#175=LINE('',#6024,#565);
#176=LINE('',#6026,#566);
#177=LINE('',#6028,#567);
#178=LINE('',#6030,#568);
#179=LINE('',#6032,#569);
#180=LINE('',#6034,#570);
#181=LINE('',#6038,#571);
#182=LINE('',#6040,#572);
#183=LINE('',#6042,#573);
#184=LINE('',#6046,#574);
#185=LINE('',#6048,#575);
#186=LINE('',#6052,#576);
#187=LINE('',#6054,#577);
#188=LINE('',#6056,#578);
#189=LINE('',#6060,#579);
#190=LINE('',#6061,#580);
#191=LINE('',#6063,#581);
#192=LINE('',#6065,#582);
#193=LINE('',#6066,#583);
#194=LINE('',#6068,#584);
#195=LINE('',#6070,#585);
#196=LINE('',#6071,#586);
#197=LINE('',#6072,#587);
#198=LINE('',#6074,#588);
#199=LINE('',#6076,#589);
#200=LINE('',#6077,#590);
#201=LINE('',#6084,#591);
#202=LINE('',#6088,#592);
#203=LINE('',#6093,#593);
#204=LINE('',#6097,#594);
#205=LINE('',#6099,#595);
#206=LINE('',#6102,#596);
#207=LINE('',#6104,#597);
#208=LINE('',#6106,#598);
#209=LINE('',#6108,#599);
#210=LINE('',#6111,#600);
#211=LINE('',#6113,#601);
#212=LINE('',#6115,#602);
#213=LINE('',#6117,#603);
#214=LINE('',#6119,#604);
#215=LINE('',#6121,#605);
#216=LINE('',#6123,#606);
#217=LINE('',#6125,#607);
#218=LINE('',#6127,#608);
#219=LINE('',#6129,#609);
#220=LINE('',#6131,#610);
#221=LINE('',#6135,#611);
#222=LINE('',#6137,#612);
#223=LINE('',#6139,#613);
#224=LINE('',#6143,#614);
#225=LINE('',#6145,#615);
#226=LINE('',#6149,#616);
#227=LINE('',#6151,#617);
#228=LINE('',#6153,#618);
#229=LINE('',#6157,#619);
#230=LINE('',#6158,#620);
#231=LINE('',#6160,#621);
#232=LINE('',#6162,#622);
#233=LINE('',#6163,#623);
#234=LINE('',#6165,#624);
#235=LINE('',#6167,#625);
#236=LINE('',#6168,#626);
#237=LINE('',#6169,#627);
#238=LINE('',#6171,#628);
#239=LINE('',#6173,#629);
#240=LINE('',#6174,#630);
#241=LINE('',#6178,#631);
#242=LINE('',#6181,#632);
#243=LINE('',#6183,#633);
#244=LINE('',#6185,#634);
#245=LINE('',#6187,#635);
#246=LINE('',#6189,#636);
#247=LINE('',#6191,#637);
#248=LINE('',#6193,#638);
#249=LINE('',#6195,#639);
#250=LINE('',#6198,#640);
#251=LINE('',#6200,#641);
#252=LINE('',#6202,#642);
#253=LINE('',#6204,#643);
#254=LINE('',#6209,#644);
#255=LINE('',#6213,#645);
#256=LINE('',#6217,#646);
#257=LINE('',#6220,#647);
#258=LINE('',#6222,#648);
#259=LINE('',#6224,#649);
#260=LINE('',#6226,#650);
#261=LINE('',#6228,#651);
#262=LINE('',#6230,#652);
#263=LINE('',#6232,#653);
#264=LINE('',#6234,#654);
#265=LINE('',#6236,#655);
#266=LINE('',#6238,#656);
#267=LINE('',#6240,#657);
#268=LINE('',#6242,#658);
#269=LINE('',#6244,#659);
#270=LINE('',#6246,#660);
#271=LINE('',#6248,#661);
#272=LINE('',#6250,#662);
#273=LINE('',#6252,#663);
#274=LINE('',#6254,#664);
#275=LINE('',#6256,#665);
#276=LINE('',#6258,#666);
#277=LINE('',#6260,#667);
#278=LINE('',#6262,#668);
#279=LINE('',#6264,#669);
#280=LINE('',#6266,#670);
#281=LINE('',#6268,#671);
#282=LINE('',#6270,#672);
#283=LINE('',#6272,#673);
#284=LINE('',#6274,#674);
#285=LINE('',#6276,#675);
#286=LINE('',#6278,#676);
#287=LINE('',#6280,#677);
#288=LINE('',#6282,#678);
#289=LINE('',#6284,#679);
#290=LINE('',#6286,#680);
#291=LINE('',#6288,#681);
#292=LINE('',#6290,#682);
#293=LINE('',#6292,#683);
#294=LINE('',#6294,#684);
#295=LINE('',#6296,#685);
#296=LINE('',#6297,#686);
#297=LINE('',#6299,#687);
#298=LINE('',#6301,#688);
#299=LINE('',#6303,#689);
#300=LINE('',#6305,#690);
#301=LINE('',#6307,#691);
#302=LINE('',#6309,#692);
#303=LINE('',#6311,#693);
#304=LINE('',#6313,#694);
#305=LINE('',#6315,#695);
#306=LINE('',#6317,#696);
#307=LINE('',#6318,#697);
#308=LINE('',#6320,#698);
#309=LINE('',#6322,#699);
#310=LINE('',#6324,#700);
#311=LINE('',#6326,#701);
#312=LINE('',#6327,#702);
#313=LINE('',#6329,#703);
#314=LINE('',#6331,#704);
#315=LINE('',#6332,#705);
#316=LINE('',#6334,#706);
#317=LINE('',#6337,#707);
#318=LINE('',#6339,#708);
#319=LINE('',#6341,#709);
#320=LINE('',#6343,#710);
#321=LINE('',#6345,#711);
#322=LINE('',#6347,#712);
#323=LINE('',#6349,#713);
#324=LINE('',#6353,#714);
#325=LINE('',#6356,#715);
#326=LINE('',#6359,#716);
#327=LINE('',#6363,#717);
#328=LINE('',#6367,#718);
#329=LINE('',#6370,#719);
#330=LINE('',#6395,#720);
#331=LINE('',#6402,#721);
#332=LINE('',#6406,#722);
#333=LINE('',#6417,#723);
#334=LINE('',#6419,#724);
#335=LINE('',#6421,#725);
#336=LINE('',#6423,#726);
#337=LINE('',#6425,#727);
#338=LINE('',#6427,#728);
#339=LINE('',#6429,#729);
#340=LINE('',#6431,#730);
#341=LINE('',#6433,#731);
#342=LINE('',#6436,#732);
#343=LINE('',#6438,#733);
#344=LINE('',#6439,#734);
#345=LINE('',#6441,#735);
#346=LINE('',#6443,#736);
#347=LINE('',#6444,#737);
#348=LINE('',#6450,#738);
#349=LINE('',#6453,#739);
#350=LINE('',#6455,#740);
#351=LINE('',#6457,#741);
#352=LINE('',#6458,#742);
#353=LINE('',#6461,#743);
#354=LINE('',#6462,#744);
#355=LINE('',#6472,#745);
#356=LINE('',#6476,#746);
#357=LINE('',#6480,#747);
#358=LINE('',#6484,#748);
#359=LINE('',#6486,#749);
#360=LINE('',#6488,#750);
#361=LINE('',#6490,#751);
#362=LINE('',#6494,#752);
#363=LINE('',#6496,#753);
#364=LINE('',#6498,#754);
#365=LINE('',#6502,#755);
#366=LINE('',#6504,#756);
#367=LINE('',#6506,#757);
#368=LINE('',#6510,#758);
#369=LINE('',#6512,#759);
#370=LINE('',#6514,#760);
#371=LINE('',#6520,#761);
#372=LINE('',#6522,#762);
#373=LINE('',#6526,#763);
#374=LINE('',#6528,#764);
#375=LINE('',#6530,#765);
#376=LINE('',#6532,#766);
#377=LINE('',#6535,#767);
#378=LINE('',#6536,#768);
#379=LINE('',#6538,#769);
#380=LINE('',#6542,#770);
#381=LINE('',#6544,#771);
#382=LINE('',#6546,#772);
#383=LINE('',#6550,#773);
#384=LINE('',#6552,#774);
#385=LINE('',#6554,#775);
#386=LINE('',#6849,#776);
#387=LINE('',#7133,#777);
#388=LINE('',#7418,#778);
#389=LINE('',#8219,#779);
#390=LINE('',#8710,#780);
#391=LINE('',#8713,#781);
#392=LINE('',#8715,#782);
#393=LINE('',#8717,#783);
#394=LINE('',#8719,#784);
#395=LINE('',#8721,#785);
#396=LINE('',#8723,#786);
#397=LINE('',#8725,#787);
#398=LINE('',#8727,#788);
#399=LINE('',#8729,#789);
#400=LINE('',#8731,#790);
#401=LINE('',#8732,#791);
#402=LINE('',#8736,#792);
#403=LINE('',#8738,#793);
#404=LINE('',#8739,#794);
#405=LINE('',#8741,#795);
#406=LINE('',#8743,#796);
#407=LINE('',#8745,#797);
#408=LINE('',#8746,#798);
#409=LINE('',#8747,#799);
#410=LINE('',#8749,#800);
#411=LINE('',#8751,#801);
#412=LINE('',#8753,#802);
#413=LINE('',#8755,#803);
#414=LINE('',#8757,#804);
#415=LINE('',#8764,#805);
#416=LINE('',#8766,#806);
#417=LINE('',#8768,#807);
#418=LINE('',#8770,#808);
#419=LINE('',#8772,#809);
#420=LINE('',#8774,#810);
#421=LINE('',#8776,#811);
#422=LINE('',#8782,#812);
#423=LINE('',#8784,#813);
#424=LINE('',#8786,#814);
#425=LINE('',#8788,#815);
#426=LINE('',#8790,#816);
#427=LINE('',#8792,#817);
#428=LINE('',#8793,#818);
#429=LINE('',#8794,#819);
#430=LINE('',#8796,#820);
#431=LINE('',#8800,#821);
#432=LINE('',#8801,#822);
#433=LINE('',#8805,#823);
#434=LINE('',#8806,#824);
#435=LINE('',#8810,#825);
#436=LINE('',#8813,#826);
#437=LINE('',#8815,#827);
#438=LINE('',#8817,#828);
#439=LINE('',#8822,#829);
#440=LINE('',#8824,#830);
#441=LINE('',#8826,#831);
#442=LINE('',#8828,#832);
#443=LINE('',#8829,#833);
#444=LINE('',#8837,#834);
#445=LINE('',#8839,#835);
#446=LINE('',#8841,#836);
#447=LINE('',#8843,#837);
#448=LINE('',#8845,#838);
#449=LINE('',#8847,#839);
#450=LINE('',#8849,#840);
#451=LINE('',#8851,#841);
#452=LINE('',#8852,#842);
#453=LINE('',#8856,#843);
#454=LINE('',#8858,#844);
#455=LINE('',#8860,#845);
#456=LINE('',#8862,#846);
#457=LINE('',#8865,#847);
#458=LINE('',#8867,#848);
#459=LINE('',#8869,#849);
#460=LINE('',#8875,#850);
#461=LINE('',#8877,#851);
#462=LINE('',#8879,#852);
#463=LINE('',#8881,#853);
#464=LINE('',#8887,#854);
#465=LINE('',#8889,#855);
#466=LINE('',#8894,#856);
#467=LINE('',#8895,#857);
#468=LINE('',#8899,#858);
#469=LINE('',#8902,#859);
#470=LINE('',#8903,#860);
#471=LINE('',#8905,#861);
#472=LINE('',#8911,#862);
#473=LINE('',#8913,#863);
#474=LINE('',#8919,#864);
#475=LINE('',#8921,#865);
#476=LINE('',#8923,#866);
#477=LINE('',#8925,#867);
#478=LINE('',#8931,#868);
#479=LINE('',#8933,#869);
#480=LINE('',#8935,#870);
#481=LINE('',#8937,#871);
#482=LINE('',#8942,#872);
#483=LINE('',#8945,#873);
#484=LINE('',#8948,#874);
#485=LINE('',#8950,#875);
#486=LINE('',#8952,#876);
#487=LINE('',#8958,#877);
#488=LINE('',#8960,#878);
#489=LINE('',#8962,#879);
#490=LINE('',#8964,#880);
#491=LINE('',#8970,#881);
#492=LINE('',#8972,#882);
#493=LINE('',#8974,#883);
#494=LINE('',#8976,#884);
#495=LINE('',#8982,#885);
#496=LINE('',#8984,#886);
#497=LINE('',#8988,#887);
#498=LINE('',#8992,#888);
#499=LINE('',#8994,#889);
#500=LINE('',#8996,#890);
#501=LINE('',#8998,#891);
#502=LINE('',#9002,#892);
#503=LINE('',#9004,#893);
#504=LINE('',#9006,#894);
#505=LINE('',#9014,#895);
#506=LINE('',#9016,#896);
#507=LINE('',#9018,#897);
#508=LINE('',#9020,#898);
#509=LINE('',#9026,#899);
#510=LINE('',#9028,#900);
#511=LINE('',#9030,#901);
#512=LINE('',#9032,#902);
#513=LINE('',#9034,#903);
#514=LINE('',#9037,#904);
#515=LINE('',#9046,#905);
#516=LINE('',#9051,#906);
#517=LINE('',#9055,#907);
#518=LINE('',#9056,#908);
#519=LINE('',#9058,#909);
#520=LINE('',#9061,#910);
#521=LINE('',#9062,#911);
#522=LINE('',#9064,#912);
#523=LINE('',#9070,#913);
#524=LINE('',#9075,#914);
#525=LINE('',#9077,#915);
#526=LINE('',#9079,#916);
#527=LINE('',#9081,#917);
#528=LINE('',#9082,#918);
#529=LINE('',#9084,#919);
#530=LINE('',#9086,#920);
#531=LINE('',#9088,#921);
#532=LINE('',#9092,#922);
#533=LINE('',#9095,#923);
#534=LINE('',#9096,#924);
#535=LINE('',#9098,#925);
#536=LINE('',#9104,#926);
#537=LINE('',#9106,#927);
#538=LINE('',#9108,#928);
#539=LINE('',#9110,#929);
#540=LINE('',#9111,#930);
#541=LINE('',#9113,#931);
#542=LINE('',#9115,#932);
#543=LINE('',#9117,#933);
#544=LINE('',#9118,#934);
#545=LINE('',#9120,#935);
#546=LINE('',#9121,#936);
#547=LINE('',#9123,#937);
#548=LINE('',#9125,#938);
#549=LINE('',#9127,#939);
#550=LINE('',#9129,#940);
#551=VECTOR('',#5040,1000.);
#552=VECTOR('',#5043,1000.);
#553=VECTOR('',#5048,1000.);
#554=VECTOR('',#5051,1000.);
#555=VECTOR('',#5054,1000.);
#556=VECTOR('',#5055,1000.);
#557=VECTOR('',#5056,1000.);
#558=VECTOR('',#5057,1000.);
#559=VECTOR('',#5060,1000.);
#560=VECTOR('',#5061,1000.);
#561=VECTOR('',#5062,1000.);
#562=VECTOR('',#5063,1000.);
#563=VECTOR('',#5066,1000.);
#564=VECTOR('',#5067,1000.);
#565=VECTOR('',#5068,1000.);
#566=VECTOR('',#5071,1000.);
#567=VECTOR('',#5072,1000.);
#568=VECTOR('',#5073,1000.);
#569=VECTOR('',#5076,1000.);
#570=VECTOR('',#5077,1000.);
#571=VECTOR('',#5080,1000.);
#572=VECTOR('',#5081,1000.);
#573=VECTOR('',#5082,1000.);
#574=VECTOR('',#5087,1000.);
#575=VECTOR('',#5088,1000.);
#576=VECTOR('',#5091,1000.);
#577=VECTOR('',#5092,1000.);
#578=VECTOR('',#5093,1000.);
#579=VECTOR('',#5098,1000.);
#580=VECTOR('',#5099,1000.);
#581=VECTOR('',#5102,1000.);
#582=VECTOR('',#5105,1000.);
#583=VECTOR('',#5106,1000.);
#584=VECTOR('',#5109,1000.);
#585=VECTOR('',#5112,1000.);
#586=VECTOR('',#5113,1000.);
#587=VECTOR('',#5114,1000.);
#588=VECTOR('',#5117,1000.);
#589=VECTOR('',#5120,1000.);
#590=VECTOR('',#5121,1000.);
#591=VECTOR('',#5130,1000.);
#592=VECTOR('',#5133,1000.);
#593=VECTOR('',#5138,1000.);
#594=VECTOR('',#5141,1000.);
#595=VECTOR('',#5144,1000.);
#596=VECTOR('',#5145,1000.);
#597=VECTOR('',#5146,1000.);
#598=VECTOR('',#5147,1000.);
#599=VECTOR('',#5150,1000.);
#600=VECTOR('',#5151,1000.);
#601=VECTOR('',#5152,1000.);
#602=VECTOR('',#5153,1000.);
#603=VECTOR('',#5156,1000.);
#604=VECTOR('',#5157,1000.);
#605=VECTOR('',#5158,1000.);
#606=VECTOR('',#5161,1000.);
#607=VECTOR('',#5162,1000.);
#608=VECTOR('',#5163,1000.);
#609=VECTOR('',#5166,1000.);
#610=VECTOR('',#5167,1000.);
#611=VECTOR('',#5170,1000.);
#612=VECTOR('',#5171,1000.);
#613=VECTOR('',#5172,1000.);
#614=VECTOR('',#5177,1000.);
#615=VECTOR('',#5178,1000.);
#616=VECTOR('',#5181,1000.);
#617=VECTOR('',#5182,1000.);
#618=VECTOR('',#5183,1000.);
#619=VECTOR('',#5188,1000.);
#620=VECTOR('',#5189,1000.);
#621=VECTOR('',#5192,1000.);
#622=VECTOR('',#5195,1000.);
#623=VECTOR('',#5196,1000.);
#624=VECTOR('',#5199,1000.);
#625=VECTOR('',#5202,1000.);
#626=VECTOR('',#5203,1000.);
#627=VECTOR('',#5204,1000.);
#628=VECTOR('',#5207,1000.);
#629=VECTOR('',#5210,1000.);
#630=VECTOR('',#5211,1000.);
#631=VECTOR('',#5218,1000.);
#632=VECTOR('',#5219,1000.);
#633=VECTOR('',#5220,1000.);
#634=VECTOR('',#5221,1000.);
#635=VECTOR('',#5222,1000.);
#636=VECTOR('',#5223,1000.);
#637=VECTOR('',#5224,1000.);
#638=VECTOR('',#5225,1000.);
#639=VECTOR('',#5228,1000.);
#640=VECTOR('',#5229,1000.);
#641=VECTOR('',#5230,1000.);
#642=VECTOR('',#5231,1000.);
#643=VECTOR('',#5234,1000.);
#644=VECTOR('',#5237,1000.);
#645=VECTOR('',#5240,1000.);
#646=VECTOR('',#5243,1000.);
#647=VECTOR('',#5246,1000.);
#648=VECTOR('',#5247,1000.);
#649=VECTOR('',#5248,1000.);
#650=VECTOR('',#5249,1000.);
#651=VECTOR('',#5250,1000.);
#652=VECTOR('',#5251,1000.);
#653=VECTOR('',#5252,1000.);
#654=VECTOR('',#5253,1000.);
#655=VECTOR('',#5254,1000.);
#656=VECTOR('',#5255,1000.);
#657=VECTOR('',#5256,1000.);
#658=VECTOR('',#5257,1000.);
#659=VECTOR('',#5258,1000.);
#660=VECTOR('',#5259,1000.);
#661=VECTOR('',#5260,1000.);
#662=VECTOR('',#5261,1000.);
#663=VECTOR('',#5262,1000.);
#664=VECTOR('',#5263,1000.);
#665=VECTOR('',#5264,1000.);
#666=VECTOR('',#5265,1000.);
#667=VECTOR('',#5266,1000.);
#668=VECTOR('',#5267,1000.);
#669=VECTOR('',#5268,1000.);
#670=VECTOR('',#5269,1000.);
#671=VECTOR('',#5270,1000.);
#672=VECTOR('',#5271,1000.);
#673=VECTOR('',#5272,1000.);
#674=VECTOR('',#5275,1000.);
#675=VECTOR('',#5276,1000.);
#676=VECTOR('',#5277,1000.);
#677=VECTOR('',#5280,1000.);
#678=VECTOR('',#5281,1000.);
#679=VECTOR('',#5282,1000.);
#680=VECTOR('',#5285,1000.);
#681=VECTOR('',#5286,1000.);
#682=VECTOR('',#5287,1000.);
#683=VECTOR('',#5288,1000.);
#684=VECTOR('',#5289,1000.);
#685=VECTOR('',#5290,1000.);
#686=VECTOR('',#5291,1000.);
#687=VECTOR('',#5292,1000.);
#688=VECTOR('',#5293,1000.);
#689=VECTOR('',#5294,1000.);
#690=VECTOR('',#5295,1000.);
#691=VECTOR('',#5296,1000.);
#692=VECTOR('',#5297,1000.);
#693=VECTOR('',#5298,1000.);
#694=VECTOR('',#5299,1000.);
#695=VECTOR('',#5300,1000.);
#696=VECTOR('',#5301,1000.);
#697=VECTOR('',#5302,1000.);
#698=VECTOR('',#5303,1000.);
#699=VECTOR('',#5304,1000.);
#700=VECTOR('',#5305,1000.);
#701=VECTOR('',#5308,1000.);
#702=VECTOR('',#5309,1000.);
#703=VECTOR('',#5312,1000.);
#704=VECTOR('',#5315,1000.);
#705=VECTOR('',#5316,1000.);
#706=VECTOR('',#5319,1000.);
#707=VECTOR('',#5320,1000.);
#708=VECTOR('',#5321,1000.);
#709=VECTOR('',#5322,1000.);
#710=VECTOR('',#5323,1000.);
#711=VECTOR('',#5324,1000.);
#712=VECTOR('',#5325,1000.);
#713=VECTOR('',#5326,1000.);
#714=VECTOR('',#5331,1000.);
#715=VECTOR('',#5332,1000.);
#716=VECTOR('',#5335,1000.);
#717=VECTOR('',#5338,1000.);
#718=VECTOR('',#5341,1000.);
#719=VECTOR('',#5344,1000.);
#720=VECTOR('',#5357,1000.);
#721=VECTOR('',#5364,1000.);
#722=VECTOR('',#5367,1000.);
#723=VECTOR('',#5372,1000.);
#724=VECTOR('',#5373,1000.);
#725=VECTOR('',#5374,1000.);
#726=VECTOR('',#5375,1000.);
#727=VECTOR('',#5376,1000.);
#728=VECTOR('',#5379,1000.);
#729=VECTOR('',#5380,1000.);
#730=VECTOR('',#5381,1000.);
#731=VECTOR('',#5384,1000.);
#732=VECTOR('',#5385,1000.);
#733=VECTOR('',#5386,1000.);
#734=VECTOR('',#5387,1000.);
#735=VECTOR('',#5388,1000.);
#736=VECTOR('',#5391,1000.);
#737=VECTOR('',#5392,1000.);
#738=VECTOR('',#5403,1000.);
#739=VECTOR('',#5404,1000.);
#740=VECTOR('',#5405,1000.);
#741=VECTOR('',#5406,1000.);
#742=VECTOR('',#5407,1000.);
#743=VECTOR('',#5408,1000.);
#744=VECTOR('',#5409,1000.);
#745=VECTOR('',#5424,1000.);
#746=VECTOR('',#5427,1000.);
#747=VECTOR('',#5430,1000.);
#748=VECTOR('',#5433,1000.);
#749=VECTOR('',#5436,1000.);
#750=VECTOR('',#5437,1000.);
#751=VECTOR('',#5438,1000.);
#752=VECTOR('',#5443,1000.);
#753=VECTOR('',#5446,1000.);
#754=VECTOR('',#5447,1000.);
#755=VECTOR('',#5452,1000.);
#756=VECTOR('',#5455,1000.);
#757=VECTOR('',#5456,1000.);
#758=VECTOR('',#5461,1000.);
#759=VECTOR('',#5464,1000.);
#760=VECTOR('',#5465,1000.);
#761=VECTOR('',#5474,1000.);
#762=VECTOR('',#5477,1000.);
#763=VECTOR('',#5482,1000.);
#764=VECTOR('',#5483,1000.);
#765=VECTOR('',#5484,1000.);
#766=VECTOR('',#5487,1000.);
#767=VECTOR('',#5488,1000.);
#768=VECTOR('',#5489,1000.);
#769=VECTOR('',#5492,1000.);
#770=VECTOR('',#5495,1000.);
#771=VECTOR('',#5498,1000.);
#772=VECTOR('',#5501,1000.);
#773=VECTOR('',#5504,1000.);
#774=VECTOR('',#5507,1000.);
#775=VECTOR('',#5510,1000.);
#776=VECTOR('',#5529,1000.);
#777=VECTOR('',#5532,1000.);
#778=VECTOR('',#5537,1000.);
#779=VECTOR('',#5538,1000.);
#780=VECTOR('',#5539,1000.);
#781=VECTOR('',#5544,1000.);
#782=VECTOR('',#5545,1000.);
#783=VECTOR('',#5546,1000.);
#784=VECTOR('',#5549,1000.);
#785=VECTOR('',#5550,1000.);
#786=VECTOR('',#5551,1000.);
#787=VECTOR('',#5554,1000.);
#788=VECTOR('',#5555,1000.);
#789=VECTOR('',#5556,1000.);
#790=VECTOR('',#5559,1000.);
#791=VECTOR('',#5560,1000.);
#792=VECTOR('',#5567,1000.);
#793=VECTOR('',#5570,1000.);
#794=VECTOR('',#5571,1000.);
#795=VECTOR('',#5574,1000.);
#796=VECTOR('',#5577,1000.);
#797=VECTOR('',#5580,1000.);
#798=VECTOR('',#5581,1000.);
#799=VECTOR('',#5582,1000.);
#800=VECTOR('',#5583,1000.);
#801=VECTOR('',#5584,1000.);
#802=VECTOR('',#5587,1000.);
#803=VECTOR('',#5588,1000.);
#804=VECTOR('',#5589,1000.);
#805=VECTOR('',#5602,1000.);
#806=VECTOR('',#5603,1000.);
#807=VECTOR('',#5604,1000.);
#808=VECTOR('',#5605,1000.);
#809=VECTOR('',#5606,1000.);
#810=VECTOR('',#5607,1000.);
#811=VECTOR('',#5608,1000.);
#812=VECTOR('',#5615,1000.);
#813=VECTOR('',#5618,1000.);
#814=VECTOR('',#5619,1000.);
#815=VECTOR('',#5620,1000.);
#816=VECTOR('',#5623,1000.);
#817=VECTOR('',#5624,1000.);
#818=VECTOR('',#5625,1000.);
#819=VECTOR('',#5626,1000.);
#820=VECTOR('',#5627,1000.);
#821=VECTOR('',#5634,1000.);
#822=VECTOR('',#5635,1000.);
#823=VECTOR('',#5642,1000.);
#824=VECTOR('',#5643,1000.);
#825=VECTOR('',#5650,1000.);
#826=VECTOR('',#5651,1000.);
#827=VECTOR('',#5652,1000.);
#828=VECTOR('',#5653,1000.);
#829=VECTOR('',#5662,1000.);
#830=VECTOR('',#5663,1000.);
#831=VECTOR('',#5664,1000.);
#832=VECTOR('',#5667,1000.);
#833=VECTOR('',#5668,1000.);
#834=VECTOR('',#5679,1000.);
#835=VECTOR('',#5682,1000.);
#836=VECTOR('',#5683,1000.);
#837=VECTOR('',#5684,1000.);
#838=VECTOR('',#5687,1000.);
#839=VECTOR('',#5688,1000.);
#840=VECTOR('',#5689,1000.);
#841=VECTOR('',#5692,1000.);
#842=VECTOR('',#5693,1000.);
#843=VECTOR('',#5700,1000.);
#844=VECTOR('',#5701,1000.);
#845=VECTOR('',#5702,1000.);
#846=VECTOR('',#5705,1000.);
#847=VECTOR('',#5706,1000.);
#848=VECTOR('',#5707,1000.);
#849=VECTOR('',#5708,1000.);
#850=VECTOR('',#5715,1000.);
#851=VECTOR('',#5718,1000.);
#852=VECTOR('',#5719,1000.);
#853=VECTOR('',#5720,1000.);
#854=VECTOR('',#5727,1000.);
#855=VECTOR('',#5730,1000.);
#856=VECTOR('',#5733,1000.);
#857=VECTOR('',#5734,1000.);
#858=VECTOR('',#5739,1000.);
#859=VECTOR('',#5740,1000.);
#860=VECTOR('',#5741,1000.);
#861=VECTOR('',#5744,1000.);
#862=VECTOR('',#5749,1000.);
#863=VECTOR('',#5750,1000.);
#864=VECTOR('',#5757,1000.);
#865=VECTOR('',#5760,1000.);
#866=VECTOR('',#5761,1000.);
#867=VECTOR('',#5762,1000.);
#868=VECTOR('',#5769,1000.);
#869=VECTOR('',#5772,1000.);
#870=VECTOR('',#5773,1000.);
#871=VECTOR('',#5774,1000.);
#872=VECTOR('',#5783,1000.);
#873=VECTOR('',#5788,1000.);
#874=VECTOR('',#5793,1000.);
#875=VECTOR('',#5794,1000.);
#876=VECTOR('',#5795,1000.);
#877=VECTOR('',#5802,1000.);
#878=VECTOR('',#5805,1000.);
#879=VECTOR('',#5806,1000.);
#880=VECTOR('',#5807,1000.);
#881=VECTOR('',#5814,1000.);
#882=VECTOR('',#5817,1000.);
#883=VECTOR('',#5818,1000.);
#884=VECTOR('',#5819,1000.);
#885=VECTOR('',#5826,1000.);
#886=VECTOR('',#5829,1000.);
#887=VECTOR('',#5832,1000.);
#888=VECTOR('',#5835,1000.);
#889=VECTOR('',#5838,1000.);
#890=VECTOR('',#5839,1000.);
#891=VECTOR('',#5840,1000.);
#892=VECTOR('',#5845,1000.);
#893=VECTOR('',#5846,1000.);
#894=VECTOR('',#5847,1000.);
#895=VECTOR('',#5856,1000.);
#896=VECTOR('',#5859,1000.);
#897=VECTOR('',#5860,1000.);
#898=VECTOR('',#5861,1000.);
#899=VECTOR('',#5868,1000.);
#900=VECTOR('',#5871,1000.);
#901=VECTOR('',#5872,1000.);
#902=VECTOR('',#5873,1000.);
#903=VECTOR('',#5876,1000.);
#904=VECTOR('',#5881,1000.);
#905=VECTOR('',#5898,1000.);
#906=VECTOR('',#5901,1000.);
#907=VECTOR('',#5906,1000.);
#908=VECTOR('',#5907,1000.);
#909=VECTOR('',#5910,1000.);
#910=VECTOR('',#5911,1000.);
#911=VECTOR('',#5912,1000.);
#912=VECTOR('',#5915,1000.);
#913=VECTOR('',#5922,1000.);
#914=VECTOR('',#5925,1000.);
#915=VECTOR('',#5926,1000.);
#916=VECTOR('',#5927,1000.);
#917=VECTOR('',#5928,1000.);
#918=VECTOR('',#5929,1000.);
#919=VECTOR('',#5930,1000.);
#920=VECTOR('',#5931,1000.);
#921=VECTOR('',#5932,1000.);
#922=VECTOR('',#5937,1000.);
#923=VECTOR('',#5938,1000.);
#924=VECTOR('',#5939,1000.);
#925=VECTOR('',#5942,1000.);
#926=VECTOR('',#5947,1000.);
#927=VECTOR('',#5948,1000.);
#928=VECTOR('',#5949,1000.);
#929=VECTOR('',#5950,1000.);
#930=VECTOR('',#5951,1000.);
#931=VECTOR('',#5952,1000.);
#932=VECTOR('',#5953,1000.);
#933=VECTOR('',#5956,1000.);
#934=VECTOR('',#5957,1000.);
#935=VECTOR('',#5960,1000.);
#936=VECTOR('',#5961,1000.);
#937=VECTOR('',#5964,1000.);
#938=VECTOR('',#5967,1000.);
#939=VECTOR('',#5970,1000.);
#940=VECTOR('',#5973,1000.);
#941=ORIENTED_EDGE('',*,*,#1935,.F.);
#942=ORIENTED_EDGE('',*,*,#1936,.F.);
#943=ORIENTED_EDGE('',*,*,#1937,.F.);
#944=ORIENTED_EDGE('',*,*,#1938,.F.);
#945=ORIENTED_EDGE('',*,*,#1939,.F.);
#946=ORIENTED_EDGE('',*,*,#1940,.F.);
#947=ORIENTED_EDGE('',*,*,#1941,.F.);
#948=ORIENTED_EDGE('',*,*,#1942,.F.);
#949=ORIENTED_EDGE('',*,*,#1943,.F.);
#950=ORIENTED_EDGE('',*,*,#1944,.F.);
#951=ORIENTED_EDGE('',*,*,#1945,.F.);
#952=ORIENTED_EDGE('',*,*,#1946,.F.);
#953=ORIENTED_EDGE('',*,*,#1947,.F.);
#954=ORIENTED_EDGE('',*,*,#1948,.F.);
#955=ORIENTED_EDGE('',*,*,#1949,.F.);
#956=ORIENTED_EDGE('',*,*,#1950,.F.);
#957=ORIENTED_EDGE('',*,*,#1951,.F.);
#958=ORIENTED_EDGE('',*,*,#1946,.T.);
#959=ORIENTED_EDGE('',*,*,#1952,.T.);
#960=ORIENTED_EDGE('',*,*,#1953,.F.);
#961=ORIENTED_EDGE('',*,*,#1954,.T.);
#962=ORIENTED_EDGE('',*,*,#1948,.T.);
#963=ORIENTED_EDGE('',*,*,#1955,.F.);
#964=ORIENTED_EDGE('',*,*,#1956,.T.);
#965=ORIENTED_EDGE('',*,*,#1957,.T.);
#966=ORIENTED_EDGE('',*,*,#1950,.T.);
#967=ORIENTED_EDGE('',*,*,#1958,.T.);
#968=ORIENTED_EDGE('',*,*,#1959,.T.);
#969=ORIENTED_EDGE('',*,*,#1960,.T.);
#970=ORIENTED_EDGE('',*,*,#1961,.F.);
#971=ORIENTED_EDGE('',*,*,#1962,.T.);
#972=ORIENTED_EDGE('',*,*,#1963,.T.);
#973=ORIENTED_EDGE('',*,*,#1964,.F.);
#974=ORIENTED_EDGE('',*,*,#1944,.T.);
#975=ORIENTED_EDGE('',*,*,#1965,.F.);
#976=ORIENTED_EDGE('',*,*,#1966,.F.);
#977=ORIENTED_EDGE('',*,*,#1967,.F.);
#978=ORIENTED_EDGE('',*,*,#1968,.T.);
#979=ORIENTED_EDGE('',*,*,#1969,.F.);
#980=ORIENTED_EDGE('',*,*,#1970,.F.);
#981=ORIENTED_EDGE('',*,*,#1971,.T.);
#982=ORIENTED_EDGE('',*,*,#1959,.F.);
#983=ORIENTED_EDGE('',*,*,#1972,.F.);
#984=ORIENTED_EDGE('',*,*,#1970,.T.);
#985=ORIENTED_EDGE('',*,*,#1973,.T.);
#986=ORIENTED_EDGE('',*,*,#1960,.F.);
#987=ORIENTED_EDGE('',*,*,#1971,.F.);
#988=ORIENTED_EDGE('',*,*,#1969,.T.);
#989=ORIENTED_EDGE('',*,*,#1974,.T.);
#990=ORIENTED_EDGE('',*,*,#1962,.F.);
#991=ORIENTED_EDGE('',*,*,#1975,.T.);
#992=ORIENTED_EDGE('',*,*,#1967,.T.);
#993=ORIENTED_EDGE('',*,*,#1976,.T.);
#994=ORIENTED_EDGE('',*,*,#1963,.F.);
#995=ORIENTED_EDGE('',*,*,#1974,.F.);
#996=ORIENTED_EDGE('',*,*,#1966,.T.);
#997=ORIENTED_EDGE('',*,*,#1977,.T.);
#998=ORIENTED_EDGE('',*,*,#1935,.T.);
#999=ORIENTED_EDGE('',*,*,#1978,.F.);
#1000=ORIENTED_EDGE('',*,*,#1955,.T.);
#1001=ORIENTED_EDGE('',*,*,#1947,.T.);
#1002=ORIENTED_EDGE('',*,*,#1957,.F.);
#1003=ORIENTED_EDGE('',*,*,#1976,.F.);
#1004=ORIENTED_EDGE('',*,*,#1965,.T.);
#1005=ORIENTED_EDGE('',*,*,#1943,.T.);
#1006=ORIENTED_EDGE('',*,*,#1951,.T.);
#1007=ORIENTED_EDGE('',*,*,#1979,.T.);
#1008=ORIENTED_EDGE('',*,*,#1939,.T.);
#1009=ORIENTED_EDGE('',*,*,#1980,.T.);
#1010=ORIENTED_EDGE('',*,*,#1936,.T.);
#1011=ORIENTED_EDGE('',*,*,#1977,.F.);
#1012=ORIENTED_EDGE('',*,*,#1942,.T.);
#1013=ORIENTED_EDGE('',*,*,#1981,.F.);
#1014=ORIENTED_EDGE('',*,*,#1937,.T.);
#1015=ORIENTED_EDGE('',*,*,#1980,.F.);
#1016=ORIENTED_EDGE('',*,*,#1941,.T.);
#1017=ORIENTED_EDGE('',*,*,#1982,.T.);
#1018=ORIENTED_EDGE('',*,*,#1952,.F.);
#1019=ORIENTED_EDGE('',*,*,#1945,.T.);
#1020=ORIENTED_EDGE('',*,*,#1964,.T.);
#1021=ORIENTED_EDGE('',*,*,#1972,.T.);
#1022=ORIENTED_EDGE('',*,*,#1958,.F.);
#1023=ORIENTED_EDGE('',*,*,#1949,.T.);
#1024=ORIENTED_EDGE('',*,*,#1954,.F.);
#1025=ORIENTED_EDGE('',*,*,#1978,.T.);
#1026=ORIENTED_EDGE('',*,*,#1938,.T.);
#1027=ORIENTED_EDGE('',*,*,#1981,.T.);
#1028=ORIENTED_EDGE('',*,*,#1956,.F.);
#1029=ORIENTED_EDGE('',*,*,#1982,.F.);
#1030=ORIENTED_EDGE('',*,*,#1940,.T.);
#1031=ORIENTED_EDGE('',*,*,#1979,.F.);
#1032=ORIENTED_EDGE('',*,*,#1953,.T.);
#1033=ORIENTED_EDGE('',*,*,#1983,.F.);
#1034=ORIENTED_EDGE('',*,*,#1984,.F.);
#1035=ORIENTED_EDGE('',*,*,#1985,.F.);
#1036=ORIENTED_EDGE('',*,*,#1986,.F.);
#1037=ORIENTED_EDGE('',*,*,#1987,.F.);
#1038=ORIENTED_EDGE('',*,*,#1988,.F.);
#1039=ORIENTED_EDGE('',*,*,#1989,.F.);
#1040=ORIENTED_EDGE('',*,*,#1990,.F.);
#1041=ORIENTED_EDGE('',*,*,#1991,.F.);
#1042=ORIENTED_EDGE('',*,*,#1992,.F.);
#1043=ORIENTED_EDGE('',*,*,#1993,.F.);
#1044=ORIENTED_EDGE('',*,*,#1994,.F.);
#1045=ORIENTED_EDGE('',*,*,#1995,.F.);
#1046=ORIENTED_EDGE('',*,*,#1996,.F.);
#1047=ORIENTED_EDGE('',*,*,#1997,.F.);
#1048=ORIENTED_EDGE('',*,*,#1998,.F.);
#1049=ORIENTED_EDGE('',*,*,#1999,.F.);
#1050=ORIENTED_EDGE('',*,*,#1994,.T.);
#1051=ORIENTED_EDGE('',*,*,#2000,.T.);
#1052=ORIENTED_EDGE('',*,*,#2001,.F.);
#1053=ORIENTED_EDGE('',*,*,#2002,.T.);
#1054=ORIENTED_EDGE('',*,*,#1996,.T.);
#1055=ORIENTED_EDGE('',*,*,#2003,.F.);
#1056=ORIENTED_EDGE('',*,*,#2004,.T.);
#1057=ORIENTED_EDGE('',*,*,#2005,.T.);
#1058=ORIENTED_EDGE('',*,*,#1998,.T.);
#1059=ORIENTED_EDGE('',*,*,#2006,.T.);
#1060=ORIENTED_EDGE('',*,*,#2007,.T.);
#1061=ORIENTED_EDGE('',*,*,#2008,.T.);
#1062=ORIENTED_EDGE('',*,*,#2009,.F.);
#1063=ORIENTED_EDGE('',*,*,#2010,.T.);
#1064=ORIENTED_EDGE('',*,*,#2011,.T.);
#1065=ORIENTED_EDGE('',*,*,#2012,.F.);
#1066=ORIENTED_EDGE('',*,*,#1992,.T.);
#1067=ORIENTED_EDGE('',*,*,#2013,.F.);
#1068=ORIENTED_EDGE('',*,*,#2014,.F.);
#1069=ORIENTED_EDGE('',*,*,#2015,.F.);
#1070=ORIENTED_EDGE('',*,*,#2016,.T.);
#1071=ORIENTED_EDGE('',*,*,#2017,.F.);
#1072=ORIENTED_EDGE('',*,*,#2018,.F.);
#1073=ORIENTED_EDGE('',*,*,#2019,.T.);
#1074=ORIENTED_EDGE('',*,*,#2007,.F.);
#1075=ORIENTED_EDGE('',*,*,#2020,.F.);
#1076=ORIENTED_EDGE('',*,*,#2018,.T.);
#1077=ORIENTED_EDGE('',*,*,#2021,.T.);
#1078=ORIENTED_EDGE('',*,*,#2008,.F.);
#1079=ORIENTED_EDGE('',*,*,#2019,.F.);
#1080=ORIENTED_EDGE('',*,*,#2017,.T.);
#1081=ORIENTED_EDGE('',*,*,#2022,.T.);
#1082=ORIENTED_EDGE('',*,*,#2010,.F.);
#1083=ORIENTED_EDGE('',*,*,#2023,.T.);
#1084=ORIENTED_EDGE('',*,*,#2015,.T.);
#1085=ORIENTED_EDGE('',*,*,#2024,.T.);
#1086=ORIENTED_EDGE('',*,*,#2011,.F.);
#1087=ORIENTED_EDGE('',*,*,#2022,.F.);
#1088=ORIENTED_EDGE('',*,*,#2014,.T.);
#1089=ORIENTED_EDGE('',*,*,#2025,.T.);
#1090=ORIENTED_EDGE('',*,*,#1983,.T.);
#1091=ORIENTED_EDGE('',*,*,#2026,.F.);
#1092=ORIENTED_EDGE('',*,*,#2003,.T.);
#1093=ORIENTED_EDGE('',*,*,#1995,.T.);
#1094=ORIENTED_EDGE('',*,*,#2005,.F.);
#1095=ORIENTED_EDGE('',*,*,#2024,.F.);
#1096=ORIENTED_EDGE('',*,*,#2013,.T.);
#1097=ORIENTED_EDGE('',*,*,#1991,.T.);
#1098=ORIENTED_EDGE('',*,*,#1999,.T.);
#1099=ORIENTED_EDGE('',*,*,#2027,.T.);
#1100=ORIENTED_EDGE('',*,*,#1987,.T.);
#1101=ORIENTED_EDGE('',*,*,#2028,.T.);
#1102=ORIENTED_EDGE('',*,*,#1984,.T.);
#1103=ORIENTED_EDGE('',*,*,#2025,.F.);
#1104=ORIENTED_EDGE('',*,*,#1990,.T.);
#1105=ORIENTED_EDGE('',*,*,#2029,.F.);
#1106=ORIENTED_EDGE('',*,*,#1985,.T.);
#1107=ORIENTED_EDGE('',*,*,#2028,.F.);
#1108=ORIENTED_EDGE('',*,*,#1989,.T.);
#1109=ORIENTED_EDGE('',*,*,#2030,.T.);
#1110=ORIENTED_EDGE('',*,*,#2000,.F.);
#1111=ORIENTED_EDGE('',*,*,#1993,.T.);
#1112=ORIENTED_EDGE('',*,*,#2012,.T.);
#1113=ORIENTED_EDGE('',*,*,#2020,.T.);
#1114=ORIENTED_EDGE('',*,*,#2006,.F.);
#1115=ORIENTED_EDGE('',*,*,#1997,.T.);
#1116=ORIENTED_EDGE('',*,*,#2002,.F.);
#1117=ORIENTED_EDGE('',*,*,#2026,.T.);
#1118=ORIENTED_EDGE('',*,*,#1986,.T.);
#1119=ORIENTED_EDGE('',*,*,#2029,.T.);
#1120=ORIENTED_EDGE('',*,*,#2004,.F.);
#1121=ORIENTED_EDGE('',*,*,#2030,.F.);
#1122=ORIENTED_EDGE('',*,*,#1988,.T.);
#1123=ORIENTED_EDGE('',*,*,#2027,.F.);
#1124=ORIENTED_EDGE('',*,*,#2001,.T.);
#1125=ORIENTED_EDGE('',*,*,#2031,.F.);
#1126=ORIENTED_EDGE('',*,*,#2032,.F.);
#1127=ORIENTED_EDGE('',*,*,#2033,.T.);
#1128=ORIENTED_EDGE('',*,*,#2034,.F.);
#1129=ORIENTED_EDGE('',*,*,#2035,.F.);
#1130=ORIENTED_EDGE('',*,*,#2036,.T.);
#1131=ORIENTED_EDGE('',*,*,#2037,.T.);
#1132=ORIENTED_EDGE('',*,*,#2038,.F.);
#1133=ORIENTED_EDGE('',*,*,#2039,.F.);
#1134=ORIENTED_EDGE('',*,*,#2040,.T.);
#1135=ORIENTED_EDGE('',*,*,#2041,.T.);
#1136=ORIENTED_EDGE('',*,*,#2042,.F.);
#1137=ORIENTED_EDGE('',*,*,#2043,.T.);
#1138=ORIENTED_EDGE('',*,*,#2044,.T.);
#1139=ORIENTED_EDGE('',*,*,#2045,.T.);
#1140=ORIENTED_EDGE('',*,*,#2046,.T.);
#1141=ORIENTED_EDGE('',*,*,#2047,.F.);
#1142=ORIENTED_EDGE('',*,*,#2048,.T.);
#1143=ORIENTED_EDGE('',*,*,#2049,.T.);
#1144=ORIENTED_EDGE('',*,*,#2050,.T.);
#1145=ORIENTED_EDGE('',*,*,#2051,.F.);
#1146=ORIENTED_EDGE('',*,*,#2042,.T.);
#1147=ORIENTED_EDGE('',*,*,#2052,.T.);
#1148=ORIENTED_EDGE('',*,*,#2053,.T.);
#1149=ORIENTED_EDGE('',*,*,#2054,.T.);
#1150=ORIENTED_EDGE('',*,*,#2055,.T.);
#1151=ORIENTED_EDGE('',*,*,#2056,.T.);
#1152=ORIENTED_EDGE('',*,*,#2057,.F.);
#1153=ORIENTED_EDGE('',*,*,#2058,.T.);
#1154=ORIENTED_EDGE('',*,*,#2059,.F.);
#1155=ORIENTED_EDGE('',*,*,#2060,.F.);
#1156=ORIENTED_EDGE('',*,*,#2061,.F.);
#1157=ORIENTED_EDGE('',*,*,#2062,.F.);
#1158=ORIENTED_EDGE('',*,*,#2063,.F.);
#1159=ORIENTED_EDGE('',*,*,#2064,.T.);
#1160=ORIENTED_EDGE('',*,*,#2065,.F.);
#1161=ORIENTED_EDGE('',*,*,#2066,.T.);
#1162=ORIENTED_EDGE('',*,*,#2067,.F.);
#1163=ORIENTED_EDGE('',*,*,#2068,.F.);
#1164=ORIENTED_EDGE('',*,*,#2069,.T.);
#1165=ORIENTED_EDGE('',*,*,#2070,.F.);
#1166=ORIENTED_EDGE('',*,*,#2071,.F.);
#1167=ORIENTED_EDGE('',*,*,#2072,.F.);
#1168=ORIENTED_EDGE('',*,*,#2073,.T.);
#1169=ORIENTED_EDGE('',*,*,#2074,.F.);
#1170=ORIENTED_EDGE('',*,*,#2075,.T.);
#1171=ORIENTED_EDGE('',*,*,#2076,.T.);
#1172=ORIENTED_EDGE('',*,*,#2077,.T.);
#1173=ORIENTED_EDGE('',*,*,#2065,.T.);
#1174=ORIENTED_EDGE('',*,*,#2078,.T.);
#1175=ORIENTED_EDGE('',*,*,#2079,.F.);
#1176=ORIENTED_EDGE('',*,*,#2080,.T.);
#1177=ORIENTED_EDGE('',*,*,#2081,.F.);
#1178=ORIENTED_EDGE('',*,*,#2059,.T.);
#1179=ORIENTED_EDGE('',*,*,#2082,.T.);
#1180=ORIENTED_EDGE('',*,*,#2083,.F.);
#1181=ORIENTED_EDGE('',*,*,#2084,.F.);
#1182=ORIENTED_EDGE('',*,*,#2083,.T.);
#1183=ORIENTED_EDGE('',*,*,#2085,.T.);
#1184=ORIENTED_EDGE('',*,*,#2086,.T.);
#1185=ORIENTED_EDGE('',*,*,#2087,.T.);
#1186=ORIENTED_EDGE('',*,*,#2088,.F.);
#1187=ORIENTED_EDGE('',*,*,#2089,.T.);
#1188=ORIENTED_EDGE('',*,*,#2040,.F.);
#1189=ORIENTED_EDGE('',*,*,#2090,.F.);
#1190=ORIENTED_EDGE('',*,*,#2091,.F.);
#1191=ORIENTED_EDGE('',*,*,#2092,.T.);
#1192=ORIENTED_EDGE('',*,*,#2093,.F.);
#1193=ORIENTED_EDGE('',*,*,#2094,.F.);
#1194=ORIENTED_EDGE('',*,*,#2095,.F.);
#1195=ORIENTED_EDGE('',*,*,#2096,.F.);
#1196=ORIENTED_EDGE('',*,*,#2097,.F.);
#1197=ORIENTED_EDGE('',*,*,#2098,.F.);
#1198=ORIENTED_EDGE('',*,*,#2099,.T.);
#1199=ORIENTED_EDGE('',*,*,#2100,.T.);
#1200=ORIENTED_EDGE('',*,*,#2079,.T.);
#1201=ORIENTED_EDGE('',*,*,#2101,.T.);
#1202=ORIENTED_EDGE('',*,*,#2102,.T.);
#1203=ORIENTED_EDGE('',*,*,#2103,.F.);
#1204=ORIENTED_EDGE('',*,*,#2104,.T.);
#1205=ORIENTED_EDGE('',*,*,#2105,.F.);
#1206=ORIENTED_EDGE('',*,*,#2073,.F.);
#1207=ORIENTED_EDGE('',*,*,#2106,.F.);
#1208=ORIENTED_EDGE('',*,*,#2095,.T.);
#1209=ORIENTED_EDGE('',*,*,#2107,.F.);
#1210=ORIENTED_EDGE('',*,*,#2085,.F.);
#1211=ORIENTED_EDGE('',*,*,#2082,.F.);
#1212=ORIENTED_EDGE('',*,*,#2058,.F.);
#1213=ORIENTED_EDGE('',*,*,#2098,.T.);
#1214=ORIENTED_EDGE('',*,*,#2108,.T.);
#1215=ORIENTED_EDGE('',*,*,#2068,.T.);
#1216=ORIENTED_EDGE('',*,*,#2109,.T.);
#1217=ORIENTED_EDGE('',*,*,#2110,.F.);
#1218=ORIENTED_EDGE('',*,*,#2111,.T.);
#1219=ORIENTED_EDGE('',*,*,#2112,.T.);
#1220=ORIENTED_EDGE('',*,*,#2113,.T.);
#1221=ORIENTED_EDGE('',*,*,#2114,.T.);
#1222=ORIENTED_EDGE('',*,*,#2115,.T.);
#1223=ORIENTED_EDGE('',*,*,#2116,.T.);
#1224=ORIENTED_EDGE('',*,*,#2117,.T.);
#1225=ORIENTED_EDGE('',*,*,#2118,.F.);
#1226=ORIENTED_EDGE('',*,*,#2119,.F.);
#1227=ORIENTED_EDGE('',*,*,#2120,.T.);
#1228=ORIENTED_EDGE('',*,*,#2117,.F.);
#1229=ORIENTED_EDGE('',*,*,#2121,.T.);
#1230=ORIENTED_EDGE('',*,*,#2122,.T.);
#1231=ORIENTED_EDGE('',*,*,#2123,.T.);
#1232=ORIENTED_EDGE('',*,*,#2124,.T.);
#1233=ORIENTED_EDGE('',*,*,#2125,.T.);
#1234=ORIENTED_EDGE('',*,*,#2126,.T.);
#1235=ORIENTED_EDGE('',*,*,#2127,.T.);
#1236=ORIENTED_EDGE('',*,*,#2113,.F.);
#1237=ORIENTED_EDGE('',*,*,#2128,.F.);
#1238=ORIENTED_EDGE('',*,*,#2129,.F.);
#1239=ORIENTED_EDGE('',*,*,#2130,.F.);
#1240=ORIENTED_EDGE('',*,*,#2131,.F.);
#1241=ORIENTED_EDGE('',*,*,#2132,.F.);
#1242=ORIENTED_EDGE('',*,*,#2133,.T.);
#1243=ORIENTED_EDGE('',*,*,#2134,.T.);
#1244=ORIENTED_EDGE('',*,*,#2135,.T.);
#1245=ORIENTED_EDGE('',*,*,#2136,.T.);
#1246=ORIENTED_EDGE('',*,*,#2137,.T.);
#1247=ORIENTED_EDGE('',*,*,#2138,.T.);
#1248=ORIENTED_EDGE('',*,*,#2139,.T.);
#1249=ORIENTED_EDGE('',*,*,#2140,.T.);
#1250=ORIENTED_EDGE('',*,*,#2137,.F.);
#1251=ORIENTED_EDGE('',*,*,#2141,.T.);
#1252=ORIENTED_EDGE('',*,*,#2134,.F.);
#1253=ORIENTED_EDGE('',*,*,#2142,.T.);
#1254=ORIENTED_EDGE('',*,*,#2143,.T.);
#1255=ORIENTED_EDGE('',*,*,#2144,.T.);
#1256=ORIENTED_EDGE('',*,*,#2145,.F.);
#1257=ORIENTED_EDGE('',*,*,#2146,.F.);
#1258=ORIENTED_EDGE('',*,*,#2147,.T.);
#1259=ORIENTED_EDGE('',*,*,#2045,.F.);
#1260=ORIENTED_EDGE('',*,*,#2148,.T.);
#1261=ORIENTED_EDGE('',*,*,#2149,.T.);
#1262=ORIENTED_EDGE('',*,*,#2150,.T.);
#1263=ORIENTED_EDGE('',*,*,#2043,.F.);
#1264=ORIENTED_EDGE('',*,*,#2151,.F.);
#1265=ORIENTED_EDGE('',*,*,#2152,.T.);
#1266=ORIENTED_EDGE('',*,*,#2153,.T.);
#1267=ORIENTED_EDGE('',*,*,#2049,.F.);
#1268=ORIENTED_EDGE('',*,*,#2154,.T.);
#1269=ORIENTED_EDGE('',*,*,#2155,.F.);
#1270=ORIENTED_EDGE('',*,*,#2156,.F.);
#1271=ORIENTED_EDGE('',*,*,#2151,.T.);
#1272=ORIENTED_EDGE('',*,*,#2157,.T.);
#1273=ORIENTED_EDGE('',*,*,#2145,.T.);
#1274=ORIENTED_EDGE('',*,*,#2153,.F.);
#1275=ORIENTED_EDGE('',*,*,#2158,.T.);
#1276=ORIENTED_EDGE('',*,*,#2148,.F.);
#1277=ORIENTED_EDGE('',*,*,#2050,.F.);
#1278=ORIENTED_EDGE('',*,*,#2150,.F.);
#1279=ORIENTED_EDGE('',*,*,#2159,.T.);
#1280=ORIENTED_EDGE('',*,*,#2143,.F.);
#1281=ORIENTED_EDGE('',*,*,#2044,.F.);
#1282=ORIENTED_EDGE('',*,*,#1973,.F.);
#1283=ORIENTED_EDGE('',*,*,#1968,.F.);
#1284=ORIENTED_EDGE('',*,*,#1975,.F.);
#1285=ORIENTED_EDGE('',*,*,#1961,.T.);
#1286=ORIENTED_EDGE('',*,*,#2021,.F.);
#1287=ORIENTED_EDGE('',*,*,#2016,.F.);
#1288=ORIENTED_EDGE('',*,*,#2023,.F.);
#1289=ORIENTED_EDGE('',*,*,#2009,.T.);
#1290=ORIENTED_EDGE('',*,*,#2160,.F.);
#1291=ORIENTED_EDGE('',*,*,#2161,.T.);
#1292=ORIENTED_EDGE('',*,*,#2162,.T.);
#1293=ORIENTED_EDGE('',*,*,#2163,.F.);
#1294=ORIENTED_EDGE('',*,*,#2164,.F.);
#1295=ORIENTED_EDGE('',*,*,#2165,.T.);
#1296=ORIENTED_EDGE('',*,*,#2047,.T.);
#1297=ORIENTED_EDGE('',*,*,#2166,.T.);
#1298=ORIENTED_EDGE('',*,*,#2155,.T.);
#1299=ORIENTED_EDGE('',*,*,#2167,.T.);
#1300=ORIENTED_EDGE('',*,*,#2164,.T.);
#1301=ORIENTED_EDGE('',*,*,#2168,.T.);
#1302=ORIENTED_EDGE('',*,*,#2146,.T.);
#1303=ORIENTED_EDGE('',*,*,#2157,.F.);
#1304=ORIENTED_EDGE('',*,*,#2046,.F.);
#1305=ORIENTED_EDGE('',*,*,#2147,.F.);
#1306=ORIENTED_EDGE('',*,*,#2168,.F.);
#1307=ORIENTED_EDGE('',*,*,#2166,.F.);
#1308=ORIENTED_EDGE('',*,*,#2048,.F.);
#1309=ORIENTED_EDGE('',*,*,#2165,.F.);
#1310=ORIENTED_EDGE('',*,*,#2167,.F.);
#1311=ORIENTED_EDGE('',*,*,#2154,.F.);
#1312=ORIENTED_EDGE('',*,*,#2169,.T.);
#1313=ORIENTED_EDGE('',*,*,#2170,.T.);
#1314=ORIENTED_EDGE('',*,*,#2171,.T.);
#1315=ORIENTED_EDGE('',*,*,#2172,.T.);
#1316=ORIENTED_EDGE('',*,*,#2173,.T.);
#1317=ORIENTED_EDGE('',*,*,#2174,.T.);
#1318=ORIENTED_EDGE('',*,*,#2175,.T.);
#1319=ORIENTED_EDGE('',*,*,#2176,.T.);
#1320=ORIENTED_EDGE('',*,*,#2156,.T.);
#1321=ORIENTED_EDGE('',*,*,#2144,.F.);
#1322=ORIENTED_EDGE('',*,*,#2159,.F.);
#1323=ORIENTED_EDGE('',*,*,#2149,.F.);
#1324=ORIENTED_EDGE('',*,*,#2158,.F.);
#1325=ORIENTED_EDGE('',*,*,#2152,.F.);
#1326=ORIENTED_EDGE('',*,*,#2177,.F.);
#1327=ORIENTED_EDGE('',*,*,#2178,.T.);
#1328=ORIENTED_EDGE('',*,*,#2179,.T.);
#1329=ORIENTED_EDGE('',*,*,#2170,.F.);
#1330=ORIENTED_EDGE('',*,*,#2179,.F.);
#1331=ORIENTED_EDGE('',*,*,#2180,.T.);
#1332=ORIENTED_EDGE('',*,*,#2181,.T.);
#1333=ORIENTED_EDGE('',*,*,#2171,.F.);
#1334=ORIENTED_EDGE('',*,*,#2181,.F.);
#1335=ORIENTED_EDGE('',*,*,#2182,.T.);
#1336=ORIENTED_EDGE('',*,*,#2183,.T.);
#1337=ORIENTED_EDGE('',*,*,#2172,.F.);
#1338=ORIENTED_EDGE('',*,*,#2183,.F.);
#1339=ORIENTED_EDGE('',*,*,#2184,.T.);
#1340=ORIENTED_EDGE('',*,*,#2185,.T.);
#1341=ORIENTED_EDGE('',*,*,#2173,.F.);
#1342=ORIENTED_EDGE('',*,*,#2185,.F.);
#1343=ORIENTED_EDGE('',*,*,#2186,.T.);
#1344=ORIENTED_EDGE('',*,*,#2187,.T.);
#1345=ORIENTED_EDGE('',*,*,#2174,.F.);
#1346=ORIENTED_EDGE('',*,*,#2187,.F.);
#1347=ORIENTED_EDGE('',*,*,#2188,.T.);
#1348=ORIENTED_EDGE('',*,*,#2189,.T.);
#1349=ORIENTED_EDGE('',*,*,#2175,.F.);
#1350=ORIENTED_EDGE('',*,*,#2189,.F.);
#1351=ORIENTED_EDGE('',*,*,#2190,.T.);
#1352=ORIENTED_EDGE('',*,*,#2191,.T.);
#1353=ORIENTED_EDGE('',*,*,#2176,.F.);
#1354=ORIENTED_EDGE('',*,*,#2191,.F.);
#1355=ORIENTED_EDGE('',*,*,#2192,.T.);
#1356=ORIENTED_EDGE('',*,*,#2177,.T.);
#1357=ORIENTED_EDGE('',*,*,#2169,.F.);
#1358=ORIENTED_EDGE('',*,*,#2193,.F.);
#1359=ORIENTED_EDGE('',*,*,#2194,.F.);
#1360=ORIENTED_EDGE('',*,*,#2121,.F.);
#1361=ORIENTED_EDGE('',*,*,#2116,.F.);
#1362=ORIENTED_EDGE('',*,*,#2127,.F.);
#1363=ORIENTED_EDGE('',*,*,#2195,.F.);
#1364=ORIENTED_EDGE('',*,*,#2196,.F.);
#1365=ORIENTED_EDGE('',*,*,#2114,.F.);
#1366=ORIENTED_EDGE('',*,*,#2115,.F.);
#1367=ORIENTED_EDGE('',*,*,#2196,.T.);
#1368=ORIENTED_EDGE('',*,*,#2197,.T.);
#1369=ORIENTED_EDGE('',*,*,#2198,.T.);
#1370=ORIENTED_EDGE('',*,*,#2199,.T.);
#1371=ORIENTED_EDGE('',*,*,#2193,.T.);
#1372=ORIENTED_EDGE('',*,*,#2200,.F.);
#1373=ORIENTED_EDGE('',*,*,#2201,.T.);
#1374=ORIENTED_EDGE('',*,*,#2198,.F.);
#1375=ORIENTED_EDGE('',*,*,#2202,.T.);
#1376=ORIENTED_EDGE('',*,*,#2203,.F.);
#1377=ORIENTED_EDGE('',*,*,#2204,.T.);
#1378=ORIENTED_EDGE('',*,*,#2205,.F.);
#1379=ORIENTED_EDGE('',*,*,#2125,.F.);
#1380=ORIENTED_EDGE('',*,*,#2205,.T.);
#1381=ORIENTED_EDGE('',*,*,#2206,.T.);
#1382=ORIENTED_EDGE('',*,*,#2202,.F.);
#1383=ORIENTED_EDGE('',*,*,#2197,.F.);
#1384=ORIENTED_EDGE('',*,*,#2195,.T.);
#1385=ORIENTED_EDGE('',*,*,#2126,.F.);
#1386=ORIENTED_EDGE('',*,*,#2207,.F.);
#1387=ORIENTED_EDGE('',*,*,#2208,.T.);
#1388=ORIENTED_EDGE('',*,*,#2209,.F.);
#1389=ORIENTED_EDGE('',*,*,#2123,.F.);
#1390=ORIENTED_EDGE('',*,*,#2209,.T.);
#1391=ORIENTED_EDGE('',*,*,#2210,.T.);
#1392=ORIENTED_EDGE('',*,*,#2203,.T.);
#1393=ORIENTED_EDGE('',*,*,#2124,.F.);
#1394=ORIENTED_EDGE('',*,*,#2201,.F.);
#1395=ORIENTED_EDGE('',*,*,#2211,.T.);
#1396=ORIENTED_EDGE('',*,*,#2207,.T.);
#1397=ORIENTED_EDGE('',*,*,#2122,.F.);
#1398=ORIENTED_EDGE('',*,*,#2194,.T.);
#1399=ORIENTED_EDGE('',*,*,#2199,.F.);
#1400=ORIENTED_EDGE('',*,*,#2178,.F.);
#1401=ORIENTED_EDGE('',*,*,#2192,.F.);
#1402=ORIENTED_EDGE('',*,*,#2190,.F.);
#1403=ORIENTED_EDGE('',*,*,#2188,.F.);
#1404=ORIENTED_EDGE('',*,*,#2186,.F.);
#1405=ORIENTED_EDGE('',*,*,#2184,.F.);
#1406=ORIENTED_EDGE('',*,*,#2182,.F.);
#1407=ORIENTED_EDGE('',*,*,#2180,.F.);
#1408=ORIENTED_EDGE('',*,*,#2204,.F.);
#1409=ORIENTED_EDGE('',*,*,#2210,.F.);
#1410=ORIENTED_EDGE('',*,*,#2208,.F.);
#1411=ORIENTED_EDGE('',*,*,#2211,.F.);
#1412=ORIENTED_EDGE('',*,*,#2200,.T.);
#1413=ORIENTED_EDGE('',*,*,#2206,.F.);
#1414=ORIENTED_EDGE('',*,*,#2212,.T.);
#1415=ORIENTED_EDGE('',*,*,#2136,.F.);
#1416=ORIENTED_EDGE('',*,*,#2213,.T.);
#1417=ORIENTED_EDGE('',*,*,#2212,.F.);
#1418=ORIENTED_EDGE('',*,*,#2214,.T.);
#1419=ORIENTED_EDGE('',*,*,#2213,.F.);
#1420=ORIENTED_EDGE('',*,*,#2129,.T.);
#1421=ORIENTED_EDGE('',*,*,#2214,.F.);
#1422=ORIENTED_EDGE('',*,*,#2215,.F.);
#1423=ORIENTED_EDGE('',*,*,#2216,.F.);
#1424=ORIENTED_EDGE('',*,*,#2217,.T.);
#1425=ORIENTED_EDGE('',*,*,#2133,.F.);
#1426=ORIENTED_EDGE('',*,*,#2118,.T.);
#1427=ORIENTED_EDGE('',*,*,#2218,.T.);
#1428=ORIENTED_EDGE('',*,*,#2138,.F.);
#1429=ORIENTED_EDGE('',*,*,#2142,.F.);
#1430=ORIENTED_EDGE('',*,*,#2135,.F.);
#1431=ORIENTED_EDGE('',*,*,#2141,.F.);
#1432=ORIENTED_EDGE('',*,*,#2140,.F.);
#1433=ORIENTED_EDGE('',*,*,#2218,.F.);
#1434=ORIENTED_EDGE('',*,*,#2139,.F.);
#1435=ORIENTED_EDGE('',*,*,#2131,.T.);
#1436=ORIENTED_EDGE('',*,*,#2219,.F.);
#1437=ORIENTED_EDGE('',*,*,#2220,.F.);
#1438=ORIENTED_EDGE('',*,*,#2221,.T.);
#1439=ORIENTED_EDGE('',*,*,#2132,.T.);
#1440=ORIENTED_EDGE('',*,*,#2221,.F.);
#1441=ORIENTED_EDGE('',*,*,#2222,.F.);
#1442=ORIENTED_EDGE('',*,*,#2215,.T.);
#1443=ORIENTED_EDGE('',*,*,#2130,.T.);
#1444=ORIENTED_EDGE('',*,*,#2217,.F.);
#1445=ORIENTED_EDGE('',*,*,#2223,.F.);
#1446=ORIENTED_EDGE('',*,*,#2219,.T.);
#1447=ORIENTED_EDGE('',*,*,#2223,.T.);
#1448=ORIENTED_EDGE('',*,*,#2216,.T.);
#1449=ORIENTED_EDGE('',*,*,#2222,.T.);
#1450=ORIENTED_EDGE('',*,*,#2220,.T.);
#1451=ORIENTED_EDGE('',*,*,#2111,.F.);
#1452=ORIENTED_EDGE('',*,*,#2224,.T.);
#1453=ORIENTED_EDGE('',*,*,#2225,.T.);
#1454=ORIENTED_EDGE('',*,*,#2226,.F.);
#1455=ORIENTED_EDGE('',*,*,#2224,.F.);
#1456=ORIENTED_EDGE('',*,*,#2110,.T.);
#1457=ORIENTED_EDGE('',*,*,#2120,.F.);
#1458=ORIENTED_EDGE('',*,*,#2227,.F.);
#1459=ORIENTED_EDGE('',*,*,#2228,.F.);
#1460=ORIENTED_EDGE('',*,*,#2229,.F.);
#1461=ORIENTED_EDGE('',*,*,#2112,.F.);
#1462=ORIENTED_EDGE('',*,*,#2226,.T.);
#1463=ORIENTED_EDGE('',*,*,#2230,.T.);
#1464=ORIENTED_EDGE('',*,*,#2231,.T.);
#1465=ORIENTED_EDGE('',*,*,#2232,.T.);
#1466=ORIENTED_EDGE('',*,*,#2128,.T.);
#1467=ORIENTED_EDGE('',*,*,#2231,.F.);
#1468=ORIENTED_EDGE('',*,*,#2233,.F.);
#1469=ORIENTED_EDGE('',*,*,#2228,.T.);
#1470=ORIENTED_EDGE('',*,*,#2234,.T.);
#1471=ORIENTED_EDGE('',*,*,#2227,.T.);
#1472=ORIENTED_EDGE('',*,*,#2119,.T.);
#1473=ORIENTED_EDGE('',*,*,#2232,.F.);
#1474=ORIENTED_EDGE('',*,*,#2234,.F.);
#1475=ORIENTED_EDGE('',*,*,#2230,.F.);
#1476=ORIENTED_EDGE('',*,*,#2225,.F.);
#1477=ORIENTED_EDGE('',*,*,#2229,.T.);
#1478=ORIENTED_EDGE('',*,*,#2233,.T.);
#1479=ORIENTED_EDGE('',*,*,#2067,.T.);
#1480=ORIENTED_EDGE('',*,*,#2235,.T.);
#1481=ORIENTED_EDGE('',*,*,#2099,.F.);
#1482=ORIENTED_EDGE('',*,*,#2109,.F.);
#1483=ORIENTED_EDGE('',*,*,#2053,.F.);
#1484=ORIENTED_EDGE('',*,*,#2236,.T.);
#1485=ORIENTED_EDGE('',*,*,#2088,.T.);
#1486=ORIENTED_EDGE('',*,*,#2237,.T.);
#1487=ORIENTED_EDGE('',*,*,#2238,.F.);
#1488=ORIENTED_EDGE('',*,*,#2096,.T.);
#1489=ORIENTED_EDGE('',*,*,#2106,.T.);
#1490=ORIENTED_EDGE('',*,*,#2072,.T.);
#1491=ORIENTED_EDGE('',*,*,#2087,.F.);
#1492=ORIENTED_EDGE('',*,*,#2239,.T.);
#1493=ORIENTED_EDGE('',*,*,#2054,.F.);
#1494=ORIENTED_EDGE('',*,*,#2237,.F.);
#1495=ORIENTED_EDGE('',*,*,#2240,.T.);
#1496=ORIENTED_EDGE('',*,*,#2097,.T.);
#1497=ORIENTED_EDGE('',*,*,#2241,.F.);
#1498=ORIENTED_EDGE('',*,*,#2034,.T.);
#1499=ORIENTED_EDGE('',*,*,#2242,.T.);
#1500=ORIENTED_EDGE('',*,*,#2243,.T.);
#1501=ORIENTED_EDGE('',*,*,#2244,.F.);
#1502=ORIENTED_EDGE('',*,*,#2038,.T.);
#1503=ORIENTED_EDGE('',*,*,#2245,.T.);
#1504=ORIENTED_EDGE('',*,*,#2036,.F.);
#1505=ORIENTED_EDGE('',*,*,#2246,.F.);
#1506=ORIENTED_EDGE('',*,*,#2247,.T.);
#1507=ORIENTED_EDGE('',*,*,#2248,.T.);
#1508=ORIENTED_EDGE('',*,*,#2247,.F.);
#1509=ORIENTED_EDGE('',*,*,#2249,.F.);
#1510=ORIENTED_EDGE('',*,*,#2070,.T.);
#1511=ORIENTED_EDGE('',*,*,#2246,.T.);
#1512=ORIENTED_EDGE('',*,*,#2035,.T.);
#1513=ORIENTED_EDGE('',*,*,#2241,.T.);
#1514=ORIENTED_EDGE('',*,*,#2238,.T.);
#1515=ORIENTED_EDGE('',*,*,#2071,.T.);
#1516=ORIENTED_EDGE('',*,*,#2249,.T.);
#1517=ORIENTED_EDGE('',*,*,#2245,.F.);
#1518=ORIENTED_EDGE('',*,*,#2248,.F.);
#1519=ORIENTED_EDGE('',*,*,#2069,.F.);
#1520=ORIENTED_EDGE('',*,*,#2108,.F.);
#1521=ORIENTED_EDGE('',*,*,#2240,.F.);
#1522=ORIENTED_EDGE('',*,*,#2037,.F.);
#1523=ORIENTED_EDGE('',*,*,#2086,.F.);
#1524=ORIENTED_EDGE('',*,*,#2250,.F.);
#1525=ORIENTED_EDGE('',*,*,#2251,.F.);
#1526=ORIENTED_EDGE('',*,*,#2252,.F.);
#1527=ORIENTED_EDGE('',*,*,#2253,.F.);
#1528=ORIENTED_EDGE('',*,*,#2254,.T.);
#1529=ORIENTED_EDGE('',*,*,#2255,.F.);
#1530=ORIENTED_EDGE('',*,*,#2256,.T.);
#1531=ORIENTED_EDGE('',*,*,#2257,.F.);
#1532=ORIENTED_EDGE('',*,*,#2056,.F.);
#1533=ORIENTED_EDGE('',*,*,#2258,.T.);
#1534=ORIENTED_EDGE('',*,*,#2259,.T.);
#1535=ORIENTED_EDGE('',*,*,#2260,.F.);
#1536=ORIENTED_EDGE('',*,*,#2259,.F.);
#1537=ORIENTED_EDGE('',*,*,#2261,.T.);
#1538=ORIENTED_EDGE('',*,*,#2262,.T.);
#1539=ORIENTED_EDGE('',*,*,#2263,.F.);
#1540=ORIENTED_EDGE('',*,*,#2251,.T.);
#1541=ORIENTED_EDGE('',*,*,#2264,.F.);
#1542=ORIENTED_EDGE('',*,*,#2262,.F.);
#1543=ORIENTED_EDGE('',*,*,#2265,.T.);
#1544=ORIENTED_EDGE('',*,*,#2255,.T.);
#1545=ORIENTED_EDGE('',*,*,#2266,.T.);
#1546=ORIENTED_EDGE('',*,*,#2267,.T.);
#1547=ORIENTED_EDGE('',*,*,#2256,.F.);
#1548=ORIENTED_EDGE('',*,*,#2265,.F.);
#1549=ORIENTED_EDGE('',*,*,#2261,.F.);
#1550=ORIENTED_EDGE('',*,*,#2258,.F.);
#1551=ORIENTED_EDGE('',*,*,#2055,.F.);
#1552=ORIENTED_EDGE('',*,*,#2239,.F.);
#1553=ORIENTED_EDGE('',*,*,#2250,.T.);
#1554=ORIENTED_EDGE('',*,*,#2107,.T.);
#1555=ORIENTED_EDGE('',*,*,#2057,.T.);
#1556=ORIENTED_EDGE('',*,*,#2257,.T.);
#1557=ORIENTED_EDGE('',*,*,#2260,.T.);
#1558=ORIENTED_EDGE('',*,*,#2264,.T.);
#1559=ORIENTED_EDGE('',*,*,#2093,.T.);
#1560=ORIENTED_EDGE('',*,*,#2268,.T.);
#1561=ORIENTED_EDGE('',*,*,#2075,.F.);
#1562=ORIENTED_EDGE('',*,*,#2269,.F.);
#1563=ORIENTED_EDGE('',*,*,#2094,.T.);
#1564=ORIENTED_EDGE('',*,*,#2269,.T.);
#1565=ORIENTED_EDGE('',*,*,#2074,.T.);
#1566=ORIENTED_EDGE('',*,*,#2105,.T.);
#1567=ORIENTED_EDGE('',*,*,#2089,.F.);
#1568=ORIENTED_EDGE('',*,*,#2236,.F.);
#1569=ORIENTED_EDGE('',*,*,#2052,.F.);
#1570=ORIENTED_EDGE('',*,*,#2041,.F.);
#1571=ORIENTED_EDGE('',*,*,#2270,.F.);
#1572=ORIENTED_EDGE('',*,*,#2061,.T.);
#1573=ORIENTED_EDGE('',*,*,#2271,.F.);
#1574=ORIENTED_EDGE('',*,*,#2104,.F.);
#1575=ORIENTED_EDGE('',*,*,#2100,.F.);
#1576=ORIENTED_EDGE('',*,*,#2235,.F.);
#1577=ORIENTED_EDGE('',*,*,#2066,.F.);
#1578=ORIENTED_EDGE('',*,*,#2080,.F.);
#1579=ORIENTED_EDGE('',*,*,#2084,.T.);
#1580=ORIENTED_EDGE('',*,*,#2271,.T.);
#1581=ORIENTED_EDGE('',*,*,#2060,.T.);
#1582=ORIENTED_EDGE('',*,*,#2081,.T.);
#1583=ORIENTED_EDGE('',*,*,#2272,.F.);
#1584=ORIENTED_EDGE('',*,*,#2273,.F.);
#1585=ORIENTED_EDGE('',*,*,#2274,.T.);
#1586=ORIENTED_EDGE('',*,*,#2275,.T.);
#1587=ORIENTED_EDGE('',*,*,#2276,.F.);
#1588=ORIENTED_EDGE('',*,*,#2275,.F.);
#1589=ORIENTED_EDGE('',*,*,#2277,.T.);
#1590=ORIENTED_EDGE('',*,*,#2063,.T.);
#1591=ORIENTED_EDGE('',*,*,#2278,.F.);
#1592=ORIENTED_EDGE('',*,*,#2102,.F.);
#1593=ORIENTED_EDGE('',*,*,#2279,.T.);
#1594=ORIENTED_EDGE('',*,*,#2280,.T.);
#1595=ORIENTED_EDGE('',*,*,#2281,.F.);
#1596=ORIENTED_EDGE('',*,*,#2280,.F.);
#1597=ORIENTED_EDGE('',*,*,#2282,.T.);
#1598=ORIENTED_EDGE('',*,*,#2273,.T.);
#1599=ORIENTED_EDGE('',*,*,#2274,.F.);
#1600=ORIENTED_EDGE('',*,*,#2282,.F.);
#1601=ORIENTED_EDGE('',*,*,#2279,.F.);
#1602=ORIENTED_EDGE('',*,*,#2101,.F.);
#1603=ORIENTED_EDGE('',*,*,#2078,.F.);
#1604=ORIENTED_EDGE('',*,*,#2064,.F.);
#1605=ORIENTED_EDGE('',*,*,#2277,.F.);
#1606=ORIENTED_EDGE('',*,*,#2272,.T.);
#1607=ORIENTED_EDGE('',*,*,#2276,.T.);
#1608=ORIENTED_EDGE('',*,*,#2062,.T.);
#1609=ORIENTED_EDGE('',*,*,#2270,.T.);
#1610=ORIENTED_EDGE('',*,*,#2103,.T.);
#1611=ORIENTED_EDGE('',*,*,#2278,.T.);
#1612=ORIENTED_EDGE('',*,*,#2281,.T.);
#1613=ORIENTED_EDGE('',*,*,#2283,.F.);
#1614=ORIENTED_EDGE('',*,*,#2077,.F.);
#1615=ORIENTED_EDGE('',*,*,#2284,.T.);
#1616=ORIENTED_EDGE('',*,*,#2285,.T.);
#1617=ORIENTED_EDGE('',*,*,#2286,.F.);
#1618=ORIENTED_EDGE('',*,*,#2285,.F.);
#1619=ORIENTED_EDGE('',*,*,#2287,.T.);
#1620=ORIENTED_EDGE('',*,*,#2288,.T.);
#1621=ORIENTED_EDGE('',*,*,#2289,.F.);
#1622=ORIENTED_EDGE('',*,*,#2288,.F.);
#1623=ORIENTED_EDGE('',*,*,#2290,.T.);
#1624=ORIENTED_EDGE('',*,*,#2291,.T.);
#1625=ORIENTED_EDGE('',*,*,#2292,.F.);
#1626=ORIENTED_EDGE('',*,*,#2291,.F.);
#1627=ORIENTED_EDGE('',*,*,#2293,.T.);
#1628=ORIENTED_EDGE('',*,*,#2091,.T.);
#1629=ORIENTED_EDGE('',*,*,#2092,.F.);
#1630=ORIENTED_EDGE('',*,*,#2293,.F.);
#1631=ORIENTED_EDGE('',*,*,#2290,.F.);
#1632=ORIENTED_EDGE('',*,*,#2287,.F.);
#1633=ORIENTED_EDGE('',*,*,#2284,.F.);
#1634=ORIENTED_EDGE('',*,*,#2076,.F.);
#1635=ORIENTED_EDGE('',*,*,#2268,.F.);
#1636=ORIENTED_EDGE('',*,*,#2090,.T.);
#1637=ORIENTED_EDGE('',*,*,#2039,.T.);
#1638=ORIENTED_EDGE('',*,*,#2051,.T.);
#1639=ORIENTED_EDGE('',*,*,#2283,.T.);
#1640=ORIENTED_EDGE('',*,*,#2286,.T.);
#1641=ORIENTED_EDGE('',*,*,#2289,.T.);
#1642=ORIENTED_EDGE('',*,*,#2292,.T.);
#1643=ORIENTED_EDGE('',*,*,#2294,.T.);
#1644=ORIENTED_EDGE('',*,*,#2295,.T.);
#1645=ORIENTED_EDGE('',*,*,#2296,.F.);
#1646=ORIENTED_EDGE('',*,*,#2267,.F.);
#1647=ORIENTED_EDGE('',*,*,#2297,.F.);
#1648=ORIENTED_EDGE('',*,*,#2298,.T.);
#1649=ORIENTED_EDGE('',*,*,#2299,.T.);
#1650=ORIENTED_EDGE('',*,*,#2300,.T.);
#1651=ORIENTED_EDGE('',*,*,#2301,.F.);
#1652=ORIENTED_EDGE('',*,*,#2300,.F.);
#1653=ORIENTED_EDGE('',*,*,#2302,.T.);
#1654=ORIENTED_EDGE('',*,*,#2303,.T.);
#1655=ORIENTED_EDGE('',*,*,#2304,.F.);
#1656=ORIENTED_EDGE('',*,*,#2303,.F.);
#1657=ORIENTED_EDGE('',*,*,#2305,.T.);
#1658=ORIENTED_EDGE('',*,*,#2306,.T.);
#1659=ORIENTED_EDGE('',*,*,#2307,.F.);
#1660=ORIENTED_EDGE('',*,*,#2306,.F.);
#1661=ORIENTED_EDGE('',*,*,#2308,.T.);
#1662=ORIENTED_EDGE('',*,*,#2309,.T.);
#1663=ORIENTED_EDGE('',*,*,#2310,.T.);
#1664=ORIENTED_EDGE('',*,*,#2311,.T.);
#1665=ORIENTED_EDGE('',*,*,#2312,.F.);
#1666=ORIENTED_EDGE('',*,*,#2309,.F.);
#1667=ORIENTED_EDGE('',*,*,#2313,.T.);
#1668=ORIENTED_EDGE('',*,*,#2314,.T.);
#1669=ORIENTED_EDGE('',*,*,#2315,.T.);
#1670=ORIENTED_EDGE('',*,*,#2316,.T.);
#1671=ORIENTED_EDGE('',*,*,#2310,.F.);
#1672=ORIENTED_EDGE('',*,*,#2317,.T.);
#1673=ORIENTED_EDGE('',*,*,#2318,.F.);
#1674=ORIENTED_EDGE('',*,*,#2319,.T.);
#1675=ORIENTED_EDGE('',*,*,#2315,.F.);
#1676=ORIENTED_EDGE('',*,*,#2320,.T.);
#1677=ORIENTED_EDGE('',*,*,#2321,.T.);
#1678=ORIENTED_EDGE('',*,*,#2322,.T.);
#1679=ORIENTED_EDGE('',*,*,#2323,.F.);
#1680=ORIENTED_EDGE('',*,*,#2322,.F.);
#1681=ORIENTED_EDGE('',*,*,#2324,.T.);
#1682=ORIENTED_EDGE('',*,*,#2325,.T.);
#1683=ORIENTED_EDGE('',*,*,#2326,.F.);
#1684=ORIENTED_EDGE('',*,*,#2325,.F.);
#1685=ORIENTED_EDGE('',*,*,#2327,.T.);
#1686=ORIENTED_EDGE('',*,*,#2328,.T.);
#1687=ORIENTED_EDGE('',*,*,#2329,.F.);
#1688=ORIENTED_EDGE('',*,*,#2328,.F.);
#1689=ORIENTED_EDGE('',*,*,#2330,.T.);
#1690=ORIENTED_EDGE('',*,*,#2331,.T.);
#1691=ORIENTED_EDGE('',*,*,#2332,.F.);
#1692=ORIENTED_EDGE('',*,*,#2331,.F.);
#1693=ORIENTED_EDGE('',*,*,#2333,.T.);
#1694=ORIENTED_EDGE('',*,*,#2334,.T.);
#1695=ORIENTED_EDGE('',*,*,#2335,.F.);
#1696=ORIENTED_EDGE('',*,*,#2334,.F.);
#1697=ORIENTED_EDGE('',*,*,#2336,.T.);
#1698=ORIENTED_EDGE('',*,*,#2253,.T.);
#1699=ORIENTED_EDGE('',*,*,#2321,.F.);
#1700=ORIENTED_EDGE('',*,*,#2337,.T.);
#1701=ORIENTED_EDGE('',*,*,#2313,.F.);
#1702=ORIENTED_EDGE('',*,*,#2308,.F.);
#1703=ORIENTED_EDGE('',*,*,#2305,.F.);
#1704=ORIENTED_EDGE('',*,*,#2302,.F.);
#1705=ORIENTED_EDGE('',*,*,#2299,.F.);
#1706=ORIENTED_EDGE('',*,*,#2338,.T.);
#1707=ORIENTED_EDGE('',*,*,#2294,.F.);
#1708=ORIENTED_EDGE('',*,*,#2266,.F.);
#1709=ORIENTED_EDGE('',*,*,#2254,.F.);
#1710=ORIENTED_EDGE('',*,*,#2336,.F.);
#1711=ORIENTED_EDGE('',*,*,#2333,.F.);
#1712=ORIENTED_EDGE('',*,*,#2330,.F.);
#1713=ORIENTED_EDGE('',*,*,#2327,.F.);
#1714=ORIENTED_EDGE('',*,*,#2324,.F.);
#1715=ORIENTED_EDGE('',*,*,#2312,.T.);
#1716=ORIENTED_EDGE('',*,*,#2339,.T.);
#1717=ORIENTED_EDGE('',*,*,#2318,.T.);
#1718=ORIENTED_EDGE('',*,*,#2323,.T.);
#1719=ORIENTED_EDGE('',*,*,#2326,.T.);
#1720=ORIENTED_EDGE('',*,*,#2329,.T.);
#1721=ORIENTED_EDGE('',*,*,#2332,.T.);
#1722=ORIENTED_EDGE('',*,*,#2335,.T.);
#1723=ORIENTED_EDGE('',*,*,#2252,.T.);
#1724=ORIENTED_EDGE('',*,*,#2263,.T.);
#1725=ORIENTED_EDGE('',*,*,#2296,.T.);
#1726=ORIENTED_EDGE('',*,*,#2340,.T.);
#1727=ORIENTED_EDGE('',*,*,#2297,.T.);
#1728=ORIENTED_EDGE('',*,*,#2301,.T.);
#1729=ORIENTED_EDGE('',*,*,#2304,.T.);
#1730=ORIENTED_EDGE('',*,*,#2307,.T.);
#1731=ORIENTED_EDGE('',*,*,#2341,.F.);
#1732=ORIENTED_EDGE('',*,*,#2342,.T.);
#1733=ORIENTED_EDGE('',*,*,#2343,.T.);
#1734=ORIENTED_EDGE('',*,*,#2032,.T.);
#1735=ORIENTED_EDGE('',*,*,#2344,.F.);
#1736=ORIENTED_EDGE('',*,*,#2243,.F.);
#1737=ORIENTED_EDGE('',*,*,#2345,.T.);
#1738=ORIENTED_EDGE('',*,*,#2346,.T.);
#1739=ORIENTED_EDGE('',*,*,#2347,.F.);
#1740=ORIENTED_EDGE('',*,*,#2346,.F.);
#1741=ORIENTED_EDGE('',*,*,#2348,.T.);
#1742=ORIENTED_EDGE('',*,*,#2349,.T.);
#1743=ORIENTED_EDGE('',*,*,#2350,.F.);
#1744=ORIENTED_EDGE('',*,*,#2349,.F.);
#1745=ORIENTED_EDGE('',*,*,#2351,.T.);
#1746=ORIENTED_EDGE('',*,*,#2352,.T.);
#1747=ORIENTED_EDGE('',*,*,#2353,.F.);
#1748=ORIENTED_EDGE('',*,*,#2352,.F.);
#1749=ORIENTED_EDGE('',*,*,#2354,.T.);
#1750=ORIENTED_EDGE('',*,*,#2355,.T.);
#1751=ORIENTED_EDGE('',*,*,#2356,.F.);
#1752=ORIENTED_EDGE('',*,*,#2355,.F.);
#1753=ORIENTED_EDGE('',*,*,#2357,.T.);
#1754=ORIENTED_EDGE('',*,*,#2358,.T.);
#1755=ORIENTED_EDGE('',*,*,#2359,.T.);
#1756=ORIENTED_EDGE('',*,*,#2360,.T.);
#1757=ORIENTED_EDGE('',*,*,#2361,.T.);
#1758=ORIENTED_EDGE('',*,*,#2362,.T.);
#1759=ORIENTED_EDGE('',*,*,#2363,.F.);
#1760=ORIENTED_EDGE('',*,*,#2358,.F.);
#1761=ORIENTED_EDGE('',*,*,#2361,.F.);
#1762=ORIENTED_EDGE('',*,*,#2364,.T.);
#1763=ORIENTED_EDGE('',*,*,#2365,.T.);
#1764=ORIENTED_EDGE('',*,*,#2366,.T.);
#1765=ORIENTED_EDGE('',*,*,#2365,.F.);
#1766=ORIENTED_EDGE('',*,*,#2367,.T.);
#1767=ORIENTED_EDGE('',*,*,#2368,.T.);
#1768=ORIENTED_EDGE('',*,*,#2369,.T.);
#1769=ORIENTED_EDGE('',*,*,#2370,.F.);
#1770=ORIENTED_EDGE('',*,*,#2371,.T.);
#1771=ORIENTED_EDGE('',*,*,#2372,.F.);
#1772=ORIENTED_EDGE('',*,*,#2369,.F.);
#1773=ORIENTED_EDGE('',*,*,#2373,.T.);
#1774=ORIENTED_EDGE('',*,*,#2374,.T.);
#1775=ORIENTED_EDGE('',*,*,#2375,.F.);
#1776=ORIENTED_EDGE('',*,*,#2374,.F.);
#1777=ORIENTED_EDGE('',*,*,#2376,.T.);
#1778=ORIENTED_EDGE('',*,*,#2377,.T.);
#1779=ORIENTED_EDGE('',*,*,#2378,.F.);
#1780=ORIENTED_EDGE('',*,*,#2377,.F.);
#1781=ORIENTED_EDGE('',*,*,#2379,.T.);
#1782=ORIENTED_EDGE('',*,*,#2380,.T.);
#1783=ORIENTED_EDGE('',*,*,#2381,.T.);
#1784=ORIENTED_EDGE('',*,*,#2382,.T.);
#1785=ORIENTED_EDGE('',*,*,#2383,.F.);
#1786=ORIENTED_EDGE('',*,*,#2380,.F.);
#1787=ORIENTED_EDGE('',*,*,#2368,.F.);
#1788=ORIENTED_EDGE('',*,*,#2384,.T.);
#1789=ORIENTED_EDGE('',*,*,#2359,.F.);
#1790=ORIENTED_EDGE('',*,*,#2357,.F.);
#1791=ORIENTED_EDGE('',*,*,#2354,.F.);
#1792=ORIENTED_EDGE('',*,*,#2351,.F.);
#1793=ORIENTED_EDGE('',*,*,#2348,.F.);
#1794=ORIENTED_EDGE('',*,*,#2345,.F.);
#1795=ORIENTED_EDGE('',*,*,#2242,.F.);
#1796=ORIENTED_EDGE('',*,*,#2033,.F.);
#1797=ORIENTED_EDGE('',*,*,#2343,.F.);
#1798=ORIENTED_EDGE('',*,*,#2385,.T.);
#1799=ORIENTED_EDGE('',*,*,#2381,.F.);
#1800=ORIENTED_EDGE('',*,*,#2379,.F.);
#1801=ORIENTED_EDGE('',*,*,#2376,.F.);
#1802=ORIENTED_EDGE('',*,*,#2373,.F.);
#1803=ORIENTED_EDGE('',*,*,#2363,.T.);
#1804=ORIENTED_EDGE('',*,*,#2386,.T.);
#1805=ORIENTED_EDGE('',*,*,#2370,.T.);
#1806=ORIENTED_EDGE('',*,*,#2372,.T.);
#1807=ORIENTED_EDGE('',*,*,#2375,.T.);
#1808=ORIENTED_EDGE('',*,*,#2378,.T.);
#1809=ORIENTED_EDGE('',*,*,#2383,.T.);
#1810=ORIENTED_EDGE('',*,*,#2387,.T.);
#1811=ORIENTED_EDGE('',*,*,#2341,.T.);
#1812=ORIENTED_EDGE('',*,*,#2031,.T.);
#1813=ORIENTED_EDGE('',*,*,#2244,.T.);
#1814=ORIENTED_EDGE('',*,*,#2344,.T.);
#1815=ORIENTED_EDGE('',*,*,#2347,.T.);
#1816=ORIENTED_EDGE('',*,*,#2350,.T.);
#1817=ORIENTED_EDGE('',*,*,#2353,.T.);
#1818=ORIENTED_EDGE('',*,*,#2356,.T.);
#1819=ORIENTED_EDGE('',*,*,#2314,.F.);
#1820=ORIENTED_EDGE('',*,*,#2337,.F.);
#1821=ORIENTED_EDGE('',*,*,#2320,.F.);
#1822=ORIENTED_EDGE('',*,*,#2317,.F.);
#1823=ORIENTED_EDGE('',*,*,#2362,.F.);
#1824=ORIENTED_EDGE('',*,*,#2366,.F.);
#1825=ORIENTED_EDGE('',*,*,#2371,.F.);
#1826=ORIENTED_EDGE('',*,*,#2386,.F.);
#1827=ORIENTED_EDGE('',*,*,#2360,.F.);
#1828=ORIENTED_EDGE('',*,*,#2384,.F.);
#1829=ORIENTED_EDGE('',*,*,#2367,.F.);
#1830=ORIENTED_EDGE('',*,*,#2364,.F.);
#1831=ORIENTED_EDGE('',*,*,#2311,.F.);
#1832=ORIENTED_EDGE('',*,*,#2316,.F.);
#1833=ORIENTED_EDGE('',*,*,#2319,.F.);
#1834=ORIENTED_EDGE('',*,*,#2339,.F.);
#1835=ORIENTED_EDGE('',*,*,#2385,.F.);
#1836=ORIENTED_EDGE('',*,*,#2342,.F.);
#1837=ORIENTED_EDGE('',*,*,#2387,.F.);
#1838=ORIENTED_EDGE('',*,*,#2382,.F.);
#1839=ORIENTED_EDGE('',*,*,#2338,.F.);
#1840=ORIENTED_EDGE('',*,*,#2298,.F.);
#1841=ORIENTED_EDGE('',*,*,#2340,.F.);
#1842=ORIENTED_EDGE('',*,*,#2295,.F.);
#1843=ORIENTED_EDGE('',*,*,#2388,.T.);
#1844=ORIENTED_EDGE('',*,*,#2389,.F.);
#1845=ORIENTED_EDGE('',*,*,#2390,.F.);
#1846=ORIENTED_EDGE('',*,*,#2391,.T.);
#1847=ORIENTED_EDGE('',*,*,#2160,.T.);
#1848=ORIENTED_EDGE('',*,*,#2392,.F.);
#1849=ORIENTED_EDGE('',*,*,#2388,.F.);
#1850=ORIENTED_EDGE('',*,*,#2393,.T.);
#1851=ORIENTED_EDGE('',*,*,#2394,.T.);
#1852=ORIENTED_EDGE('',*,*,#2395,.F.);
#1853=ORIENTED_EDGE('',*,*,#2162,.F.);
#1854=ORIENTED_EDGE('',*,*,#2396,.T.);
#1855=ORIENTED_EDGE('',*,*,#2397,.T.);
#1856=ORIENTED_EDGE('',*,*,#2398,.F.);
#1857=ORIENTED_EDGE('',*,*,#2394,.F.);
#1858=ORIENTED_EDGE('',*,*,#2399,.T.);
#1859=ORIENTED_EDGE('',*,*,#2400,.T.);
#1860=ORIENTED_EDGE('',*,*,#2401,.T.);
#1861=ORIENTED_EDGE('',*,*,#2402,.F.);
#1862=ORIENTED_EDGE('',*,*,#2403,.T.);
#1863=ORIENTED_EDGE('',*,*,#2404,.T.);
#1864=ORIENTED_EDGE('',*,*,#2405,.F.);
#1865=ORIENTED_EDGE('',*,*,#2397,.F.);
#1866=ORIENTED_EDGE('',*,*,#2406,.T.);
#1867=ORIENTED_EDGE('',*,*,#2407,.T.);
#1868=ORIENTED_EDGE('',*,*,#2408,.T.);
#1869=ORIENTED_EDGE('',*,*,#2409,.T.);
#1870=ORIENTED_EDGE('',*,*,#2410,.T.);
#1871=ORIENTED_EDGE('',*,*,#2411,.T.);
#1872=ORIENTED_EDGE('',*,*,#2412,.T.);
#1873=ORIENTED_EDGE('',*,*,#2400,.F.);
#1874=ORIENTED_EDGE('',*,*,#2413,.T.);
#1875=ORIENTED_EDGE('',*,*,#2414,.F.);
#1876=ORIENTED_EDGE('',*,*,#2415,.T.);
#1877=ORIENTED_EDGE('',*,*,#2411,.F.);
#1878=ORIENTED_EDGE('',*,*,#2416,.T.);
#1879=ORIENTED_EDGE('',*,*,#2417,.T.);
#1880=ORIENTED_EDGE('',*,*,#2418,.F.);
#1881=ORIENTED_EDGE('',*,*,#2419,.T.);
#1882=ORIENTED_EDGE('',*,*,#2420,.T.);
#1883=ORIENTED_EDGE('',*,*,#2390,.T.);
#1884=ORIENTED_EDGE('',*,*,#2421,.F.);
#1885=ORIENTED_EDGE('',*,*,#2422,.T.);
#1886=ORIENTED_EDGE('',*,*,#2423,.F.);
#1887=ORIENTED_EDGE('',*,*,#2417,.F.);
#1888=ORIENTED_EDGE('',*,*,#2424,.T.);
#1889=ORIENTED_EDGE('',*,*,#2409,.F.);
#1890=ORIENTED_EDGE('',*,*,#2425,.T.);
#1891=ORIENTED_EDGE('',*,*,#2402,.T.);
#1892=ORIENTED_EDGE('',*,*,#2426,.T.);
#1893=ORIENTED_EDGE('',*,*,#2414,.T.);
#1894=ORIENTED_EDGE('',*,*,#2427,.F.);
#1895=ORIENTED_EDGE('',*,*,#2423,.T.);
#1896=ORIENTED_EDGE('',*,*,#2428,.T.);
#1897=ORIENTED_EDGE('',*,*,#2403,.F.);
#1898=ORIENTED_EDGE('',*,*,#2427,.T.);
#1899=ORIENTED_EDGE('',*,*,#2405,.T.);
#1900=ORIENTED_EDGE('',*,*,#2429,.T.);
#1901=ORIENTED_EDGE('',*,*,#2421,.T.);
#1902=ORIENTED_EDGE('',*,*,#2389,.T.);
#1903=ORIENTED_EDGE('',*,*,#2392,.T.);
#1904=ORIENTED_EDGE('',*,*,#2163,.T.);
#1905=ORIENTED_EDGE('',*,*,#2395,.T.);
#1906=ORIENTED_EDGE('',*,*,#2398,.T.);
#1907=ORIENTED_EDGE('',*,*,#2408,.F.);
#1908=ORIENTED_EDGE('',*,*,#2430,.T.);
#1909=ORIENTED_EDGE('',*,*,#2418,.T.);
#1910=ORIENTED_EDGE('',*,*,#2425,.F.);
#1911=ORIENTED_EDGE('',*,*,#2420,.F.);
#1912=ORIENTED_EDGE('',*,*,#2431,.T.);
#1913=ORIENTED_EDGE('',*,*,#2406,.F.);
#1914=ORIENTED_EDGE('',*,*,#2399,.F.);
#1915=ORIENTED_EDGE('',*,*,#2396,.F.);
#1916=ORIENTED_EDGE('',*,*,#2161,.F.);
#1917=ORIENTED_EDGE('',*,*,#2393,.F.);
#1918=ORIENTED_EDGE('',*,*,#2391,.F.);
#1919=ORIENTED_EDGE('',*,*,#2404,.F.);
#1920=ORIENTED_EDGE('',*,*,#2428,.F.);
#1921=ORIENTED_EDGE('',*,*,#2422,.F.);
#1922=ORIENTED_EDGE('',*,*,#2429,.F.);
#1923=ORIENTED_EDGE('',*,*,#2407,.F.);
#1924=ORIENTED_EDGE('',*,*,#2431,.F.);
#1925=ORIENTED_EDGE('',*,*,#2419,.F.);
#1926=ORIENTED_EDGE('',*,*,#2430,.F.);
#1927=ORIENTED_EDGE('',*,*,#2410,.F.);
#1928=ORIENTED_EDGE('',*,*,#2424,.F.);
#1929=ORIENTED_EDGE('',*,*,#2416,.F.);
#1930=ORIENTED_EDGE('',*,*,#2413,.F.);
#1931=ORIENTED_EDGE('',*,*,#2401,.F.);
#1932=ORIENTED_EDGE('',*,*,#2412,.F.);
#1933=ORIENTED_EDGE('',*,*,#2415,.F.);
#1934=ORIENTED_EDGE('',*,*,#2426,.F.);
#1935=EDGE_CURVE('',#2432,#2433,#2764,.T.);
#1936=EDGE_CURVE('',#2434,#2432,#161,.F.);
#1937=EDGE_CURVE('',#2435,#2434,#2765,.T.);
#1938=EDGE_CURVE('',#2433,#2435,#162,.T.);
#1939=EDGE_CURVE('',#2436,#2437,#2766,.T.);
#1940=EDGE_CURVE('',#2438,#2436,#163,.F.);
#1941=EDGE_CURVE('',#2439,#2438,#2767,.T.);
#1942=EDGE_CURVE('',#2437,#2439,#164,.T.);
#1943=EDGE_CURVE('',#2440,#2441,#165,.F.);
#1944=EDGE_CURVE('',#2442,#2440,#166,.F.);
#1945=EDGE_CURVE('',#2443,#2442,#167,.F.);
#1946=EDGE_CURVE('',#2441,#2443,#168,.F.);
#1947=EDGE_CURVE('',#2444,#2445,#169,.T.);
#1948=EDGE_CURVE('',#2446,#2444,#170,.T.);
#1949=EDGE_CURVE('',#2447,#2446,#171,.T.);
#1950=EDGE_CURVE('',#2445,#2447,#172,.T.);
#1951=EDGE_CURVE('',#2441,#2448,#173,.T.);
#1952=EDGE_CURVE('',#2443,#2449,#174,.T.);
#1953=EDGE_CURVE('',#2448,#2449,#175,.T.);
#1954=EDGE_CURVE('',#2450,#2446,#176,.T.);
#1955=EDGE_CURVE('',#2451,#2444,#177,.T.);
#1956=EDGE_CURVE('',#2451,#2450,#178,.T.);
#1957=EDGE_CURVE('',#2452,#2445,#179,.T.);
#1958=EDGE_CURVE('',#2447,#2453,#180,.T.);
#1959=EDGE_CURVE('',#2453,#2454,#2768,.T.);
#1960=EDGE_CURVE('',#2454,#2455,#181,.T.);
#1961=EDGE_CURVE('',#2456,#2455,#182,.T.);
#1962=EDGE_CURVE('',#2456,#2457,#183,.T.);
#1963=EDGE_CURVE('',#2457,#2452,#2769,.T.);
#1964=EDGE_CURVE('',#2442,#2458,#184,.T.);
#1965=EDGE_CURVE('',#2459,#2440,#185,.T.);
#1966=EDGE_CURVE('',#2460,#2459,#2770,.T.);
#1967=EDGE_CURVE('',#2461,#2460,#186,.T.);
#1968=EDGE_CURVE('',#2461,#2462,#187,.T.);
#1969=EDGE_CURVE('',#2463,#2462,#188,.T.);
#1970=EDGE_CURVE('',#2458,#2463,#2771,.T.);
#1971=EDGE_CURVE('',#2463,#2454,#189,.T.);
#1972=EDGE_CURVE('',#2458,#2453,#190,.T.);
#1973=EDGE_CURVE('',#2462,#2455,#191,.T.);
#1974=EDGE_CURVE('',#2460,#2457,#192,.T.);
#1975=EDGE_CURVE('',#2456,#2461,#193,.T.);
#1976=EDGE_CURVE('',#2459,#2452,#194,.T.);
#1977=EDGE_CURVE('',#2437,#2432,#195,.T.);
#1978=EDGE_CURVE('',#2451,#2433,#196,.T.);
#1979=EDGE_CURVE('',#2448,#2436,#197,.T.);
#1980=EDGE_CURVE('',#2439,#2434,#198,.T.);
#1981=EDGE_CURVE('',#2435,#2450,#199,.T.);
#1982=EDGE_CURVE('',#2438,#2449,#200,.T.);
#1983=EDGE_CURVE('',#2464,#2465,#2772,.T.);
#1984=EDGE_CURVE('',#2466,#2464,#201,.F.);
#1985=EDGE_CURVE('',#2467,#2466,#2773,.T.);
#1986=EDGE_CURVE('',#2465,#2467,#202,.T.);
#1987=EDGE_CURVE('',#2468,#2469,#2774,.T.);
#1988=EDGE_CURVE('',#2470,#2468,#203,.F.);
#1989=EDGE_CURVE('',#2471,#2470,#2775,.T.);
#1990=EDGE_CURVE('',#2469,#2471,#204,.T.);
#1991=EDGE_CURVE('',#2472,#2473,#205,.F.);
#1992=EDGE_CURVE('',#2474,#2472,#206,.F.);
#1993=EDGE_CURVE('',#2475,#2474,#207,.F.);
#1994=EDGE_CURVE('',#2473,#2475,#208,.F.);
#1995=EDGE_CURVE('',#2476,#2477,#209,.T.);
#1996=EDGE_CURVE('',#2478,#2476,#210,.T.);
#1997=EDGE_CURVE('',#2479,#2478,#211,.T.);
#1998=EDGE_CURVE('',#2477,#2479,#212,.T.);
#1999=EDGE_CURVE('',#2473,#2480,#213,.T.);
#2000=EDGE_CURVE('',#2475,#2481,#214,.T.);
#2001=EDGE_CURVE('',#2480,#2481,#215,.T.);
#2002=EDGE_CURVE('',#2482,#2478,#216,.T.);
#2003=EDGE_CURVE('',#2483,#2476,#217,.T.);
#2004=EDGE_CURVE('',#2483,#2482,#218,.T.);
#2005=EDGE_CURVE('',#2484,#2477,#219,.T.);
#2006=EDGE_CURVE('',#2479,#2485,#220,.T.);
#2007=EDGE_CURVE('',#2485,#2486,#2776,.T.);
#2008=EDGE_CURVE('',#2486,#2487,#221,.T.);
#2009=EDGE_CURVE('',#2488,#2487,#222,.T.);
#2010=EDGE_CURVE('',#2488,#2489,#223,.T.);
#2011=EDGE_CURVE('',#2489,#2484,#2777,.T.);
#2012=EDGE_CURVE('',#2474,#2490,#224,.T.);
#2013=EDGE_CURVE('',#2491,#2472,#225,.T.);
#2014=EDGE_CURVE('',#2492,#2491,#2778,.T.);
#2015=EDGE_CURVE('',#2493,#2492,#226,.T.);
#2016=EDGE_CURVE('',#2493,#2494,#227,.T.);
#2017=EDGE_CURVE('',#2495,#2494,#228,.T.);
#2018=EDGE_CURVE('',#2490,#2495,#2779,.T.);
#2019=EDGE_CURVE('',#2495,#2486,#229,.T.);
#2020=EDGE_CURVE('',#2490,#2485,#230,.T.);
#2021=EDGE_CURVE('',#2494,#2487,#231,.T.);
#2022=EDGE_CURVE('',#2492,#2489,#232,.T.);
#2023=EDGE_CURVE('',#2488,#2493,#233,.T.);
#2024=EDGE_CURVE('',#2491,#2484,#234,.T.);
#2025=EDGE_CURVE('',#2469,#2464,#235,.T.);
#2026=EDGE_CURVE('',#2483,#2465,#236,.T.);
#2027=EDGE_CURVE('',#2480,#2468,#237,.T.);
#2028=EDGE_CURVE('',#2471,#2466,#238,.T.);
#2029=EDGE_CURVE('',#2467,#2482,#239,.T.);
#2030=EDGE_CURVE('',#2470,#2481,#240,.T.);
#2031=EDGE_CURVE('',#2496,#2497,#241,.T.);
#2032=EDGE_CURVE('',#2498,#2496,#242,.T.);
#2033=EDGE_CURVE('',#2498,#2499,#243,.T.);
#2034=EDGE_CURVE('',#2500,#2499,#244,.T.);
#2035=EDGE_CURVE('',#2501,#2500,#245,.T.);
#2036=EDGE_CURVE('',#2501,#2502,#246,.T.);
#2037=EDGE_CURVE('',#2502,#2503,#247,.T.);
#2038=EDGE_CURVE('',#2497,#2503,#248,.T.);
#2039=EDGE_CURVE('',#2504,#2505,#249,.T.);
#2040=EDGE_CURVE('',#2504,#2506,#250,.T.);
#2041=EDGE_CURVE('',#2506,#2507,#251,.T.);
#2042=EDGE_CURVE('',#2505,#2507,#252,.T.);
#2043=EDGE_CURVE('',#2508,#2509,#253,.T.);
#2044=EDGE_CURVE('',#2509,#2510,#2780,.F.);
#2045=EDGE_CURVE('',#2510,#2511,#254,.T.);
#2046=EDGE_CURVE('',#2511,#2512,#2781,.F.);
#2047=EDGE_CURVE('',#2513,#2512,#255,.T.);
#2048=EDGE_CURVE('',#2513,#2514,#2782,.F.);
#2049=EDGE_CURVE('',#2514,#2515,#256,.T.);
#2050=EDGE_CURVE('',#2515,#2508,#2783,.F.);
#2051=EDGE_CURVE('',#2505,#2516,#257,.T.);
#2052=EDGE_CURVE('',#2507,#2517,#258,.T.);
#2053=EDGE_CURVE('',#2517,#2518,#259,.T.);
#2054=EDGE_CURVE('',#2518,#2519,#260,.T.);
#2055=EDGE_CURVE('',#2519,#2520,#261,.T.);
#2056=EDGE_CURVE('',#2520,#2521,#262,.T.);
#2057=EDGE_CURVE('',#2522,#2521,#263,.T.);
#2058=EDGE_CURVE('',#2522,#2523,#264,.T.);
#2059=EDGE_CURVE('',#2524,#2523,#265,.T.);
#2060=EDGE_CURVE('',#2525,#2524,#266,.T.);
#2061=EDGE_CURVE('',#2526,#2525,#267,.T.);
#2062=EDGE_CURVE('',#2527,#2526,#268,.T.);
#2063=EDGE_CURVE('',#2528,#2527,#269,.T.);
#2064=EDGE_CURVE('',#2528,#2529,#270,.T.);
#2065=EDGE_CURVE('',#2530,#2529,#271,.T.);
#2066=EDGE_CURVE('',#2530,#2531,#272,.T.);
#2067=EDGE_CURVE('',#2532,#2531,#273,.T.);
#2068=EDGE_CURVE('',#2533,#2532,#274,.T.);
#2069=EDGE_CURVE('',#2533,#2534,#275,.T.);
#2070=EDGE_CURVE('',#2535,#2534,#276,.T.);
#2071=EDGE_CURVE('',#2536,#2535,#277,.T.);
#2072=EDGE_CURVE('',#2537,#2536,#278,.T.);
#2073=EDGE_CURVE('',#2537,#2538,#279,.T.);
#2074=EDGE_CURVE('',#2539,#2538,#280,.T.);
#2075=EDGE_CURVE('',#2539,#2540,#281,.T.);
#2076=EDGE_CURVE('',#2540,#2541,#282,.T.);
#2077=EDGE_CURVE('',#2541,#2516,#283,.T.);
#2078=EDGE_CURVE('',#2529,#2542,#284,.T.);
#2079=EDGE_CURVE('',#2543,#2542,#285,.T.);
#2080=EDGE_CURVE('',#2543,#2530,#286,.T.);
#2081=EDGE_CURVE('',#2524,#2544,#287,.T.);
#2082=EDGE_CURVE('',#2523,#2545,#288,.T.);
#2083=EDGE_CURVE('',#2544,#2545,#289,.T.);
#2084=EDGE_CURVE('',#2544,#2546,#290,.T.);
#2085=EDGE_CURVE('',#2545,#2547,#291,.T.);
#2086=EDGE_CURVE('',#2547,#2548,#292,.T.);
#2087=EDGE_CURVE('',#2548,#2549,#293,.T.);
#2088=EDGE_CURVE('',#2550,#2549,#294,.T.);
#2089=EDGE_CURVE('',#2550,#2506,#295,.T.);
#2090=EDGE_CURVE('',#2551,#2504,#296,.T.);
#2091=EDGE_CURVE('',#2552,#2551,#297,.T.);
#2092=EDGE_CURVE('',#2552,#2553,#298,.T.);
#2093=EDGE_CURVE('',#2554,#2553,#299,.T.);
#2094=EDGE_CURVE('',#2555,#2554,#300,.T.);
#2095=EDGE_CURVE('',#2556,#2555,#301,.T.);
#2096=EDGE_CURVE('',#2557,#2556,#302,.T.);
#2097=EDGE_CURVE('',#2558,#2557,#303,.T.);
#2098=EDGE_CURVE('',#2559,#2558,#304,.T.);
#2099=EDGE_CURVE('',#2559,#2560,#305,.T.);
#2100=EDGE_CURVE('',#2560,#2543,#306,.T.);
#2101=EDGE_CURVE('',#2542,#2561,#307,.T.);
#2102=EDGE_CURVE('',#2561,#2562,#308,.T.);
#2103=EDGE_CURVE('',#2563,#2562,#309,.T.);
#2104=EDGE_CURVE('',#2563,#2546,#310,.T.);
#2105=EDGE_CURVE('',#2538,#2555,#311,.T.);
#2106=EDGE_CURVE('',#2556,#2537,#312,.T.);
#2107=EDGE_CURVE('',#2547,#2522,#313,.T.);
#2108=EDGE_CURVE('',#2558,#2533,#314,.T.);
#2109=EDGE_CURVE('',#2532,#2559,#315,.T.);
#2110=EDGE_CURVE('',#2564,#2565,#316,.T.);
#2111=EDGE_CURVE('',#2564,#2566,#317,.T.);
#2112=EDGE_CURVE('',#2566,#2567,#318,.T.);
#2113=EDGE_CURVE('',#2567,#2568,#319,.T.);
#2114=EDGE_CURVE('',#2568,#2569,#320,.T.);
#2115=EDGE_CURVE('',#2569,#2570,#321,.T.);
#2116=EDGE_CURVE('',#2570,#2571,#322,.T.);
#2117=EDGE_CURVE('',#2571,#2565,#323,.T.);
#2118=EDGE_CURVE('',#2572,#2572,#2784,.T.);
#2119=EDGE_CURVE('',#2573,#2574,#324,.T.);
#2120=EDGE_CURVE('',#2573,#2565,#325,.T.);
#2121=EDGE_CURVE('',#2571,#2575,#2785,.T.);
#2122=EDGE_CURVE('',#2575,#2576,#326,.T.);
#2123=EDGE_CURVE('',#2576,#2577,#2786,.T.);
#2124=EDGE_CURVE('',#2577,#2578,#327,.T.);
#2125=EDGE_CURVE('',#2578,#2579,#2787,.T.);
#2126=EDGE_CURVE('',#2579,#2580,#328,.T.);
#2127=EDGE_CURVE('',#2580,#2568,#2788,.T.);
#2128=EDGE_CURVE('',#2574,#2567,#329,.T.);
#2129=EDGE_CURVE('',#2581,#2581,#2789,.T.);
#2130=EDGE_CURVE('',#2582,#2583,#28,.T.);
#2131=EDGE_CURVE('',#2584,#2582,#2790,.F.);
#2132=EDGE_CURVE('',#2585,#2584,#29,.T.);
#2133=EDGE_CURVE('',#2585,#2583,#2791,.T.);
#2134=EDGE_CURVE('',#2586,#2587,#2792,.T.);
#2135=EDGE_CURVE('',#2587,#2586,#330,.T.);
#2136=EDGE_CURVE('',#2588,#2588,#2793,.T.);
#2137=EDGE_CURVE('',#2589,#2590,#2794,.F.);
#2138=EDGE_CURVE('',#2590,#2591,#331,.F.);
#2139=EDGE_CURVE('',#2591,#2592,#2795,.F.);
#2140=EDGE_CURVE('',#2592,#2589,#332,.T.);
#2141=EDGE_CURVE('',#2589,#2587,#30,.T.);
#2142=EDGE_CURVE('',#2586,#2590,#31,.T.);
#2143=EDGE_CURVE('',#2510,#2593,#333,.T.);
#2144=EDGE_CURVE('',#2593,#2594,#334,.T.);
#2145=EDGE_CURVE('',#2595,#2594,#335,.T.);
#2146=EDGE_CURVE('',#2596,#2595,#336,.T.);
#2147=EDGE_CURVE('',#2596,#2511,#337,.F.);
#2148=EDGE_CURVE('',#2508,#2597,#338,.T.);
#2149=EDGE_CURVE('',#2597,#2598,#339,.T.);
#2150=EDGE_CURVE('',#2598,#2509,#340,.F.);
#2151=EDGE_CURVE('',#2599,#2600,#341,.T.);
#2152=EDGE_CURVE('',#2599,#2601,#342,.T.);
#2153=EDGE_CURVE('',#2601,#2515,#343,.F.);
#2154=EDGE_CURVE('',#2514,#2602,#344,.T.);
#2155=EDGE_CURVE('',#2600,#2602,#345,.T.);
#2156=EDGE_CURVE('',#2599,#2594,#346,.T.);
#2157=EDGE_CURVE('',#2600,#2595,#347,.T.);
#2158=EDGE_CURVE('',#2601,#2597,#2796,.F.);
#2159=EDGE_CURVE('',#2598,#2593,#2797,.F.);
#2160=EDGE_CURVE('',#2603,#2604,#348,.T.);
#2161=EDGE_CURVE('',#2603,#2605,#349,.T.);
#2162=EDGE_CURVE('',#2605,#2606,#350,.T.);
#2163=EDGE_CURVE('',#2604,#2606,#351,.T.);
#2164=EDGE_CURVE('',#2607,#2608,#352,.T.);
#2165=EDGE_CURVE('',#2607,#2513,#353,.F.);
#2166=EDGE_CURVE('',#2512,#2608,#354,.T.);
#2167=EDGE_CURVE('',#2602,#2607,#2798,.F.);
#2168=EDGE_CURVE('',#2608,#2596,#2799,.F.);
#2169=EDGE_CURVE('',#2609,#2610,#2800,.T.);
#2170=EDGE_CURVE('',#2610,#2611,#355,.T.);
#2171=EDGE_CURVE('',#2611,#2612,#2801,.T.);
#2172=EDGE_CURVE('',#2612,#2613,#356,.T.);
#2173=EDGE_CURVE('',#2613,#2614,#2802,.T.);
#2174=EDGE_CURVE('',#2614,#2615,#357,.T.);
#2175=EDGE_CURVE('',#2615,#2616,#2803,.T.);
#2176=EDGE_CURVE('',#2616,#2609,#358,.T.);
#2177=EDGE_CURVE('',#2617,#2610,#359,.T.);
#2178=EDGE_CURVE('',#2617,#2618,#360,.T.);
#2179=EDGE_CURVE('',#2618,#2611,#361,.T.);
#2180=EDGE_CURVE('',#2618,#2619,#2804,.T.);
#2181=EDGE_CURVE('',#2619,#2612,#362,.T.);
#2182=EDGE_CURVE('',#2619,#2620,#363,.T.);
#2183=EDGE_CURVE('',#2620,#2613,#364,.T.);
#2184=EDGE_CURVE('',#2620,#2621,#2805,.T.);
#2185=EDGE_CURVE('',#2621,#2614,#365,.T.);
#2186=EDGE_CURVE('',#2621,#2622,#366,.T.);
#2187=EDGE_CURVE('',#2622,#2615,#367,.T.);
#2188=EDGE_CURVE('',#2622,#2623,#2806,.T.);
#2189=EDGE_CURVE('',#2623,#2616,#368,.T.);
#2190=EDGE_CURVE('',#2623,#2624,#369,.T.);
#2191=EDGE_CURVE('',#2624,#2609,#370,.T.);
#2192=EDGE_CURVE('',#2624,#2617,#2807,.T.);
#2193=EDGE_CURVE('',#2625,#2570,#2808,.F.);
#2194=EDGE_CURVE('',#2575,#2625,#371,.F.);
#2195=EDGE_CURVE('',#2626,#2580,#372,.F.);
#2196=EDGE_CURVE('',#2569,#2626,#2809,.F.);
#2197=EDGE_CURVE('',#2626,#2627,#373,.T.);
#2198=EDGE_CURVE('',#2627,#2628,#374,.T.);
#2199=EDGE_CURVE('',#2628,#2625,#375,.T.);
#2200=EDGE_CURVE('',#2629,#2630,#376,.T.);
#2201=EDGE_CURVE('',#2629,#2628,#377,.T.);
#2202=EDGE_CURVE('',#2627,#2630,#378,.T.);
#2203=EDGE_CURVE('',#2631,#2578,#379,.T.);
#2204=EDGE_CURVE('',#2631,#2632,#2810,.F.);
#2205=EDGE_CURVE('',#2579,#2632,#380,.F.);
#2206=EDGE_CURVE('',#2632,#2630,#381,.T.);
#2207=EDGE_CURVE('',#2633,#2576,#382,.T.);
#2208=EDGE_CURVE('',#2633,#2634,#2811,.F.);
#2209=EDGE_CURVE('',#2577,#2634,#383,.F.);
#2210=EDGE_CURVE('',#2634,#2631,#384,.T.);
#2211=EDGE_CURVE('',#2629,#2633,#385,.T.);
#2212=EDGE_CURVE('',#2635,#2635,#2812,.T.);
#2213=EDGE_CURVE('',#2636,#2636,#2813,.T.);
#2214=EDGE_CURVE('',#2637,#2637,#2814,.T.);
#2215=EDGE_CURVE('',#2638,#2585,#22,.T.);
#2216=EDGE_CURVE('',#2639,#2638,#386,.F.);
#2217=EDGE_CURVE('',#2639,#2583,#23,.T.);
#2218=EDGE_CURVE('',#2592,#2591,#387,.T.);
#2219=EDGE_CURVE('',#2640,#2582,#24,.T.);
#2220=EDGE_CURVE('',#2641,#2640,#388,.T.);
#2221=EDGE_CURVE('',#2641,#2584,#25,.T.);
#2222=EDGE_CURVE('',#2638,#2641,#389,.T.);
#2223=EDGE_CURVE('',#2640,#2639,#390,.T.);
#2224=EDGE_CURVE('',#2564,#2642,#391,.T.);
#2225=EDGE_CURVE('',#2642,#2643,#392,.T.);
#2226=EDGE_CURVE('',#2566,#2643,#393,.T.);
#2227=EDGE_CURVE('',#2644,#2573,#394,.T.);
#2228=EDGE_CURVE('',#2645,#2644,#395,.T.);
#2229=EDGE_CURVE('',#2642,#2645,#396,.T.);
#2230=EDGE_CURVE('',#2643,#2646,#397,.T.);
#2231=EDGE_CURVE('',#2646,#2647,#398,.T.);
#2232=EDGE_CURVE('',#2647,#2574,#399,.T.);
#2233=EDGE_CURVE('',#2645,#2646,#400,.T.);
#2234=EDGE_CURVE('',#2644,#2647,#401,.T.);
#2235=EDGE_CURVE('',#2531,#2560,#402,.T.);
#2236=EDGE_CURVE('',#2517,#2550,#403,.T.);
#2237=EDGE_CURVE('',#2549,#2518,#404,.T.);
#2238=EDGE_CURVE('',#2557,#2536,#405,.T.);
#2239=EDGE_CURVE('',#2548,#2519,#406,.T.);
#2240=EDGE_CURVE('',#2503,#2558,#407,.T.);
#2241=EDGE_CURVE('',#2500,#2557,#408,.T.);
#2242=EDGE_CURVE('',#2499,#2648,#409,.T.);
#2243=EDGE_CURVE('',#2648,#2649,#410,.T.);
#2244=EDGE_CURVE('',#2497,#2649,#411,.T.);
#2245=EDGE_CURVE('',#2650,#2502,#412,.T.);
#2246=EDGE_CURVE('',#2651,#2501,#413,.T.);
#2247=EDGE_CURVE('',#2651,#2650,#414,.T.);
#2248=EDGE_CURVE('',#2534,#2650,#2815,.T.);
#2249=EDGE_CURVE('',#2535,#2651,#2816,.T.);
#2250=EDGE_CURVE('',#2652,#2547,#415,.T.);
#2251=EDGE_CURVE('',#2653,#2652,#416,.T.);
#2252=EDGE_CURVE('',#2654,#2653,#417,.T.);
#2253=EDGE_CURVE('',#2655,#2654,#418,.T.);
#2254=EDGE_CURVE('',#2655,#2656,#419,.T.);
#2255=EDGE_CURVE('',#2657,#2656,#420,.T.);
#2256=EDGE_CURVE('',#2657,#2548,#421,.T.);
#2257=EDGE_CURVE('',#2521,#2658,#2817,.T.);
#2258=EDGE_CURVE('',#2520,#2659,#2818,.T.);
#2259=EDGE_CURVE('',#2659,#2658,#422,.T.);
#2260=EDGE_CURVE('',#2658,#2660,#423,.T.);
#2261=EDGE_CURVE('',#2659,#2661,#424,.T.);
#2262=EDGE_CURVE('',#2661,#2660,#425,.T.);
#2263=EDGE_CURVE('',#2653,#2662,#426,.T.);
#2264=EDGE_CURVE('',#2660,#2652,#427,.T.);
#2265=EDGE_CURVE('',#2661,#2657,#428,.T.);
#2266=EDGE_CURVE('',#2656,#2663,#429,.T.);
#2267=EDGE_CURVE('',#2663,#2662,#430,.T.);
#2268=EDGE_CURVE('',#2553,#2540,#431,.T.);
#2269=EDGE_CURVE('',#2554,#2539,#432,.T.);
#2270=EDGE_CURVE('',#2526,#2563,#433,.T.);
#2271=EDGE_CURVE('',#2546,#2525,#434,.T.);
#2272=EDGE_CURVE('',#2664,#2665,#435,.T.);
#2273=EDGE_CURVE('',#2666,#2664,#436,.T.);
#2274=EDGE_CURVE('',#2666,#2667,#437,.T.);
#2275=EDGE_CURVE('',#2667,#2665,#438,.T.);
#2276=EDGE_CURVE('',#2665,#2527,#2819,.T.);
#2277=EDGE_CURVE('',#2667,#2528,#2820,.T.);
#2278=EDGE_CURVE('',#2562,#2668,#439,.T.);
#2279=EDGE_CURVE('',#2561,#2669,#440,.T.);
#2280=EDGE_CURVE('',#2669,#2668,#441,.T.);
#2281=EDGE_CURVE('',#2668,#2664,#442,.T.);
#2282=EDGE_CURVE('',#2669,#2666,#443,.T.);
#2283=EDGE_CURVE('',#2516,#2670,#2821,.T.);
#2284=EDGE_CURVE('',#2541,#2671,#2822,.T.);
#2285=EDGE_CURVE('',#2671,#2670,#444,.T.);
#2286=EDGE_CURVE('',#2670,#2672,#445,.T.);
#2287=EDGE_CURVE('',#2671,#2673,#446,.T.);
#2288=EDGE_CURVE('',#2673,#2672,#447,.T.);
#2289=EDGE_CURVE('',#2672,#2674,#448,.T.);
#2290=EDGE_CURVE('',#2673,#2675,#449,.T.);
#2291=EDGE_CURVE('',#2675,#2674,#450,.T.);
#2292=EDGE_CURVE('',#2674,#2551,#451,.T.);
#2293=EDGE_CURVE('',#2675,#2552,#452,.T.);
#2294=EDGE_CURVE('',#2663,#2676,#453,.T.);
#2295=EDGE_CURVE('',#2676,#2677,#454,.T.);
#2296=EDGE_CURVE('',#2662,#2677,#455,.T.);
#2297=EDGE_CURVE('',#2678,#2679,#456,.T.);
#2298=EDGE_CURVE('',#2678,#2680,#457,.F.);
#2299=EDGE_CURVE('',#2680,#2681,#458,.T.);
#2300=EDGE_CURVE('',#2681,#2679,#459,.T.);
#2301=EDGE_CURVE('',#2679,#2682,#2823,.T.);
#2302=EDGE_CURVE('',#2681,#2683,#2824,.T.);
#2303=EDGE_CURVE('',#2683,#2682,#460,.T.);
#2304=EDGE_CURVE('',#2682,#2684,#461,.T.);
#2305=EDGE_CURVE('',#2683,#2685,#462,.T.);
#2306=EDGE_CURVE('',#2685,#2684,#463,.T.);
#2307=EDGE_CURVE('',#2684,#2686,#2825,.T.);
#2308=EDGE_CURVE('',#2685,#2687,#2826,.T.);
#2309=EDGE_CURVE('',#2687,#2686,#464,.T.);
#2310=EDGE_CURVE('',#2688,#2689,#465,.T.);
#2311=EDGE_CURVE('',#2689,#2690,#2827,.T.);
#2312=EDGE_CURVE('',#2686,#2690,#466,.T.);
#2313=EDGE_CURVE('',#2687,#2691,#467,.T.);
#2314=EDGE_CURVE('',#2691,#2688,#2828,.T.);
#2315=EDGE_CURVE('',#2692,#2693,#468,.T.);
#2316=EDGE_CURVE('',#2693,#2689,#469,.F.);
#2317=EDGE_CURVE('',#2688,#2692,#470,.T.);
#2318=EDGE_CURVE('',#2694,#2695,#471,.T.);
#2319=EDGE_CURVE('',#2694,#2693,#2829,.T.);
#2320=EDGE_CURVE('',#2692,#2696,#2830,.T.);
#2321=EDGE_CURVE('',#2696,#2697,#472,.T.);
#2322=EDGE_CURVE('',#2697,#2695,#473,.T.);
#2323=EDGE_CURVE('',#2695,#2698,#2831,.T.);
#2324=EDGE_CURVE('',#2697,#2699,#2832,.T.);
#2325=EDGE_CURVE('',#2699,#2698,#474,.T.);
#2326=EDGE_CURVE('',#2698,#2700,#475,.T.);
#2327=EDGE_CURVE('',#2699,#2701,#476,.T.);
#2328=EDGE_CURVE('',#2701,#2700,#477,.T.);
#2329=EDGE_CURVE('',#2700,#2702,#2833,.T.);
#2330=EDGE_CURVE('',#2701,#2703,#2834,.T.);
#2331=EDGE_CURVE('',#2703,#2702,#478,.T.);
#2332=EDGE_CURVE('',#2702,#2704,#479,.T.);
#2333=EDGE_CURVE('',#2703,#2705,#480,.T.);
#2334=EDGE_CURVE('',#2705,#2704,#481,.T.);
#2335=EDGE_CURVE('',#2704,#2654,#2835,.T.);
#2336=EDGE_CURVE('',#2705,#2655,#2836,.T.);
#2337=EDGE_CURVE('',#2696,#2691,#482,.F.);
#2338=EDGE_CURVE('',#2680,#2676,#2837,.T.);
#2339=EDGE_CURVE('',#2690,#2694,#483,.T.);
#2340=EDGE_CURVE('',#2677,#2678,#2838,.F.);
#2341=EDGE_CURVE('',#2706,#2496,#484,.T.);
#2342=EDGE_CURVE('',#2706,#2707,#485,.F.);
#2343=EDGE_CURVE('',#2707,#2498,#486,.T.);
#2344=EDGE_CURVE('',#2649,#2708,#2839,.T.);
#2345=EDGE_CURVE('',#2648,#2709,#2840,.T.);
#2346=EDGE_CURVE('',#2709,#2708,#487,.T.);
#2347=EDGE_CURVE('',#2708,#2710,#488,.T.);
#2348=EDGE_CURVE('',#2709,#2711,#489,.T.);
#2349=EDGE_CURVE('',#2711,#2710,#490,.T.);
#2350=EDGE_CURVE('',#2710,#2712,#2841,.T.);
#2351=EDGE_CURVE('',#2711,#2713,#2842,.T.);
#2352=EDGE_CURVE('',#2713,#2712,#491,.T.);
#2353=EDGE_CURVE('',#2712,#2714,#492,.T.);
#2354=EDGE_CURVE('',#2713,#2715,#493,.T.);
#2355=EDGE_CURVE('',#2715,#2714,#494,.T.);
#2356=EDGE_CURVE('',#2714,#2716,#2843,.T.);
#2357=EDGE_CURVE('',#2715,#2717,#2844,.T.);
#2358=EDGE_CURVE('',#2717,#2716,#495,.T.);
#2359=EDGE_CURVE('',#2717,#2718,#496,.T.);
#2360=EDGE_CURVE('',#2718,#2719,#2845,.T.);
#2361=EDGE_CURVE('',#2719,#2720,#497,.T.);
#2362=EDGE_CURVE('',#2720,#2721,#2846,.T.);
#2363=EDGE_CURVE('',#2716,#2721,#498,.T.);
#2364=EDGE_CURVE('',#2719,#2722,#499,.T.);
#2365=EDGE_CURVE('',#2722,#2723,#500,.T.);
#2366=EDGE_CURVE('',#2723,#2720,#501,.F.);
#2367=EDGE_CURVE('',#2722,#2724,#2847,.T.);
#2368=EDGE_CURVE('',#2724,#2725,#502,.T.);
#2369=EDGE_CURVE('',#2725,#2726,#503,.T.);
#2370=EDGE_CURVE('',#2727,#2726,#504,.T.);
#2371=EDGE_CURVE('',#2727,#2723,#2848,.T.);
#2372=EDGE_CURVE('',#2726,#2728,#2849,.T.);
#2373=EDGE_CURVE('',#2725,#2729,#2850,.T.);
#2374=EDGE_CURVE('',#2729,#2728,#505,.T.);
#2375=EDGE_CURVE('',#2728,#2730,#506,.T.);
#2376=EDGE_CURVE('',#2729,#2731,#507,.T.);
#2377=EDGE_CURVE('',#2731,#2730,#508,.T.);
#2378=EDGE_CURVE('',#2730,#2732,#2851,.T.);
#2379=EDGE_CURVE('',#2731,#2733,#2852,.T.);
#2380=EDGE_CURVE('',#2733,#2732,#509,.T.);
#2381=EDGE_CURVE('',#2733,#2734,#510,.T.);
#2382=EDGE_CURVE('',#2734,#2735,#511,.T.);
#2383=EDGE_CURVE('',#2732,#2735,#512,.T.);
#2384=EDGE_CURVE('',#2724,#2718,#513,.F.);
#2385=EDGE_CURVE('',#2707,#2734,#2853,.T.);
#2386=EDGE_CURVE('',#2721,#2727,#514,.T.);
#2387=EDGE_CURVE('',#2735,#2706,#2854,.F.);
#2388=EDGE_CURVE('',#2736,#2737,#515,.T.);
#2389=EDGE_CURVE('',#2738,#2737,#2855,.T.);
#2390=EDGE_CURVE('',#2739,#2738,#516,.T.);
#2391=EDGE_CURVE('',#2739,#2736,#2856,.T.);
#2392=EDGE_CURVE('',#2737,#2604,#517,.T.);
#2393=EDGE_CURVE('',#2736,#2603,#518,.T.);
#2394=EDGE_CURVE('',#2740,#2741,#519,.T.);
#2395=EDGE_CURVE('',#2606,#2741,#520,.T.);
#2396=EDGE_CURVE('',#2605,#2740,#521,.T.);
#2397=EDGE_CURVE('',#2742,#2743,#522,.T.);
#2398=EDGE_CURVE('',#2741,#2743,#2857,.T.);
#2399=EDGE_CURVE('',#2740,#2742,#2858,.T.);
#2400=EDGE_CURVE('',#2744,#2745,#523,.T.);
#2401=EDGE_CURVE('',#2745,#2746,#2859,.T.);
#2402=EDGE_CURVE('',#2747,#2746,#524,.T.);
#2403=EDGE_CURVE('',#2747,#2748,#525,.T.);
#2404=EDGE_CURVE('',#2748,#2749,#526,.T.);
#2405=EDGE_CURVE('',#2743,#2749,#527,.T.);
#2406=EDGE_CURVE('',#2742,#2750,#528,.T.);
#2407=EDGE_CURVE('',#2750,#2751,#529,.F.);
#2408=EDGE_CURVE('',#2751,#2752,#530,.T.);
#2409=EDGE_CURVE('',#2752,#2753,#531,.T.);
#2410=EDGE_CURVE('',#2753,#2744,#2860,.T.);
#2411=EDGE_CURVE('',#2754,#2755,#532,.T.);
#2412=EDGE_CURVE('',#2755,#2745,#533,.F.);
#2413=EDGE_CURVE('',#2744,#2754,#534,.T.);
#2414=EDGE_CURVE('',#2756,#2757,#535,.T.);
#2415=EDGE_CURVE('',#2756,#2755,#2861,.T.);
#2416=EDGE_CURVE('',#2754,#2758,#2862,.T.);
#2417=EDGE_CURVE('',#2758,#2759,#536,.T.);
#2418=EDGE_CURVE('',#2760,#2759,#537,.T.);
#2419=EDGE_CURVE('',#2760,#2761,#538,.F.);
#2420=EDGE_CURVE('',#2761,#2739,#539,.T.);
#2421=EDGE_CURVE('',#2762,#2738,#540,.T.);
#2422=EDGE_CURVE('',#2762,#2763,#541,.T.);
#2423=EDGE_CURVE('',#2757,#2763,#542,.T.);
#2424=EDGE_CURVE('',#2758,#2753,#543,.F.);
#2425=EDGE_CURVE('',#2752,#2759,#544,.T.);
#2426=EDGE_CURVE('',#2746,#2756,#545,.T.);
#2427=EDGE_CURVE('',#2747,#2757,#546,.T.);
#2428=EDGE_CURVE('',#2763,#2748,#547,.T.);
#2429=EDGE_CURVE('',#2749,#2762,#548,.T.);
#2430=EDGE_CURVE('',#2751,#2760,#549,.T.);
#2431=EDGE_CURVE('',#2761,#2750,#550,.T.);
#2432=VERTEX_POINT('',#5985);
#2433=VERTEX_POINT('',#5986);
#2434=VERTEX_POINT('',#5988);
#2435=VERTEX_POINT('',#5990);
#2436=VERTEX_POINT('',#5994);
#2437=VERTEX_POINT('',#5995);
#2438=VERTEX_POINT('',#5997);
#2439=VERTEX_POINT('',#5999);
#2440=VERTEX_POINT('',#6003);
#2441=VERTEX_POINT('',#6004);
#2442=VERTEX_POINT('',#6006);
#2443=VERTEX_POINT('',#6008);
#2444=VERTEX_POINT('',#6012);
#2445=VERTEX_POINT('',#6013);
#2446=VERTEX_POINT('',#6015);
#2447=VERTEX_POINT('',#6017);
#2448=VERTEX_POINT('',#6021);
#2449=VERTEX_POINT('',#6023);
#2450=VERTEX_POINT('',#6027);
#2451=VERTEX_POINT('',#6029);
#2452=VERTEX_POINT('',#6033);
#2453=VERTEX_POINT('',#6035);
#2454=VERTEX_POINT('',#6037);
#2455=VERTEX_POINT('',#6039);
#2456=VERTEX_POINT('',#6041);
#2457=VERTEX_POINT('',#6043);
#2458=VERTEX_POINT('',#6047);
#2459=VERTEX_POINT('',#6049);
#2460=VERTEX_POINT('',#6051);
#2461=VERTEX_POINT('',#6053);
#2462=VERTEX_POINT('',#6055);
#2463=VERTEX_POINT('',#6057);
#2464=VERTEX_POINT('',#6082);
#2465=VERTEX_POINT('',#6083);
#2466=VERTEX_POINT('',#6085);
#2467=VERTEX_POINT('',#6087);
#2468=VERTEX_POINT('',#6091);
#2469=VERTEX_POINT('',#6092);
#2470=VERTEX_POINT('',#6094);
#2471=VERTEX_POINT('',#6096);
#2472=VERTEX_POINT('',#6100);
#2473=VERTEX_POINT('',#6101);
#2474=VERTEX_POINT('',#6103);
#2475=VERTEX_POINT('',#6105);
#2476=VERTEX_POINT('',#6109);
#2477=VERTEX_POINT('',#6110);
#2478=VERTEX_POINT('',#6112);
#2479=VERTEX_POINT('',#6114);
#2480=VERTEX_POINT('',#6118);
#2481=VERTEX_POINT('',#6120);
#2482=VERTEX_POINT('',#6124);
#2483=VERTEX_POINT('',#6126);
#2484=VERTEX_POINT('',#6130);
#2485=VERTEX_POINT('',#6132);
#2486=VERTEX_POINT('',#6134);
#2487=VERTEX_POINT('',#6136);
#2488=VERTEX_POINT('',#6138);
#2489=VERTEX_POINT('',#6140);
#2490=VERTEX_POINT('',#6144);
#2491=VERTEX_POINT('',#6146);
#2492=VERTEX_POINT('',#6148);
#2493=VERTEX_POINT('',#6150);
#2494=VERTEX_POINT('',#6152);
#2495=VERTEX_POINT('',#6154);
#2496=VERTEX_POINT('',#6179);
#2497=VERTEX_POINT('',#6180);
#2498=VERTEX_POINT('',#6182);
#2499=VERTEX_POINT('',#6184);
#2500=VERTEX_POINT('',#6186);
#2501=VERTEX_POINT('',#6188);
#2502=VERTEX_POINT('',#6190);
#2503=VERTEX_POINT('',#6192);
#2504=VERTEX_POINT('',#6196);
#2505=VERTEX_POINT('',#6197);
#2506=VERTEX_POINT('',#6199);
#2507=VERTEX_POINT('',#6201);
#2508=VERTEX_POINT('',#6205);
#2509=VERTEX_POINT('',#6206);
#2510=VERTEX_POINT('',#6208);
#2511=VERTEX_POINT('',#6210);
#2512=VERTEX_POINT('',#6212);
#2513=VERTEX_POINT('',#6214);
#2514=VERTEX_POINT('',#6216);
#2515=VERTEX_POINT('',#6218);
#2516=VERTEX_POINT('',#6221);
#2517=VERTEX_POINT('',#6223);
#2518=VERTEX_POINT('',#6225);
#2519=VERTEX_POINT('',#6227);
#2520=VERTEX_POINT('',#6229);
#2521=VERTEX_POINT('',#6231);
#2522=VERTEX_POINT('',#6233);
#2523=VERTEX_POINT('',#6235);
#2524=VERTEX_POINT('',#6237);
#2525=VERTEX_POINT('',#6239);
#2526=VERTEX_POINT('',#6241);
#2527=VERTEX_POINT('',#6243);
#2528=VERTEX_POINT('',#6245);
#2529=VERTEX_POINT('',#6247);
#2530=VERTEX_POINT('',#6249);
#2531=VERTEX_POINT('',#6251);
#2532=VERTEX_POINT('',#6253);
#2533=VERTEX_POINT('',#6255);
#2534=VERTEX_POINT('',#6257);
#2535=VERTEX_POINT('',#6259);
#2536=VERTEX_POINT('',#6261);
#2537=VERTEX_POINT('',#6263);
#2538=VERTEX_POINT('',#6265);
#2539=VERTEX_POINT('',#6267);
#2540=VERTEX_POINT('',#6269);
#2541=VERTEX_POINT('',#6271);
#2542=VERTEX_POINT('',#6275);
#2543=VERTEX_POINT('',#6277);
#2544=VERTEX_POINT('',#6281);
#2545=VERTEX_POINT('',#6283);
#2546=VERTEX_POINT('',#6287);
#2547=VERTEX_POINT('',#6289);
#2548=VERTEX_POINT('',#6291);
#2549=VERTEX_POINT('',#6293);
#2550=VERTEX_POINT('',#6295);
#2551=VERTEX_POINT('',#6298);
#2552=VERTEX_POINT('',#6300);
#2553=VERTEX_POINT('',#6302);
#2554=VERTEX_POINT('',#6304);
#2555=VERTEX_POINT('',#6306);
#2556=VERTEX_POINT('',#6308);
#2557=VERTEX_POINT('',#6310);
#2558=VERTEX_POINT('',#6312);
#2559=VERTEX_POINT('',#6314);
#2560=VERTEX_POINT('',#6316);
#2561=VERTEX_POINT('',#6319);
#2562=VERTEX_POINT('',#6321);
#2563=VERTEX_POINT('',#6323);
#2564=VERTEX_POINT('',#6335);
#2565=VERTEX_POINT('',#6336);
#2566=VERTEX_POINT('',#6338);
#2567=VERTEX_POINT('',#6340);
#2568=VERTEX_POINT('',#6342);
#2569=VERTEX_POINT('',#6344);
#2570=VERTEX_POINT('',#6346);
#2571=VERTEX_POINT('',#6348);
#2572=VERTEX_POINT('',#6352);
#2573=VERTEX_POINT('',#6354);
#2574=VERTEX_POINT('',#6355);
#2575=VERTEX_POINT('',#6358);
#2576=VERTEX_POINT('',#6360);
#2577=VERTEX_POINT('',#6362);
#2578=VERTEX_POINT('',#6364);
#2579=VERTEX_POINT('',#6366);
#2580=VERTEX_POINT('',#6368);
#2581=VERTEX_POINT('',#6373);
#2582=VERTEX_POINT('',#6380);
#2583=VERTEX_POINT('',#6381);
#2584=VERTEX_POINT('',#6383);
#2585=VERTEX_POINT('',#6389);
#2586=VERTEX_POINT('',#6393);
#2587=VERTEX_POINT('',#6394);
#2588=VERTEX_POINT('',#6398);
#2589=VERTEX_POINT('',#6400);
#2590=VERTEX_POINT('',#6401);
#2591=VERTEX_POINT('',#6403);
#2592=VERTEX_POINT('',#6405);
#2593=VERTEX_POINT('',#6418);
#2594=VERTEX_POINT('',#6420);
#2595=VERTEX_POINT('',#6422);
#2596=VERTEX_POINT('',#6424);
#2597=VERTEX_POINT('',#6428);
#2598=VERTEX_POINT('',#6430);
#2599=VERTEX_POINT('',#6434);
#2600=VERTEX_POINT('',#6435);
#2601=VERTEX_POINT('',#6437);
#2602=VERTEX_POINT('',#6440);
#2603=VERTEX_POINT('',#6451);
#2604=VERTEX_POINT('',#6452);
#2605=VERTEX_POINT('',#6454);
#2606=VERTEX_POINT('',#6456);
#2607=VERTEX_POINT('',#6459);
#2608=VERTEX_POINT('',#6460);
#2609=VERTEX_POINT('',#6470);
#2610=VERTEX_POINT('',#6471);
#2611=VERTEX_POINT('',#6473);
#2612=VERTEX_POINT('',#6475);
#2613=VERTEX_POINT('',#6477);
#2614=VERTEX_POINT('',#6479);
#2615=VERTEX_POINT('',#6481);
#2616=VERTEX_POINT('',#6483);
#2617=VERTEX_POINT('',#6487);
#2618=VERTEX_POINT('',#6489);
#2619=VERTEX_POINT('',#6493);
#2620=VERTEX_POINT('',#6497);
#2621=VERTEX_POINT('',#6501);
#2622=VERTEX_POINT('',#6505);
#2623=VERTEX_POINT('',#6509);
#2624=VERTEX_POINT('',#6513);
#2625=VERTEX_POINT('',#6519);
#2626=VERTEX_POINT('',#6523);
#2627=VERTEX_POINT('',#6527);
#2628=VERTEX_POINT('',#6529);
#2629=VERTEX_POINT('',#6533);
#2630=VERTEX_POINT('',#6534);
#2631=VERTEX_POINT('',#6539);
#2632=VERTEX_POINT('',#6541);
#2633=VERTEX_POINT('',#6547);
#2634=VERTEX_POINT('',#6549);
#2635=VERTEX_POINT('',#6558);
#2636=VERTEX_POINT('',#6561);
#2637=VERTEX_POINT('',#6564);
#2638=VERTEX_POINT('',#6848);
#2639=VERTEX_POINT('',#6850);
#2640=VERTEX_POINT('',#7417);
#2641=VERTEX_POINT('',#7419);
#2642=VERTEX_POINT('',#8714);
#2643=VERTEX_POINT('',#8716);
#2644=VERTEX_POINT('',#8720);
#2645=VERTEX_POINT('',#8722);
#2646=VERTEX_POINT('',#8726);
#2647=VERTEX_POINT('',#8728);
#2648=VERTEX_POINT('',#8748);
#2649=VERTEX_POINT('',#8750);
#2650=VERTEX_POINT('',#8754);
#2651=VERTEX_POINT('',#8756);
#2652=VERTEX_POINT('',#8765);
#2653=VERTEX_POINT('',#8767);
#2654=VERTEX_POINT('',#8769);
#2655=VERTEX_POINT('',#8771);
#2656=VERTEX_POINT('',#8773);
#2657=VERTEX_POINT('',#8775);
#2658=VERTEX_POINT('',#8779);
#2659=VERTEX_POINT('',#8781);
#2660=VERTEX_POINT('',#8785);
#2661=VERTEX_POINT('',#8787);
#2662=VERTEX_POINT('',#8791);
#2663=VERTEX_POINT('',#8795);
#2664=VERTEX_POINT('',#8811);
#2665=VERTEX_POINT('',#8812);
#2666=VERTEX_POINT('',#8814);
#2667=VERTEX_POINT('',#8816);
#2668=VERTEX_POINT('',#8823);
#2669=VERTEX_POINT('',#8825);
#2670=VERTEX_POINT('',#8834);
#2671=VERTEX_POINT('',#8836);
#2672=VERTEX_POINT('',#8840);
#2673=VERTEX_POINT('',#8842);
#2674=VERTEX_POINT('',#8846);
#2675=VERTEX_POINT('',#8848);
#2676=VERTEX_POINT('',#8857);
#2677=VERTEX_POINT('',#8859);
#2678=VERTEX_POINT('',#8863);
#2679=VERTEX_POINT('',#8864);
#2680=VERTEX_POINT('',#8866);
#2681=VERTEX_POINT('',#8868);
#2682=VERTEX_POINT('',#8872);
#2683=VERTEX_POINT('',#8874);
#2684=VERTEX_POINT('',#8878);
#2685=VERTEX_POINT('',#8880);
#2686=VERTEX_POINT('',#8884);
#2687=VERTEX_POINT('',#8886);
#2688=VERTEX_POINT('',#8890);
#2689=VERTEX_POINT('',#8891);
#2690=VERTEX_POINT('',#8893);
#2691=VERTEX_POINT('',#8896);
#2692=VERTEX_POINT('',#8900);
#2693=VERTEX_POINT('',#8901);
#2694=VERTEX_POINT('',#8906);
#2695=VERTEX_POINT('',#8907);
#2696=VERTEX_POINT('',#8910);
#2697=VERTEX_POINT('',#8912);
#2698=VERTEX_POINT('',#8916);
#2699=VERTEX_POINT('',#8918);
#2700=VERTEX_POINT('',#8922);
#2701=VERTEX_POINT('',#8924);
#2702=VERTEX_POINT('',#8928);
#2703=VERTEX_POINT('',#8930);
#2704=VERTEX_POINT('',#8934);
#2705=VERTEX_POINT('',#8936);
#2706=VERTEX_POINT('',#8949);
#2707=VERTEX_POINT('',#8951);
#2708=VERTEX_POINT('',#8955);
#2709=VERTEX_POINT('',#8957);
#2710=VERTEX_POINT('',#8961);
#2711=VERTEX_POINT('',#8963);
#2712=VERTEX_POINT('',#8967);
#2713=VERTEX_POINT('',#8969);
#2714=VERTEX_POINT('',#8973);
#2715=VERTEX_POINT('',#8975);
#2716=VERTEX_POINT('',#8979);
#2717=VERTEX_POINT('',#8981);
#2718=VERTEX_POINT('',#8985);
#2719=VERTEX_POINT('',#8987);
#2720=VERTEX_POINT('',#8989);
#2721=VERTEX_POINT('',#8991);
#2722=VERTEX_POINT('',#8995);
#2723=VERTEX_POINT('',#8997);
#2724=VERTEX_POINT('',#9001);
#2725=VERTEX_POINT('',#9003);
#2726=VERTEX_POINT('',#9005);
#2727=VERTEX_POINT('',#9007);
#2728=VERTEX_POINT('',#9011);
#2729=VERTEX_POINT('',#9013);
#2730=VERTEX_POINT('',#9017);
#2731=VERTEX_POINT('',#9019);
#2732=VERTEX_POINT('',#9023);
#2733=VERTEX_POINT('',#9025);
#2734=VERTEX_POINT('',#9029);
#2735=VERTEX_POINT('',#9031);
#2736=VERTEX_POINT('',#9047);
#2737=VERTEX_POINT('',#9048);
#2738=VERTEX_POINT('',#9050);
#2739=VERTEX_POINT('',#9052);
#2740=VERTEX_POINT('',#9059);
#2741=VERTEX_POINT('',#9060);
#2742=VERTEX_POINT('',#9065);
#2743=VERTEX_POINT('',#9066);
#2744=VERTEX_POINT('',#9071);
#2745=VERTEX_POINT('',#9072);
#2746=VERTEX_POINT('',#9074);
#2747=VERTEX_POINT('',#9076);
#2748=VERTEX_POINT('',#9078);
#2749=VERTEX_POINT('',#9080);
#2750=VERTEX_POINT('',#9083);
#2751=VERTEX_POINT('',#9085);
#2752=VERTEX_POINT('',#9087);
#2753=VERTEX_POINT('',#9089);
#2754=VERTEX_POINT('',#9093);
#2755=VERTEX_POINT('',#9094);
#2756=VERTEX_POINT('',#9099);
#2757=VERTEX_POINT('',#9100);
#2758=VERTEX_POINT('',#9103);
#2759=VERTEX_POINT('',#9105);
#2760=VERTEX_POINT('',#9107);
#2761=VERTEX_POINT('',#9109);
#2762=VERTEX_POINT('',#9112);
#2763=VERTEX_POINT('',#9114);
#2764=CIRCLE('',#4757,0.349269610598573);
#2765=CIRCLE('',#4758,0.349269610598573);
#2766=CIRCLE('',#4760,0.349269610598573);
#2767=CIRCLE('',#4761,0.349269610598573);
#2768=CIRCLE('',#4767,0.481098758304803);
#2769=CIRCLE('',#4768,0.187111960067854);
#2770=CIRCLE('',#4770,0.187111960067854);
#2771=CIRCLE('',#4771,0.481098758304803);
#2772=CIRCLE('',#4782,0.349269610598573);
#2773=CIRCLE('',#4783,0.349269610598573);
#2774=CIRCLE('',#4785,0.349269610598573);
#2775=CIRCLE('',#4786,0.349269610598573);
#2776=CIRCLE('',#4792,0.481098758304803);
#2777=CIRCLE('',#4793,0.187111960067854);
#2778=CIRCLE('',#4795,0.187111960067854);
#2779=CIRCLE('',#4796,0.481098758304803);
#2780=CIRCLE('',#4809,0.352797586463205);
#2781=CIRCLE('',#4810,0.52919637969481);
#2782=CIRCLE('',#4811,0.52919637969481);
#2783=CIRCLE('',#4812,0.352797586463205);
#2784=CIRCLE('',#4821,3.5);
#2785=CIRCLE('',#4822,0.352797586463205);
#2786=CIRCLE('',#4823,0.352797586463205);
#2787=CIRCLE('',#4824,0.352797586463205);
#2788=CIRCLE('',#4825,0.352797586463205);
#2789=CIRCLE('',#4827,2.96121220639821);
#2790=CIRCLE('',#4828,3.17308677192935);
#2791=CIRCLE('',#4829,3.5);
#2792=CIRCLE('',#4831,2.0040345411375);
#2793=CIRCLE('',#4833,3.);
#2794=CIRCLE('',#4834,3.);
#2795=CIRCLE('',#4835,3.);
#2796=CIRCLE('',#4842,0.352797586463205);
#2797=CIRCLE('',#4844,0.352797586463205);
#2798=CIRCLE('',#4847,0.52919637969481);
#2799=CIRCLE('',#4848,0.52919637969481);
#2800=CIRCLE('',#4852,0.252797586463205);
#2801=CIRCLE('',#4853,0.4);
#2802=CIRCLE('',#4854,0.4);
#2803=CIRCLE('',#4855,0.252797586463205);
#2804=CIRCLE('',#4858,0.4);
#2805=CIRCLE('',#4861,0.4);
#2806=CIRCLE('',#4864,0.252797586463205);
#2807=CIRCLE('',#4867,0.252797586463205);
#2808=CIRCLE('',#4869,0.352797586463205);
#2809=CIRCLE('',#4871,0.352797586463205);
#2810=CIRCLE('',#4875,0.352797586463205);
#2811=CIRCLE('',#4878,0.352797586463205);
#2812=CIRCLE('',#4883,1.82416258318111);
#2813=CIRCLE('',#4885,1.82416258318111);
#2814=CIRCLE('',#4887,2.82373694815006);
#2815=CIRCLE('',#4907,0.5);
#2816=CIRCLE('',#4908,0.5);
#2817=CIRCLE('',#4913,0.5);
#2818=CIRCLE('',#4914,0.5);
#2819=CIRCLE('',#4927,0.423978881941624);
#2820=CIRCLE('',#4928,0.423978881941624);
#2821=CIRCLE('',#4934,0.393852489624199);
#2822=CIRCLE('',#4935,0.393852489624199);
#2823=CIRCLE('',#4944,1.06);
#2824=CIRCLE('',#4945,1.06);
#2825=CIRCLE('',#4948,1.06);
#2826=CIRCLE('',#4949,1.06);
#2827=CIRCLE('',#4951,0.476276741725327);
#2828=CIRCLE('',#4952,0.476276741725327);
#2829=CIRCLE('',#4955,0.476276741725327);
#2830=CIRCLE('',#4956,0.476276741725327);
#2831=CIRCLE('',#4958,0.4);
#2832=CIRCLE('',#4959,0.4);
#2833=CIRCLE('',#4962,0.4);
#2834=CIRCLE('',#4963,0.4);
#2835=CIRCLE('',#4966,0.4);
#2836=CIRCLE('',#4967,0.4);
#2837=CIRCLE('',#4969,0.582116017664288);
#2838=CIRCLE('',#4971,0.582116017664288);
#2839=CIRCLE('',#4974,0.4);
#2840=CIRCLE('',#4975,0.4);
#2841=CIRCLE('',#4978,0.4);
#2842=CIRCLE('',#4979,0.4);
#2843=CIRCLE('',#4982,0.4);
#2844=CIRCLE('',#4983,0.4);
#2845=CIRCLE('',#4985,0.476276741725327);
#2846=CIRCLE('',#4986,0.476276741725327);
#2847=CIRCLE('',#4989,0.476276741725327);
#2848=CIRCLE('',#4990,0.476276741725327);
#2849=CIRCLE('',#4992,1.06);
#2850=CIRCLE('',#4993,1.06);
#2851=CIRCLE('',#4996,1.06);
#2852=CIRCLE('',#4997,1.06);
#2853=CIRCLE('',#5000,0.582116017664288);
#2854=CIRCLE('',#5002,0.582116017664288);
#2855=CIRCLE('',#5010,0.481098758304803);
#2856=CIRCLE('',#5011,0.481098758304803);
#2857=CIRCLE('',#5015,0.187111960067854);
#2858=CIRCLE('',#5016,0.187111960067854);
#2859=CIRCLE('',#5018,0.349269610598573);
#2860=CIRCLE('',#5019,0.349269610598573);
#2861=CIRCLE('',#5022,0.349269610598573);
#2862=CIRCLE('',#5023,0.349269610598573);
#2863=EDGE_LOOP('',(#941,#942,#943,#944));
#2864=EDGE_LOOP('',(#945,#946,#947,#948));
#2865=EDGE_LOOP('',(#949,#950,#951,#952));
#2866=EDGE_LOOP('',(#953,#954,#955,#956));
#2867=EDGE_LOOP('',(#957,#958,#959,#960));
#2868=EDGE_LOOP('',(#961,#962,#963,#964));
#2869=EDGE_LOOP('',(#965,#966,#967,#968,#969,#970,#971,#972));
#2870=EDGE_LOOP('',(#973,#974,#975,#976,#977,#978,#979,#980));
#2871=EDGE_LOOP('',(#981,#982,#983,#984));
#2872=EDGE_LOOP('',(#985,#986,#987,#988));
#2873=EDGE_LOOP('',(#989,#990,#991,#992));
#2874=EDGE_LOOP('',(#993,#994,#995,#996));
#2875=EDGE_LOOP('',(#997,#998,#999,#1000,#1001,#1002,#1003,#1004,#1005,
#1006,#1007,#1008));
#2876=EDGE_LOOP('',(#1009,#1010,#1011,#1012));
#2877=EDGE_LOOP('',(#1013,#1014,#1015,#1016,#1017,#1018,#1019,#1020,#1021,
#1022,#1023,#1024));
#2878=EDGE_LOOP('',(#1025,#1026,#1027,#1028));
#2879=EDGE_LOOP('',(#1029,#1030,#1031,#1032));
#2880=EDGE_LOOP('',(#1033,#1034,#1035,#1036));
#2881=EDGE_LOOP('',(#1037,#1038,#1039,#1040));
#2882=EDGE_LOOP('',(#1041,#1042,#1043,#1044));
#2883=EDGE_LOOP('',(#1045,#1046,#1047,#1048));
#2884=EDGE_LOOP('',(#1049,#1050,#1051,#1052));
#2885=EDGE_LOOP('',(#1053,#1054,#1055,#1056));
#2886=EDGE_LOOP('',(#1057,#1058,#1059,#1060,#1061,#1062,#1063,#1064));
#2887=EDGE_LOOP('',(#1065,#1066,#1067,#1068,#1069,#1070,#1071,#1072));
#2888=EDGE_LOOP('',(#1073,#1074,#1075,#1076));
#2889=EDGE_LOOP('',(#1077,#1078,#1079,#1080));
#2890=EDGE_LOOP('',(#1081,#1082,#1083,#1084));
#2891=EDGE_LOOP('',(#1085,#1086,#1087,#1088));
#2892=EDGE_LOOP('',(#1089,#1090,#1091,#1092,#1093,#1094,#1095,#1096,#1097,
#1098,#1099,#1100));
#2893=EDGE_LOOP('',(#1101,#1102,#1103,#1104));
#2894=EDGE_LOOP('',(#1105,#1106,#1107,#1108,#1109,#1110,#1111,#1112,#1113,
#1114,#1115,#1116));
#2895=EDGE_LOOP('',(#1117,#1118,#1119,#1120));
#2896=EDGE_LOOP('',(#1121,#1122,#1123,#1124));
#2897=EDGE_LOOP('',(#1125,#1126,#1127,#1128,#1129,#1130,#1131,#1132));
#2898=EDGE_LOOP('',(#1133,#1134,#1135,#1136));
#2899=EDGE_LOOP('',(#1137,#1138,#1139,#1140,#1141,#1142,#1143,#1144));
#2900=EDGE_LOOP('',(#1145,#1146,#1147,#1148,#1149,#1150,#1151,#1152,#1153,
#1154,#1155,#1156,#1157,#1158,#1159,#1160,#1161,#1162,#1163,#1164,#1165,
#1166,#1167,#1168,#1169,#1170,#1171,#1172));
#2901=EDGE_LOOP('',(#1173,#1174,#1175,#1176));
#2902=EDGE_LOOP('',(#1177,#1178,#1179,#1180));
#2903=EDGE_LOOP('',(#1181,#1182,#1183,#1184,#1185,#1186,#1187,#1188,#1189,
#1190,#1191,#1192,#1193,#1194,#1195,#1196,#1197,#1198,#1199,#1200,#1201,
#1202,#1203,#1204));
#2904=EDGE_LOOP('',(#1205,#1206,#1207,#1208));
#2905=EDGE_LOOP('',(#1209,#1210,#1211,#1212));
#2906=EDGE_LOOP('',(#1213,#1214,#1215,#1216));
#2907=EDGE_LOOP('',(#1217,#1218,#1219,#1220,#1221,#1222,#1223,#1224));
#2908=EDGE_LOOP('',(#1225));
#2909=EDGE_LOOP('',(#1226,#1227,#1228,#1229,#1230,#1231,#1232,#1233,#1234,
#1235,#1236,#1237));
#2910=EDGE_LOOP('',(#1238));
#2911=EDGE_LOOP('',(#1239,#1240,#1241,#1242));
#2912=EDGE_LOOP('',(#1243,#1244));
#2913=EDGE_LOOP('',(#1245));
#2914=EDGE_LOOP('',(#1246,#1247,#1248,#1249));
#2915=EDGE_LOOP('',(#1250,#1251,#1252,#1253));
#2916=EDGE_LOOP('',(#1254,#1255,#1256,#1257,#1258,#1259));
#2917=EDGE_LOOP('',(#1260,#1261,#1262,#1263));
#2918=EDGE_LOOP('',(#1264,#1265,#1266,#1267,#1268,#1269));
#2919=EDGE_LOOP('',(#1270,#1271,#1272,#1273));
#2920=EDGE_LOOP('',(#1274,#1275,#1276,#1277));
#2921=EDGE_LOOP('',(#1278,#1279,#1280,#1281));
#2922=EDGE_LOOP('',(#1282,#1283,#1284,#1285));
#2923=EDGE_LOOP('',(#1286,#1287,#1288,#1289));
#2924=EDGE_LOOP('',(#1290,#1291,#1292,#1293));
#2925=EDGE_LOOP('',(#1294,#1295,#1296,#1297));
#2926=EDGE_LOOP('',(#1298,#1299,#1300,#1301,#1302,#1303));
#2927=EDGE_LOOP('',(#1304,#1305,#1306,#1307));
#2928=EDGE_LOOP('',(#1308,#1309,#1310,#1311));
#2929=EDGE_LOOP('',(#1312,#1313,#1314,#1315,#1316,#1317,#1318,#1319));
#2930=EDGE_LOOP('',(#1320,#1321,#1322,#1323,#1324,#1325));
#2931=EDGE_LOOP('',(#1326,#1327,#1328,#1329));
#2932=EDGE_LOOP('',(#1330,#1331,#1332,#1333));
#2933=EDGE_LOOP('',(#1334,#1335,#1336,#1337));
#2934=EDGE_LOOP('',(#1338,#1339,#1340,#1341));
#2935=EDGE_LOOP('',(#1342,#1343,#1344,#1345));
#2936=EDGE_LOOP('',(#1346,#1347,#1348,#1349));
#2937=EDGE_LOOP('',(#1350,#1351,#1352,#1353));
#2938=EDGE_LOOP('',(#1354,#1355,#1356,#1357));
#2939=EDGE_LOOP('',(#1358,#1359,#1360,#1361));
#2940=EDGE_LOOP('',(#1362,#1363,#1364,#1365));
#2941=EDGE_LOOP('',(#1366,#1367,#1368,#1369,#1370,#1371));
#2942=EDGE_LOOP('',(#1372,#1373,#1374,#1375));
#2943=EDGE_LOOP('',(#1376,#1377,#1378,#1379));
#2944=EDGE_LOOP('',(#1380,#1381,#1382,#1383,#1384,#1385));
#2945=EDGE_LOOP('',(#1386,#1387,#1388,#1389));
#2946=EDGE_LOOP('',(#1390,#1391,#1392,#1393));
#2947=EDGE_LOOP('',(#1394,#1395,#1396,#1397,#1398,#1399));
#2948=EDGE_LOOP('',(#1400,#1401,#1402,#1403,#1404,#1405,#1406,#1407));
#2949=EDGE_LOOP('',(#1408,#1409,#1410,#1411,#1412,#1413));
#2950=EDGE_LOOP('',(#1414));
#2951=EDGE_LOOP('',(#1415));
#2952=EDGE_LOOP('',(#1416));
#2953=EDGE_LOOP('',(#1417));
#2954=EDGE_LOOP('',(#1418));
#2955=EDGE_LOOP('',(#1419));
#2956=EDGE_LOOP('',(#1420));
#2957=EDGE_LOOP('',(#1421));
#2958=EDGE_LOOP('',(#1422,#1423,#1424,#1425));
#2959=EDGE_LOOP('',(#1426));
#2960=EDGE_LOOP('',(#1427,#1428,#1429,#1430,#1431,#1432));
#2961=EDGE_LOOP('',(#1433,#1434));
#2962=EDGE_LOOP('',(#1435,#1436,#1437,#1438));
#2963=EDGE_LOOP('',(#1439,#1440,#1441,#1442));
#2964=EDGE_LOOP('',(#1443,#1444,#1445,#1446));
#2965=EDGE_LOOP('',(#1447,#1448,#1449,#1450));
#2966=EDGE_LOOP('',(#1451,#1452,#1453,#1454));
#2967=EDGE_LOOP('',(#1455,#1456,#1457,#1458,#1459,#1460));
#2968=EDGE_LOOP('',(#1461,#1462,#1463,#1464,#1465,#1466));
#2969=EDGE_LOOP('',(#1467,#1468,#1469,#1470));
#2970=EDGE_LOOP('',(#1471,#1472,#1473,#1474));
#2971=EDGE_LOOP('',(#1475,#1476,#1477,#1478));
#2972=EDGE_LOOP('',(#1479,#1480,#1481,#1482));
#2973=EDGE_LOOP('',(#1483,#1484,#1485,#1486));
#2974=EDGE_LOOP('',(#1487,#1488,#1489,#1490));
#2975=EDGE_LOOP('',(#1491,#1492,#1493,#1494));
#2976=EDGE_LOOP('',(#1495,#1496,#1497,#1498,#1499,#1500,#1501,#1502));
#2977=EDGE_LOOP('',(#1503,#1504,#1505,#1506));
#2978=EDGE_LOOP('',(#1507,#1508,#1509,#1510));
#2979=EDGE_LOOP('',(#1511,#1512,#1513,#1514,#1515,#1516));
#2980=EDGE_LOOP('',(#1517,#1518,#1519,#1520,#1521,#1522));
#2981=EDGE_LOOP('',(#1523,#1524,#1525,#1526,#1527,#1528,#1529,#1530));
#2982=EDGE_LOOP('',(#1531,#1532,#1533,#1534));
#2983=EDGE_LOOP('',(#1535,#1536,#1537,#1538));
#2984=EDGE_LOOP('',(#1539,#1540,#1541,#1542,#1543,#1544,#1545,#1546));
#2985=EDGE_LOOP('',(#1547,#1548,#1549,#1550,#1551,#1552));
#2986=EDGE_LOOP('',(#1553,#1554,#1555,#1556,#1557,#1558));
#2987=EDGE_LOOP('',(#1559,#1560,#1561,#1562));
#2988=EDGE_LOOP('',(#1563,#1564,#1565,#1566));
#2989=EDGE_LOOP('',(#1567,#1568,#1569,#1570));
#2990=EDGE_LOOP('',(#1571,#1572,#1573,#1574));
#2991=EDGE_LOOP('',(#1575,#1576,#1577,#1578));
#2992=EDGE_LOOP('',(#1579,#1580,#1581,#1582));
#2993=EDGE_LOOP('',(#1583,#1584,#1585,#1586));
#2994=EDGE_LOOP('',(#1587,#1588,#1589,#1590));
#2995=EDGE_LOOP('',(#1591,#1592,#1593,#1594));
#2996=EDGE_LOOP('',(#1595,#1596,#1597,#1598));
#2997=EDGE_LOOP('',(#1599,#1600,#1601,#1602,#1603,#1604,#1605));
#2998=EDGE_LOOP('',(#1606,#1607,#1608,#1609,#1610,#1611,#1612));
#2999=EDGE_LOOP('',(#1613,#1614,#1615,#1616));
#3000=EDGE_LOOP('',(#1617,#1618,#1619,#1620));
#3001=EDGE_LOOP('',(#1621,#1622,#1623,#1624));
#3002=EDGE_LOOP('',(#1625,#1626,#1627,#1628));
#3003=EDGE_LOOP('',(#1629,#1630,#1631,#1632,#1633,#1634,#1635));
#3004=EDGE_LOOP('',(#1636,#1637,#1638,#1639,#1640,#1641,#1642));
#3005=EDGE_LOOP('',(#1643,#1644,#1645,#1646));
#3006=EDGE_LOOP('',(#1647,#1648,#1649,#1650));
#3007=EDGE_LOOP('',(#1651,#1652,#1653,#1654));
#3008=EDGE_LOOP('',(#1655,#1656,#1657,#1658));
#3009=EDGE_LOOP('',(#1659,#1660,#1661,#1662));
#3010=EDGE_LOOP('',(#1663,#1664,#1665,#1666,#1667,#1668));
#3011=EDGE_LOOP('',(#1669,#1670,#1671,#1672));
#3012=EDGE_LOOP('',(#1673,#1674,#1675,#1676,#1677,#1678));
#3013=EDGE_LOOP('',(#1679,#1680,#1681,#1682));
#3014=EDGE_LOOP('',(#1683,#1684,#1685,#1686));
#3015=EDGE_LOOP('',(#1687,#1688,#1689,#1690));
#3016=EDGE_LOOP('',(#1691,#1692,#1693,#1694));
#3017=EDGE_LOOP('',(#1695,#1696,#1697,#1698));
#3018=EDGE_LOOP('',(#1699,#1700,#1701,#1702,#1703,#1704,#1705,#1706,#1707,
#1708,#1709,#1710,#1711,#1712,#1713,#1714));
#3019=EDGE_LOOP('',(#1715,#1716,#1717,#1718,#1719,#1720,#1721,#1722,#1723,
#1724,#1725,#1726,#1727,#1728,#1729,#1730));
#3020=EDGE_LOOP('',(#1731,#1732,#1733,#1734));
#3021=EDGE_LOOP('',(#1735,#1736,#1737,#1738));
#3022=EDGE_LOOP('',(#1739,#1740,#1741,#1742));
#3023=EDGE_LOOP('',(#1743,#1744,#1745,#1746));
#3024=EDGE_LOOP('',(#1747,#1748,#1749,#1750));
#3025=EDGE_LOOP('',(#1751,#1752,#1753,#1754));
#3026=EDGE_LOOP('',(#1755,#1756,#1757,#1758,#1759,#1760));
#3027=EDGE_LOOP('',(#1761,#1762,#1763,#1764));
#3028=EDGE_LOOP('',(#1765,#1766,#1767,#1768,#1769,#1770));
#3029=EDGE_LOOP('',(#1771,#1772,#1773,#1774));
#3030=EDGE_LOOP('',(#1775,#1776,#1777,#1778));
#3031=EDGE_LOOP('',(#1779,#1780,#1781,#1782));
#3032=EDGE_LOOP('',(#1783,#1784,#1785,#1786));
#3033=EDGE_LOOP('',(#1787,#1788,#1789,#1790,#1791,#1792,#1793,#1794,#1795,
#1796,#1797,#1798,#1799,#1800,#1801,#1802));
#3034=EDGE_LOOP('',(#1803,#1804,#1805,#1806,#1807,#1808,#1809,#1810,#1811,
#1812,#1813,#1814,#1815,#1816,#1817,#1818));
#3035=EDGE_LOOP('',(#1819,#1820,#1821,#1822));
#3036=EDGE_LOOP('',(#1823,#1824,#1825,#1826));
#3037=EDGE_LOOP('',(#1827,#1828,#1829,#1830));
#3038=EDGE_LOOP('',(#1831,#1832,#1833,#1834));
#3039=EDGE_LOOP('',(#1835,#1836,#1837,#1838));
#3040=EDGE_LOOP('',(#1839,#1840,#1841,#1842));
#3041=EDGE_LOOP('',(#1843,#1844,#1845,#1846));
#3042=EDGE_LOOP('',(#1847,#1848,#1849,#1850));
#3043=EDGE_LOOP('',(#1851,#1852,#1853,#1854));
#3044=EDGE_LOOP('',(#1855,#1856,#1857,#1858));
#3045=EDGE_LOOP('',(#1859,#1860,#1861,#1862,#1863,#1864,#1865,#1866,#1867,
#1868,#1869,#1870));
#3046=EDGE_LOOP('',(#1871,#1872,#1873,#1874));
#3047=EDGE_LOOP('',(#1875,#1876,#1877,#1878,#1879,#1880,#1881,#1882,#1883,
#1884,#1885,#1886));
#3048=EDGE_LOOP('',(#1887,#1888,#1889,#1890));
#3049=EDGE_LOOP('',(#1891,#1892,#1893,#1894));
#3050=EDGE_LOOP('',(#1895,#1896,#1897,#1898));
#3051=EDGE_LOOP('',(#1899,#1900,#1901,#1902,#1903,#1904,#1905,#1906));
#3052=EDGE_LOOP('',(#1907,#1908,#1909,#1910));
#3053=EDGE_LOOP('',(#1911,#1912,#1913,#1914,#1915,#1916,#1917,#1918));
#3054=EDGE_LOOP('',(#1919,#1920,#1921,#1922));
#3055=EDGE_LOOP('',(#1923,#1924,#1925,#1926));
#3056=EDGE_LOOP('',(#1927,#1928,#1929,#1930));
#3057=EDGE_LOOP('',(#1931,#1932,#1933,#1934));
#3058=FACE_BOUND('',#2863,.T.);
#3059=FACE_BOUND('',#2864,.T.);
#3060=FACE_BOUND('',#2865,.T.);
#3061=FACE_BOUND('',#2866,.T.);
#3062=FACE_BOUND('',#2867,.T.);
#3063=FACE_BOUND('',#2868,.T.);
#3064=FACE_BOUND('',#2869,.T.);
#3065=FACE_BOUND('',#2870,.T.);
#3066=FACE_BOUND('',#2871,.T.);
#3067=FACE_BOUND('',#2872,.T.);
#3068=FACE_BOUND('',#2873,.T.);
#3069=FACE_BOUND('',#2874,.T.);
#3070=FACE_BOUND('',#2875,.T.);
#3071=FACE_BOUND('',#2876,.T.);
#3072=FACE_BOUND('',#2877,.T.);
#3073=FACE_BOUND('',#2878,.T.);
#3074=FACE_BOUND('',#2879,.T.);
#3075=FACE_BOUND('',#2880,.T.);
#3076=FACE_BOUND('',#2881,.T.);
#3077=FACE_BOUND('',#2882,.T.);
#3078=FACE_BOUND('',#2883,.T.);
#3079=FACE_BOUND('',#2884,.T.);
#3080=FACE_BOUND('',#2885,.T.);
#3081=FACE_BOUND('',#2886,.T.);
#3082=FACE_BOUND('',#2887,.T.);
#3083=FACE_BOUND('',#2888,.T.);
#3084=FACE_BOUND('',#2889,.T.);
#3085=FACE_BOUND('',#2890,.T.);
#3086=FACE_BOUND('',#2891,.T.);
#3087=FACE_BOUND('',#2892,.T.);
#3088=FACE_BOUND('',#2893,.T.);
#3089=FACE_BOUND('',#2894,.T.);
#3090=FACE_BOUND('',#2895,.T.);
#3091=FACE_BOUND('',#2896,.T.);
#3092=FACE_BOUND('',#2897,.T.);
#3093=FACE_BOUND('',#2898,.T.);
#3094=FACE_BOUND('',#2899,.T.);
#3095=FACE_BOUND('',#2900,.T.);
#3096=FACE_BOUND('',#2901,.T.);
#3097=FACE_BOUND('',#2902,.T.);
#3098=FACE_BOUND('',#2903,.T.);
#3099=FACE_BOUND('',#2904,.T.);
#3100=FACE_BOUND('',#2905,.T.);
#3101=FACE_BOUND('',#2906,.T.);
#3102=FACE_BOUND('',#2907,.T.);
#3103=FACE_BOUND('',#2908,.T.);
#3104=FACE_BOUND('',#2909,.T.);
#3105=FACE_BOUND('',#2910,.T.);
#3106=FACE_BOUND('',#2911,.T.);
#3107=FACE_BOUND('',#2912,.T.);
#3108=FACE_BOUND('',#2913,.T.);
#3109=FACE_BOUND('',#2914,.T.);
#3110=FACE_BOUND('',#2915,.T.);
#3111=FACE_BOUND('',#2916,.T.);
#3112=FACE_BOUND('',#2917,.T.);
#3113=FACE_BOUND('',#2918,.T.);
#3114=FACE_BOUND('',#2919,.T.);
#3115=FACE_BOUND('',#2920,.T.);
#3116=FACE_BOUND('',#2921,.T.);
#3117=FACE_BOUND('',#2922,.T.);
#3118=FACE_BOUND('',#2923,.T.);
#3119=FACE_BOUND('',#2924,.T.);
#3120=FACE_BOUND('',#2925,.T.);
#3121=FACE_BOUND('',#2926,.T.);
#3122=FACE_BOUND('',#2927,.T.);
#3123=FACE_BOUND('',#2928,.T.);
#3124=FACE_BOUND('',#2929,.T.);
#3125=FACE_BOUND('',#2930,.T.);
#3126=FACE_BOUND('',#2931,.T.);
#3127=FACE_BOUND('',#2932,.T.);
#3128=FACE_BOUND('',#2933,.T.);
#3129=FACE_BOUND('',#2934,.T.);
#3130=FACE_BOUND('',#2935,.T.);
#3131=FACE_BOUND('',#2936,.T.);
#3132=FACE_BOUND('',#2937,.T.);
#3133=FACE_BOUND('',#2938,.T.);
#3134=FACE_BOUND('',#2939,.T.);
#3135=FACE_BOUND('',#2940,.T.);
#3136=FACE_BOUND('',#2941,.T.);
#3137=FACE_BOUND('',#2942,.T.);
#3138=FACE_BOUND('',#2943,.T.);
#3139=FACE_BOUND('',#2944,.T.);
#3140=FACE_BOUND('',#2945,.T.);
#3141=FACE_BOUND('',#2946,.T.);
#3142=FACE_BOUND('',#2947,.T.);
#3143=FACE_BOUND('',#2948,.T.);
#3144=FACE_BOUND('',#2949,.T.);
#3145=FACE_BOUND('',#2950,.T.);
#3146=FACE_BOUND('',#2951,.T.);
#3147=FACE_BOUND('',#2952,.T.);
#3148=FACE_BOUND('',#2953,.T.);
#3149=FACE_BOUND('',#2954,.T.);
#3150=FACE_BOUND('',#2955,.T.);
#3151=FACE_BOUND('',#2956,.T.);
#3152=FACE_BOUND('',#2957,.T.);
#3153=FACE_BOUND('',#2958,.T.);
#3154=FACE_BOUND('',#2959,.T.);
#3155=FACE_BOUND('',#2960,.T.);
#3156=FACE_BOUND('',#2961,.T.);
#3157=FACE_BOUND('',#2962,.T.);
#3158=FACE_BOUND('',#2963,.T.);
#3159=FACE_BOUND('',#2964,.T.);
#3160=FACE_BOUND('',#2965,.T.);
#3161=FACE_BOUND('',#2966,.T.);
#3162=FACE_BOUND('',#2967,.T.);
#3163=FACE_BOUND('',#2968,.T.);
#3164=FACE_BOUND('',#2969,.T.);
#3165=FACE_BOUND('',#2970,.T.);
#3166=FACE_BOUND('',#2971,.T.);
#3167=FACE_BOUND('',#2972,.T.);
#3168=FACE_BOUND('',#2973,.T.);
#3169=FACE_BOUND('',#2974,.T.);
#3170=FACE_BOUND('',#2975,.T.);
#3171=FACE_BOUND('',#2976,.T.);
#3172=FACE_BOUND('',#2977,.T.);
#3173=FACE_BOUND('',#2978,.T.);
#3174=FACE_BOUND('',#2979,.T.);
#3175=FACE_BOUND('',#2980,.T.);
#3176=FACE_BOUND('',#2981,.T.);
#3177=FACE_BOUND('',#2982,.T.);
#3178=FACE_BOUND('',#2983,.T.);
#3179=FACE_BOUND('',#2984,.T.);
#3180=FACE_BOUND('',#2985,.T.);
#3181=FACE_BOUND('',#2986,.T.);
#3182=FACE_BOUND('',#2987,.T.);
#3183=FACE_BOUND('',#2988,.T.);
#3184=FACE_BOUND('',#2989,.T.);
#3185=FACE_BOUND('',#2990,.T.);
#3186=FACE_BOUND('',#2991,.T.);
#3187=FACE_BOUND('',#2992,.T.);
#3188=FACE_BOUND('',#2993,.T.);
#3189=FACE_BOUND('',#2994,.T.);
#3190=FACE_BOUND('',#2995,.T.);
#3191=FACE_BOUND('',#2996,.T.);
#3192=FACE_BOUND('',#2997,.T.);
#3193=FACE_BOUND('',#2998,.T.);
#3194=FACE_BOUND('',#2999,.T.);
#3195=FACE_BOUND('',#3000,.T.);
#3196=FACE_BOUND('',#3001,.T.);
#3197=FACE_BOUND('',#3002,.T.);
#3198=FACE_BOUND('',#3003,.T.);
#3199=FACE_BOUND('',#3004,.T.);
#3200=FACE_BOUND('',#3005,.T.);
#3201=FACE_BOUND('',#3006,.T.);
#3202=FACE_BOUND('',#3007,.T.);
#3203=FACE_BOUND('',#3008,.T.);
#3204=FACE_BOUND('',#3009,.T.);
#3205=FACE_BOUND('',#3010,.T.);
#3206=FACE_BOUND('',#3011,.T.);
#3207=FACE_BOUND('',#3012,.T.);
#3208=FACE_BOUND('',#3013,.T.);
#3209=FACE_BOUND('',#3014,.T.);
#3210=FACE_BOUND('',#3015,.T.);
#3211=FACE_BOUND('',#3016,.T.);
#3212=FACE_BOUND('',#3017,.T.);
#3213=FACE_BOUND('',#3018,.T.);
#3214=FACE_BOUND('',#3019,.T.);
#3215=FACE_BOUND('',#3020,.T.);
#3216=FACE_BOUND('',#3021,.T.);
#3217=FACE_BOUND('',#3022,.T.);
#3218=FACE_BOUND('',#3023,.T.);
#3219=FACE_BOUND('',#3024,.T.);
#3220=FACE_BOUND('',#3025,.T.);
#3221=FACE_BOUND('',#3026,.T.);
#3222=FACE_BOUND('',#3027,.T.);
#3223=FACE_BOUND('',#3028,.T.);
#3224=FACE_BOUND('',#3029,.T.);
#3225=FACE_BOUND('',#3030,.T.);
#3226=FACE_BOUND('',#3031,.T.);
#3227=FACE_BOUND('',#3032,.T.);
#3228=FACE_BOUND('',#3033,.T.);
#3229=FACE_BOUND('',#3034,.T.);
#3230=FACE_BOUND('',#3035,.T.);
#3231=FACE_BOUND('',#3036,.T.);
#3232=FACE_BOUND('',#3037,.T.);
#3233=FACE_BOUND('',#3038,.T.);
#3234=FACE_BOUND('',#3039,.T.);
#3235=FACE_BOUND('',#3040,.T.);
#3236=FACE_BOUND('',#3041,.T.);
#3237=FACE_BOUND('',#3042,.T.);
#3238=FACE_BOUND('',#3043,.T.);
#3239=FACE_BOUND('',#3044,.T.);
#3240=FACE_BOUND('',#3045,.T.);
#3241=FACE_BOUND('',#3046,.T.);
#3242=FACE_BOUND('',#3047,.T.);
#3243=FACE_BOUND('',#3048,.T.);
#3244=FACE_BOUND('',#3049,.T.);
#3245=FACE_BOUND('',#3050,.T.);
#3246=FACE_BOUND('',#3051,.T.);
#3247=FACE_BOUND('',#3052,.T.);
#3248=FACE_BOUND('',#3053,.T.);
#3249=FACE_BOUND('',#3054,.T.);
#3250=FACE_BOUND('',#3055,.T.);
#3251=FACE_BOUND('',#3056,.T.);
#3252=FACE_BOUND('',#3057,.T.);
#3253=CYLINDRICAL_SURFACE('',#4756,0.349269610598573);
#3254=CYLINDRICAL_SURFACE('',#4759,0.349269610598573);
#3255=CYLINDRICAL_SURFACE('',#4772,0.481098758304803);
#3256=CYLINDRICAL_SURFACE('',#4775,0.187111960067854);
#3257=CYLINDRICAL_SURFACE('',#4781,0.349269610598573);
#3258=CYLINDRICAL_SURFACE('',#4784,0.349269610598573);
#3259=CYLINDRICAL_SURFACE('',#4797,0.481098758304803);
#3260=CYLINDRICAL_SURFACE('',#4800,0.187111960067854);
#3261=CYLINDRICAL_SURFACE('',#4832,3.);
#3262=CYLINDRICAL_SURFACE('',#4841,0.352797586463205);
#3263=CYLINDRICAL_SURFACE('',#4843,0.352797586463205);
#3264=CYLINDRICAL_SURFACE('',#4849,0.52919637969481);
#3265=CYLINDRICAL_SURFACE('',#4850,0.52919637969481);
#3266=CYLINDRICAL_SURFACE('',#4857,0.4);
#3267=CYLINDRICAL_SURFACE('',#4860,0.4);
#3268=CYLINDRICAL_SURFACE('',#4863,0.252797586463205);
#3269=CYLINDRICAL_SURFACE('',#4866,0.252797586463205);
#3270=CYLINDRICAL_SURFACE('',#4868,0.352797586463205);
#3271=CYLINDRICAL_SURFACE('',#4870,0.352797586463205);
#3272=CYLINDRICAL_SURFACE('',#4874,0.352797586463205);
#3273=CYLINDRICAL_SURFACE('',#4877,0.352797586463205);
#3274=CYLINDRICAL_SURFACE('',#4884,1.82416258318111);
#3275=CYLINDRICAL_SURFACE('',#4889,3.5);
#3276=CYLINDRICAL_SURFACE('',#4892,3.17308677192935);
#3277=CYLINDRICAL_SURFACE('',#4906,0.5);
#3278=CYLINDRICAL_SURFACE('',#4912,0.5);
#3279=CYLINDRICAL_SURFACE('',#4926,0.423978881941624);
#3280=CYLINDRICAL_SURFACE('',#4933,0.393852489624199);
#3281=CYLINDRICAL_SURFACE('',#4943,1.06);
#3282=CYLINDRICAL_SURFACE('',#4947,1.06);
#3283=CYLINDRICAL_SURFACE('',#4957,0.4);
#3284=CYLINDRICAL_SURFACE('',#4961,0.4);
#3285=CYLINDRICAL_SURFACE('',#4965,0.4);
#3286=CYLINDRICAL_SURFACE('',#4973,0.4);
#3287=CYLINDRICAL_SURFACE('',#4977,0.4);
#3288=CYLINDRICAL_SURFACE('',#4981,0.4);
#3289=CYLINDRICAL_SURFACE('',#4991,1.06);
#3290=CYLINDRICAL_SURFACE('',#4995,1.06);
#3291=CYLINDRICAL_SURFACE('',#5003,0.476276741725327);
#3292=CYLINDRICAL_SURFACE('',#5004,0.476276741725327);
#3293=CYLINDRICAL_SURFACE('',#5005,0.476276741725327);
#3294=CYLINDRICAL_SURFACE('',#5006,0.476276741725327);
#3295=CYLINDRICAL_SURFACE('',#5007,0.582116017664288);
#3296=CYLINDRICAL_SURFACE('',#5008,0.582116017664288);
#3297=CYLINDRICAL_SURFACE('',#5009,0.481098758304803);
#3298=CYLINDRICAL_SURFACE('',#5014,0.187111960067854);
#3299=CYLINDRICAL_SURFACE('',#5032,0.349269610598573);
#3300=CYLINDRICAL_SURFACE('',#5033,0.349269610598573);
#3301=STYLED_ITEM('',(#3482),#4570);
#3302=STYLED_ITEM('',(#3483),#4571);
#3303=STYLED_ITEM('',(#3484),#4572);
#3304=STYLED_ITEM('',(#3485),#4573);
#3305=STYLED_ITEM('',(#3486),#4574);
#3306=STYLED_ITEM('',(#3487),#4575);
#3307=STYLED_ITEM('',(#3488),#4576);
#3308=STYLED_ITEM('',(#3489),#4577);
#3309=STYLED_ITEM('',(#3490),#4578);
#3310=STYLED_ITEM('',(#3491),#4579);
#3311=STYLED_ITEM('',(#3492),#4580);
#3312=STYLED_ITEM('',(#3493),#4581);
#3313=STYLED_ITEM('',(#3494),#4582);
#3314=STYLED_ITEM('',(#3495),#4583);
#3315=STYLED_ITEM('',(#3496),#4584);
#3316=STYLED_ITEM('',(#3497),#4585);
#3317=STYLED_ITEM('',(#3498),#4586);
#3318=STYLED_ITEM('',(#3499),#4587);
#3319=STYLED_ITEM('',(#3500),#4588);
#3320=STYLED_ITEM('',(#3501),#4589);
#3321=STYLED_ITEM('',(#3502),#4590);
#3322=STYLED_ITEM('',(#3503),#4591);
#3323=STYLED_ITEM('',(#3504),#4592);
#3324=STYLED_ITEM('',(#3505),#4593);
#3325=STYLED_ITEM('',(#3506),#4594);
#3326=STYLED_ITEM('',(#3507),#4595);
#3327=STYLED_ITEM('',(#3508),#4596);
#3328=STYLED_ITEM('',(#3509),#4597);
#3329=STYLED_ITEM('',(#3510),#4598);
#3330=STYLED_ITEM('',(#3511),#4599);
#3331=STYLED_ITEM('',(#3512),#4600);
#3332=STYLED_ITEM('',(#3513),#4601);
#3333=STYLED_ITEM('',(#3514),#4602);
#3334=STYLED_ITEM('',(#3515),#4603);
#3335=STYLED_ITEM('',(#3516),#4604);
#3336=STYLED_ITEM('',(#3517),#4605);
#3337=STYLED_ITEM('',(#3518),#4606);
#3338=STYLED_ITEM('',(#3519),#4607);
#3339=STYLED_ITEM('',(#3520),#4608);
#3340=STYLED_ITEM('',(#3521),#4609);
#3341=STYLED_ITEM('',(#3522),#4610);
#3342=STYLED_ITEM('',(#3523),#4611);
#3343=STYLED_ITEM('',(#3524),#4612);
#3344=STYLED_ITEM('',(#3525),#4613);
#3345=STYLED_ITEM('',(#3526),#4614);
#3346=STYLED_ITEM('',(#3527),#4615);
#3347=STYLED_ITEM('',(#3528),#4616);
#3348=STYLED_ITEM('',(#3529),#4617);
#3349=STYLED_ITEM('',(#3530),#4618);
#3350=STYLED_ITEM('',(#3531),#4619);
#3351=STYLED_ITEM('',(#3532),#4620);
#3352=STYLED_ITEM('',(#3533),#4621);
#3353=STYLED_ITEM('',(#3534),#4622);
#3354=STYLED_ITEM('',(#3535),#4623);
#3355=STYLED_ITEM('',(#3536),#4624);
#3356=STYLED_ITEM('',(#3537),#4625);
#3357=STYLED_ITEM('',(#3538),#4626);
#3358=STYLED_ITEM('',(#3539),#4627);
#3359=STYLED_ITEM('',(#3540),#4628);
#3360=STYLED_ITEM('',(#3541),#4629);
#3361=STYLED_ITEM('',(#3542),#4630);
#3362=STYLED_ITEM('',(#3543),#4631);
#3363=STYLED_ITEM('',(#3544),#4632);
#3364=STYLED_ITEM('',(#3545),#4633);
#3365=STYLED_ITEM('',(#3546),#4634);
#3366=STYLED_ITEM('',(#3547),#4635);
#3367=STYLED_ITEM('',(#3548),#4636);
#3368=STYLED_ITEM('',(#3549),#4637);
#3369=STYLED_ITEM('',(#3550),#4638);
#3370=STYLED_ITEM('',(#3551),#4639);
#3371=STYLED_ITEM('',(#3552),#4640);
#3372=STYLED_ITEM('',(#3553),#4641);
#3373=STYLED_ITEM('',(#3554),#4642);
#3374=STYLED_ITEM('',(#3555),#4643);
#3375=STYLED_ITEM('',(#3556),#4644);
#3376=STYLED_ITEM('',(#3557),#4645);
#3377=STYLED_ITEM('',(#3558),#4646);
#3378=STYLED_ITEM('',(#3559),#4647);
#3379=STYLED_ITEM('',(#3560),#4648);
#3380=STYLED_ITEM('',(#3561),#4649);
#3381=STYLED_ITEM('',(#3562),#4650);
#3382=STYLED_ITEM('',(#3563),#4651);
#3383=STYLED_ITEM('',(#3564),#4652);
#3384=STYLED_ITEM('',(#3565),#4653);
#3385=STYLED_ITEM('',(#3566),#4654);
#3386=STYLED_ITEM('',(#3567),#4655);
#3387=STYLED_ITEM('',(#3568),#4656);
#3388=STYLED_ITEM('',(#3569),#4657);
#3389=STYLED_ITEM('',(#3570),#4658);
#3390=STYLED_ITEM('',(#3571),#4659);
#3391=STYLED_ITEM('',(#3572),#4660);
#3392=STYLED_ITEM('',(#3573),#4661);
#3393=STYLED_ITEM('',(#3574),#4662);
#3394=STYLED_ITEM('',(#3575),#4663);
#3395=STYLED_ITEM('',(#3576),#4664);
#3396=STYLED_ITEM('',(#3577),#4665);
#3397=STYLED_ITEM('',(#3578),#4666);
#3398=STYLED_ITEM('',(#3579),#4667);
#3399=STYLED_ITEM('',(#3580),#4668);
#3400=STYLED_ITEM('',(#3581),#4669);
#3401=STYLED_ITEM('',(#3582),#4670);
#3402=STYLED_ITEM('',(#3583),#4671);
#3403=STYLED_ITEM('',(#3584),#4672);
#3404=STYLED_ITEM('',(#3585),#4673);
#3405=STYLED_ITEM('',(#3586),#4674);
#3406=STYLED_ITEM('',(#3587),#4675);
#3407=STYLED_ITEM('',(#3588),#4676);
#3408=STYLED_ITEM('',(#3589),#4677);
#3409=STYLED_ITEM('',(#3590),#4678);
#3410=STYLED_ITEM('',(#3591),#4679);
#3411=STYLED_ITEM('',(#3592),#4680);
#3412=STYLED_ITEM('',(#3593),#4681);
#3413=STYLED_ITEM('',(#3594),#4682);
#3414=STYLED_ITEM('',(#3595),#4683);
#3415=STYLED_ITEM('',(#3596),#4684);
#3416=STYLED_ITEM('',(#3597),#4685);
#3417=STYLED_ITEM('',(#3598),#4686);
#3418=STYLED_ITEM('',(#3599),#4687);
#3419=STYLED_ITEM('',(#3600),#4688);
#3420=STYLED_ITEM('',(#3601),#4689);
#3421=STYLED_ITEM('',(#3602),#4690);
#3422=STYLED_ITEM('',(#3603),#4691);
#3423=STYLED_ITEM('',(#3604),#4692);
#3424=STYLED_ITEM('',(#3605),#4693);
#3425=STYLED_ITEM('',(#3606),#4694);
#3426=STYLED_ITEM('',(#3607),#4695);
#3427=STYLED_ITEM('',(#3608),#4696);
#3428=STYLED_ITEM('',(#3609),#4697);
#3429=STYLED_ITEM('',(#3610),#4698);
#3430=STYLED_ITEM('',(#3611),#4699);
#3431=STYLED_ITEM('',(#3612),#4700);
#3432=STYLED_ITEM('',(#3613),#4701);
#3433=STYLED_ITEM('',(#3614),#4702);
#3434=STYLED_ITEM('',(#3615),#4703);
#3435=STYLED_ITEM('',(#3616),#4704);
#3436=STYLED_ITEM('',(#3617),#4705);
#3437=STYLED_ITEM('',(#3618),#4706);
#3438=STYLED_ITEM('',(#3619),#4707);
#3439=STYLED_ITEM('',(#3620),#4708);
#3440=STYLED_ITEM('',(#3621),#4709);
#3441=STYLED_ITEM('',(#3622),#4710);
#3442=STYLED_ITEM('',(#3623),#4711);
#3443=STYLED_ITEM('',(#3624),#4712);
#3444=STYLED_ITEM('',(#3625),#4713);
#3445=STYLED_ITEM('',(#3626),#4714);
#3446=STYLED_ITEM('',(#3627),#4715);
#3447=STYLED_ITEM('',(#3628),#4716);
#3448=STYLED_ITEM('',(#3629),#4717);
#3449=STYLED_ITEM('',(#3630),#4718);
#3450=STYLED_ITEM('',(#3631),#4719);
#3451=STYLED_ITEM('',(#3632),#4720);
#3452=STYLED_ITEM('',(#3633),#4721);
#3453=STYLED_ITEM('',(#3634),#4722);
#3454=STYLED_ITEM('',(#3635),#4723);
#3455=STYLED_ITEM('',(#3636),#4724);
#3456=STYLED_ITEM('',(#3637),#4725);
#3457=STYLED_ITEM('',(#3638),#4726);
#3458=STYLED_ITEM('',(#3639),#4727);
#3459=STYLED_ITEM('',(#3640),#4728);
#3460=STYLED_ITEM('',(#3641),#4729);
#3461=STYLED_ITEM('',(#3642),#4730);
#3462=STYLED_ITEM('',(#3643),#4731);
#3463=STYLED_ITEM('',(#3644),#4732);
#3464=STYLED_ITEM('',(#3645),#4733);
#3465=STYLED_ITEM('',(#3646),#4734);
#3466=STYLED_ITEM('',(#3647),#4735);
#3467=STYLED_ITEM('',(#3648),#4736);
#3468=STYLED_ITEM('',(#3649),#4737);
#3469=STYLED_ITEM('',(#3650),#4738);
#3470=STYLED_ITEM('',(#3651),#4739);
#3471=STYLED_ITEM('',(#3652),#4740);
#3472=STYLED_ITEM('',(#3653),#4741);
#3473=STYLED_ITEM('',(#3654),#4742);
#3474=STYLED_ITEM('',(#3655),#4743);
#3475=STYLED_ITEM('',(#3656),#4744);
#3476=STYLED_ITEM('',(#3657),#4745);
#3477=STYLED_ITEM('',(#3658),#4746);
#3478=STYLED_ITEM('',(#3659),#4747);
#3479=STYLED_ITEM('',(#3660),#4748);
#3480=STYLED_ITEM('',(#3661),#4749);
#3481=STYLED_ITEM('',(#3662),#4750);
#3482=PRESENTATION_STYLE_ASSIGNMENT((#3663));
#3483=PRESENTATION_STYLE_ASSIGNMENT((#3664));
#3484=PRESENTATION_STYLE_ASSIGNMENT((#3665));
#3485=PRESENTATION_STYLE_ASSIGNMENT((#3666));
#3486=PRESENTATION_STYLE_ASSIGNMENT((#3667));
#3487=PRESENTATION_STYLE_ASSIGNMENT((#3668));
#3488=PRESENTATION_STYLE_ASSIGNMENT((#3669));
#3489=PRESENTATION_STYLE_ASSIGNMENT((#3670));
#3490=PRESENTATION_STYLE_ASSIGNMENT((#3671));
#3491=PRESENTATION_STYLE_ASSIGNMENT((#3672));
#3492=PRESENTATION_STYLE_ASSIGNMENT((#3673));
#3493=PRESENTATION_STYLE_ASSIGNMENT((#3674));
#3494=PRESENTATION_STYLE_ASSIGNMENT((#3675));
#3495=PRESENTATION_STYLE_ASSIGNMENT((#3676));
#3496=PRESENTATION_STYLE_ASSIGNMENT((#3677));
#3497=PRESENTATION_STYLE_ASSIGNMENT((#3678));
#3498=PRESENTATION_STYLE_ASSIGNMENT((#3679));
#3499=PRESENTATION_STYLE_ASSIGNMENT((#3680));
#3500=PRESENTATION_STYLE_ASSIGNMENT((#3681));
#3501=PRESENTATION_STYLE_ASSIGNMENT((#3682));
#3502=PRESENTATION_STYLE_ASSIGNMENT((#3683));
#3503=PRESENTATION_STYLE_ASSIGNMENT((#3684));
#3504=PRESENTATION_STYLE_ASSIGNMENT((#3685));
#3505=PRESENTATION_STYLE_ASSIGNMENT((#3686));
#3506=PRESENTATION_STYLE_ASSIGNMENT((#3687));
#3507=PRESENTATION_STYLE_ASSIGNMENT((#3688));
#3508=PRESENTATION_STYLE_ASSIGNMENT((#3689));
#3509=PRESENTATION_STYLE_ASSIGNMENT((#3690));
#3510=PRESENTATION_STYLE_ASSIGNMENT((#3691));
#3511=PRESENTATION_STYLE_ASSIGNMENT((#3692));
#3512=PRESENTATION_STYLE_ASSIGNMENT((#3693));
#3513=PRESENTATION_STYLE_ASSIGNMENT((#3694));
#3514=PRESENTATION_STYLE_ASSIGNMENT((#3695));
#3515=PRESENTATION_STYLE_ASSIGNMENT((#3696));
#3516=PRESENTATION_STYLE_ASSIGNMENT((#3697));
#3517=PRESENTATION_STYLE_ASSIGNMENT((#3698));
#3518=PRESENTATION_STYLE_ASSIGNMENT((#3699));
#3519=PRESENTATION_STYLE_ASSIGNMENT((#3700));
#3520=PRESENTATION_STYLE_ASSIGNMENT((#3701));
#3521=PRESENTATION_STYLE_ASSIGNMENT((#3702));
#3522=PRESENTATION_STYLE_ASSIGNMENT((#3703));
#3523=PRESENTATION_STYLE_ASSIGNMENT((#3704));
#3524=PRESENTATION_STYLE_ASSIGNMENT((#3705));
#3525=PRESENTATION_STYLE_ASSIGNMENT((#3706));
#3526=PRESENTATION_STYLE_ASSIGNMENT((#3707));
#3527=PRESENTATION_STYLE_ASSIGNMENT((#3708));
#3528=PRESENTATION_STYLE_ASSIGNMENT((#3709));
#3529=PRESENTATION_STYLE_ASSIGNMENT((#3710));
#3530=PRESENTATION_STYLE_ASSIGNMENT((#3711));
#3531=PRESENTATION_STYLE_ASSIGNMENT((#3712));
#3532=PRESENTATION_STYLE_ASSIGNMENT((#3713));
#3533=PRESENTATION_STYLE_ASSIGNMENT((#3714));
#3534=PRESENTATION_STYLE_ASSIGNMENT((#3715));
#3535=PRESENTATION_STYLE_ASSIGNMENT((#3716));
#3536=PRESENTATION_STYLE_ASSIGNMENT((#3717));
#3537=PRESENTATION_STYLE_ASSIGNMENT((#3718));
#3538=PRESENTATION_STYLE_ASSIGNMENT((#3719));
#3539=PRESENTATION_STYLE_ASSIGNMENT((#3720));
#3540=PRESENTATION_STYLE_ASSIGNMENT((#3721));
#3541=PRESENTATION_STYLE_ASSIGNMENT((#3722));
#3542=PRESENTATION_STYLE_ASSIGNMENT((#3723));
#3543=PRESENTATION_STYLE_ASSIGNMENT((#3724));
#3544=PRESENTATION_STYLE_ASSIGNMENT((#3725));
#3545=PRESENTATION_STYLE_ASSIGNMENT((#3726));
#3546=PRESENTATION_STYLE_ASSIGNMENT((#3727));
#3547=PRESENTATION_STYLE_ASSIGNMENT((#3728));
#3548=PRESENTATION_STYLE_ASSIGNMENT((#3729));
#3549=PRESENTATION_STYLE_ASSIGNMENT((#3730));
#3550=PRESENTATION_STYLE_ASSIGNMENT((#3731));
#3551=PRESENTATION_STYLE_ASSIGNMENT((#3732));
#3552=PRESENTATION_STYLE_ASSIGNMENT((#3733));
#3553=PRESENTATION_STYLE_ASSIGNMENT((#3734));
#3554=PRESENTATION_STYLE_ASSIGNMENT((#3735));
#3555=PRESENTATION_STYLE_ASSIGNMENT((#3736));
#3556=PRESENTATION_STYLE_ASSIGNMENT((#3737));
#3557=PRESENTATION_STYLE_ASSIGNMENT((#3738));
#3558=PRESENTATION_STYLE_ASSIGNMENT((#3739));
#3559=PRESENTATION_STYLE_ASSIGNMENT((#3740));
#3560=PRESENTATION_STYLE_ASSIGNMENT((#3741));
#3561=PRESENTATION_STYLE_ASSIGNMENT((#3742));
#3562=PRESENTATION_STYLE_ASSIGNMENT((#3743));
#3563=PRESENTATION_STYLE_ASSIGNMENT((#3744));
#3564=PRESENTATION_STYLE_ASSIGNMENT((#3745));
#3565=PRESENTATION_STYLE_ASSIGNMENT((#3746));
#3566=PRESENTATION_STYLE_ASSIGNMENT((#3747));
#3567=PRESENTATION_STYLE_ASSIGNMENT((#3748));
#3568=PRESENTATION_STYLE_ASSIGNMENT((#3749));
#3569=PRESENTATION_STYLE_ASSIGNMENT((#3750));
#3570=PRESENTATION_STYLE_ASSIGNMENT((#3751));
#3571=PRESENTATION_STYLE_ASSIGNMENT((#3752));
#3572=PRESENTATION_STYLE_ASSIGNMENT((#3753));
#3573=PRESENTATION_STYLE_ASSIGNMENT((#3754));
#3574=PRESENTATION_STYLE_ASSIGNMENT((#3755));
#3575=PRESENTATION_STYLE_ASSIGNMENT((#3756));
#3576=PRESENTATION_STYLE_ASSIGNMENT((#3757));
#3577=PRESENTATION_STYLE_ASSIGNMENT((#3758));
#3578=PRESENTATION_STYLE_ASSIGNMENT((#3759));
#3579=PRESENTATION_STYLE_ASSIGNMENT((#3760));
#3580=PRESENTATION_STYLE_ASSIGNMENT((#3761));
#3581=PRESENTATION_STYLE_ASSIGNMENT((#3762));
#3582=PRESENTATION_STYLE_ASSIGNMENT((#3763));
#3583=PRESENTATION_STYLE_ASSIGNMENT((#3764));
#3584=PRESENTATION_STYLE_ASSIGNMENT((#3765));
#3585=PRESENTATION_STYLE_ASSIGNMENT((#3766));
#3586=PRESENTATION_STYLE_ASSIGNMENT((#3767));
#3587=PRESENTATION_STYLE_ASSIGNMENT((#3768));
#3588=PRESENTATION_STYLE_ASSIGNMENT((#3769));
#3589=PRESENTATION_STYLE_ASSIGNMENT((#3770));
#3590=PRESENTATION_STYLE_ASSIGNMENT((#3771));
#3591=PRESENTATION_STYLE_ASSIGNMENT((#3772));
#3592=PRESENTATION_STYLE_ASSIGNMENT((#3773));
#3593=PRESENTATION_STYLE_ASSIGNMENT((#3774));
#3594=PRESENTATION_STYLE_ASSIGNMENT((#3775));
#3595=PRESENTATION_STYLE_ASSIGNMENT((#3776));
#3596=PRESENTATION_STYLE_ASSIGNMENT((#3777));
#3597=PRESENTATION_STYLE_ASSIGNMENT((#3778));
#3598=PRESENTATION_STYLE_ASSIGNMENT((#3779));
#3599=PRESENTATION_STYLE_ASSIGNMENT((#3780));
#3600=PRESENTATION_STYLE_ASSIGNMENT((#3781));
#3601=PRESENTATION_STYLE_ASSIGNMENT((#3782));
#3602=PRESENTATION_STYLE_ASSIGNMENT((#3783));
#3603=PRESENTATION_STYLE_ASSIGNMENT((#3784));
#3604=PRESENTATION_STYLE_ASSIGNMENT((#3785));
#3605=PRESENTATION_STYLE_ASSIGNMENT((#3786));
#3606=PRESENTATION_STYLE_ASSIGNMENT((#3787));
#3607=PRESENTATION_STYLE_ASSIGNMENT((#3788));
#3608=PRESENTATION_STYLE_ASSIGNMENT((#3789));
#3609=PRESENTATION_STYLE_ASSIGNMENT((#3790));
#3610=PRESENTATION_STYLE_ASSIGNMENT((#3791));
#3611=PRESENTATION_STYLE_ASSIGNMENT((#3792));
#3612=PRESENTATION_STYLE_ASSIGNMENT((#3793));
#3613=PRESENTATION_STYLE_ASSIGNMENT((#3794));
#3614=PRESENTATION_STYLE_ASSIGNMENT((#3795));
#3615=PRESENTATION_STYLE_ASSIGNMENT((#3796));
#3616=PRESENTATION_STYLE_ASSIGNMENT((#3797));
#3617=PRESENTATION_STYLE_ASSIGNMENT((#3798));
#3618=PRESENTATION_STYLE_ASSIGNMENT((#3799));
#3619=PRESENTATION_STYLE_ASSIGNMENT((#3800));
#3620=PRESENTATION_STYLE_ASSIGNMENT((#3801));
#3621=PRESENTATION_STYLE_ASSIGNMENT((#3802));
#3622=PRESENTATION_STYLE_ASSIGNMENT((#3803));
#3623=PRESENTATION_STYLE_ASSIGNMENT((#3804));
#3624=PRESENTATION_STYLE_ASSIGNMENT((#3805));
#3625=PRESENTATION_STYLE_ASSIGNMENT((#3806));
#3626=PRESENTATION_STYLE_ASSIGNMENT((#3807));
#3627=PRESENTATION_STYLE_ASSIGNMENT((#3808));
#3628=PRESENTATION_STYLE_ASSIGNMENT((#3809));
#3629=PRESENTATION_STYLE_ASSIGNMENT((#3810));
#3630=PRESENTATION_STYLE_ASSIGNMENT((#3811));
#3631=PRESENTATION_STYLE_ASSIGNMENT((#3812));
#3632=PRESENTATION_STYLE_ASSIGNMENT((#3813));
#3633=PRESENTATION_STYLE_ASSIGNMENT((#3814));
#3634=PRESENTATION_STYLE_ASSIGNMENT((#3815));
#3635=PRESENTATION_STYLE_ASSIGNMENT((#3816));
#3636=PRESENTATION_STYLE_ASSIGNMENT((#3817));
#3637=PRESENTATION_STYLE_ASSIGNMENT((#3818));
#3638=PRESENTATION_STYLE_ASSIGNMENT((#3819));
#3639=PRESENTATION_STYLE_ASSIGNMENT((#3820));
#3640=PRESENTATION_STYLE_ASSIGNMENT((#3821));
#3641=PRESENTATION_STYLE_ASSIGNMENT((#3822));
#3642=PRESENTATION_STYLE_ASSIGNMENT((#3823));
#3643=PRESENTATION_STYLE_ASSIGNMENT((#3824));
#3644=PRESENTATION_STYLE_ASSIGNMENT((#3825));
#3645=PRESENTATION_STYLE_ASSIGNMENT((#3826));
#3646=PRESENTATION_STYLE_ASSIGNMENT((#3827));
#3647=PRESENTATION_STYLE_ASSIGNMENT((#3828));
#3648=PRESENTATION_STYLE_ASSIGNMENT((#3829));
#3649=PRESENTATION_STYLE_ASSIGNMENT((#3830));
#3650=PRESENTATION_STYLE_ASSIGNMENT((#3831));
#3651=PRESENTATION_STYLE_ASSIGNMENT((#3832));
#3652=PRESENTATION_STYLE_ASSIGNMENT((#3833));
#3653=PRESENTATION_STYLE_ASSIGNMENT((#3834));
#3654=PRESENTATION_STYLE_ASSIGNMENT((#3835));
#3655=PRESENTATION_STYLE_ASSIGNMENT((#3836));
#3656=PRESENTATION_STYLE_ASSIGNMENT((#3837));
#3657=PRESENTATION_STYLE_ASSIGNMENT((#3838));
#3658=PRESENTATION_STYLE_ASSIGNMENT((#3839));
#3659=PRESENTATION_STYLE_ASSIGNMENT((#3840));
#3660=PRESENTATION_STYLE_ASSIGNMENT((#3841));
#3661=PRESENTATION_STYLE_ASSIGNMENT((#3842));
#3662=PRESENTATION_STYLE_ASSIGNMENT((#3843));
#3663=SURFACE_STYLE_USAGE(.BOTH.,#3844);
#3664=SURFACE_STYLE_USAGE(.BOTH.,#3845);
#3665=SURFACE_STYLE_USAGE(.BOTH.,#3846);
#3666=SURFACE_STYLE_USAGE(.BOTH.,#3847);
#3667=SURFACE_STYLE_USAGE(.BOTH.,#3848);
#3668=SURFACE_STYLE_USAGE(.BOTH.,#3849);
#3669=SURFACE_STYLE_USAGE(.BOTH.,#3850);
#3670=SURFACE_STYLE_USAGE(.BOTH.,#3851);
#3671=SURFACE_STYLE_USAGE(.BOTH.,#3852);
#3672=SURFACE_STYLE_USAGE(.BOTH.,#3853);
#3673=SURFACE_STYLE_USAGE(.BOTH.,#3854);
#3674=SURFACE_STYLE_USAGE(.BOTH.,#3855);
#3675=SURFACE_STYLE_USAGE(.BOTH.,#3856);
#3676=SURFACE_STYLE_USAGE(.BOTH.,#3857);
#3677=SURFACE_STYLE_USAGE(.BOTH.,#3858);
#3678=SURFACE_STYLE_USAGE(.BOTH.,#3859);
#3679=SURFACE_STYLE_USAGE(.BOTH.,#3860);
#3680=SURFACE_STYLE_USAGE(.BOTH.,#3861);
#3681=SURFACE_STYLE_USAGE(.BOTH.,#3862);
#3682=SURFACE_STYLE_USAGE(.BOTH.,#3863);
#3683=SURFACE_STYLE_USAGE(.BOTH.,#3864);
#3684=SURFACE_STYLE_USAGE(.BOTH.,#3865);
#3685=SURFACE_STYLE_USAGE(.BOTH.,#3866);
#3686=SURFACE_STYLE_USAGE(.BOTH.,#3867);
#3687=SURFACE_STYLE_USAGE(.BOTH.,#3868);
#3688=SURFACE_STYLE_USAGE(.BOTH.,#3869);
#3689=SURFACE_STYLE_USAGE(.BOTH.,#3870);
#3690=SURFACE_STYLE_USAGE(.BOTH.,#3871);
#3691=SURFACE_STYLE_USAGE(.BOTH.,#3872);
#3692=SURFACE_STYLE_USAGE(.BOTH.,#3873);
#3693=SURFACE_STYLE_USAGE(.BOTH.,#3874);
#3694=SURFACE_STYLE_USAGE(.BOTH.,#3875);
#3695=SURFACE_STYLE_USAGE(.BOTH.,#3876);
#3696=SURFACE_STYLE_USAGE(.BOTH.,#3877);
#3697=SURFACE_STYLE_USAGE(.BOTH.,#3878);
#3698=SURFACE_STYLE_USAGE(.BOTH.,#3879);
#3699=SURFACE_STYLE_USAGE(.BOTH.,#3880);
#3700=SURFACE_STYLE_USAGE(.BOTH.,#3881);
#3701=SURFACE_STYLE_USAGE(.BOTH.,#3882);
#3702=SURFACE_STYLE_USAGE(.BOTH.,#3883);
#3703=SURFACE_STYLE_USAGE(.BOTH.,#3884);
#3704=SURFACE_STYLE_USAGE(.BOTH.,#3885);
#3705=SURFACE_STYLE_USAGE(.BOTH.,#3886);
#3706=SURFACE_STYLE_USAGE(.BOTH.,#3887);
#3707=SURFACE_STYLE_USAGE(.BOTH.,#3888);
#3708=SURFACE_STYLE_USAGE(.BOTH.,#3889);
#3709=SURFACE_STYLE_USAGE(.BOTH.,#3890);
#3710=SURFACE_STYLE_USAGE(.BOTH.,#3891);
#3711=SURFACE_STYLE_USAGE(.BOTH.,#3892);
#3712=SURFACE_STYLE_USAGE(.BOTH.,#3893);
#3713=SURFACE_STYLE_USAGE(.BOTH.,#3894);
#3714=SURFACE_STYLE_USAGE(.BOTH.,#3895);
#3715=SURFACE_STYLE_USAGE(.BOTH.,#3896);
#3716=SURFACE_STYLE_USAGE(.BOTH.,#3897);
#3717=SURFACE_STYLE_USAGE(.BOTH.,#3898);
#3718=SURFACE_STYLE_USAGE(.BOTH.,#3899);
#3719=SURFACE_STYLE_USAGE(.BOTH.,#3900);
#3720=SURFACE_STYLE_USAGE(.BOTH.,#3901);
#3721=SURFACE_STYLE_USAGE(.BOTH.,#3902);
#3722=SURFACE_STYLE_USAGE(.BOTH.,#3903);
#3723=SURFACE_STYLE_USAGE(.BOTH.,#3904);
#3724=SURFACE_STYLE_USAGE(.BOTH.,#3905);
#3725=SURFACE_STYLE_USAGE(.BOTH.,#3906);
#3726=SURFACE_STYLE_USAGE(.BOTH.,#3907);
#3727=SURFACE_STYLE_USAGE(.BOTH.,#3908);
#3728=SURFACE_STYLE_USAGE(.BOTH.,#3909);
#3729=SURFACE_STYLE_USAGE(.BOTH.,#3910);
#3730=SURFACE_STYLE_USAGE(.BOTH.,#3911);
#3731=SURFACE_STYLE_USAGE(.BOTH.,#3912);
#3732=SURFACE_STYLE_USAGE(.BOTH.,#3913);
#3733=SURFACE_STYLE_USAGE(.BOTH.,#3914);
#3734=SURFACE_STYLE_USAGE(.BOTH.,#3915);
#3735=SURFACE_STYLE_USAGE(.BOTH.,#3916);
#3736=SURFACE_STYLE_USAGE(.BOTH.,#3917);
#3737=SURFACE_STYLE_USAGE(.BOTH.,#3918);
#3738=SURFACE_STYLE_USAGE(.BOTH.,#3919);
#3739=SURFACE_STYLE_USAGE(.BOTH.,#3920);
#3740=SURFACE_STYLE_USAGE(.BOTH.,#3921);
#3741=SURFACE_STYLE_USAGE(.BOTH.,#3922);
#3742=SURFACE_STYLE_USAGE(.BOTH.,#3923);
#3743=SURFACE_STYLE_USAGE(.BOTH.,#3924);
#3744=SURFACE_STYLE_USAGE(.BOTH.,#3925);
#3745=SURFACE_STYLE_USAGE(.BOTH.,#3926);
#3746=SURFACE_STYLE_USAGE(.BOTH.,#3927);
#3747=SURFACE_STYLE_USAGE(.BOTH.,#3928);
#3748=SURFACE_STYLE_USAGE(.BOTH.,#3929);
#3749=SURFACE_STYLE_USAGE(.BOTH.,#3930);
#3750=SURFACE_STYLE_USAGE(.BOTH.,#3931);
#3751=SURFACE_STYLE_USAGE(.BOTH.,#3932);
#3752=SURFACE_STYLE_USAGE(.BOTH.,#3933);
#3753=SURFACE_STYLE_USAGE(.BOTH.,#3934);
#3754=SURFACE_STYLE_USAGE(.BOTH.,#3935);
#3755=SURFACE_STYLE_USAGE(.BOTH.,#3936);
#3756=SURFACE_STYLE_USAGE(.BOTH.,#3937);
#3757=SURFACE_STYLE_USAGE(.BOTH.,#3938);
#3758=SURFACE_STYLE_USAGE(.BOTH.,#3939);
#3759=SURFACE_STYLE_USAGE(.BOTH.,#3940);
#3760=SURFACE_STYLE_USAGE(.BOTH.,#3941);
#3761=SURFACE_STYLE_USAGE(.BOTH.,#3942);
#3762=SURFACE_STYLE_USAGE(.BOTH.,#3943);
#3763=SURFACE_STYLE_USAGE(.BOTH.,#3944);
#3764=SURFACE_STYLE_USAGE(.BOTH.,#3945);
#3765=SURFACE_STYLE_USAGE(.BOTH.,#3946);
#3766=SURFACE_STYLE_USAGE(.BOTH.,#3947);
#3767=SURFACE_STYLE_USAGE(.BOTH.,#3948);
#3768=SURFACE_STYLE_USAGE(.BOTH.,#3949);
#3769=SURFACE_STYLE_USAGE(.BOTH.,#3950);
#3770=SURFACE_STYLE_USAGE(.BOTH.,#3951);
#3771=SURFACE_STYLE_USAGE(.BOTH.,#3952);
#3772=SURFACE_STYLE_USAGE(.BOTH.,#3953);
#3773=SURFACE_STYLE_USAGE(.BOTH.,#3954);
#3774=SURFACE_STYLE_USAGE(.BOTH.,#3955);
#3775=SURFACE_STYLE_USAGE(.BOTH.,#3956);
#3776=SURFACE_STYLE_USAGE(.BOTH.,#3957);
#3777=SURFACE_STYLE_USAGE(.BOTH.,#3958);
#3778=SURFACE_STYLE_USAGE(.BOTH.,#3959);
#3779=SURFACE_STYLE_USAGE(.BOTH.,#3960);
#3780=SURFACE_STYLE_USAGE(.BOTH.,#3961);
#3781=SURFACE_STYLE_USAGE(.BOTH.,#3962);
#3782=SURFACE_STYLE_USAGE(.BOTH.,#3963);
#3783=SURFACE_STYLE_USAGE(.BOTH.,#3964);
#3784=SURFACE_STYLE_USAGE(.BOTH.,#3965);
#3785=SURFACE_STYLE_USAGE(.BOTH.,#3966);
#3786=SURFACE_STYLE_USAGE(.BOTH.,#3967);
#3787=SURFACE_STYLE_USAGE(.BOTH.,#3968);
#3788=SURFACE_STYLE_USAGE(.BOTH.,#3969);
#3789=SURFACE_STYLE_USAGE(.BOTH.,#3970);
#3790=SURFACE_STYLE_USAGE(.BOTH.,#3971);
#3791=SURFACE_STYLE_USAGE(.BOTH.,#3972);
#3792=SURFACE_STYLE_USAGE(.BOTH.,#3973);
#3793=SURFACE_STYLE_USAGE(.BOTH.,#3974);
#3794=SURFACE_STYLE_USAGE(.BOTH.,#3975);
#3795=SURFACE_STYLE_USAGE(.BOTH.,#3976);
#3796=SURFACE_STYLE_USAGE(.BOTH.,#3977);
#3797=SURFACE_STYLE_USAGE(.BOTH.,#3978);
#3798=SURFACE_STYLE_USAGE(.BOTH.,#3979);
#3799=SURFACE_STYLE_USAGE(.BOTH.,#3980);
#3800=SURFACE_STYLE_USAGE(.BOTH.,#3981);
#3801=SURFACE_STYLE_USAGE(.BOTH.,#3982);
#3802=SURFACE_STYLE_USAGE(.BOTH.,#3983);
#3803=SURFACE_STYLE_USAGE(.BOTH.,#3984);
#3804=SURFACE_STYLE_USAGE(.BOTH.,#3985);
#3805=SURFACE_STYLE_USAGE(.BOTH.,#3986);
#3806=SURFACE_STYLE_USAGE(.BOTH.,#3987);
#3807=SURFACE_STYLE_USAGE(.BOTH.,#3988);
#3808=SURFACE_STYLE_USAGE(.BOTH.,#3989);
#3809=SURFACE_STYLE_USAGE(.BOTH.,#3990);
#3810=SURFACE_STYLE_USAGE(.BOTH.,#3991);
#3811=SURFACE_STYLE_USAGE(.BOTH.,#3992);
#3812=SURFACE_STYLE_USAGE(.BOTH.,#3993);
#3813=SURFACE_STYLE_USAGE(.BOTH.,#3994);
#3814=SURFACE_STYLE_USAGE(.BOTH.,#3995);
#3815=SURFACE_STYLE_USAGE(.BOTH.,#3996);
#3816=SURFACE_STYLE_USAGE(.BOTH.,#3997);
#3817=SURFACE_STYLE_USAGE(.BOTH.,#3998);
#3818=SURFACE_STYLE_USAGE(.BOTH.,#3999);
#3819=SURFACE_STYLE_USAGE(.BOTH.,#4000);
#3820=SURFACE_STYLE_USAGE(.BOTH.,#4001);
#3821=SURFACE_STYLE_USAGE(.BOTH.,#4002);
#3822=SURFACE_STYLE_USAGE(.BOTH.,#4003);
#3823=SURFACE_STYLE_USAGE(.BOTH.,#4004);
#3824=SURFACE_STYLE_USAGE(.BOTH.,#4005);
#3825=SURFACE_STYLE_USAGE(.BOTH.,#4006);
#3826=SURFACE_STYLE_USAGE(.BOTH.,#4007);
#3827=SURFACE_STYLE_USAGE(.BOTH.,#4008);
#3828=SURFACE_STYLE_USAGE(.BOTH.,#4009);
#3829=SURFACE_STYLE_USAGE(.BOTH.,#4010);
#3830=SURFACE_STYLE_USAGE(.BOTH.,#4011);
#3831=SURFACE_STYLE_USAGE(.BOTH.,#4012);
#3832=SURFACE_STYLE_USAGE(.BOTH.,#4013);
#3833=SURFACE_STYLE_USAGE(.BOTH.,#4014);
#3834=SURFACE_STYLE_USAGE(.BOTH.,#4015);
#3835=SURFACE_STYLE_USAGE(.BOTH.,#4016);
#3836=SURFACE_STYLE_USAGE(.BOTH.,#4017);
#3837=SURFACE_STYLE_USAGE(.BOTH.,#4018);
#3838=SURFACE_STYLE_USAGE(.BOTH.,#4019);
#3839=SURFACE_STYLE_USAGE(.BOTH.,#4020);
#3840=SURFACE_STYLE_USAGE(.BOTH.,#4021);
#3841=SURFACE_STYLE_USAGE(.BOTH.,#4022);
#3842=SURFACE_STYLE_USAGE(.BOTH.,#4023);
#3843=SURFACE_STYLE_USAGE(.BOTH.,#4024);
#3844=SURFACE_SIDE_STYLE('',(#4025));
#3845=SURFACE_SIDE_STYLE('',(#4026));
#3846=SURFACE_SIDE_STYLE('',(#4027));
#3847=SURFACE_SIDE_STYLE('',(#4028));
#3848=SURFACE_SIDE_STYLE('',(#4029));
#3849=SURFACE_SIDE_STYLE('',(#4030));
#3850=SURFACE_SIDE_STYLE('',(#4031));
#3851=SURFACE_SIDE_STYLE('',(#4032));
#3852=SURFACE_SIDE_STYLE('',(#4033));
#3853=SURFACE_SIDE_STYLE('',(#4034));
#3854=SURFACE_SIDE_STYLE('',(#4035));
#3855=SURFACE_SIDE_STYLE('',(#4036));
#3856=SURFACE_SIDE_STYLE('',(#4037));
#3857=SURFACE_SIDE_STYLE('',(#4038));
#3858=SURFACE_SIDE_STYLE('',(#4039));
#3859=SURFACE_SIDE_STYLE('',(#4040));
#3860=SURFACE_SIDE_STYLE('',(#4041));
#3861=SURFACE_SIDE_STYLE('',(#4042));
#3862=SURFACE_SIDE_STYLE('',(#4043));
#3863=SURFACE_SIDE_STYLE('',(#4044));
#3864=SURFACE_SIDE_STYLE('',(#4045));
#3865=SURFACE_SIDE_STYLE('',(#4046));
#3866=SURFACE_SIDE_STYLE('',(#4047));
#3867=SURFACE_SIDE_STYLE('',(#4048));
#3868=SURFACE_SIDE_STYLE('',(#4049));
#3869=SURFACE_SIDE_STYLE('',(#4050));
#3870=SURFACE_SIDE_STYLE('',(#4051));
#3871=SURFACE_SIDE_STYLE('',(#4052));
#3872=SURFACE_SIDE_STYLE('',(#4053));
#3873=SURFACE_SIDE_STYLE('',(#4054));
#3874=SURFACE_SIDE_STYLE('',(#4055));
#3875=SURFACE_SIDE_STYLE('',(#4056));
#3876=SURFACE_SIDE_STYLE('',(#4057));
#3877=SURFACE_SIDE_STYLE('',(#4058));
#3878=SURFACE_SIDE_STYLE('',(#4059));
#3879=SURFACE_SIDE_STYLE('',(#4060));
#3880=SURFACE_SIDE_STYLE('',(#4061));
#3881=SURFACE_SIDE_STYLE('',(#4062));
#3882=SURFACE_SIDE_STYLE('',(#4063));
#3883=SURFACE_SIDE_STYLE('',(#4064));
#3884=SURFACE_SIDE_STYLE('',(#4065));
#3885=SURFACE_SIDE_STYLE('',(#4066));
#3886=SURFACE_SIDE_STYLE('',(#4067));
#3887=SURFACE_SIDE_STYLE('',(#4068));
#3888=SURFACE_SIDE_STYLE('',(#4069));
#3889=SURFACE_SIDE_STYLE('',(#4070));
#3890=SURFACE_SIDE_STYLE('',(#4071));
#3891=SURFACE_SIDE_STYLE('',(#4072));
#3892=SURFACE_SIDE_STYLE('',(#4073));
#3893=SURFACE_SIDE_STYLE('',(#4074));
#3894=SURFACE_SIDE_STYLE('',(#4075));
#3895=SURFACE_SIDE_STYLE('',(#4076));
#3896=SURFACE_SIDE_STYLE('',(#4077));
#3897=SURFACE_SIDE_STYLE('',(#4078));
#3898=SURFACE_SIDE_STYLE('',(#4079));
#3899=SURFACE_SIDE_STYLE('',(#4080));
#3900=SURFACE_SIDE_STYLE('',(#4081));
#3901=SURFACE_SIDE_STYLE('',(#4082));
#3902=SURFACE_SIDE_STYLE('',(#4083));
#3903=SURFACE_SIDE_STYLE('',(#4084));
#3904=SURFACE_SIDE_STYLE('',(#4085));
#3905=SURFACE_SIDE_STYLE('',(#4086));
#3906=SURFACE_SIDE_STYLE('',(#4087));
#3907=SURFACE_SIDE_STYLE('',(#4088));
#3908=SURFACE_SIDE_STYLE('',(#4089));
#3909=SURFACE_SIDE_STYLE('',(#4090));
#3910=SURFACE_SIDE_STYLE('',(#4091));
#3911=SURFACE_SIDE_STYLE('',(#4092));
#3912=SURFACE_SIDE_STYLE('',(#4093));
#3913=SURFACE_SIDE_STYLE('',(#4094));
#3914=SURFACE_SIDE_STYLE('',(#4095));
#3915=SURFACE_SIDE_STYLE('',(#4096));
#3916=SURFACE_SIDE_STYLE('',(#4097));
#3917=SURFACE_SIDE_STYLE('',(#4098));
#3918=SURFACE_SIDE_STYLE('',(#4099));
#3919=SURFACE_SIDE_STYLE('',(#4100));
#3920=SURFACE_SIDE_STYLE('',(#4101));
#3921=SURFACE_SIDE_STYLE('',(#4102));
#3922=SURFACE_SIDE_STYLE('',(#4103));
#3923=SURFACE_SIDE_STYLE('',(#4104));
#3924=SURFACE_SIDE_STYLE('',(#4105));
#3925=SURFACE_SIDE_STYLE('',(#4106));
#3926=SURFACE_SIDE_STYLE('',(#4107));
#3927=SURFACE_SIDE_STYLE('',(#4108));
#3928=SURFACE_SIDE_STYLE('',(#4109));
#3929=SURFACE_SIDE_STYLE('',(#4110));
#3930=SURFACE_SIDE_STYLE('',(#4111));
#3931=SURFACE_SIDE_STYLE('',(#4112));
#3932=SURFACE_SIDE_STYLE('',(#4113));
#3933=SURFACE_SIDE_STYLE('',(#4114));
#3934=SURFACE_SIDE_STYLE('',(#4115));
#3935=SURFACE_SIDE_STYLE('',(#4116));
#3936=SURFACE_SIDE_STYLE('',(#4117));
#3937=SURFACE_SIDE_STYLE('',(#4118));
#3938=SURFACE_SIDE_STYLE('',(#4119));
#3939=SURFACE_SIDE_STYLE('',(#4120));
#3940=SURFACE_SIDE_STYLE('',(#4121));
#3941=SURFACE_SIDE_STYLE('',(#4122));
#3942=SURFACE_SIDE_STYLE('',(#4123));
#3943=SURFACE_SIDE_STYLE('',(#4124));
#3944=SURFACE_SIDE_STYLE('',(#4125));
#3945=SURFACE_SIDE_STYLE('',(#4126));
#3946=SURFACE_SIDE_STYLE('',(#4127));
#3947=SURFACE_SIDE_STYLE('',(#4128));
#3948=SURFACE_SIDE_STYLE('',(#4129));
#3949=SURFACE_SIDE_STYLE('',(#4130));
#3950=SURFACE_SIDE_STYLE('',(#4131));
#3951=SURFACE_SIDE_STYLE('',(#4132));
#3952=SURFACE_SIDE_STYLE('',(#4133));
#3953=SURFACE_SIDE_STYLE('',(#4134));
#3954=SURFACE_SIDE_STYLE('',(#4135));
#3955=SURFACE_SIDE_STYLE('',(#4136));
#3956=SURFACE_SIDE_STYLE('',(#4137));
#3957=SURFACE_SIDE_STYLE('',(#4138));
#3958=SURFACE_SIDE_STYLE('',(#4139));
#3959=SURFACE_SIDE_STYLE('',(#4140));
#3960=SURFACE_SIDE_STYLE('',(#4141));
#3961=SURFACE_SIDE_STYLE('',(#4142));
#3962=SURFACE_SIDE_STYLE('',(#4143));
#3963=SURFACE_SIDE_STYLE('',(#4144));
#3964=SURFACE_SIDE_STYLE('',(#4145));
#3965=SURFACE_SIDE_STYLE('',(#4146));
#3966=SURFACE_SIDE_STYLE('',(#4147));
#3967=SURFACE_SIDE_STYLE('',(#4148));
#3968=SURFACE_SIDE_STYLE('',(#4149));
#3969=SURFACE_SIDE_STYLE('',(#4150));
#3970=SURFACE_SIDE_STYLE('',(#4151));
#3971=SURFACE_SIDE_STYLE('',(#4152));
#3972=SURFACE_SIDE_STYLE('',(#4153));
#3973=SURFACE_SIDE_STYLE('',(#4154));
#3974=SURFACE_SIDE_STYLE('',(#4155));
#3975=SURFACE_SIDE_STYLE('',(#4156));
#3976=SURFACE_SIDE_STYLE('',(#4157));
#3977=SURFACE_SIDE_STYLE('',(#4158));
#3978=SURFACE_SIDE_STYLE('',(#4159));
#3979=SURFACE_SIDE_STYLE('',(#4160));
#3980=SURFACE_SIDE_STYLE('',(#4161));
#3981=SURFACE_SIDE_STYLE('',(#4162));
#3982=SURFACE_SIDE_STYLE('',(#4163));
#3983=SURFACE_SIDE_STYLE('',(#4164));
#3984=SURFACE_SIDE_STYLE('',(#4165));
#3985=SURFACE_SIDE_STYLE('',(#4166));
#3986=SURFACE_SIDE_STYLE('',(#4167));
#3987=SURFACE_SIDE_STYLE('',(#4168));
#3988=SURFACE_SIDE_STYLE('',(#4169));
#3989=SURFACE_SIDE_STYLE('',(#4170));
#3990=SURFACE_SIDE_STYLE('',(#4171));
#3991=SURFACE_SIDE_STYLE('',(#4172));
#3992=SURFACE_SIDE_STYLE('',(#4173));
#3993=SURFACE_SIDE_STYLE('',(#4174));
#3994=SURFACE_SIDE_STYLE('',(#4175));
#3995=SURFACE_SIDE_STYLE('',(#4176));
#3996=SURFACE_SIDE_STYLE('',(#4177));
#3997=SURFACE_SIDE_STYLE('',(#4178));
#3998=SURFACE_SIDE_STYLE('',(#4179));
#3999=SURFACE_SIDE_STYLE('',(#4180));
#4000=SURFACE_SIDE_STYLE('',(#4181));
#4001=SURFACE_SIDE_STYLE('',(#4182));
#4002=SURFACE_SIDE_STYLE('',(#4183));
#4003=SURFACE_SIDE_STYLE('',(#4184));
#4004=SURFACE_SIDE_STYLE('',(#4185));
#4005=SURFACE_SIDE_STYLE('',(#4186));
#4006=SURFACE_SIDE_STYLE('',(#4187));
#4007=SURFACE_SIDE_STYLE('',(#4188));
#4008=SURFACE_SIDE_STYLE('',(#4189));
#4009=SURFACE_SIDE_STYLE('',(#4190));
#4010=SURFACE_SIDE_STYLE('',(#4191));
#4011=SURFACE_SIDE_STYLE('',(#4192));
#4012=SURFACE_SIDE_STYLE('',(#4193));
#4013=SURFACE_SIDE_STYLE('',(#4194));
#4014=SURFACE_SIDE_STYLE('',(#4195));
#4015=SURFACE_SIDE_STYLE('',(#4196));
#4016=SURFACE_SIDE_STYLE('',(#4197));
#4017=SURFACE_SIDE_STYLE('',(#4198));
#4018=SURFACE_SIDE_STYLE('',(#4199));
#4019=SURFACE_SIDE_STYLE('',(#4200));
#4020=SURFACE_SIDE_STYLE('',(#4201));
#4021=SURFACE_SIDE_STYLE('',(#4202));
#4022=SURFACE_SIDE_STYLE('',(#4203));
#4023=SURFACE_SIDE_STYLE('',(#4204));
#4024=SURFACE_SIDE_STYLE('',(#4205));
#4025=SURFACE_STYLE_FILL_AREA(#4206);
#4026=SURFACE_STYLE_FILL_AREA(#4207);
#4027=SURFACE_STYLE_FILL_AREA(#4208);
#4028=SURFACE_STYLE_FILL_AREA(#4209);
#4029=SURFACE_STYLE_FILL_AREA(#4210);
#4030=SURFACE_STYLE_FILL_AREA(#4211);
#4031=SURFACE_STYLE_FILL_AREA(#4212);
#4032=SURFACE_STYLE_FILL_AREA(#4213);
#4033=SURFACE_STYLE_FILL_AREA(#4214);
#4034=SURFACE_STYLE_FILL_AREA(#4215);
#4035=SURFACE_STYLE_FILL_AREA(#4216);
#4036=SURFACE_STYLE_FILL_AREA(#4217);
#4037=SURFACE_STYLE_FILL_AREA(#4218);
#4038=SURFACE_STYLE_FILL_AREA(#4219);
#4039=SURFACE_STYLE_FILL_AREA(#4220);
#4040=SURFACE_STYLE_FILL_AREA(#4221);
#4041=SURFACE_STYLE_FILL_AREA(#4222);
#4042=SURFACE_STYLE_FILL_AREA(#4223);
#4043=SURFACE_STYLE_FILL_AREA(#4224);
#4044=SURFACE_STYLE_FILL_AREA(#4225);
#4045=SURFACE_STYLE_FILL_AREA(#4226);
#4046=SURFACE_STYLE_FILL_AREA(#4227);
#4047=SURFACE_STYLE_FILL_AREA(#4228);
#4048=SURFACE_STYLE_FILL_AREA(#4229);
#4049=SURFACE_STYLE_FILL_AREA(#4230);
#4050=SURFACE_STYLE_FILL_AREA(#4231);
#4051=SURFACE_STYLE_FILL_AREA(#4232);
#4052=SURFACE_STYLE_FILL_AREA(#4233);
#4053=SURFACE_STYLE_FILL_AREA(#4234);
#4054=SURFACE_STYLE_FILL_AREA(#4235);
#4055=SURFACE_STYLE_FILL_AREA(#4236);
#4056=SURFACE_STYLE_FILL_AREA(#4237);
#4057=SURFACE_STYLE_FILL_AREA(#4238);
#4058=SURFACE_STYLE_FILL_AREA(#4239);
#4059=SURFACE_STYLE_FILL_AREA(#4240);
#4060=SURFACE_STYLE_FILL_AREA(#4241);
#4061=SURFACE_STYLE_FILL_AREA(#4242);
#4062=SURFACE_STYLE_FILL_AREA(#4243);
#4063=SURFACE_STYLE_FILL_AREA(#4244);
#4064=SURFACE_STYLE_FILL_AREA(#4245);
#4065=SURFACE_STYLE_FILL_AREA(#4246);
#4066=SURFACE_STYLE_FILL_AREA(#4247);
#4067=SURFACE_STYLE_FILL_AREA(#4248);
#4068=SURFACE_STYLE_FILL_AREA(#4249);
#4069=SURFACE_STYLE_FILL_AREA(#4250);
#4070=SURFACE_STYLE_FILL_AREA(#4251);
#4071=SURFACE_STYLE_FILL_AREA(#4252);
#4072=SURFACE_STYLE_FILL_AREA(#4253);
#4073=SURFACE_STYLE_FILL_AREA(#4254);
#4074=SURFACE_STYLE_FILL_AREA(#4255);
#4075=SURFACE_STYLE_FILL_AREA(#4256);
#4076=SURFACE_STYLE_FILL_AREA(#4257);
#4077=SURFACE_STYLE_FILL_AREA(#4258);
#4078=SURFACE_STYLE_FILL_AREA(#4259);
#4079=SURFACE_STYLE_FILL_AREA(#4260);
#4080=SURFACE_STYLE_FILL_AREA(#4261);
#4081=SURFACE_STYLE_FILL_AREA(#4262);
#4082=SURFACE_STYLE_FILL_AREA(#4263);
#4083=SURFACE_STYLE_FILL_AREA(#4264);
#4084=SURFACE_STYLE_FILL_AREA(#4265);
#4085=SURFACE_STYLE_FILL_AREA(#4266);
#4086=SURFACE_STYLE_FILL_AREA(#4267);
#4087=SURFACE_STYLE_FILL_AREA(#4268);
#4088=SURFACE_STYLE_FILL_AREA(#4269);
#4089=SURFACE_STYLE_FILL_AREA(#4270);
#4090=SURFACE_STYLE_FILL_AREA(#4271);
#4091=SURFACE_STYLE_FILL_AREA(#4272);
#4092=SURFACE_STYLE_FILL_AREA(#4273);
#4093=SURFACE_STYLE_FILL_AREA(#4274);
#4094=SURFACE_STYLE_FILL_AREA(#4275);
#4095=SURFACE_STYLE_FILL_AREA(#4276);
#4096=SURFACE_STYLE_FILL_AREA(#4277);
#4097=SURFACE_STYLE_FILL_AREA(#4278);
#4098=SURFACE_STYLE_FILL_AREA(#4279);
#4099=SURFACE_STYLE_FILL_AREA(#4280);
#4100=SURFACE_STYLE_FILL_AREA(#4281);
#4101=SURFACE_STYLE_FILL_AREA(#4282);
#4102=SURFACE_STYLE_FILL_AREA(#4283);
#4103=SURFACE_STYLE_FILL_AREA(#4284);
#4104=SURFACE_STYLE_FILL_AREA(#4285);
#4105=SURFACE_STYLE_FILL_AREA(#4286);
#4106=SURFACE_STYLE_FILL_AREA(#4287);
#4107=SURFACE_STYLE_FILL_AREA(#4288);
#4108=SURFACE_STYLE_FILL_AREA(#4289);
#4109=SURFACE_STYLE_FILL_AREA(#4290);
#4110=SURFACE_STYLE_FILL_AREA(#4291);
#4111=SURFACE_STYLE_FILL_AREA(#4292);
#4112=SURFACE_STYLE_FILL_AREA(#4293);
#4113=SURFACE_STYLE_FILL_AREA(#4294);
#4114=SURFACE_STYLE_FILL_AREA(#4295);
#4115=SURFACE_STYLE_FILL_AREA(#4296);
#4116=SURFACE_STYLE_FILL_AREA(#4297);
#4117=SURFACE_STYLE_FILL_AREA(#4298);
#4118=SURFACE_STYLE_FILL_AREA(#4299);
#4119=SURFACE_STYLE_FILL_AREA(#4300);
#4120=SURFACE_STYLE_FILL_AREA(#4301);
#4121=SURFACE_STYLE_FILL_AREA(#4302);
#4122=SURFACE_STYLE_FILL_AREA(#4303);
#4123=SURFACE_STYLE_FILL_AREA(#4304);
#4124=SURFACE_STYLE_FILL_AREA(#4305);
#4125=SURFACE_STYLE_FILL_AREA(#4306);
#4126=SURFACE_STYLE_FILL_AREA(#4307);
#4127=SURFACE_STYLE_FILL_AREA(#4308);
#4128=SURFACE_STYLE_FILL_AREA(#4309);
#4129=SURFACE_STYLE_FILL_AREA(#4310);
#4130=SURFACE_STYLE_FILL_AREA(#4311);
#4131=SURFACE_STYLE_FILL_AREA(#4312);
#4132=SURFACE_STYLE_FILL_AREA(#4313);
#4133=SURFACE_STYLE_FILL_AREA(#4314);
#4134=SURFACE_STYLE_FILL_AREA(#4315);
#4135=SURFACE_STYLE_FILL_AREA(#4316);
#4136=SURFACE_STYLE_FILL_AREA(#4317);
#4137=SURFACE_STYLE_FILL_AREA(#4318);
#4138=SURFACE_STYLE_FILL_AREA(#4319);
#4139=SURFACE_STYLE_FILL_AREA(#4320);
#4140=SURFACE_STYLE_FILL_AREA(#4321);
#4141=SURFACE_STYLE_FILL_AREA(#4322);
#4142=SURFACE_STYLE_FILL_AREA(#4323);
#4143=SURFACE_STYLE_FILL_AREA(#4324);
#4144=SURFACE_STYLE_FILL_AREA(#4325);
#4145=SURFACE_STYLE_FILL_AREA(#4326);
#4146=SURFACE_STYLE_FILL_AREA(#4327);
#4147=SURFACE_STYLE_FILL_AREA(#4328);
#4148=SURFACE_STYLE_FILL_AREA(#4329);
#4149=SURFACE_STYLE_FILL_AREA(#4330);
#4150=SURFACE_STYLE_FILL_AREA(#4331);
#4151=SURFACE_STYLE_FILL_AREA(#4332);
#4152=SURFACE_STYLE_FILL_AREA(#4333);
#4153=SURFACE_STYLE_FILL_AREA(#4334);
#4154=SURFACE_STYLE_FILL_AREA(#4335);
#4155=SURFACE_STYLE_FILL_AREA(#4336);
#4156=SURFACE_STYLE_FILL_AREA(#4337);
#4157=SURFACE_STYLE_FILL_AREA(#4338);
#4158=SURFACE_STYLE_FILL_AREA(#4339);
#4159=SURFACE_STYLE_FILL_AREA(#4340);
#4160=SURFACE_STYLE_FILL_AREA(#4341);
#4161=SURFACE_STYLE_FILL_AREA(#4342);
#4162=SURFACE_STYLE_FILL_AREA(#4343);
#4163=SURFACE_STYLE_FILL_AREA(#4344);
#4164=SURFACE_STYLE_FILL_AREA(#4345);
#4165=SURFACE_STYLE_FILL_AREA(#4346);
#4166=SURFACE_STYLE_FILL_AREA(#4347);
#4167=SURFACE_STYLE_FILL_AREA(#4348);
#4168=SURFACE_STYLE_FILL_AREA(#4349);
#4169=SURFACE_STYLE_FILL_AREA(#4350);
#4170=SURFACE_STYLE_FILL_AREA(#4351);
#4171=SURFACE_STYLE_FILL_AREA(#4352);
#4172=SURFACE_STYLE_FILL_AREA(#4353);
#4173=SURFACE_STYLE_FILL_AREA(#4354);
#4174=SURFACE_STYLE_FILL_AREA(#4355);
#4175=SURFACE_STYLE_FILL_AREA(#4356);
#4176=SURFACE_STYLE_FILL_AREA(#4357);
#4177=SURFACE_STYLE_FILL_AREA(#4358);
#4178=SURFACE_STYLE_FILL_AREA(#4359);
#4179=SURFACE_STYLE_FILL_AREA(#4360);
#4180=SURFACE_STYLE_FILL_AREA(#4361);
#4181=SURFACE_STYLE_FILL_AREA(#4362);
#4182=SURFACE_STYLE_FILL_AREA(#4363);
#4183=SURFACE_STYLE_FILL_AREA(#4364);
#4184=SURFACE_STYLE_FILL_AREA(#4365);
#4185=SURFACE_STYLE_FILL_AREA(#4366);
#4186=SURFACE_STYLE_FILL_AREA(#4367);
#4187=SURFACE_STYLE_FILL_AREA(#4368);
#4188=SURFACE_STYLE_FILL_AREA(#4369);
#4189=SURFACE_STYLE_FILL_AREA(#4370);
#4190=SURFACE_STYLE_FILL_AREA(#4371);
#4191=SURFACE_STYLE_FILL_AREA(#4372);
#4192=SURFACE_STYLE_FILL_AREA(#4373);
#4193=SURFACE_STYLE_FILL_AREA(#4374);
#4194=SURFACE_STYLE_FILL_AREA(#4375);
#4195=SURFACE_STYLE_FILL_AREA(#4376);
#4196=SURFACE_STYLE_FILL_AREA(#4377);
#4197=SURFACE_STYLE_FILL_AREA(#4378);
#4198=SURFACE_STYLE_FILL_AREA(#4379);
#4199=SURFACE_STYLE_FILL_AREA(#4380);
#4200=SURFACE_STYLE_FILL_AREA(#4381);
#4201=SURFACE_STYLE_FILL_AREA(#4382);
#4202=SURFACE_STYLE_FILL_AREA(#4383);
#4203=SURFACE_STYLE_FILL_AREA(#4384);
#4204=SURFACE_STYLE_FILL_AREA(#4385);
#4205=SURFACE_STYLE_FILL_AREA(#4386);
#4206=FILL_AREA_STYLE('',(#4387));
#4207=FILL_AREA_STYLE('',(#4388));
#4208=FILL_AREA_STYLE('',(#4389));
#4209=FILL_AREA_STYLE('',(#4390));
#4210=FILL_AREA_STYLE('',(#4391));
#4211=FILL_AREA_STYLE('',(#4392));
#4212=FILL_AREA_STYLE('',(#4393));
#4213=FILL_AREA_STYLE('',(#4394));
#4214=FILL_AREA_STYLE('',(#4395));
#4215=FILL_AREA_STYLE('',(#4396));
#4216=FILL_AREA_STYLE('',(#4397));
#4217=FILL_AREA_STYLE('',(#4398));
#4218=FILL_AREA_STYLE('',(#4399));
#4219=FILL_AREA_STYLE('',(#4400));
#4220=FILL_AREA_STYLE('',(#4401));
#4221=FILL_AREA_STYLE('',(#4402));
#4222=FILL_AREA_STYLE('',(#4403));
#4223=FILL_AREA_STYLE('',(#4404));
#4224=FILL_AREA_STYLE('',(#4405));
#4225=FILL_AREA_STYLE('',(#4406));
#4226=FILL_AREA_STYLE('',(#4407));
#4227=FILL_AREA_STYLE('',(#4408));
#4228=FILL_AREA_STYLE('',(#4409));
#4229=FILL_AREA_STYLE('',(#4410));
#4230=FILL_AREA_STYLE('',(#4411));
#4231=FILL_AREA_STYLE('',(#4412));
#4232=FILL_AREA_STYLE('',(#4413));
#4233=FILL_AREA_STYLE('',(#4414));
#4234=FILL_AREA_STYLE('',(#4415));
#4235=FILL_AREA_STYLE('',(#4416));
#4236=FILL_AREA_STYLE('',(#4417));
#4237=FILL_AREA_STYLE('',(#4418));
#4238=FILL_AREA_STYLE('',(#4419));
#4239=FILL_AREA_STYLE('',(#4420));
#4240=FILL_AREA_STYLE('',(#4421));
#4241=FILL_AREA_STYLE('',(#4422));
#4242=FILL_AREA_STYLE('',(#4423));
#4243=FILL_AREA_STYLE('',(#4424));
#4244=FILL_AREA_STYLE('',(#4425));
#4245=FILL_AREA_STYLE('',(#4426));
#4246=FILL_AREA_STYLE('',(#4427));
#4247=FILL_AREA_STYLE('',(#4428));
#4248=FILL_AREA_STYLE('',(#4429));
#4249=FILL_AREA_STYLE('',(#4430));
#4250=FILL_AREA_STYLE('',(#4431));
#4251=FILL_AREA_STYLE('',(#4432));
#4252=FILL_AREA_STYLE('',(#4433));
#4253=FILL_AREA_STYLE('',(#4434));
#4254=FILL_AREA_STYLE('',(#4435));
#4255=FILL_AREA_STYLE('',(#4436));
#4256=FILL_AREA_STYLE('',(#4437));
#4257=FILL_AREA_STYLE('',(#4438));
#4258=FILL_AREA_STYLE('',(#4439));
#4259=FILL_AREA_STYLE('',(#4440));
#4260=FILL_AREA_STYLE('',(#4441));
#4261=FILL_AREA_STYLE('',(#4442));
#4262=FILL_AREA_STYLE('',(#4443));
#4263=FILL_AREA_STYLE('',(#4444));
#4264=FILL_AREA_STYLE('',(#4445));
#4265=FILL_AREA_STYLE('',(#4446));
#4266=FILL_AREA_STYLE('',(#4447));
#4267=FILL_AREA_STYLE('',(#4448));
#4268=FILL_AREA_STYLE('',(#4449));
#4269=FILL_AREA_STYLE('',(#4450));
#4270=FILL_AREA_STYLE('',(#4451));
#4271=FILL_AREA_STYLE('',(#4452));
#4272=FILL_AREA_STYLE('',(#4453));
#4273=FILL_AREA_STYLE('',(#4454));
#4274=FILL_AREA_STYLE('',(#4455));
#4275=FILL_AREA_STYLE('',(#4456));
#4276=FILL_AREA_STYLE('',(#4457));
#4277=FILL_AREA_STYLE('',(#4458));
#4278=FILL_AREA_STYLE('',(#4459));
#4279=FILL_AREA_STYLE('',(#4460));
#4280=FILL_AREA_STYLE('',(#4461));
#4281=FILL_AREA_STYLE('',(#4462));
#4282=FILL_AREA_STYLE('',(#4463));
#4283=FILL_AREA_STYLE('',(#4464));
#4284=FILL_AREA_STYLE('',(#4465));
#4285=FILL_AREA_STYLE('',(#4466));
#4286=FILL_AREA_STYLE('',(#4467));
#4287=FILL_AREA_STYLE('',(#4468));
#4288=FILL_AREA_STYLE('',(#4469));
#4289=FILL_AREA_STYLE('',(#4470));
#4290=FILL_AREA_STYLE('',(#4471));
#4291=FILL_AREA_STYLE('',(#4472));
#4292=FILL_AREA_STYLE('',(#4473));
#4293=FILL_AREA_STYLE('',(#4474));
#4294=FILL_AREA_STYLE('',(#4475));
#4295=FILL_AREA_STYLE('',(#4476));
#4296=FILL_AREA_STYLE('',(#4477));
#4297=FILL_AREA_STYLE('',(#4478));
#4298=FILL_AREA_STYLE('',(#4479));
#4299=FILL_AREA_STYLE('',(#4480));
#4300=FILL_AREA_STYLE('',(#4481));
#4301=FILL_AREA_STYLE('',(#4482));
#4302=FILL_AREA_STYLE('',(#4483));
#4303=FILL_AREA_STYLE('',(#4484));
#4304=FILL_AREA_STYLE('',(#4485));
#4305=FILL_AREA_STYLE('',(#4486));
#4306=FILL_AREA_STYLE('',(#4487));
#4307=FILL_AREA_STYLE('',(#4488));
#4308=FILL_AREA_STYLE('',(#4489));
#4309=FILL_AREA_STYLE('',(#4490));
#4310=FILL_AREA_STYLE('',(#4491));
#4311=FILL_AREA_STYLE('',(#4492));
#4312=FILL_AREA_STYLE('',(#4493));
#4313=FILL_AREA_STYLE('',(#4494));
#4314=FILL_AREA_STYLE('',(#4495));
#4315=FILL_AREA_STYLE('',(#4496));
#4316=FILL_AREA_STYLE('',(#4497));
#4317=FILL_AREA_STYLE('',(#4498));
#4318=FILL_AREA_STYLE('',(#4499));
#4319=FILL_AREA_STYLE('',(#4500));
#4320=FILL_AREA_STYLE('',(#4501));
#4321=FILL_AREA_STYLE('',(#4502));
#4322=FILL_AREA_STYLE('',(#4503));
#4323=FILL_AREA_STYLE('',(#4504));
#4324=FILL_AREA_STYLE('',(#4505));
#4325=FILL_AREA_STYLE('',(#4506));
#4326=FILL_AREA_STYLE('',(#4507));
#4327=FILL_AREA_STYLE('',(#4508));
#4328=FILL_AREA_STYLE('',(#4509));
#4329=FILL_AREA_STYLE('',(#4510));
#4330=FILL_AREA_STYLE('',(#4511));
#4331=FILL_AREA_STYLE('',(#4512));
#4332=FILL_AREA_STYLE('',(#4513));
#4333=FILL_AREA_STYLE('',(#4514));
#4334=FILL_AREA_STYLE('',(#4515));
#4335=FILL_AREA_STYLE('',(#4516));
#4336=FILL_AREA_STYLE('',(#4517));
#4337=FILL_AREA_STYLE('',(#4518));
#4338=FILL_AREA_STYLE('',(#4519));
#4339=FILL_AREA_STYLE('',(#4520));
#4340=FILL_AREA_STYLE('',(#4521));
#4341=FILL_AREA_STYLE('',(#4522));
#4342=FILL_AREA_STYLE('',(#4523));
#4343=FILL_AREA_STYLE('',(#4524));
#4344=FILL_AREA_STYLE('',(#4525));
#4345=FILL_AREA_STYLE('',(#4526));
#4346=FILL_AREA_STYLE('',(#4527));
#4347=FILL_AREA_STYLE('',(#4528));
#4348=FILL_AREA_STYLE('',(#4529));
#4349=FILL_AREA_STYLE('',(#4530));
#4350=FILL_AREA_STYLE('',(#4531));
#4351=FILL_AREA_STYLE('',(#4532));
#4352=FILL_AREA_STYLE('',(#4533));
#4353=FILL_AREA_STYLE('',(#4534));
#4354=FILL_AREA_STYLE('',(#4535));
#4355=FILL_AREA_STYLE('',(#4536));
#4356=FILL_AREA_STYLE('',(#4537));
#4357=FILL_AREA_STYLE('',(#4538));
#4358=FILL_AREA_STYLE('',(#4539));
#4359=FILL_AREA_STYLE('',(#4540));
#4360=FILL_AREA_STYLE('',(#4541));
#4361=FILL_AREA_STYLE('',(#4542));
#4362=FILL_AREA_STYLE('',(#4543));
#4363=FILL_AREA_STYLE('',(#4544));
#4364=FILL_AREA_STYLE('',(#4545));
#4365=FILL_AREA_STYLE('',(#4546));
#4366=FILL_AREA_STYLE('',(#4547));
#4367=FILL_AREA_STYLE('',(#4548));
#4368=FILL_AREA_STYLE('',(#4549));
#4369=FILL_AREA_STYLE('',(#4550));
#4370=FILL_AREA_STYLE('',(#4551));
#4371=FILL_AREA_STYLE('',(#4552));
#4372=FILL_AREA_STYLE('',(#4553));
#4373=FILL_AREA_STYLE('',(#4554));
#4374=FILL_AREA_STYLE('',(#4555));
#4375=FILL_AREA_STYLE('',(#4556));
#4376=FILL_AREA_STYLE('',(#4557));
#4377=FILL_AREA_STYLE('',(#4558));
#4378=FILL_AREA_STYLE('',(#4559));
#4379=FILL_AREA_STYLE('',(#4560));
#4380=FILL_AREA_STYLE('',(#4561));
#4381=FILL_AREA_STYLE('',(#4562));
#4382=FILL_AREA_STYLE('',(#4563));
#4383=FILL_AREA_STYLE('',(#4564));
#4384=FILL_AREA_STYLE('',(#4565));
#4385=FILL_AREA_STYLE('',(#4566));
#4386=FILL_AREA_STYLE('',(#4567));
#4387=FILL_AREA_STYLE_COLOUR('',#4568);
#4388=FILL_AREA_STYLE_COLOUR('',#4568);
#4389=FILL_AREA_STYLE_COLOUR('',#4568);
#4390=FILL_AREA_STYLE_COLOUR('',#4568);
#4391=FILL_AREA_STYLE_COLOUR('',#4568);
#4392=FILL_AREA_STYLE_COLOUR('',#4568);
#4393=FILL_AREA_STYLE_COLOUR('',#4568);
#4394=FILL_AREA_STYLE_COLOUR('',#4568);
#4395=FILL_AREA_STYLE_COLOUR('',#4568);
#4396=FILL_AREA_STYLE_COLOUR('',#4568);
#4397=FILL_AREA_STYLE_COLOUR('',#4568);
#4398=FILL_AREA_STYLE_COLOUR('',#4568);
#4399=FILL_AREA_STYLE_COLOUR('',#4568);
#4400=FILL_AREA_STYLE_COLOUR('',#4568);
#4401=FILL_AREA_STYLE_COLOUR('',#4568);
#4402=FILL_AREA_STYLE_COLOUR('',#4568);
#4403=FILL_AREA_STYLE_COLOUR('',#4568);
#4404=FILL_AREA_STYLE_COLOUR('',#4568);
#4405=FILL_AREA_STYLE_COLOUR('',#4568);
#4406=FILL_AREA_STYLE_COLOUR('',#4568);
#4407=FILL_AREA_STYLE_COLOUR('',#4568);
#4408=FILL_AREA_STYLE_COLOUR('',#4568);
#4409=FILL_AREA_STYLE_COLOUR('',#4568);
#4410=FILL_AREA_STYLE_COLOUR('',#4568);
#4411=FILL_AREA_STYLE_COLOUR('',#4568);
#4412=FILL_AREA_STYLE_COLOUR('',#4568);
#4413=FILL_AREA_STYLE_COLOUR('',#4568);
#4414=FILL_AREA_STYLE_COLOUR('',#4568);
#4415=FILL_AREA_STYLE_COLOUR('',#4568);
#4416=FILL_AREA_STYLE_COLOUR('',#4568);
#4417=FILL_AREA_STYLE_COLOUR('',#4568);
#4418=FILL_AREA_STYLE_COLOUR('',#4568);
#4419=FILL_AREA_STYLE_COLOUR('',#4568);
#4420=FILL_AREA_STYLE_COLOUR('',#4568);
#4421=FILL_AREA_STYLE_COLOUR('',#4568);
#4422=FILL_AREA_STYLE_COLOUR('',#4568);
#4423=FILL_AREA_STYLE_COLOUR('',#4569);
#4424=FILL_AREA_STYLE_COLOUR('',#4568);
#4425=FILL_AREA_STYLE_COLOUR('',#4568);
#4426=FILL_AREA_STYLE_COLOUR('',#4568);
#4427=FILL_AREA_STYLE_COLOUR('',#4568);
#4428=FILL_AREA_STYLE_COLOUR('',#4568);
#4429=FILL_AREA_STYLE_COLOUR('',#4568);
#4430=FILL_AREA_STYLE_COLOUR('',#4568);
#4431=FILL_AREA_STYLE_COLOUR('',#4568);
#4432=FILL_AREA_STYLE_COLOUR('',#4568);
#4433=FILL_AREA_STYLE_COLOUR('',#4568);
#4434=FILL_AREA_STYLE_COLOUR('',#4568);
#4435=FILL_AREA_STYLE_COLOUR('',#4568);
#4436=FILL_AREA_STYLE_COLOUR('',#4569);
#4437=FILL_AREA_STYLE_COLOUR('',#4569);
#4438=FILL_AREA_STYLE_COLOUR('',#4569);
#4439=FILL_AREA_STYLE_COLOUR('',#4569);
#4440=FILL_AREA_STYLE_COLOUR('',#4569);
#4441=FILL_AREA_STYLE_COLOUR('',#4569);
#4442=FILL_AREA_STYLE_COLOUR('',#4569);
#4443=FILL_AREA_STYLE_COLOUR('',#4569);
#4444=FILL_AREA_STYLE_COLOUR('',#4569);
#4445=FILL_AREA_STYLE_COLOUR('',#4569);
#4446=FILL_AREA_STYLE_COLOUR('',#4569);
#4447=FILL_AREA_STYLE_COLOUR('',#4569);
#4448=FILL_AREA_STYLE_COLOUR('',#4569);
#4449=FILL_AREA_STYLE_COLOUR('',#4569);
#4450=FILL_AREA_STYLE_COLOUR('',#4569);
#4451=FILL_AREA_STYLE_COLOUR('',#4569);
#4452=FILL_AREA_STYLE_COLOUR('',#4569);
#4453=FILL_AREA_STYLE_COLOUR('',#4569);
#4454=FILL_AREA_STYLE_COLOUR('',#4569);
#4455=FILL_AREA_STYLE_COLOUR('',#4568);
#4456=FILL_AREA_STYLE_COLOUR('',#4568);
#4457=FILL_AREA_STYLE_COLOUR('',#4568);
#4458=FILL_AREA_STYLE_COLOUR('',#4568);
#4459=FILL_AREA_STYLE_COLOUR('',#4568);
#4460=FILL_AREA_STYLE_COLOUR('',#4568);
#4461=FILL_AREA_STYLE_COLOUR('',#4568);
#4462=FILL_AREA_STYLE_COLOUR('',#4568);
#4463=FILL_AREA_STYLE_COLOUR('',#4568);
#4464=FILL_AREA_STYLE_COLOUR('',#4569);
#4465=FILL_AREA_STYLE_COLOUR('',#4568);
#4466=FILL_AREA_STYLE_COLOUR('',#4568);
#4467=FILL_AREA_STYLE_COLOUR('',#4568);
#4468=FILL_AREA_STYLE_COLOUR('',#4568);
#4469=FILL_AREA_STYLE_COLOUR('',#4568);
#4470=FILL_AREA_STYLE_COLOUR('',#4568);
#4471=FILL_AREA_STYLE_COLOUR('',#4568);
#4472=FILL_AREA_STYLE_COLOUR('',#4568);
#4473=FILL_AREA_STYLE_COLOUR('',#4568);
#4474=FILL_AREA_STYLE_COLOUR('',#4568);
#4475=FILL_AREA_STYLE_COLOUR('',#4568);
#4476=FILL_AREA_STYLE_COLOUR('',#4568);
#4477=FILL_AREA_STYLE_COLOUR('',#4568);
#4478=FILL_AREA_STYLE_COLOUR('',#4568);
#4479=FILL_AREA_STYLE_COLOUR('',#4568);
#4480=FILL_AREA_STYLE_COLOUR('',#4568);
#4481=FILL_AREA_STYLE_COLOUR('',#4568);
#4482=FILL_AREA_STYLE_COLOUR('',#4568);
#4483=FILL_AREA_STYLE_COLOUR('',#4568);
#4484=FILL_AREA_STYLE_COLOUR('',#4568);
#4485=FILL_AREA_STYLE_COLOUR('',#4568);
#4486=FILL_AREA_STYLE_COLOUR('',#4568);
#4487=FILL_AREA_STYLE_COLOUR('',#4568);
#4488=FILL_AREA_STYLE_COLOUR('',#4568);
#4489=FILL_AREA_STYLE_COLOUR('',#4568);
#4490=FILL_AREA_STYLE_COLOUR('',#4568);
#4491=FILL_AREA_STYLE_COLOUR('',#4568);
#4492=FILL_AREA_STYLE_COLOUR('',#4568);
#4493=FILL_AREA_STYLE_COLOUR('',#4568);
#4494=FILL_AREA_STYLE_COLOUR('',#4568);
#4495=FILL_AREA_STYLE_COLOUR('',#4568);
#4496=FILL_AREA_STYLE_COLOUR('',#4568);
#4497=FILL_AREA_STYLE_COLOUR('',#4568);
#4498=FILL_AREA_STYLE_COLOUR('',#4568);
#4499=FILL_AREA_STYLE_COLOUR('',#4568);
#4500=FILL_AREA_STYLE_COLOUR('',#4568);
#4501=FILL_AREA_STYLE_COLOUR('',#4568);
#4502=FILL_AREA_STYLE_COLOUR('',#4568);
#4503=FILL_AREA_STYLE_COLOUR('',#4568);
#4504=FILL_AREA_STYLE_COLOUR('',#4568);
#4505=FILL_AREA_STYLE_COLOUR('',#4568);
#4506=FILL_AREA_STYLE_COLOUR('',#4568);
#4507=FILL_AREA_STYLE_COLOUR('',#4568);
#4508=FILL_AREA_STYLE_COLOUR('',#4568);
#4509=FILL_AREA_STYLE_COLOUR('',#4568);
#4510=FILL_AREA_STYLE_COLOUR('',#4568);
#4511=FILL_AREA_STYLE_COLOUR('',#4568);
#4512=FILL_AREA_STYLE_COLOUR('',#4568);
#4513=FILL_AREA_STYLE_COLOUR('',#4568);
#4514=FILL_AREA_STYLE_COLOUR('',#4568);
#4515=FILL_AREA_STYLE_COLOUR('',#4568);
#4516=FILL_AREA_STYLE_COLOUR('',#4568);
#4517=FILL_AREA_STYLE_COLOUR('',#4568);
#4518=FILL_AREA_STYLE_COLOUR('',#4568);
#4519=FILL_AREA_STYLE_COLOUR('',#4568);
#4520=FILL_AREA_STYLE_COLOUR('',#4568);
#4521=FILL_AREA_STYLE_COLOUR('',#4568);
#4522=FILL_AREA_STYLE_COLOUR('',#4568);
#4523=FILL_AREA_STYLE_COLOUR('',#4568);
#4524=FILL_AREA_STYLE_COLOUR('',#4568);
#4525=FILL_AREA_STYLE_COLOUR('',#4568);
#4526=FILL_AREA_STYLE_COLOUR('',#4568);
#4527=FILL_AREA_STYLE_COLOUR('',#4568);
#4528=FILL_AREA_STYLE_COLOUR('',#4568);
#4529=FILL_AREA_STYLE_COLOUR('',#4568);
#4530=FILL_AREA_STYLE_COLOUR('',#4568);
#4531=FILL_AREA_STYLE_COLOUR('',#4568);
#4532=FILL_AREA_STYLE_COLOUR('',#4568);
#4533=FILL_AREA_STYLE_COLOUR('',#4568);
#4534=FILL_AREA_STYLE_COLOUR('',#4568);
#4535=FILL_AREA_STYLE_COLOUR('',#4568);
#4536=FILL_AREA_STYLE_COLOUR('',#4568);
#4537=FILL_AREA_STYLE_COLOUR('',#4568);
#4538=FILL_AREA_STYLE_COLOUR('',#4568);
#4539=FILL_AREA_STYLE_COLOUR('',#4568);
#4540=FILL_AREA_STYLE_COLOUR('',#4568);
#4541=FILL_AREA_STYLE_COLOUR('',#4568);
#4542=FILL_AREA_STYLE_COLOUR('',#4568);
#4543=FILL_AREA_STYLE_COLOUR('',#4568);
#4544=FILL_AREA_STYLE_COLOUR('',#4568);
#4545=FILL_AREA_STYLE_COLOUR('',#4568);
#4546=FILL_AREA_STYLE_COLOUR('',#4568);
#4547=FILL_AREA_STYLE_COLOUR('',#4568);
#4548=FILL_AREA_STYLE_COLOUR('',#4568);
#4549=FILL_AREA_STYLE_COLOUR('',#4568);
#4550=FILL_AREA_STYLE_COLOUR('',#4568);
#4551=FILL_AREA_STYLE_COLOUR('',#4568);
#4552=FILL_AREA_STYLE_COLOUR('',#4568);
#4553=FILL_AREA_STYLE_COLOUR('',#4568);
#4554=FILL_AREA_STYLE_COLOUR('',#4568);
#4555=FILL_AREA_STYLE_COLOUR('',#4568);
#4556=FILL_AREA_STYLE_COLOUR('',#4568);
#4557=FILL_AREA_STYLE_COLOUR('',#4568);
#4558=FILL_AREA_STYLE_COLOUR('',#4568);
#4559=FILL_AREA_STYLE_COLOUR('',#4568);
#4560=FILL_AREA_STYLE_COLOUR('',#4568);
#4561=FILL_AREA_STYLE_COLOUR('',#4568);
#4562=FILL_AREA_STYLE_COLOUR('',#4568);
#4563=FILL_AREA_STYLE_COLOUR('',#4568);
#4564=FILL_AREA_STYLE_COLOUR('',#4568);
#4565=FILL_AREA_STYLE_COLOUR('',#4568);
#4566=FILL_AREA_STYLE_COLOUR('',#4568);
#4567=FILL_AREA_STYLE_COLOUR('',#4568);
#4568=COLOUR_RGB('',0.699999988079071,0.699999988079071,0.699999988079071);
#4569=COLOUR_RGB('',0.5,0.5,0.5);
#4570=ADVANCED_FACE('',(#3058),#3253,.T.);
#4571=ADVANCED_FACE('',(#3059),#3254,.T.);
#4572=ADVANCED_FACE('',(#3060),#32,.F.);
#4573=ADVANCED_FACE('',(#3061),#33,.T.);
#4574=ADVANCED_FACE('',(#3062),#34,.T.);
#4575=ADVANCED_FACE('',(#3063),#35,.T.);
#4576=ADVANCED_FACE('',(#3064),#36,.F.);
#4577=ADVANCED_FACE('',(#3065),#37,.T.);
#4578=ADVANCED_FACE('',(#3066),#3255,.T.);
#4579=ADVANCED_FACE('',(#3067),#38,.T.);
#4580=ADVANCED_FACE('',(#3068),#39,.T.);
#4581=ADVANCED_FACE('',(#3069),#3256,.F.);
#4582=ADVANCED_FACE('',(#3070),#40,.T.);
#4583=ADVANCED_FACE('',(#3071),#41,.T.);
#4584=ADVANCED_FACE('',(#3072),#42,.T.);
#4585=ADVANCED_FACE('',(#3073),#43,.T.);
#4586=ADVANCED_FACE('',(#3074),#44,.F.);
#4587=ADVANCED_FACE('',(#3075),#3257,.T.);
#4588=ADVANCED_FACE('',(#3076),#3258,.T.);
#4589=ADVANCED_FACE('',(#3077),#45,.F.);
#4590=ADVANCED_FACE('',(#3078),#46,.T.);
#4591=ADVANCED_FACE('',(#3079),#47,.T.);
#4592=ADVANCED_FACE('',(#3080),#48,.T.);
#4593=ADVANCED_FACE('',(#3081),#49,.F.);
#4594=ADVANCED_FACE('',(#3082),#50,.T.);
#4595=ADVANCED_FACE('',(#3083),#3259,.T.);
#4596=ADVANCED_FACE('',(#3084),#51,.T.);
#4597=ADVANCED_FACE('',(#3085),#52,.T.);
#4598=ADVANCED_FACE('',(#3086),#3260,.F.);
#4599=ADVANCED_FACE('',(#3087),#53,.T.);
#4600=ADVANCED_FACE('',(#3088),#54,.T.);
#4601=ADVANCED_FACE('',(#3089),#55,.T.);
#4602=ADVANCED_FACE('',(#3090),#56,.T.);
#4603=ADVANCED_FACE('',(#3091),#57,.F.);
#4604=ADVANCED_FACE('',(#3092),#58,.F.);
#4605=ADVANCED_FACE('',(#3093),#59,.F.);
#4606=ADVANCED_FACE('',(#3094,#3095),#60,.F.);
#4607=ADVANCED_FACE('',(#3096),#61,.T.);
#4608=ADVANCED_FACE('',(#3097),#62,.F.);
#4609=ADVANCED_FACE('',(#3098),#63,.F.);
#4610=ADVANCED_FACE('',(#3099),#64,.F.);
#4611=ADVANCED_FACE('',(#3100),#65,.F.);
#4612=ADVANCED_FACE('',(#3101),#66,.T.);
#4613=ADVANCED_FACE('',(#3102),#67,.F.);
#4614=ADVANCED_FACE('',(#3103,#3104),#68,.T.);
#4615=ADVANCED_FACE('',(#3105,#3106),#69,.T.);
#4616=ADVANCED_FACE('',(#3107),#70,.T.);
#4617=ADVANCED_FACE('',(#3108,#3109),#3261,.T.);
#4618=ADVANCED_FACE('',(#3110),#26,.T.);
#4619=ADVANCED_FACE('',(#3111),#71,.T.);
#4620=ADVANCED_FACE('',(#3112),#72,.T.);
#4621=ADVANCED_FACE('',(#3113),#73,.T.);
#4622=ADVANCED_FACE('',(#3114),#74,.F.);
#4623=ADVANCED_FACE('',(#3115),#3262,.T.);
#4624=ADVANCED_FACE('',(#3116),#3263,.T.);
#4625=ADVANCED_FACE('',(#3117,#3118,#3119,#3120),#75,.T.);
#4626=ADVANCED_FACE('',(#3121),#76,.F.);
#4627=ADVANCED_FACE('',(#3122),#3264,.T.);
#4628=ADVANCED_FACE('',(#3123),#3265,.T.);
#4629=ADVANCED_FACE('',(#3124,#3125),#77,.T.);
#4630=ADVANCED_FACE('',(#3126),#78,.T.);
#4631=ADVANCED_FACE('',(#3127),#3266,.T.);
#4632=ADVANCED_FACE('',(#3128),#79,.T.);
#4633=ADVANCED_FACE('',(#3129),#3267,.T.);
#4634=ADVANCED_FACE('',(#3130),#80,.T.);
#4635=ADVANCED_FACE('',(#3131),#3268,.T.);
#4636=ADVANCED_FACE('',(#3132),#81,.T.);
#4637=ADVANCED_FACE('',(#3133),#3269,.T.);
#4638=ADVANCED_FACE('',(#3134),#3270,.T.);
#4639=ADVANCED_FACE('',(#3135),#3271,.T.);
#4640=ADVANCED_FACE('',(#3136),#82,.F.);
#4641=ADVANCED_FACE('',(#3137),#83,.F.);
#4642=ADVANCED_FACE('',(#3138),#3272,.T.);
#4643=ADVANCED_FACE('',(#3139),#84,.T.);
#4644=ADVANCED_FACE('',(#3140),#3273,.T.);
#4645=ADVANCED_FACE('',(#3141),#85,.T.);
#4646=ADVANCED_FACE('',(#3142),#86,.T.);
#4647=ADVANCED_FACE('',(#3143,#3144),#87,.T.);
#4648=ADVANCED_FACE('',(#3145,#3146),#88,.T.);
#4649=ADVANCED_FACE('',(#3147,#3148),#3274,.T.);
#4650=ADVANCED_FACE('',(#3149,#3150),#89,.T.);
#4651=ADVANCED_FACE('',(#3151,#3152),#27,.T.);
#4652=ADVANCED_FACE('',(#3153,#3154),#3275,.T.);
#4653=ADVANCED_FACE('',(#3155),#90,.T.);
#4654=ADVANCED_FACE('',(#3156),#91,.T.);
#4655=ADVANCED_FACE('',(#3157),#3276,.T.);
#4656=ADVANCED_FACE('',(#3158),#20,.F.);
#4657=ADVANCED_FACE('',(#3159),#21,.F.);
#4658=ADVANCED_FACE('',(#3160),#92,.T.);
#4659=ADVANCED_FACE('',(#3161),#93,.T.);
#4660=ADVANCED_FACE('',(#3162),#94,.F.);
#4661=ADVANCED_FACE('',(#3163),#95,.T.);
#4662=ADVANCED_FACE('',(#3164),#96,.T.);
#4663=ADVANCED_FACE('',(#3165),#97,.T.);
#4664=ADVANCED_FACE('',(#3166),#98,.T.);
#4665=ADVANCED_FACE('',(#3167),#99,.F.);
#4666=ADVANCED_FACE('',(#3168),#100,.F.);
#4667=ADVANCED_FACE('',(#3169),#101,.T.);
#4668=ADVANCED_FACE('',(#3170),#102,.F.);
#4669=ADVANCED_FACE('',(#3171),#103,.F.);
#4670=ADVANCED_FACE('',(#3172),#104,.F.);
#4671=ADVANCED_FACE('',(#3173),#3277,.T.);
#4672=ADVANCED_FACE('',(#3174),#105,.T.);
#4673=ADVANCED_FACE('',(#3175),#106,.F.);
#4674=ADVANCED_FACE('',(#3176),#107,.T.);
#4675=ADVANCED_FACE('',(#3177),#3278,.T.);
#4676=ADVANCED_FACE('',(#3178),#108,.T.);
#4677=ADVANCED_FACE('',(#3179),#109,.T.);
#4678=ADVANCED_FACE('',(#3180),#110,.F.);
#4679=ADVANCED_FACE('',(#3181),#111,.T.);
#4680=ADVANCED_FACE('',(#3182),#112,.F.);
#4681=ADVANCED_FACE('',(#3183),#113,.T.);
#4682=ADVANCED_FACE('',(#3184),#114,.F.);
#4683=ADVANCED_FACE('',(#3185),#115,.T.);
#4684=ADVANCED_FACE('',(#3186),#116,.F.);
#4685=ADVANCED_FACE('',(#3187),#117,.T.);
#4686=ADVANCED_FACE('',(#3188),#118,.T.);
#4687=ADVANCED_FACE('',(#3189),#3279,.T.);
#4688=ADVANCED_FACE('',(#3190),#119,.T.);
#4689=ADVANCED_FACE('',(#3191),#120,.T.);
#4690=ADVANCED_FACE('',(#3192),#121,.F.);
#4691=ADVANCED_FACE('',(#3193),#122,.T.);
#4692=ADVANCED_FACE('',(#3194),#3280,.T.);
#4693=ADVANCED_FACE('',(#3195),#123,.T.);
#4694=ADVANCED_FACE('',(#3196),#124,.T.);
#4695=ADVANCED_FACE('',(#3197),#125,.T.);
#4696=ADVANCED_FACE('',(#3198),#126,.F.);
#4697=ADVANCED_FACE('',(#3199),#127,.T.);
#4698=ADVANCED_FACE('',(#3200),#128,.T.);
#4699=ADVANCED_FACE('',(#3201),#129,.T.);
#4700=ADVANCED_FACE('',(#3202),#3281,.T.);
#4701=ADVANCED_FACE('',(#3203),#130,.T.);
#4702=ADVANCED_FACE('',(#3204),#3282,.T.);
#4703=ADVANCED_FACE('',(#3205),#131,.T.);
#4704=ADVANCED_FACE('',(#3206),#132,.T.);
#4705=ADVANCED_FACE('',(#3207),#133,.T.);
#4706=ADVANCED_FACE('',(#3208),#3283,.F.);
#4707=ADVANCED_FACE('',(#3209),#134,.T.);
#4708=ADVANCED_FACE('',(#3210),#3284,.F.);
#4709=ADVANCED_FACE('',(#3211),#135,.T.);
#4710=ADVANCED_FACE('',(#3212),#3285,.T.);
#4711=ADVANCED_FACE('',(#3213),#136,.F.);
#4712=ADVANCED_FACE('',(#3214),#137,.T.);
#4713=ADVANCED_FACE('',(#3215),#138,.T.);
#4714=ADVANCED_FACE('',(#3216),#3286,.T.);
#4715=ADVANCED_FACE('',(#3217),#139,.T.);
#4716=ADVANCED_FACE('',(#3218),#3287,.F.);
#4717=ADVANCED_FACE('',(#3219),#140,.T.);
#4718=ADVANCED_FACE('',(#3220),#3288,.F.);
#4719=ADVANCED_FACE('',(#3221),#141,.T.);
#4720=ADVANCED_FACE('',(#3222),#142,.T.);
#4721=ADVANCED_FACE('',(#3223),#143,.T.);
#4722=ADVANCED_FACE('',(#3224),#3289,.T.);
#4723=ADVANCED_FACE('',(#3225),#144,.T.);
#4724=ADVANCED_FACE('',(#3226),#3290,.T.);
#4725=ADVANCED_FACE('',(#3227),#145,.T.);
#4726=ADVANCED_FACE('',(#3228),#146,.F.);
#4727=ADVANCED_FACE('',(#3229),#147,.T.);
#4728=ADVANCED_FACE('',(#3230),#3291,.T.);
#4729=ADVANCED_FACE('',(#3231),#3292,.T.);
#4730=ADVANCED_FACE('',(#3232),#3293,.T.);
#4731=ADVANCED_FACE('',(#3233),#3294,.T.);
#4732=ADVANCED_FACE('',(#3234),#3295,.F.);
#4733=ADVANCED_FACE('',(#3235),#3296,.F.);
#4734=ADVANCED_FACE('',(#3236),#3297,.T.);
#4735=ADVANCED_FACE('',(#3237),#148,.T.);
#4736=ADVANCED_FACE('',(#3238),#149,.T.);
#4737=ADVANCED_FACE('',(#3239),#3298,.F.);
#4738=ADVANCED_FACE('',(#3240),#150,.T.);
#4739=ADVANCED_FACE('',(#3241),#151,.T.);
#4740=ADVANCED_FACE('',(#3242),#152,.T.);
#4741=ADVANCED_FACE('',(#3243),#153,.F.);
#4742=ADVANCED_FACE('',(#3244),#154,.T.);
#4743=ADVANCED_FACE('',(#3245),#155,.T.);
#4744=ADVANCED_FACE('',(#3246),#156,.F.);
#4745=ADVANCED_FACE('',(#3247),#157,.T.);
#4746=ADVANCED_FACE('',(#3248),#158,.T.);
#4747=ADVANCED_FACE('',(#3249),#159,.T.);
#4748=ADVANCED_FACE('',(#3250),#160,.F.);
#4749=ADVANCED_FACE('',(#3251),#3299,.T.);
#4750=ADVANCED_FACE('',(#3252),#3300,.T.);
#4751=CLOSED_SHELL('',(#4570,#4571,#4572,#4573,#4574,#4575,#4576,#4577,
#4578,#4579,#4580,#4581,#4582,#4583,#4584,#4585,#4586,#4587,#4588,#4589,
#4590,#4591,#4592,#4593,#4594,#4595,#4596,#4597,#4598,#4599,#4600,#4601,
#4602,#4603,#4604,#4605,#4606,#4607,#4608,#4609,#4610,#4611,#4612,#4613,
#4614,#4615,#4616,#4617,#4618,#4619,#4620,#4621,#4622,#4623,#4624,#4625,
#4626,#4627,#4628,#4629,#4630,#4631,#4632,#4633,#4634,#4635,#4636,#4637,
#4638,#4639,#4640,#4641,#4642,#4643,#4644,#4645,#4646,#4647,#4648,#4649,
#4650,#4651,#4652,#4653,#4654,#4655,#4656,#4657,#4658,#4659,#4660,#4661,
#4662,#4663,#4664,#4665,#4666,#4667,#4668,#4669,#4670,#4671,#4672,#4673,
#4674,#4675,#4676,#4677,#4678,#4679,#4680,#4681,#4682,#4683,#4684,#4685,
#4686,#4687,#4688,#4689,#4690,#4691,#4692,#4693,#4694,#4695,#4696,#4697,
#4698,#4699,#4700,#4701,#4702,#4703,#4704,#4705,#4706,#4707,#4708,#4709,
#4710,#4711,#4712,#4713,#4714,#4715,#4716,#4717,#4718,#4719,#4720,#4721,
#4722,#4723,#4724,#4725,#4726,#4727,#4728,#4729,#4730,#4731,#4732,#4733,
#4734,#4735,#4736,#4737,#4738,#4739,#4740,#4741,#4742,#4743,#4744,#4745,
#4746,#4747,#4748,#4749,#4750));
#4752=MANIFOLD_SOLID_BREP('',#4751);
#4753=SHAPE_DEFINITION_REPRESENTATION(#9140,#4754);
#4754=SHAPE_REPRESENTATION('RD901F-40-15F-A100K-00DL1',(#4755),#9135);
#4755=AXIS2_PLACEMENT_3D('',#5982,#5034,#5035);
#4756=AXIS2_PLACEMENT_3D('',#5983,#5036,#5037);
#4757=AXIS2_PLACEMENT_3D('',#5984,#5038,#5039);
#4758=AXIS2_PLACEMENT_3D('',#5989,#5041,#5042);
#4759=AXIS2_PLACEMENT_3D('',#5992,#5044,#5045);
#4760=AXIS2_PLACEMENT_3D('',#5993,#5046,#5047);
#4761=AXIS2_PLACEMENT_3D('',#5998,#5049,#5050);
#4762=AXIS2_PLACEMENT_3D('',#6001,#5052,#5053);
#4763=AXIS2_PLACEMENT_3D('',#6010,#5058,#5059);
#4764=AXIS2_PLACEMENT_3D('',#6019,#5064,#5065);
#4765=AXIS2_PLACEMENT_3D('',#6025,#5069,#5070);
#4766=AXIS2_PLACEMENT_3D('',#6031,#5074,#5075);
#4767=AXIS2_PLACEMENT_3D('',#6036,#5078,#5079);
#4768=AXIS2_PLACEMENT_3D('',#6044,#5083,#5084);
#4769=AXIS2_PLACEMENT_3D('',#6045,#5085,#5086);
#4770=AXIS2_PLACEMENT_3D('',#6050,#5089,#5090);
#4771=AXIS2_PLACEMENT_3D('',#6058,#5094,#5095);
#4772=AXIS2_PLACEMENT_3D('',#6059,#5096,#5097);
#4773=AXIS2_PLACEMENT_3D('',#6062,#5100,#5101);
#4774=AXIS2_PLACEMENT_3D('',#6064,#5103,#5104);
#4775=AXIS2_PLACEMENT_3D('',#6067,#5107,#5108);
#4776=AXIS2_PLACEMENT_3D('',#6069,#5110,#5111);
#4777=AXIS2_PLACEMENT_3D('',#6073,#5115,#5116);
#4778=AXIS2_PLACEMENT_3D('',#6075,#5118,#5119);
#4779=AXIS2_PLACEMENT_3D('',#6078,#5122,#5123);
#4780=AXIS2_PLACEMENT_3D('',#6079,#5124,#5125);
#4781=AXIS2_PLACEMENT_3D('',#6080,#5126,#5127);
#4782=AXIS2_PLACEMENT_3D('',#6081,#5128,#5129);
#4783=AXIS2_PLACEMENT_3D('',#6086,#5131,#5132);
#4784=AXIS2_PLACEMENT_3D('',#6089,#5134,#5135);
#4785=AXIS2_PLACEMENT_3D('',#6090,#5136,#5137);
#4786=AXIS2_PLACEMENT_3D('',#6095,#5139,#5140);
#4787=AXIS2_PLACEMENT_3D('',#6098,#5142,#5143);
#4788=AXIS2_PLACEMENT_3D('',#6107,#5148,#5149);
#4789=AXIS2_PLACEMENT_3D('',#6116,#5154,#5155);
#4790=AXIS2_PLACEMENT_3D('',#6122,#5159,#5160);
#4791=AXIS2_PLACEMENT_3D('',#6128,#5164,#5165);
#4792=AXIS2_PLACEMENT_3D('',#6133,#5168,#5169);
#4793=AXIS2_PLACEMENT_3D('',#6141,#5173,#5174);
#4794=AXIS2_PLACEMENT_3D('',#6142,#5175,#5176);
#4795=AXIS2_PLACEMENT_3D('',#6147,#5179,#5180);
#4796=AXIS2_PLACEMENT_3D('',#6155,#5184,#5185);
#4797=AXIS2_PLACEMENT_3D('',#6156,#5186,#5187);
#4798=AXIS2_PLACEMENT_3D('',#6159,#5190,#5191);
#4799=AXIS2_PLACEMENT_3D('',#6161,#5193,#5194);
#4800=AXIS2_PLACEMENT_3D('',#6164,#5197,#5198);
#4801=AXIS2_PLACEMENT_3D('',#6166,#5200,#5201);
#4802=AXIS2_PLACEMENT_3D('',#6170,#5205,#5206);
#4803=AXIS2_PLACEMENT_3D('',#6172,#5208,#5209);
#4804=AXIS2_PLACEMENT_3D('',#6175,#5212,#5213);
#4805=AXIS2_PLACEMENT_3D('',#6176,#5214,#5215);
#4806=AXIS2_PLACEMENT_3D('',#6177,#5216,#5217);
#4807=AXIS2_PLACEMENT_3D('',#6194,#5226,#5227);
#4808=AXIS2_PLACEMENT_3D('',#6203,#5232,#5233);
#4809=AXIS2_PLACEMENT_3D('',#6207,#5235,#5236);
#4810=AXIS2_PLACEMENT_3D('',#6211,#5238,#5239);
#4811=AXIS2_PLACEMENT_3D('',#6215,#5241,#5242);
#4812=AXIS2_PLACEMENT_3D('',#6219,#5244,#5245);
#4813=AXIS2_PLACEMENT_3D('',#6273,#5273,#5274);
#4814=AXIS2_PLACEMENT_3D('',#6279,#5278,#5279);
#4815=AXIS2_PLACEMENT_3D('',#6285,#5283,#5284);
#4816=AXIS2_PLACEMENT_3D('',#6325,#5306,#5307);
#4817=AXIS2_PLACEMENT_3D('',#6328,#5310,#5311);
#4818=AXIS2_PLACEMENT_3D('',#6330,#5313,#5314);
#4819=AXIS2_PLACEMENT_3D('',#6333,#5317,#5318);
#4820=AXIS2_PLACEMENT_3D('',#6350,#5327,#5328);
#4821=AXIS2_PLACEMENT_3D('',#6351,#5329,#5330);
#4822=AXIS2_PLACEMENT_3D('',#6357,#5333,#5334);
#4823=AXIS2_PLACEMENT_3D('',#6361,#5336,#5337);
#4824=AXIS2_PLACEMENT_3D('',#6365,#5339,#5340);
#4825=AXIS2_PLACEMENT_3D('',#6369,#5342,#5343);
#4826=AXIS2_PLACEMENT_3D('',#6371,#5345,#5346);
#4827=AXIS2_PLACEMENT_3D('',#6372,#5347,#5348);
#4828=AXIS2_PLACEMENT_3D('',#6382,#5349,#5350);
#4829=AXIS2_PLACEMENT_3D('',#6390,#5351,#5352);
#4830=AXIS2_PLACEMENT_3D('',#6391,#5353,#5354);
#4831=AXIS2_PLACEMENT_3D('',#6392,#5355,#5356);
#4832=AXIS2_PLACEMENT_3D('',#6396,#5358,#5359);
#4833=AXIS2_PLACEMENT_3D('',#6397,#5360,#5361);
#4834=AXIS2_PLACEMENT_3D('',#6399,#5362,#5363);
#4835=AXIS2_PLACEMENT_3D('',#6404,#5365,#5366);
#4836=AXIS2_PLACEMENT_3D('',#6407,#5368,#5369);
#4837=AXIS2_PLACEMENT_3D('',#6416,#5370,#5371);
#4838=AXIS2_PLACEMENT_3D('',#6426,#5377,#5378);
#4839=AXIS2_PLACEMENT_3D('',#6432,#5382,#5383);
#4840=AXIS2_PLACEMENT_3D('',#6442,#5389,#5390);
#4841=AXIS2_PLACEMENT_3D('',#6445,#5393,#5394);
#4842=AXIS2_PLACEMENT_3D('',#6446,#5395,#5396);
#4843=AXIS2_PLACEMENT_3D('',#6447,#5397,#5398);
#4844=AXIS2_PLACEMENT_3D('',#6448,#5399,#5400);
#4845=AXIS2_PLACEMENT_3D('',#6449,#5401,#5402);
#4846=AXIS2_PLACEMENT_3D('',#6463,#5410,#5411);
#4847=AXIS2_PLACEMENT_3D('',#6464,#5412,#5413);
#4848=AXIS2_PLACEMENT_3D('',#6465,#5414,#5415);
#4849=AXIS2_PLACEMENT_3D('',#6466,#5416,#5417);
#4850=AXIS2_PLACEMENT_3D('',#6467,#5418,#5419);
#4851=AXIS2_PLACEMENT_3D('',#6468,#5420,#5421);
#4852=AXIS2_PLACEMENT_3D('',#6469,#5422,#5423);
#4853=AXIS2_PLACEMENT_3D('',#6474,#5425,#5426);
#4854=AXIS2_PLACEMENT_3D('',#6478,#5428,#5429);
#4855=AXIS2_PLACEMENT_3D('',#6482,#5431,#5432);
#4856=AXIS2_PLACEMENT_3D('',#6485,#5434,#5435);
#4857=AXIS2_PLACEMENT_3D('',#6491,#5439,#5440);
#4858=AXIS2_PLACEMENT_3D('',#6492,#5441,#5442);
#4859=AXIS2_PLACEMENT_3D('',#6495,#5444,#5445);
#4860=AXIS2_PLACEMENT_3D('',#6499,#5448,#5449);
#4861=AXIS2_PLACEMENT_3D('',#6500,#5450,#5451);
#4862=AXIS2_PLACEMENT_3D('',#6503,#5453,#5454);
#4863=AXIS2_PLACEMENT_3D('',#6507,#5457,#5458);
#4864=AXIS2_PLACEMENT_3D('',#6508,#5459,#5460);
#4865=AXIS2_PLACEMENT_3D('',#6511,#5462,#5463);
#4866=AXIS2_PLACEMENT_3D('',#6515,#5466,#5467);
#4867=AXIS2_PLACEMENT_3D('',#6516,#5468,#5469);
#4868=AXIS2_PLACEMENT_3D('',#6517,#5470,#5471);
#4869=AXIS2_PLACEMENT_3D('',#6518,#5472,#5473);
#4870=AXIS2_PLACEMENT_3D('',#6521,#5475,#5476);
#4871=AXIS2_PLACEMENT_3D('',#6524,#5478,#5479);
#4872=AXIS2_PLACEMENT_3D('',#6525,#5480,#5481);
#4873=AXIS2_PLACEMENT_3D('',#6531,#5485,#5486);
#4874=AXIS2_PLACEMENT_3D('',#6537,#5490,#5491);
#4875=AXIS2_PLACEMENT_3D('',#6540,#5493,#5494);
#4876=AXIS2_PLACEMENT_3D('',#6543,#5496,#5497);
#4877=AXIS2_PLACEMENT_3D('',#6545,#5499,#5500);
#4878=AXIS2_PLACEMENT_3D('',#6548,#5502,#5503);
#4879=AXIS2_PLACEMENT_3D('',#6551,#5505,#5506);
#4880=AXIS2_PLACEMENT_3D('',#6553,#5508,#5509);
#4881=AXIS2_PLACEMENT_3D('',#6555,#5511,#5512);
#4882=AXIS2_PLACEMENT_3D('',#6556,#5513,#5514);
#4883=AXIS2_PLACEMENT_3D('',#6557,#5515,#5516);
#4884=AXIS2_PLACEMENT_3D('',#6559,#5517,#5518);
#4885=AXIS2_PLACEMENT_3D('',#6560,#5519,#5520);
#4886=AXIS2_PLACEMENT_3D('',#6562,#5521,#5522);
#4887=AXIS2_PLACEMENT_3D('',#6563,#5523,#5524);
#4888=AXIS2_PLACEMENT_3D('',#6565,#5525,#5526);
#4889=AXIS2_PLACEMENT_3D('',#6566,#5527,#5528);
#4890=AXIS2_PLACEMENT_3D('',#7132,#5530,#5531);
#4891=AXIS2_PLACEMENT_3D('',#7134,#5533,#5534);
#4892=AXIS2_PLACEMENT_3D('',#7135,#5535,#5536);
#4893=AXIS2_PLACEMENT_3D('',#8711,#5540,#5541);
#4894=AXIS2_PLACEMENT_3D('',#8712,#5542,#5543);
#4895=AXIS2_PLACEMENT_3D('',#8718,#5547,#5548);
#4896=AXIS2_PLACEMENT_3D('',#8724,#5552,#5553);
#4897=AXIS2_PLACEMENT_3D('',#8730,#5557,#5558);
#4898=AXIS2_PLACEMENT_3D('',#8733,#5561,#5562);
#4899=AXIS2_PLACEMENT_3D('',#8734,#5563,#5564);
#4900=AXIS2_PLACEMENT_3D('',#8735,#5565,#5566);
#4901=AXIS2_PLACEMENT_3D('',#8737,#5568,#5569);
#4902=AXIS2_PLACEMENT_3D('',#8740,#5572,#5573);
#4903=AXIS2_PLACEMENT_3D('',#8742,#5575,#5576);
#4904=AXIS2_PLACEMENT_3D('',#8744,#5578,#5579);
#4905=AXIS2_PLACEMENT_3D('',#8752,#5585,#5586);
#4906=AXIS2_PLACEMENT_3D('',#8758,#5590,#5591);
#4907=AXIS2_PLACEMENT_3D('',#8759,#5592,#5593);
#4908=AXIS2_PLACEMENT_3D('',#8760,#5594,#5595);
#4909=AXIS2_PLACEMENT_3D('',#8761,#5596,#5597);
#4910=AXIS2_PLACEMENT_3D('',#8762,#5598,#5599);
#4911=AXIS2_PLACEMENT_3D('',#8763,#5600,#5601);
#4912=AXIS2_PLACEMENT_3D('',#8777,#5609,#5610);
#4913=AXIS2_PLACEMENT_3D('',#8778,#5611,#5612);
#4914=AXIS2_PLACEMENT_3D('',#8780,#5613,#5614);
#4915=AXIS2_PLACEMENT_3D('',#8783,#5616,#5617);
#4916=AXIS2_PLACEMENT_3D('',#8789,#5621,#5622);
#4917=AXIS2_PLACEMENT_3D('',#8797,#5628,#5629);
#4918=AXIS2_PLACEMENT_3D('',#8798,#5630,#5631);
#4919=AXIS2_PLACEMENT_3D('',#8799,#5632,#5633);
#4920=AXIS2_PLACEMENT_3D('',#8802,#5636,#5637);
#4921=AXIS2_PLACEMENT_3D('',#8803,#5638,#5639);
#4922=AXIS2_PLACEMENT_3D('',#8804,#5640,#5641);
#4923=AXIS2_PLACEMENT_3D('',#8807,#5644,#5645);
#4924=AXIS2_PLACEMENT_3D('',#8808,#5646,#5647);
#4925=AXIS2_PLACEMENT_3D('',#8809,#5648,#5649);
#4926=AXIS2_PLACEMENT_3D('',#8818,#5654,#5655);
#4927=AXIS2_PLACEMENT_3D('',#8819,#5656,#5657);
#4928=AXIS2_PLACEMENT_3D('',#8820,#5658,#5659);
#4929=AXIS2_PLACEMENT_3D('',#8821,#5660,#5661);
#4930=AXIS2_PLACEMENT_3D('',#8827,#5665,#5666);
#4931=AXIS2_PLACEMENT_3D('',#8830,#5669,#5670);
#4932=AXIS2_PLACEMENT_3D('',#8831,#5671,#5672);
#4933=AXIS2_PLACEMENT_3D('',#8832,#5673,#5674);
#4934=AXIS2_PLACEMENT_3D('',#8833,#5675,#5676);
#4935=AXIS2_PLACEMENT_3D('',#8835,#5677,#5678);
#4936=AXIS2_PLACEMENT_3D('',#8838,#5680,#5681);
#4937=AXIS2_PLACEMENT_3D('',#8844,#5685,#5686);
#4938=AXIS2_PLACEMENT_3D('',#8850,#5690,#5691);
#4939=AXIS2_PLACEMENT_3D('',#8853,#5694,#5695);
#4940=AXIS2_PLACEMENT_3D('',#8854,#5696,#5697);
#4941=AXIS2_PLACEMENT_3D('',#8855,#5698,#5699);
#4942=AXIS2_PLACEMENT_3D('',#8861,#5703,#5704);
#4943=AXIS2_PLACEMENT_3D('',#8870,#5709,#5710);
#4944=AXIS2_PLACEMENT_3D('',#8871,#5711,#5712);
#4945=AXIS2_PLACEMENT_3D('',#8873,#5713,#5714);
#4946=AXIS2_PLACEMENT_3D('',#8876,#5716,#5717);
#4947=AXIS2_PLACEMENT_3D('',#8882,#5721,#5722);
#4948=AXIS2_PLACEMENT_3D('',#8883,#5723,#5724);
#4949=AXIS2_PLACEMENT_3D('',#8885,#5725,#5726);
#4950=AXIS2_PLACEMENT_3D('',#8888,#5728,#5729);
#4951=AXIS2_PLACEMENT_3D('',#8892,#5731,#5732);
#4952=AXIS2_PLACEMENT_3D('',#8897,#5735,#5736);
#4953=AXIS2_PLACEMENT_3D('',#8898,#5737,#5738);
#4954=AXIS2_PLACEMENT_3D('',#8904,#5742,#5743);
#4955=AXIS2_PLACEMENT_3D('',#8908,#5745,#5746);
#4956=AXIS2_PLACEMENT_3D('',#8909,#5747,#5748);
#4957=AXIS2_PLACEMENT_3D('',#8914,#5751,#5752);
#4958=AXIS2_PLACEMENT_3D('',#8915,#5753,#5754);
#4959=AXIS2_PLACEMENT_3D('',#8917,#5755,#5756);
#4960=AXIS2_PLACEMENT_3D('',#8920,#5758,#5759);
#4961=AXIS2_PLACEMENT_3D('',#8926,#5763,#5764);
#4962=AXIS2_PLACEMENT_3D('',#8927,#5765,#5766);
#4963=AXIS2_PLACEMENT_3D('',#8929,#5767,#5768);
#4964=AXIS2_PLACEMENT_3D('',#8932,#5770,#5771);
#4965=AXIS2_PLACEMENT_3D('',#8938,#5775,#5776);
#4966=AXIS2_PLACEMENT_3D('',#8939,#5777,#5778);
#4967=AXIS2_PLACEMENT_3D('',#8940,#5779,#5780);
#4968=AXIS2_PLACEMENT_3D('',#8941,#5781,#5782);
#4969=AXIS2_PLACEMENT_3D('',#8943,#5784,#5785);
#4970=AXIS2_PLACEMENT_3D('',#8944,#5786,#5787);
#4971=AXIS2_PLACEMENT_3D('',#8946,#5789,#5790);
#4972=AXIS2_PLACEMENT_3D('',#8947,#5791,#5792);
#4973=AXIS2_PLACEMENT_3D('',#8953,#5796,#5797);
#4974=AXIS2_PLACEMENT_3D('',#8954,#5798,#5799);
#4975=AXIS2_PLACEMENT_3D('',#8956,#5800,#5801);
#4976=AXIS2_PLACEMENT_3D('',#8959,#5803,#5804);
#4977=AXIS2_PLACEMENT_3D('',#8965,#5808,#5809);
#4978=AXIS2_PLACEMENT_3D('',#8966,#5810,#5811);
#4979=AXIS2_PLACEMENT_3D('',#8968,#5812,#5813);
#4980=AXIS2_PLACEMENT_3D('',#8971,#5815,#5816);
#4981=AXIS2_PLACEMENT_3D('',#8977,#5820,#5821);
#4982=AXIS2_PLACEMENT_3D('',#8978,#5822,#5823);
#4983=AXIS2_PLACEMENT_3D('',#8980,#5824,#5825);
#4984=AXIS2_PLACEMENT_3D('',#8983,#5827,#5828);
#4985=AXIS2_PLACEMENT_3D('',#8986,#5830,#5831);
#4986=AXIS2_PLACEMENT_3D('',#8990,#5833,#5834);
#4987=AXIS2_PLACEMENT_3D('',#8993,#5836,#5837);
#4988=AXIS2_PLACEMENT_3D('',#8999,#5841,#5842);
#4989=AXIS2_PLACEMENT_3D('',#9000,#5843,#5844);
#4990=AXIS2_PLACEMENT_3D('',#9008,#5848,#5849);
#4991=AXIS2_PLACEMENT_3D('',#9009,#5850,#5851);
#4992=AXIS2_PLACEMENT_3D('',#9010,#5852,#5853);
#4993=AXIS2_PLACEMENT_3D('',#9012,#5854,#5855);
#4994=AXIS2_PLACEMENT_3D('',#9015,#5857,#5858);
#4995=AXIS2_PLACEMENT_3D('',#9021,#5862,#5863);
#4996=AXIS2_PLACEMENT_3D('',#9022,#5864,#5865);
#4997=AXIS2_PLACEMENT_3D('',#9024,#5866,#5867);
#4998=AXIS2_PLACEMENT_3D('',#9027,#5869,#5870);
#4999=AXIS2_PLACEMENT_3D('',#9033,#5874,#5875);
#5000=AXIS2_PLACEMENT_3D('',#9035,#5877,#5878);
#5001=AXIS2_PLACEMENT_3D('',#9036,#5879,#5880);
#5002=AXIS2_PLACEMENT_3D('',#9038,#5882,#5883);
#5003=AXIS2_PLACEMENT_3D('',#9039,#5884,#5885);
#5004=AXIS2_PLACEMENT_3D('',#9040,#5886,#5887);
#5005=AXIS2_PLACEMENT_3D('',#9041,#5888,#5889);
#5006=AXIS2_PLACEMENT_3D('',#9042,#5890,#5891);
#5007=AXIS2_PLACEMENT_3D('',#9043,#5892,#5893);
#5008=AXIS2_PLACEMENT_3D('',#9044,#5894,#5895);
#5009=AXIS2_PLACEMENT_3D('',#9045,#5896,#5897);
#5010=AXIS2_PLACEMENT_3D('',#9049,#5899,#5900);
#5011=AXIS2_PLACEMENT_3D('',#9053,#5902,#5903);
#5012=AXIS2_PLACEMENT_3D('',#9054,#5904,#5905);
#5013=AXIS2_PLACEMENT_3D('',#9057,#5908,#5909);
#5014=AXIS2_PLACEMENT_3D('',#9063,#5913,#5914);
#5015=AXIS2_PLACEMENT_3D('',#9067,#5916,#5917);
#5016=AXIS2_PLACEMENT_3D('',#9068,#5918,#5919);
#5017=AXIS2_PLACEMENT_3D('',#9069,#5920,#5921);
#5018=AXIS2_PLACEMENT_3D('',#9073,#5923,#5924);
#5019=AXIS2_PLACEMENT_3D('',#9090,#5933,#5934);
#5020=AXIS2_PLACEMENT_3D('',#9091,#5935,#5936);
#5021=AXIS2_PLACEMENT_3D('',#9097,#5940,#5941);
#5022=AXIS2_PLACEMENT_3D('',#9101,#5943,#5944);
#5023=AXIS2_PLACEMENT_3D('',#9102,#5945,#5946);
#5024=AXIS2_PLACEMENT_3D('',#9116,#5954,#5955);
#5025=AXIS2_PLACEMENT_3D('',#9119,#5958,#5959);
#5026=AXIS2_PLACEMENT_3D('',#9122,#5962,#5963);
#5027=AXIS2_PLACEMENT_3D('',#9124,#5965,#5966);
#5028=AXIS2_PLACEMENT_3D('',#9126,#5968,#5969);
#5029=AXIS2_PLACEMENT_3D('',#9128,#5971,#5972);
#5030=AXIS2_PLACEMENT_3D('',#9130,#5974,#5975);
#5031=AXIS2_PLACEMENT_3D('',#9131,#5976,#5977);
#5032=AXIS2_PLACEMENT_3D('',#9132,#5978,#5979);
#5033=AXIS2_PLACEMENT_3D('',#9133,#5980,#5981);
#5034=DIRECTION('',(0.,0.,1.));
#5035=DIRECTION('',(1.,0.,0.));
#5036=DIRECTION('',(0.,0.,-1.));
#5037=DIRECTION('',(-1.,0.,0.));
#5038=DIRECTION('',(0.,-1.05538806409429E-16,1.));
#5039=DIRECTION('',(0.,-1.,-1.05538806409429E-16));
#5040=DIRECTION('',(0.,0.,-1.));
#5041=DIRECTION('',(0.,0.,-1.));
#5042=DIRECTION('',(-1.,0.,0.));
#5043=DIRECTION('',(0.,0.,-1.));
#5044=DIRECTION('',(0.,0.,1.));
#5045=DIRECTION('',(1.,0.,0.));
#5046=DIRECTION('',(0.,-1.05538806409429E-16,1.));
#5047=DIRECTION('',(0.,-1.,-1.05538806409429E-16));
#5048=DIRECTION('',(0.,0.,-1.));
#5049=DIRECTION('',(0.,0.,-1.));
#5050=DIRECTION('',(-1.,0.,0.));
#5051=DIRECTION('',(0.,0.,-1.));
#5052=DIRECTION('',(-0.707106781186548,-0.707106781186547,0.));
#5053=DIRECTION('',(0.707106781186547,-0.707106781186548,0.));
#5054=DIRECTION('',(0.707106781186547,-0.707106781186548,-7.46272056904414E-17));
#5055=DIRECTION('',(0.,0.,-1.));
#5056=DIRECTION('',(-0.707106781186547,0.707106781186548,0.));
#5057=DIRECTION('',(0.,0.,1.));
#5058=DIRECTION('',(-0.707106781186549,0.707106781186546,0.));
#5059=DIRECTION('',(-0.707106781186546,-0.707106781186549,0.));
#5060=DIRECTION('',(-0.707106781186546,-0.707106781186549,-7.46272056904415E-17));
#5061=DIRECTION('',(0.,0.,1.));
#5062=DIRECTION('',(0.707106781186546,0.707106781186549,0.));
#5063=DIRECTION('',(0.,0.,-1.));
#5064=DIRECTION('',(0.,1.,0.));
#5065=DIRECTION('',(0.,0.,1.));
#5066=DIRECTION('',(-1.,0.,0.));
#5067=DIRECTION('',(-1.,0.,0.));
#5068=DIRECTION('',(0.,0.,-1.));
#5069=DIRECTION('',(0.,1.,0.));
#5070=DIRECTION('',(0.,0.,1.));
#5071=DIRECTION('',(-1.,0.,0.));
#5072=DIRECTION('',(-1.,0.,0.));
#5073=DIRECTION('',(0.,0.,-1.));
#5074=DIRECTION('',(1.,-6.12303176911189E-17,0.));
#5075=DIRECTION('',(6.12303176911189E-17,1.,0.));
#5076=DIRECTION('',(6.12303176911189E-17,1.,0.));
#5077=DIRECTION('',(-6.12303176911189E-17,-1.,0.));
#5078=DIRECTION('',(-1.,6.12303176911189E-17,0.));
#5079=DIRECTION('',(6.12303176911189E-17,1.,0.));
#5080=DIRECTION('',(7.93971239095883E-32,1.29669625936147E-15,1.));
#5081=DIRECTION('',(-6.12303176911189E-17,-1.,0.));
#5082=DIRECTION('',(-8.01173525103685E-32,-1.30845887350327E-15,-1.));
#5083=DIRECTION('',(1.,-6.12303176911189E-17,0.));
#5084=DIRECTION('',(6.12303176911189E-17,1.,0.));
#5085=DIRECTION('',(1.,-6.12303176911189E-17,0.));
#5086=DIRECTION('',(6.12303176911189E-17,1.,0.));
#5087=DIRECTION('',(-6.12303176911189E-17,-1.,0.));
#5088=DIRECTION('',(6.12303176911189E-17,1.,0.));
#5089=DIRECTION('',(1.,-6.12303176911189E-17,0.));
#5090=DIRECTION('',(6.12303176911189E-17,1.,0.));
#5091=DIRECTION('',(-8.01173525103685E-32,-1.30845887350327E-15,-1.));
#5092=DIRECTION('',(-6.12303176911189E-17,-1.,0.));
#5093=DIRECTION('',(7.93971239095883E-32,1.29669625936147E-15,1.));
#5094=DIRECTION('',(-1.,6.12303176911189E-17,0.));
#5095=DIRECTION('',(6.12303176911189E-17,1.,0.));
#5096=DIRECTION('',(-1.,0.,0.));
#5097=DIRECTION('',(0.,0.,1.));
#5098=DIRECTION('',(-1.,0.,0.));
#5099=DIRECTION('',(-1.,0.,0.));
#5100=DIRECTION('',(0.,-1.,1.29669625936147E-15));
#5101=DIRECTION('',(0.,-1.29669625936147E-15,-1.));
#5102=DIRECTION('',(-1.,0.,0.));
#5103=DIRECTION('',(0.,1.,0.));
#5104=DIRECTION('',(0.,0.,1.));
#5105=DIRECTION('',(-1.,0.,0.));
#5106=DIRECTION('',(1.,0.,0.));
#5107=DIRECTION('',(-1.,0.,0.));
#5108=DIRECTION('',(0.,0.,1.));
#5109=DIRECTION('',(-1.,0.,0.));
#5110=DIRECTION('',(0.,-1.05538806409429E-16,1.));
#5111=DIRECTION('',(0.,-1.,-1.05538806409429E-16));
#5112=DIRECTION('',(-1.,0.,0.));
#5113=DIRECTION('',(6.12303176911189E-17,1.,1.05538806409429E-16));
#5114=DIRECTION('',(6.12303176911189E-17,1.,1.05538806409429E-16));
#5115=DIRECTION('',(0.,1.,0.));
#5116=DIRECTION('',(0.,0.,1.));
#5117=DIRECTION('',(-1.,0.,0.));
#5118=DIRECTION('',(0.,0.,-1.));
#5119=DIRECTION('',(-1.,0.,0.));
#5120=DIRECTION('',(-6.12303176911189E-17,-1.,0.));
#5121=DIRECTION('',(-6.12303176911189E-17,-1.,0.));
#5122=DIRECTION('',(-1.,6.12303176911189E-17,0.));
#5123=DIRECTION('',(-6.12303176911189E-17,-1.,0.));
#5124=DIRECTION('',(-1.,6.12303176911189E-17,0.));
#5125=DIRECTION('',(-6.12303176911189E-17,-1.,0.));
#5126=DIRECTION('',(0.,0.,-1.));
#5127=DIRECTION('',(-1.,0.,0.));
#5128=DIRECTION('',(0.,-1.05538806409429E-16,1.));
#5129=DIRECTION('',(0.,-1.,-1.05538806409429E-16));
#5130=DIRECTION('',(0.,0.,-1.));
#5131=DIRECTION('',(0.,0.,-1.));
#5132=DIRECTION('',(-1.,0.,0.));
#5133=DIRECTION('',(0.,0.,-1.));
#5134=DIRECTION('',(0.,0.,1.));
#5135=DIRECTION('',(1.,0.,0.));
#5136=DIRECTION('',(0.,-1.05538806409429E-16,1.));
#5137=DIRECTION('',(0.,-1.,-1.05538806409429E-16));
#5138=DIRECTION('',(0.,0.,-1.));
#5139=DIRECTION('',(0.,0.,-1.));
#5140=DIRECTION('',(-1.,0.,0.));
#5141=DIRECTION('',(0.,0.,-1.));
#5142=DIRECTION('',(-0.707106781186548,-0.707106781186547,0.));
#5143=DIRECTION('',(0.707106781186547,-0.707106781186548,0.));
#5144=DIRECTION('',(0.707106781186547,-0.707106781186548,-7.46272056904414E-17));
#5145=DIRECTION('',(0.,0.,-1.));
#5146=DIRECTION('',(-0.707106781186547,0.707106781186548,0.));
#5147=DIRECTION('',(0.,0.,1.));
#5148=DIRECTION('',(-0.707106781186548,0.707106781186547,0.));
#5149=DIRECTION('',(-0.707106781186547,-0.707106781186548,0.));
#5150=DIRECTION('',(-0.707106781186547,-0.707106781186548,-7.46272056904415E-17));
#5151=DIRECTION('',(0.,0.,1.));
#5152=DIRECTION('',(0.707106781186547,0.707106781186548,0.));
#5153=DIRECTION('',(0.,0.,-1.));
#5154=DIRECTION('',(0.,1.,0.));
#5155=DIRECTION('',(0.,0.,1.));
#5156=DIRECTION('',(-1.,0.,0.));
#5157=DIRECTION('',(-1.,0.,0.));
#5158=DIRECTION('',(0.,0.,-1.));
#5159=DIRECTION('',(0.,1.,0.));
#5160=DIRECTION('',(0.,0.,1.));
#5161=DIRECTION('',(-1.,0.,0.));
#5162=DIRECTION('',(-1.,0.,0.));
#5163=DIRECTION('',(0.,0.,-1.));
#5164=DIRECTION('',(1.,-6.12303176911189E-17,0.));
#5165=DIRECTION('',(6.12303176911189E-17,1.,0.));
#5166=DIRECTION('',(6.12303176911189E-17,1.,0.));
#5167=DIRECTION('',(-6.12303176911189E-17,-1.,0.));
#5168=DIRECTION('',(-1.,6.12303176911189E-17,0.));
#5169=DIRECTION('',(6.12303176911189E-17,1.,0.));
#5170=DIRECTION('',(7.93971239095883E-32,1.29669625936147E-15,1.));
#5171=DIRECTION('',(-6.12303176911189E-17,-1.,0.));
#5172=DIRECTION('',(-8.01173525103685E-32,-1.30845887350327E-15,-1.));
#5173=DIRECTION('',(1.,-6.12303176911189E-17,0.));
#5174=DIRECTION('',(6.12303176911189E-17,1.,0.));
#5175=DIRECTION('',(1.,-6.12303176911189E-17,0.));
#5176=DIRECTION('',(6.12303176911189E-17,1.,0.));
#5177=DIRECTION('',(-6.12303176911189E-17,-1.,0.));
#5178=DIRECTION('',(6.12303176911189E-17,1.,0.));
#5179=DIRECTION('',(1.,-6.12303176911189E-17,0.));
#5180=DIRECTION('',(6.12303176911189E-17,1.,0.));
#5181=DIRECTION('',(-8.01173525103685E-32,-1.30845887350327E-15,-1.));
#5182=DIRECTION('',(-6.12303176911189E-17,-1.,0.));
#5183=DIRECTION('',(7.93971239095883E-32,1.29669625936147E-15,1.));
#5184=DIRECTION('',(-1.,6.12303176911189E-17,0.));
#5185=DIRECTION('',(6.12303176911189E-17,1.,0.));
#5186=DIRECTION('',(-1.,0.,0.));
#5187=DIRECTION('',(0.,0.,1.));
#5188=DIRECTION('',(-1.,0.,0.));
#5189=DIRECTION('',(-1.,0.,0.));
#5190=DIRECTION('',(0.,-1.,1.29669625936147E-15));
#5191=DIRECTION('',(0.,-1.29669625936147E-15,-1.));
#5192=DIRECTION('',(-1.,0.,0.));
#5193=DIRECTION('',(0.,1.,0.));
#5194=DIRECTION('',(0.,0.,1.));
#5195=DIRECTION('',(-1.,0.,0.));
#5196=DIRECTION('',(1.,0.,0.));
#5197=DIRECTION('',(-1.,0.,0.));
#5198=DIRECTION('',(0.,0.,1.));
#5199=DIRECTION('',(-1.,0.,0.));
#5200=DIRECTION('',(0.,-1.05538806409429E-16,1.));
#5201=DIRECTION('',(0.,-1.,-1.05538806409429E-16));
#5202=DIRECTION('',(-1.,0.,0.));
#5203=DIRECTION('',(6.12303176911189E-17,1.,1.05538806409429E-16));
#5204=DIRECTION('',(6.12303176911189E-17,1.,1.05538806409429E-16));
#5205=DIRECTION('',(0.,1.,0.));
#5206=DIRECTION('',(0.,0.,1.));
#5207=DIRECTION('',(-1.,0.,0.));
#5208=DIRECTION('',(0.,0.,-1.));
#5209=DIRECTION('',(-1.,0.,0.));
#5210=DIRECTION('',(-6.12303176911189E-17,-1.,0.));
#5211=DIRECTION('',(-6.12303176911189E-17,-1.,0.));
#5212=DIRECTION('',(-1.,6.12303176911189E-17,0.));
#5213=DIRECTION('',(-6.12303176911189E-17,-1.,0.));
#5214=DIRECTION('',(-1.,6.12303176911189E-17,0.));
#5215=DIRECTION('',(-6.12303176911189E-17,-1.,0.));
#5216=DIRECTION('',(0.,-1.,0.));
#5217=DIRECTION('',(0.,0.,-1.));
#5218=DIRECTION('',(-1.,0.,0.));
#5219=DIRECTION('',(0.,0.,-1.));
#5220=DIRECTION('',(-1.,0.,0.));
#5221=DIRECTION('',(0.,0.,-1.));
#5222=DIRECTION('',(-1.,0.,0.));
#5223=DIRECTION('',(0.,0.,-1.));
#5224=DIRECTION('',(-1.,0.,0.));
#5225=DIRECTION('',(0.,0.,-1.));
#5226=DIRECTION('',(0.,0.,-1.));
#5227=DIRECTION('',(-1.,0.,0.));
#5228=DIRECTION('',(-6.12303176911189E-17,-1.,-1.89421255673605E-15));
#5229=DIRECTION('',(-1.,0.,0.));
#5230=DIRECTION('',(-6.12303176911189E-17,-1.,0.));
#5231=DIRECTION('',(-1.,0.,0.));
#5232=DIRECTION('',(-1.16798910830991E-32,-1.,-1.52839072773287E-16));
#5233=DIRECTION('',(0.,1.52839072773287E-16,-1.));
#5234=DIRECTION('',(1.,0.,-7.64195363866435E-17));
#5235=DIRECTION('',(-1.16798910830991E-32,-1.,-1.52839072773287E-16));
#5236=DIRECTION('',(0.,1.52839072773287E-16,-1.));
#5237=DIRECTION('',(-7.64195363866435E-17,1.52839072773287E-16,-1.));
#5238=DIRECTION('',(-1.16798910830991E-32,-1.,-1.52839072773287E-16));
#5239=DIRECTION('',(0.,1.52839072773287E-16,-1.));
#5240=DIRECTION('',(1.,0.,-7.64195363866435E-17));
#5241=DIRECTION('',(-1.16798910830991E-32,-1.,-1.52839072773287E-16));
#5242=DIRECTION('',(0.,1.52839072773287E-16,-1.));
#5243=DIRECTION('',(-7.64195363866435E-17,-1.52839072773287E-16,1.));
#5244=DIRECTION('',(-1.16798910830991E-32,-1.,-1.52839072773287E-16));
#5245=DIRECTION('',(0.,1.52839072773287E-16,-1.));
#5246=DIRECTION('',(2.24390262222481E-31,3.66469211142158E-15,1.));
#5247=DIRECTION('',(0.,0.,1.));
#5248=DIRECTION('',(-1.,0.,0.));
#5249=DIRECTION('',(1.20568285861532E-32,1.96909456635106E-16,-1.));
#5250=DIRECTION('',(-1.,0.,0.));
#5251=DIRECTION('',(0.,0.,-1.));
#5252=DIRECTION('',(-1.,0.,0.));
#5253=DIRECTION('',(1.20568285861532E-32,1.96909456635106E-16,-1.));
#5254=DIRECTION('',(-1.,0.,0.));
#5255=DIRECTION('',(0.,0.,-1.));
#5256=DIRECTION('',(-1.,0.,0.));
#5257=DIRECTION('',(0.,0.,1.));
#5258=DIRECTION('',(-1.,0.,0.));
#5259=DIRECTION('',(0.,0.,1.));
#5260=DIRECTION('',(-1.,0.,0.));
#5261=DIRECTION('',(0.,0.,-1.));
#5262=DIRECTION('',(-1.,0.,0.));
#5263=DIRECTION('',(1.20568285861532E-32,1.96909456635106E-16,-1.));
#5264=DIRECTION('',(1.,0.,0.));
#5265=DIRECTION('',(0.,0.,-1.));
#5266=DIRECTION('',(1.,0.,0.));
#5267=DIRECTION('',(1.20568285861532E-32,1.96909456635106E-16,-1.));
#5268=DIRECTION('',(-1.,0.,0.));
#5269=DIRECTION('',(0.,0.,1.));
#5270=DIRECTION('',(-1.,0.,0.));
#5271=DIRECTION('',(2.24390262222481E-31,3.66469211142158E-15,1.));
#5272=DIRECTION('',(-1.,0.,0.));
#5273=DIRECTION('',(0.,0.,-1.));
#5274=DIRECTION('',(-1.,0.,0.));
#5275=DIRECTION('',(6.12303176911189E-17,1.,-1.89421255673605E-15));
#5276=DIRECTION('',(-1.,0.,0.));
#5277=DIRECTION('',(-6.12303176911189E-17,-1.,0.));
#5278=DIRECTION('',(0.,0.,1.));
#5279=DIRECTION('',(1.,0.,0.));
#5280=DIRECTION('',(6.12303176911189E-17,1.,0.));
#5281=DIRECTION('',(6.12303176911189E-17,1.,0.));
#5282=DIRECTION('',(-1.,0.,0.));
#5283=DIRECTION('',(0.,-1.,0.));
#5284=DIRECTION('',(0.,0.,-1.));
#5285=DIRECTION('',(0.,0.,1.));
#5286=DIRECTION('',(0.,0.,1.));
#5287=DIRECTION('',(0.,0.,1.));
#5288=DIRECTION('',(0.,0.,1.));
#5289=DIRECTION('',(-1.,0.,0.));
#5290=DIRECTION('',(0.,0.,-1.));
#5291=DIRECTION('',(0.,0.,-1.));
#5292=DIRECTION('',(-1.,0.,0.));
#5293=DIRECTION('',(0.,0.,-1.));
#5294=DIRECTION('',(-1.,0.,0.));
#5295=DIRECTION('',(0.,0.,-1.));
#5296=DIRECTION('',(-1.,0.,0.));
#5297=DIRECTION('',(0.,0.,1.));
#5298=DIRECTION('',(0.,0.,1.));
#5299=DIRECTION('',(0.,0.,1.));
#5300=DIRECTION('',(-1.,0.,0.));
#5301=DIRECTION('',(0.,0.,1.));
#5302=DIRECTION('',(0.,0.,-1.));
#5303=DIRECTION('',(-1.,0.,0.));
#5304=DIRECTION('',(0.,0.,-1.));
#5305=DIRECTION('',(-1.,0.,0.));
#5306=DIRECTION('',(0.,0.,-1.));
#5307=DIRECTION('',(-1.,0.,0.));
#5308=DIRECTION('',(6.12303176911189E-17,1.,0.));
#5309=DIRECTION('',(-6.12303176911189E-17,-1.,0.));
#5310=DIRECTION('',(1.,-6.12303176911189E-17,0.));
#5311=DIRECTION('',(6.12303176911189E-17,1.,0.));
#5312=DIRECTION('',(0.,-1.,0.));
#5313=DIRECTION('',(1.,-6.12303176911189E-17,0.));
#5314=DIRECTION('',(6.12303176911189E-17,1.,0.));
#5315=DIRECTION('',(0.,-1.,0.));
#5316=DIRECTION('',(6.12303176911189E-17,1.,0.));
#5317=DIRECTION('',(7.64195363866435E-17,0.,1.));
#5318=DIRECTION('',(1.,0.,-7.64195363866435E-17));
#5319=DIRECTION('',(-6.12303176911189E-17,-1.,4.6791924907622E-33));
#5320=DIRECTION('',(-1.,0.,7.64195363866435E-17));
#5321=DIRECTION('',(-6.12303176911189E-17,-1.,4.6791924907622E-33));
#5322=DIRECTION('',(-1.,0.,7.64195363866435E-17));
#5323=DIRECTION('',(0.,1.,0.));
#5324=DIRECTION('',(1.,0.,-7.64195363866435E-17));
#5325=DIRECTION('',(0.,-1.,0.));
#5326=DIRECTION('',(-1.,0.,7.64195363866435E-17));
#5327=DIRECTION('',(0.,-1.,0.));
#5328=DIRECTION('',(0.,0.,-1.));
#5329=DIRECTION('',(0.,-1.,0.));
#5330=DIRECTION('',(0.,0.,-1.));
#5331=DIRECTION('',(-1.,0.,0.));
#5332=DIRECTION('',(0.,0.,-1.));
#5333=DIRECTION('',(0.,-1.,0.));
#5334=DIRECTION('',(0.,0.,-1.));
#5335=DIRECTION('',(7.64195363866435E-17,0.,1.));
#5336=DIRECTION('',(0.,-1.,0.));
#5337=DIRECTION('',(0.,0.,-1.));
#5338=DIRECTION('',(-1.,0.,0.));
#5339=DIRECTION('',(0.,-1.,0.));
#5340=DIRECTION('',(0.,0.,-1.));
#5341=DIRECTION('',(7.64195363866435E-17,0.,-1.));
#5342=DIRECTION('',(0.,-1.,0.));
#5343=DIRECTION('',(0.,0.,-1.));
#5344=DIRECTION('',(0.,0.,-1.));
#5345=DIRECTION('',(-6.12303176911189E-17,-1.,-6.12323399573676E-17));
#5346=DIRECTION('',(0.,6.12323399573676E-17,-1.));
#5347=DIRECTION('',(-6.12303176911189E-17,-1.,-6.12323399573676E-17));
#5348=DIRECTION('',(0.,6.12323399573676E-17,-1.));
#5349=DIRECTION('',(-6.12303176911189E-17,-1.,-6.12323399573676E-17));
#5350=DIRECTION('',(0.,6.12323399573676E-17,-1.));
#5351=DIRECTION('',(-6.12303176911189E-17,-1.,-6.12323399573676E-17));
#5352=DIRECTION('',(0.,6.12323399573676E-17,-1.));
#5353=DIRECTION('',(-6.12303176911189E-17,-1.,-6.12323399573676E-17));
#5354=DIRECTION('',(0.,6.12323399573676E-17,-1.));
#5355=DIRECTION('',(-6.12303176911189E-17,-1.,-6.12323399573676E-17));
#5356=DIRECTION('',(0.,6.12323399573676E-17,-1.));
#5357=DIRECTION('',(-1.,0.,0.));
#5358=DIRECTION('',(-6.12303176911189E-17,-1.,-6.12323399573676E-17));
#5359=DIRECTION('',(0.,6.12323399573676E-17,-1.));
#5360=DIRECTION('',(-6.12303176911189E-17,-1.,-6.12323399573676E-17));
#5361=DIRECTION('',(0.,6.12323399573676E-17,-1.));
#5362=DIRECTION('',(-6.12303176911189E-17,-1.,-6.12323399573678E-17));
#5363=DIRECTION('',(0.,6.12323399573678E-17,-1.));
#5364=DIRECTION('',(-6.12303176911189E-17,-1.,-6.12323399573676E-17));
#5365=DIRECTION('',(0.,-1.,0.));
#5366=DIRECTION('',(0.,0.,-1.));
#5367=DIRECTION('',(-6.12303176911189E-17,-1.,-6.12323399573676E-17));
#5368=DIRECTION('',(6.12303176911189E-17,1.,6.12323399573678E-17));
#5369=DIRECTION('',(0.,-6.12323399573678E-17,1.));
#5370=DIRECTION('',(1.,0.,-7.64195363866435E-17));
#5371=DIRECTION('',(-7.64195363866435E-17,0.,-1.));
#5372=DIRECTION('',(0.,-1.,0.));
#5373=DIRECTION('',(-7.64195363866435E-17,0.,-1.));
#5374=DIRECTION('',(0.,-1.,0.));
#5375=DIRECTION('',(7.64195363866435E-17,0.,1.));
#5376=DIRECTION('',(0.,-1.,0.));
#5377=DIRECTION('',(0.,0.,1.));
#5378=DIRECTION('',(1.,0.,0.));
#5379=DIRECTION('',(0.,-1.,0.));
#5380=DIRECTION('',(1.,0.,0.));
#5381=DIRECTION('',(0.,-1.,0.));
#5382=DIRECTION('',(-1.,0.,-7.64195363866435E-17));
#5383=DIRECTION('',(-7.64195363866435E-17,0.,1.));
#5384=DIRECTION('',(0.,1.,0.));
#5385=DIRECTION('',(-7.64195363866435E-17,0.,1.));
#5386=DIRECTION('',(0.,-1.,0.));
#5387=DIRECTION('',(0.,-1.,0.));
#5388=DIRECTION('',(7.64195363866435E-17,0.,-1.));
#5389=DIRECTION('',(7.64195363866435E-17,0.,1.));
#5390=DIRECTION('',(1.,0.,-7.64195363866435E-17));
#5391=DIRECTION('',(1.,0.,-7.64195363866435E-17));
#5392=DIRECTION('',(1.,0.,-7.64195363866435E-17));
#5393=DIRECTION('',(0.,-1.,0.));
#5394=DIRECTION('',(0.,0.,-1.));
#5395=DIRECTION('',(0.,-1.,0.));
#5396=DIRECTION('',(0.,0.,-1.));
#5397=DIRECTION('',(0.,-1.,0.));
#5398=DIRECTION('',(0.,0.,-1.));
#5399=DIRECTION('',(0.,-1.,0.));
#5400=DIRECTION('',(0.,0.,-1.));
#5401=DIRECTION('',(0.,0.,-1.));
#5402=DIRECTION('',(-1.,0.,0.));
#5403=DIRECTION('',(-1.,0.,0.));
#5404=DIRECTION('',(6.12303176911189E-17,1.,0.));
#5405=DIRECTION('',(-1.,0.,0.));
#5406=DIRECTION('',(6.12303176911189E-17,1.,0.));
#5407=DIRECTION('',(1.,0.,-7.64195363866435E-17));
#5408=DIRECTION('',(0.,-1.,0.));
#5409=DIRECTION('',(0.,-1.,0.));
#5410=DIRECTION('',(0.,1.,0.));
#5411=DIRECTION('',(0.,0.,1.));
#5412=DIRECTION('',(0.,1.,0.));
#5413=DIRECTION('',(0.,0.,1.));
#5414=DIRECTION('',(0.,1.,0.));
#5415=DIRECTION('',(0.,0.,1.));
#5416=DIRECTION('',(0.,-1.,0.));
#5417=DIRECTION('',(0.,0.,-1.));
#5418=DIRECTION('',(0.,-1.,0.));
#5419=DIRECTION('',(0.,0.,-1.));
#5420=DIRECTION('',(0.,-1.,0.));
#5421=DIRECTION('',(0.,0.,-1.));
#5422=DIRECTION('',(0.,1.,0.));
#5423=DIRECTION('',(-1.,0.,9.13012355777267E-17));
#5424=DIRECTION('',(-9.13012355777267E-17,0.,-1.));
#5425=DIRECTION('',(0.,1.,0.));
#5426=DIRECTION('',(1.,0.,-9.13012355777267E-17));
#5427=DIRECTION('',(-1.,0.,-1.12783879243074E-16));
#5428=DIRECTION('',(0.,1.,0.));
#5429=DIRECTION('',(1.,0.,-9.13012355777267E-17));
#5430=DIRECTION('',(1.51311311234685E-19,0.,1.));
#5431=DIRECTION('',(0.,1.,0.));
#5432=DIRECTION('',(1.,0.,-9.13012355777267E-17));
#5433=DIRECTION('',(1.,0.,-9.13012355777267E-17));
#5434=DIRECTION('',(1.,0.,-9.13012355777267E-17));
#5435=DIRECTION('',(-9.13012355777267E-17,0.,-1.));
#5436=DIRECTION('',(0.,1.,0.));
#5437=DIRECTION('',(-9.13012355777267E-17,0.,-1.));
#5438=DIRECTION('',(0.,1.,0.));
#5439=DIRECTION('',(0.,1.,0.));
#5440=DIRECTION('',(0.,0.,1.));
#5441=DIRECTION('',(0.,1.,0.));
#5442=DIRECTION('',(0.,0.,1.));
#5443=DIRECTION('',(0.,1.,0.));
#5444=DIRECTION('',(1.12783879243074E-16,0.,-1.));
#5445=DIRECTION('',(-1.,0.,-1.12783879243074E-16));
#5446=DIRECTION('',(-1.,0.,-1.12783879243074E-16));
#5447=DIRECTION('',(0.,1.,0.));
#5448=DIRECTION('',(0.,1.,0.));
#5449=DIRECTION('',(0.,0.,1.));
#5450=DIRECTION('',(0.,1.,0.));
#5451=DIRECTION('',(0.,0.,1.));
#5452=DIRECTION('',(0.,1.,0.));
#5453=DIRECTION('',(-1.,0.,1.51311311234685E-19));
#5454=DIRECTION('',(1.51311311234685E-19,0.,1.));
#5455=DIRECTION('',(1.51311311234685E-19,0.,1.));
#5456=DIRECTION('',(0.,1.,0.));
#5457=DIRECTION('',(0.,1.,0.));
#5458=DIRECTION('',(0.,0.,1.));
#5459=DIRECTION('',(0.,1.,0.));
#5460=DIRECTION('',(0.,0.,1.));
#5461=DIRECTION('',(0.,1.,0.));
#5462=DIRECTION('',(9.13012355777267E-17,0.,1.));
#5463=DIRECTION('',(1.,0.,-9.13012355777267E-17));
#5464=DIRECTION('',(1.,0.,-9.13012355777267E-17));
#5465=DIRECTION('',(0.,1.,0.));
#5466=DIRECTION('',(0.,1.,0.));
#5467=DIRECTION('',(0.,0.,1.));
#5468=DIRECTION('',(0.,1.,0.));
#5469=DIRECTION('',(0.,0.,1.));
#5470=DIRECTION('',(0.,1.,0.));
#5471=DIRECTION('',(0.,0.,1.));
#5472=DIRECTION('',(0.,-1.,0.));
#5473=DIRECTION('',(0.,0.,-1.));
#5474=DIRECTION('',(0.,-1.,0.));
#5475=DIRECTION('',(0.,-1.,0.));
#5476=DIRECTION('',(0.,0.,-1.));
#5477=DIRECTION('',(0.,1.,0.));
#5478=DIRECTION('',(0.,-1.,0.));
#5479=DIRECTION('',(0.,0.,-1.));
#5480=DIRECTION('',(0.,-1.,0.));
#5481=DIRECTION('',(0.,0.,-1.));
#5482=DIRECTION('',(-7.64195363866435E-17,0.,1.));
#5483=DIRECTION('',(1.,0.,-7.64195363866435E-17));
#5484=DIRECTION('',(-7.64195363866435E-17,0.,-1.));
#5485=DIRECTION('',(7.64195363866435E-17,0.,1.));
#5486=DIRECTION('',(1.,0.,-7.64195363866435E-17));
#5487=DIRECTION('',(-1.,0.,7.64195363866435E-17));
#5488=DIRECTION('',(0.,-1.,0.));
#5489=DIRECTION('',(0.,1.,0.));
#5490=DIRECTION('',(0.,-1.,0.));
#5491=DIRECTION('',(0.,0.,-1.));
#5492=DIRECTION('',(0.,-1.,0.));
#5493=DIRECTION('',(0.,1.,0.));
#5494=DIRECTION('',(0.,0.,1.));
#5495=DIRECTION('',(0.,-1.,0.));
#5496=DIRECTION('',(-1.,0.,-7.64195363866435E-17));
#5497=DIRECTION('',(-7.64195363866435E-17,0.,1.));
#5498=DIRECTION('',(7.64195363866435E-17,0.,-1.));
#5499=DIRECTION('',(0.,-1.,0.));
#5500=DIRECTION('',(0.,0.,-1.));
#5501=DIRECTION('',(0.,-1.,0.));
#5502=DIRECTION('',(0.,1.,0.));
#5503=DIRECTION('',(0.,0.,1.));
#5504=DIRECTION('',(0.,-1.,0.));
#5505=DIRECTION('',(0.,0.,1.));
#5506=DIRECTION('',(1.,0.,0.));
#5507=DIRECTION('',(-1.,0.,0.));
#5508=DIRECTION('',(1.,0.,-7.64195363866435E-17));
#5509=DIRECTION('',(-7.64195363866435E-17,0.,-1.));
#5510=DIRECTION('',(7.64195363866435E-17,0.,1.));
#5511=DIRECTION('',(0.,1.,0.));
#5512=DIRECTION('',(0.,0.,1.));
#5513=DIRECTION('',(6.12303176911189E-17,1.,6.12323399573676E-17));
#5514=DIRECTION('',(0.,-6.12323399573676E-17,1.));
#5515=DIRECTION('',(-6.12303176911189E-17,-1.,-6.12323399573676E-17));
#5516=DIRECTION('',(0.,6.12323399573676E-17,-1.));
#5517=DIRECTION('',(-6.12303176911189E-17,-1.,-6.12323399573676E-17));
#5518=DIRECTION('',(0.,6.12323399573676E-17,-1.));
#5519=DIRECTION('',(-6.12303176911189E-17,-1.,-6.12323399573676E-17));
#5520=DIRECTION('',(0.,6.12323399573676E-17,-1.));
#5521=DIRECTION('',(-6.12303176911189E-17,-1.,-6.12323399573676E-17));
#5522=DIRECTION('',(0.,6.12323399573676E-17,-1.));
#5523=DIRECTION('',(-6.12303176911189E-17,-1.,-6.12323399573676E-17));
#5524=DIRECTION('',(0.,6.12323399573676E-17,-1.));
#5525=DIRECTION('',(6.12303176911189E-17,1.,6.12323399573676E-17));
#5526=DIRECTION('',(0.,-6.12323399573676E-17,1.));
#5527=DIRECTION('',(-6.12303176911189E-17,-1.,-6.12323399573676E-17));
#5528=DIRECTION('',(0.,6.12323399573676E-17,-1.));
#5529=DIRECTION('',(-6.12303176911189E-17,-1.,-6.12323399573676E-17));
#5530=DIRECTION('',(0.,0.,1.));
#5531=DIRECTION('',(1.,0.,0.));
#5532=DIRECTION('',(-1.,0.,0.));
#5533=DIRECTION('',(0.,-1.,0.));
#5534=DIRECTION('',(0.,0.,-1.));
#5535=DIRECTION('',(-6.12303176911189E-17,-1.,-4.39064779544471E-16));
#5536=DIRECTION('',(0.,4.39064779544471E-16,-1.));
#5537=DIRECTION('',(-6.12303176911189E-17,-1.,0.));
#5538=DIRECTION('',(-2.56716765599948E-17,-0.419264141164473,-0.90786429599011));
#5539=DIRECTION('',(-2.57771055113586E-17,-0.420985983469712,0.907067142896291));
#5540=DIRECTION('',(-1.,6.12303176911189E-17,0.));
#5541=DIRECTION('',(-6.12303176911189E-17,-1.,0.));
#5542=DIRECTION('',(0.,1.,0.));
#5543=DIRECTION('',(0.,0.,1.));
#5544=DIRECTION('',(2.30436881871389E-32,3.76344416558225E-16,-1.));
#5545=DIRECTION('',(-1.,0.,0.));
#5546=DIRECTION('',(0.,0.,-1.));
#5547=DIRECTION('',(-1.,6.12303176911189E-17,0.));
#5548=DIRECTION('',(-6.12303176911189E-17,-1.,0.));
#5549=DIRECTION('',(6.12303176911189E-17,1.,5.89133579299623E-16));
#5550=DIRECTION('',(0.,0.,1.));
#5551=DIRECTION('',(-6.12303176911189E-17,-1.,0.));
#5552=DIRECTION('',(-1.,6.12303176911189E-17,0.));
#5553=DIRECTION('',(-6.12303176911189E-17,-1.,0.));
#5554=DIRECTION('',(-6.12303176911189E-17,-1.,0.));
#5555=DIRECTION('',(0.,0.,1.));
#5556=DIRECTION('',(6.12303176911189E-17,1.,5.89133579299623E-16));
#5557=DIRECTION('',(0.,-1.,0.));
#5558=DIRECTION('',(0.,0.,-1.));
#5559=DIRECTION('',(-1.,0.,0.));
#5560=DIRECTION('',(-1.,0.,0.));
#5561=DIRECTION('',(0.,-5.89133579299623E-16,1.));
#5562=DIRECTION('',(0.,-1.,-5.89133579299623E-16));
#5563=DIRECTION('',(0.,0.,-1.));
#5564=DIRECTION('',(-1.,0.,0.));
#5565=DIRECTION('',(0.,0.,1.));
#5566=DIRECTION('',(1.,0.,0.));
#5567=DIRECTION('',(6.12303176911189E-17,1.,0.));
#5568=DIRECTION('',(0.,0.,-1.));
#5569=DIRECTION('',(-1.,0.,0.));
#5570=DIRECTION('',(6.12303176911189E-17,1.,0.));
#5571=DIRECTION('',(-6.12303176911189E-17,-1.,0.));
#5572=DIRECTION('',(1.,-6.12303176911189E-17,0.));
#5573=DIRECTION('',(6.12303176911189E-17,1.,0.));
#5574=DIRECTION('',(0.,-1.,0.));
#5575=DIRECTION('',(1.,-6.12303176911189E-17,0.));
#5576=DIRECTION('',(6.12303176911189E-17,1.,0.));
#5577=DIRECTION('',(0.,-1.,0.));
#5578=DIRECTION('',(1.,0.,0.));
#5579=DIRECTION('',(0.,0.,-1.));
#5580=DIRECTION('',(0.,-1.,0.));
#5581=DIRECTION('',(0.,-1.,0.));
#5582=DIRECTION('',(0.,1.,0.));
#5583=DIRECTION('',(0.,0.,-1.));
#5584=DIRECTION('',(0.,1.,0.));
#5585=DIRECTION('',(-1.,-5.43766907228041E-16,0.));
#5586=DIRECTION('',(5.43766907228041E-16,-1.,0.));
#5587=DIRECTION('',(-5.43766907228041E-16,1.,0.));
#5588=DIRECTION('',(-5.43766907228041E-16,1.,0.));
#5589=DIRECTION('',(0.,0.,-1.));
#5590=DIRECTION('',(0.,0.,-1.));
#5591=DIRECTION('',(-1.,0.,0.));
#5592=DIRECTION('',(0.,0.,1.));
#5593=DIRECTION('',(-1.,0.,0.));
#5594=DIRECTION('',(0.,0.,1.));
#5595=DIRECTION('',(-1.,0.,0.));
#5596=DIRECTION('',(0.,0.,1.));
#5597=DIRECTION('',(1.,0.,0.));
#5598=DIRECTION('',(0.,0.,1.));
#5599=DIRECTION('',(1.,0.,0.));
#5600=DIRECTION('',(1.,0.,0.));
#5601=DIRECTION('',(0.,0.,-1.));
#5602=DIRECTION('',(0.,-1.,0.));
#5603=DIRECTION('',(0.,0.,-1.));
#5604=DIRECTION('',(0.,-1.,0.));
#5605=DIRECTION('',(0.,0.,-1.));
#5606=DIRECTION('',(0.,-1.,0.));
#5607=DIRECTION('',(0.,0.,-1.));
#5608=DIRECTION('',(0.,-1.,0.));
#5609=DIRECTION('',(0.,0.,-1.));
#5610=DIRECTION('',(-1.,0.,0.));
#5611=DIRECTION('',(0.,0.,-1.));
#5612=DIRECTION('',(1.,0.,0.));
#5613=DIRECTION('',(0.,0.,-1.));
#5614=DIRECTION('',(1.,0.,0.));
#5615=DIRECTION('',(0.,0.,-1.));
#5616=DIRECTION('',(-1.,5.43766907228041E-16,0.));
#5617=DIRECTION('',(-5.43766907228041E-16,-1.,0.));
#5618=DIRECTION('',(5.43766907228041E-16,1.,0.));
#5619=DIRECTION('',(5.43766907228041E-16,1.,0.));
#5620=DIRECTION('',(0.,0.,-1.));
#5621=DIRECTION('',(0.,1.,0.));
#5622=DIRECTION('',(0.,0.,1.));
#5623=DIRECTION('',(-1.,0.,0.));
#5624=DIRECTION('',(1.,0.,0.));
#5625=DIRECTION('',(1.,0.,0.));
#5626=DIRECTION('',(-1.,0.,0.));
#5627=DIRECTION('',(0.,0.,-1.));
#5628=DIRECTION('',(0.,0.,-1.));
#5629=DIRECTION('',(-1.,0.,0.));
#5630=DIRECTION('',(0.,0.,-1.));
#5631=DIRECTION('',(-1.,0.,0.));
#5632=DIRECTION('',(0.,0.,-1.));
#5633=DIRECTION('',(-1.,0.,0.));
#5634=DIRECTION('',(-6.12303176911189E-17,-1.,-1.89421255673605E-15));
#5635=DIRECTION('',(-6.12303176911189E-17,-1.,0.));
#5636=DIRECTION('',(-1.,6.12303176911189E-17,0.));
#5637=DIRECTION('',(-6.12303176911189E-17,-1.,0.));
#5638=DIRECTION('',(-1.,6.12303176911189E-17,0.));
#5639=DIRECTION('',(-6.12303176911189E-17,-1.,0.));
#5640=DIRECTION('',(0.,0.,-1.));
#5641=DIRECTION('',(-1.,0.,0.));
#5642=DIRECTION('',(6.12303176911189E-17,1.,-1.89421255673605E-15));
#5643=DIRECTION('',(-6.12303176911189E-17,-1.,0.));
#5644=DIRECTION('',(1.,-6.12303176911189E-17,0.));
#5645=DIRECTION('',(6.12303176911189E-17,1.,0.));
#5646=DIRECTION('',(1.,-6.12303176911189E-17,0.));
#5647=DIRECTION('',(6.12303176911189E-17,1.,0.));
#5648=DIRECTION('',(0.,-8.40154711014947E-16,-1.));
#5649=DIRECTION('',(0.,1.,-8.40154711014947E-16));
#5650=DIRECTION('',(-6.12303176911189E-17,-1.,8.40154711014947E-16));
#5651=DIRECTION('',(-1.,0.,0.));
#5652=DIRECTION('',(-6.12303176911189E-17,-1.,8.40154711014947E-16));
#5653=DIRECTION('',(-1.,0.,0.));
#5654=DIRECTION('',(-1.,0.,0.));
#5655=DIRECTION('',(0.,0.,1.));
#5656=DIRECTION('',(-1.,6.12303176911189E-17,0.));
#5657=DIRECTION('',(6.12303176911189E-17,1.,0.));
#5658=DIRECTION('',(-1.,6.12303176911189E-17,0.));
#5659=DIRECTION('',(6.12303176911189E-17,1.,0.));
#5660=DIRECTION('',(0.,0.,1.));
#5661=DIRECTION('',(1.,0.,0.));
#5662=DIRECTION('',(6.12303176911189E-17,1.,0.));
#5663=DIRECTION('',(6.12303176911189E-17,1.,0.));
#5664=DIRECTION('',(-1.,0.,0.));
#5665=DIRECTION('',(0.,1.,0.));
#5666=DIRECTION('',(0.,0.,1.));
#5667=DIRECTION('',(0.,0.,-1.));
#5668=DIRECTION('',(0.,0.,-1.));
#5669=DIRECTION('',(-1.,6.12303176911189E-17,0.));
#5670=DIRECTION('',(-6.12303176911189E-17,-1.,0.));
#5671=DIRECTION('',(-1.,6.12303176911189E-17,0.));
#5672=DIRECTION('',(-6.12303176911189E-17,-1.,0.));
#5673=DIRECTION('',(-1.,0.,0.));
#5674=DIRECTION('',(0.,0.,1.));
#5675=DIRECTION('',(-1.,6.12303176911189E-17,0.));
#5676=DIRECTION('',(6.12303176911189E-17,1.,0.));
#5677=DIRECTION('',(-1.,6.12303176911189E-17,0.));
#5678=DIRECTION('',(6.12303176911189E-17,1.,0.));
#5679=DIRECTION('',(-1.,0.,0.));
#5680=DIRECTION('',(0.,-8.28072552531336E-16,1.));
#5681=DIRECTION('',(0.,-1.,-8.28072552531336E-16));
#5682=DIRECTION('',(6.12303176911189E-17,1.,8.28072552531336E-16));
#5683=DIRECTION('',(6.12303176911189E-17,1.,8.28072552531336E-16));
#5684=DIRECTION('',(-1.,0.,0.));
#5685=DIRECTION('',(0.,1.,0.));
#5686=DIRECTION('',(0.,0.,1.));
#5687=DIRECTION('',(0.,0.,-1.));
#5688=DIRECTION('',(0.,0.,-1.));
#5689=DIRECTION('',(-1.,0.,0.));
#5690=DIRECTION('',(0.,0.,-1.));
#5691=DIRECTION('',(-1.,0.,0.));
#5692=DIRECTION('',(-6.12303176911189E-17,-1.,0.));
#5693=DIRECTION('',(-6.12303176911189E-17,-1.,0.));
#5694=DIRECTION('',(-1.,6.12303176911189E-17,0.));
#5695=DIRECTION('',(-6.12303176911189E-17,-1.,0.));
#5696=DIRECTION('',(-1.,6.12303176911189E-17,0.));
#5697=DIRECTION('',(-6.12303176911189E-17,-1.,0.));
#5698=DIRECTION('',(-1.,0.,0.));
#5699=DIRECTION('',(0.,0.,1.));
#5700=DIRECTION('',(0.,1.,0.));
#5701=DIRECTION('',(0.,0.,-1.));
#5702=DIRECTION('',(0.,1.,0.));
#5703=DIRECTION('',(-0.630139995246231,-0.77648154285281,0.));
#5704=DIRECTION('',(0.77648154285281,-0.630139995246231,0.));
#5705=DIRECTION('',(-0.77648154285281,0.630139995246231,0.));
#5706=DIRECTION('',(0.,0.,-1.));
#5707=DIRECTION('',(-0.77648154285281,0.630139995246231,0.));
#5708=DIRECTION('',(0.,0.,-1.));
#5709=DIRECTION('',(0.,0.,-1.));
#5710=DIRECTION('',(-1.,0.,0.));
#5711=DIRECTION('',(0.,0.,-1.));
#5712=DIRECTION('',(1.,0.,0.));
#5713=DIRECTION('',(0.,0.,-1.));
#5714=DIRECTION('',(1.,0.,0.));
#5715=DIRECTION('',(0.,0.,-1.));
#5716=DIRECTION('',(-1.,-1.82031325700733E-15,0.));
#5717=DIRECTION('',(1.82031325700733E-15,-1.,0.));
#5718=DIRECTION('',(-1.82031325700733E-15,1.,0.));
#5719=DIRECTION('',(-1.82031325700733E-15,1.,0.));
#5720=DIRECTION('',(0.,0.,-1.));
#5721=DIRECTION('',(0.,0.,-1.));
#5722=DIRECTION('',(-1.,0.,0.));
#5723=DIRECTION('',(0.,0.,-1.));
#5724=DIRECTION('',(1.,0.,0.));
#5725=DIRECTION('',(0.,0.,-1.));
#5726=DIRECTION('',(1.,0.,0.));
#5727=DIRECTION('',(0.,0.,-1.));
#5728=DIRECTION('',(-0.608524539872613,0.793535055541231,0.));
#5729=DIRECTION('',(-0.793535055541231,-0.608524539872613,0.));
#5730=DIRECTION('',(0.,0.,-1.));
#5731=DIRECTION('',(-0.608524539872613,0.793535055541231,0.));
#5732=DIRECTION('',(-0.793535055541231,-0.608524539872613,0.));
#5733=DIRECTION('',(0.793535055541231,0.608524539872613,0.));
#5734=DIRECTION('',(0.793535055541231,0.608524539872613,0.));
#5735=DIRECTION('',(-0.608524539872613,0.793535055541231,0.));
#5736=DIRECTION('',(-0.793535055541231,-0.608524539872613,0.));
#5737=DIRECTION('',(0.79353505554123,0.608524539872614,0.));
#5738=DIRECTION('',(-0.608524539872614,0.79353505554123,0.));
#5739=DIRECTION('',(0.,0.,-1.));
#5740=DIRECTION('',(0.608524539872614,-0.79353505554123,0.));
#5741=DIRECTION('',(0.608524539872614,-0.79353505554123,0.));
#5742=DIRECTION('',(0.608524539872611,-0.793535055541232,0.));
#5743=DIRECTION('',(0.793535055541232,0.608524539872611,0.));
#5744=DIRECTION('',(-0.793535055541232,-0.608524539872611,0.));
#5745=DIRECTION('',(0.608524539872611,-0.793535055541232,0.));
#5746=DIRECTION('',(0.793535055541232,0.608524539872611,0.));
#5747=DIRECTION('',(0.608524539872611,-0.793535055541232,0.));
#5748=DIRECTION('',(0.793535055541232,0.608524539872611,0.));
#5749=DIRECTION('',(-0.793535055541232,-0.608524539872611,0.));
#5750=DIRECTION('',(0.,0.,-1.));
#5751=DIRECTION('',(0.,0.,-1.));
#5752=DIRECTION('',(-1.,0.,0.));
#5753=DIRECTION('',(0.,0.,1.));
#5754=DIRECTION('',(1.,0.,0.));
#5755=DIRECTION('',(0.,0.,1.));
#5756=DIRECTION('',(1.,0.,0.));
#5757=DIRECTION('',(0.,0.,-1.));
#5758=DIRECTION('',(1.,-1.82031325700732E-15,0.));
#5759=DIRECTION('',(1.82031325700732E-15,1.,0.));
#5760=DIRECTION('',(-1.82031325700732E-15,-1.,0.));
#5761=DIRECTION('',(-1.82031325700732E-15,-1.,0.));
#5762=DIRECTION('',(0.,0.,-1.));
#5763=DIRECTION('',(0.,0.,-1.));
#5764=DIRECTION('',(-1.,0.,0.));
#5765=DIRECTION('',(0.,0.,1.));
#5766=DIRECTION('',(1.,0.,0.));
#5767=DIRECTION('',(0.,0.,1.));
#5768=DIRECTION('',(1.,0.,0.));
#5769=DIRECTION('',(0.,0.,-1.));
#5770=DIRECTION('',(0.63013999524623,0.776481542852811,0.));
#5771=DIRECTION('',(-0.776481542852811,0.63013999524623,0.));
#5772=DIRECTION('',(0.776481542852811,-0.63013999524623,0.));
#5773=DIRECTION('',(0.776481542852811,-0.63013999524623,0.));
#5774=DIRECTION('',(0.,0.,-1.));
#5775=DIRECTION('',(0.,0.,-1.));
#5776=DIRECTION('',(-1.,0.,0.));
#5777=DIRECTION('',(0.,0.,-1.));
#5778=DIRECTION('',(-1.,0.,0.));
#5779=DIRECTION('',(0.,0.,-1.));
#5780=DIRECTION('',(-1.,0.,0.));
#5781=DIRECTION('',(0.,0.,-1.));
#5782=DIRECTION('',(-1.,0.,0.));
#5783=DIRECTION('',(0.608524539872614,-0.79353505554123,0.));
#5784=DIRECTION('',(0.,0.,-1.));
#5785=DIRECTION('',(-1.,0.,0.));
#5786=DIRECTION('',(0.,0.,-1.));
#5787=DIRECTION('',(-1.,0.,0.));
#5788=DIRECTION('',(0.608524539872614,-0.79353505554123,0.));
#5789=DIRECTION('',(0.,0.,-1.));
#5790=DIRECTION('',(-1.,0.,0.));
#5791=DIRECTION('',(1.,0.,0.));
#5792=DIRECTION('',(0.,0.,-1.));
#5793=DIRECTION('',(0.,-1.,0.));
#5794=DIRECTION('',(0.,0.,-1.));
#5795=DIRECTION('',(0.,-1.,0.));
#5796=DIRECTION('',(0.,0.,-1.));
#5797=DIRECTION('',(-1.,0.,0.));
#5798=DIRECTION('',(0.,0.,-1.));
#5799=DIRECTION('',(1.,0.,0.));
#5800=DIRECTION('',(0.,0.,-1.));
#5801=DIRECTION('',(1.,0.,0.));
#5802=DIRECTION('',(0.,0.,-1.));
#5803=DIRECTION('',(-0.63013999524623,0.776481542852811,0.));
#5804=DIRECTION('',(-0.776481542852811,-0.63013999524623,0.));
#5805=DIRECTION('',(0.776481542852811,0.63013999524623,0.));
#5806=DIRECTION('',(0.776481542852811,0.63013999524623,0.));
#5807=DIRECTION('',(0.,0.,-1.));
#5808=DIRECTION('',(0.,0.,-1.));
#5809=DIRECTION('',(-1.,0.,0.));
#5810=DIRECTION('',(0.,0.,1.));
#5811=DIRECTION('',(-1.,0.,0.));
#5812=DIRECTION('',(0.,0.,1.));
#5813=DIRECTION('',(-1.,0.,0.));
#5814=DIRECTION('',(0.,0.,-1.));
#5815=DIRECTION('',(-1.,-1.82031325700732E-15,0.));
#5816=DIRECTION('',(1.82031325700732E-15,-1.,0.));
#5817=DIRECTION('',(-1.82031325700732E-15,1.,0.));
#5818=DIRECTION('',(-1.82031325700732E-15,1.,0.));
#5819=DIRECTION('',(0.,0.,-1.));
#5820=DIRECTION('',(0.,0.,-1.));
#5821=DIRECTION('',(-1.,0.,0.));
#5822=DIRECTION('',(0.,0.,1.));
#5823=DIRECTION('',(1.,0.,0.));
#5824=DIRECTION('',(0.,0.,1.));
#5825=DIRECTION('',(1.,0.,0.));
#5826=DIRECTION('',(0.,0.,-1.));
#5827=DIRECTION('',(-0.608524539872611,-0.793535055541232,0.));
#5828=DIRECTION('',(0.793535055541232,-0.608524539872611,0.));
#5829=DIRECTION('',(-0.793535055541232,0.608524539872611,0.));
#5830=DIRECTION('',(-0.608524539872611,-0.793535055541232,0.));
#5831=DIRECTION('',(0.793535055541232,-0.608524539872611,0.));
#5832=DIRECTION('',(0.,0.,-1.));
#5833=DIRECTION('',(-0.608524539872611,-0.793535055541232,0.));
#5834=DIRECTION('',(0.793535055541232,-0.608524539872611,0.));
#5835=DIRECTION('',(-0.793535055541232,0.608524539872611,0.));
#5836=DIRECTION('',(-0.79353505554123,0.608524539872614,0.));
#5837=DIRECTION('',(-0.608524539872614,-0.79353505554123,0.));
#5838=DIRECTION('',(0.608524539872614,0.79353505554123,0.));
#5839=DIRECTION('',(0.,0.,-1.));
#5840=DIRECTION('',(0.608524539872614,0.79353505554123,0.));
#5841=DIRECTION('',(0.608524539872613,0.793535055541231,0.));
#5842=DIRECTION('',(-0.793535055541231,0.608524539872613,0.));
#5843=DIRECTION('',(0.608524539872613,0.793535055541231,0.));
#5844=DIRECTION('',(-0.793535055541231,0.608524539872613,0.));
#5845=DIRECTION('',(0.793535055541231,-0.608524539872613,0.));
#5846=DIRECTION('',(0.,0.,-1.));
#5847=DIRECTION('',(0.793535055541231,-0.608524539872613,0.));
#5848=DIRECTION('',(0.608524539872613,0.793535055541231,0.));
#5849=DIRECTION('',(-0.793535055541231,0.608524539872613,0.));
#5850=DIRECTION('',(0.,0.,-1.));
#5851=DIRECTION('',(-1.,0.,0.));
#5852=DIRECTION('',(0.,0.,-1.));
#5853=DIRECTION('',(-1.,0.,0.));
#5854=DIRECTION('',(0.,0.,-1.));
#5855=DIRECTION('',(-1.,0.,0.));
#5856=DIRECTION('',(0.,0.,-1.));
#5857=DIRECTION('',(1.,-1.82031325700732E-15,0.));
#5858=DIRECTION('',(1.82031325700732E-15,1.,0.));
#5859=DIRECTION('',(-1.82031325700732E-15,-1.,0.));
#5860=DIRECTION('',(-1.82031325700732E-15,-1.,0.));
#5861=DIRECTION('',(0.,0.,-1.));
#5862=DIRECTION('',(0.,0.,-1.));
#5863=DIRECTION('',(-1.,0.,0.));
#5864=DIRECTION('',(0.,0.,-1.));
#5865=DIRECTION('',(-1.,0.,0.));
#5866=DIRECTION('',(0.,0.,-1.));
#5867=DIRECTION('',(-1.,0.,0.));
#5868=DIRECTION('',(0.,0.,-1.));
#5869=DIRECTION('',(0.63013999524623,-0.776481542852811,0.));
#5870=DIRECTION('',(0.776481542852811,0.63013999524623,0.));
#5871=DIRECTION('',(-0.776481542852811,-0.63013999524623,0.));
#5872=DIRECTION('',(0.,0.,-1.));
#5873=DIRECTION('',(-0.776481542852811,-0.63013999524623,0.));
#5874=DIRECTION('',(0.,0.,-1.));
#5875=DIRECTION('',(-1.,0.,0.));
#5876=DIRECTION('',(0.608524539872614,0.79353505554123,0.));
#5877=DIRECTION('',(0.,0.,-1.));
#5878=DIRECTION('',(-1.,0.,0.));
#5879=DIRECTION('',(0.,0.,-1.));
#5880=DIRECTION('',(-1.,0.,0.));
#5881=DIRECTION('',(0.608524539872614,0.79353505554123,0.));
#5882=DIRECTION('',(0.,0.,-1.));
#5883=DIRECTION('',(-1.,0.,0.));
#5884=DIRECTION('',(-0.608524539872614,0.79353505554123,0.));
#5885=DIRECTION('',(-0.79353505554123,-0.608524539872614,0.));
#5886=DIRECTION('',(0.608524539872614,0.79353505554123,0.));
#5887=DIRECTION('',(-0.79353505554123,0.608524539872614,0.));
#5888=DIRECTION('',(-0.608524539872614,-0.79353505554123,0.));
#5889=DIRECTION('',(0.79353505554123,-0.608524539872614,0.));
#5890=DIRECTION('',(0.608524539872614,-0.79353505554123,0.));
#5891=DIRECTION('',(0.79353505554123,0.608524539872614,0.));
#5892=DIRECTION('',(0.,0.,1.));
#5893=DIRECTION('',(1.,0.,0.));
#5894=DIRECTION('',(0.,0.,1.));
#5895=DIRECTION('',(1.,0.,0.));
#5896=DIRECTION('',(-1.,0.,0.));
#5897=DIRECTION('',(0.,0.,1.));
#5898=DIRECTION('',(-1.,0.,0.));
#5899=DIRECTION('',(-1.,6.12303176911189E-17,0.));
#5900=DIRECTION('',(6.12303176911189E-17,1.,0.));
#5901=DIRECTION('',(-1.,0.,0.));
#5902=DIRECTION('',(-1.,6.12303176911189E-17,0.));
#5903=DIRECTION('',(6.12303176911189E-17,1.,0.));
#5904=DIRECTION('',(0.,-1.,1.29669625936147E-15));
#5905=DIRECTION('',(0.,-1.29669625936147E-15,-1.));
#5906=DIRECTION('',(7.93971239095883E-32,1.29669625936147E-15,1.));
#5907=DIRECTION('',(7.93971239095883E-32,1.29669625936147E-15,1.));
#5908=DIRECTION('',(0.,1.,0.));
#5909=DIRECTION('',(0.,0.,1.));
#5910=DIRECTION('',(-1.,0.,0.));
#5911=DIRECTION('',(-8.01173525103685E-32,-1.30845887350327E-15,-1.));
#5912=DIRECTION('',(-8.01173525103685E-32,-1.30845887350327E-15,-1.));
#5913=DIRECTION('',(-1.,0.,0.));
#5914=DIRECTION('',(0.,0.,1.));
#5915=DIRECTION('',(-1.,0.,0.));
#5916=DIRECTION('',(1.,-6.12303176911189E-17,0.));
#5917=DIRECTION('',(6.12303176911189E-17,1.,0.));
#5918=DIRECTION('',(1.,-6.12303176911189E-17,0.));
#5919=DIRECTION('',(6.12303176911189E-17,1.,0.));
#5920=DIRECTION('',(0.,-1.05538806409429E-16,1.));
#5921=DIRECTION('',(0.,-1.,-1.05538806409429E-16));
#5922=DIRECTION('',(-1.,0.,0.));
#5923=DIRECTION('',(0.,-1.05538806409429E-16,1.));
#5924=DIRECTION('',(0.,-1.,-1.05538806409429E-16));
#5925=DIRECTION('',(6.12303176911189E-17,1.,1.05538806409429E-16));
#5926=DIRECTION('',(-1.,0.,0.));
#5927=DIRECTION('',(-0.707106781186548,-0.707106781186547,-7.46272056904414E-17));
#5928=DIRECTION('',(6.12303176911189E-17,1.,0.));
#5929=DIRECTION('',(6.12303176911189E-17,1.,0.));
#5930=DIRECTION('',(0.707106781186548,-0.707106781186547,-7.46272056904414E-17));
#5931=DIRECTION('',(-1.,0.,0.));
#5932=DIRECTION('',(6.12303176911189E-17,1.,1.05538806409429E-16));
#5933=DIRECTION('',(0.,-1.05538806409429E-16,1.));
#5934=DIRECTION('',(0.,-1.,-1.05538806409429E-16));
#5935=DIRECTION('',(0.,1.,0.));
#5936=DIRECTION('',(0.,0.,1.));
#5937=DIRECTION('',(-1.,0.,0.));
#5938=DIRECTION('',(0.,0.,-1.));
#5939=DIRECTION('',(0.,0.,-1.));
#5940=DIRECTION('',(0.,0.,-1.));
#5941=DIRECTION('',(-1.,0.,0.));
#5942=DIRECTION('',(-6.12303176911189E-17,-1.,0.));
#5943=DIRECTION('',(0.,0.,-1.));
#5944=DIRECTION('',(-1.,0.,0.));
#5945=DIRECTION('',(0.,0.,-1.));
#5946=DIRECTION('',(-1.,0.,0.));
#5947=DIRECTION('',(-6.12303176911189E-17,-1.,0.));
#5948=DIRECTION('',(-1.,0.,0.));
#5949=DIRECTION('',(-0.707106781186548,0.707106781186547,0.));
#5950=DIRECTION('',(-6.12303176911189E-17,-1.,0.));
#5951=DIRECTION('',(-6.12303176911189E-17,-1.,0.));
#5952=DIRECTION('',(0.707106781186548,0.707106781186547,0.));
#5953=DIRECTION('',(-1.,0.,0.));
#5954=DIRECTION('',(-1.,6.12303176911189E-17,0.));
#5955=DIRECTION('',(-6.12303176911189E-17,-1.,0.));
#5956=DIRECTION('',(0.,0.,-1.));
#5957=DIRECTION('',(0.,0.,-1.));
#5958=DIRECTION('',(-1.,6.12303176911189E-17,0.));
#5959=DIRECTION('',(-6.12303176911189E-17,-1.,0.));
#5960=DIRECTION('',(0.,0.,-1.));
#5961=DIRECTION('',(0.,0.,-1.));
#5962=DIRECTION('',(0.,1.,0.));
#5963=DIRECTION('',(0.,0.,1.));
#5964=DIRECTION('',(0.,0.,1.));
#5965=DIRECTION('',(1.,-6.12303176911189E-17,0.));
#5966=DIRECTION('',(6.12303176911189E-17,1.,0.));
#5967=DIRECTION('',(0.,0.,-1.));
#5968=DIRECTION('',(0.,1.,0.));
#5969=DIRECTION('',(0.,0.,1.));
#5970=DIRECTION('',(0.,0.,-1.));
#5971=DIRECTION('',(1.,-6.12303176911189E-17,0.));
#5972=DIRECTION('',(6.12303176911189E-17,1.,0.));
#5973=DIRECTION('',(0.,0.,1.));
#5974=DIRECTION('',(-0.707106781186547,0.707106781186548,0.));
#5975=DIRECTION('',(0.,0.,1.));
#5976=DIRECTION('',(-0.707106781186547,-0.707106781186548,0.));
#5977=DIRECTION('',(0.,0.,-1.));
#5978=DIRECTION('',(0.,0.,1.));
#5979=DIRECTION('',(1.,0.,0.));
#5980=DIRECTION('',(0.,0.,-1.));
#5981=DIRECTION('',(-1.,0.,0.));
#5982=CARTESIAN_POINT('',(0.,0.,0.));
#5983=CARTESIAN_POINT('',(2.44926961059857,13.168042427591,-7.1689012416952));
#5984=CARTESIAN_POINT('',(2.44926961059857,13.168042427591,-7.35));
#5985=CARTESIAN_POINT('',(2.44926961059857,13.5173120381896,-7.35));
#5986=CARTESIAN_POINT('',(2.1,13.168042427591,-7.35));
#5987=CARTESIAN_POINT('',(2.44926961059857,13.5173120381896,-7.65));
#5988=CARTESIAN_POINT('',(2.44926961059857,13.5173120381896,-7.65));
#5989=CARTESIAN_POINT('',(2.44926961059857,13.168042427591,-7.65));
#5990=CARTESIAN_POINT('',(2.1,13.168042427591,-7.65));
#5991=CARTESIAN_POINT('',(2.1,13.168042427591,-7.1689012416952));
#5992=CARTESIAN_POINT('',(2.55073038940143,13.168042427591,-7.65));
#5993=CARTESIAN_POINT('',(2.55073038940143,13.168042427591,-7.35));
#5994=CARTESIAN_POINT('',(2.9,13.168042427591,-7.35));
#5995=CARTESIAN_POINT('',(2.55073038940143,13.5173120381896,-7.35));
#5996=CARTESIAN_POINT('',(2.9,13.168042427591,-7.35));
#5997=CARTESIAN_POINT('',(2.9,13.168042427591,-7.65));
#5998=CARTESIAN_POINT('',(2.55073038940143,13.168042427591,-7.65));
#5999=CARTESIAN_POINT('',(2.55073038940143,13.5173120381896,-7.65));
#6000=CARTESIAN_POINT('',(2.55073038940143,13.5173120381896,-7.65));
#6001=CARTESIAN_POINT('',(2.94291487204825,8.64658383219233,-7.65));
#6002=CARTESIAN_POINT('',(0.48609333302549,11.1034053712151,-7.35));
#6003=CARTESIAN_POINT('',(3.4408976014795,8.14860110276108,-7.35));
#6004=CARTESIAN_POINT('',(2.94291487204825,8.64658383219233,-7.35));
#6005=CARTESIAN_POINT('',(3.4408976014795,8.14860110276108,-7.16288803993215));
#6006=CARTESIAN_POINT('',(3.4408976014795,8.14860110276108,-7.65));
#6007=CARTESIAN_POINT('',(4.67019787312796,6.91930083111261,-7.65));
#6008=CARTESIAN_POINT('',(2.94291487204825,8.64658383219233,-7.65));
#6009=CARTESIAN_POINT('',(2.94291487204825,8.64658383219233,-7.65));
#6010=CARTESIAN_POINT('',(1.5591023985205,8.14860110276108,-7.16288803993215));
#6011=CARTESIAN_POINT('',(4.91390666697451,11.5034053712151,-7.35));
#6012=CARTESIAN_POINT('',(2.05708512795175,8.64658383219233,-7.35));
#6013=CARTESIAN_POINT('',(1.5591023985205,8.14860110276108,-7.35));
#6014=CARTESIAN_POINT('',(2.05708512795175,8.64658383219233,-7.65));
#6015=CARTESIAN_POINT('',(2.05708512795175,8.64658383219233,-7.65));
#6016=CARTESIAN_POINT('',(0.729802126872035,7.31930083111261,-7.65));
#6017=CARTESIAN_POINT('',(1.5591023985205,8.14860110276108,-7.65));
#6018=CARTESIAN_POINT('',(1.5591023985205,8.14860110276108,-7.16288803993215));
#6019=CARTESIAN_POINT('',(3.4408976014795,8.64658383219233,-7.65));
#6020=CARTESIAN_POINT('',(3.4408976014795,8.64658383219233,-7.35));
#6021=CARTESIAN_POINT('',(2.9,8.64658383219233,-7.35));
#6022=CARTESIAN_POINT('',(3.4408976014795,8.64658383219233,-7.65));
#6023=CARTESIAN_POINT('',(2.9,8.64658383219233,-7.65));
#6024=CARTESIAN_POINT('',(2.9,8.64658383219233,-7.1689012416952));
#6025=CARTESIAN_POINT('',(3.4408976014795,8.64658383219233,-7.65));
#6026=CARTESIAN_POINT('',(3.4408976014795,8.64658383219233,-7.65));
#6027=CARTESIAN_POINT('',(2.1,8.64658383219233,-7.65));
#6028=CARTESIAN_POINT('',(3.4408976014795,8.64658383219233,-7.35));
#6029=CARTESIAN_POINT('',(2.1,8.64658383219233,-7.35));
#6030=CARTESIAN_POINT('',(2.1,8.64658383219233,-7.1689012416952));
#6031=CARTESIAN_POINT('',(1.5591023985205,5.29889676993702,-7.16288803993215));
#6032=CARTESIAN_POINT('',(1.5591023985205,5.29889676993702,-7.35));
#6033=CARTESIAN_POINT('',(1.5591023985205,5.29889676993702,-7.35));
#6034=CARTESIAN_POINT('',(1.5591023985205,8.64658383219233,-7.65));
#6035=CARTESIAN_POINT('',(1.5591023985205,5.14910295798465,-7.65));
#6036=CARTESIAN_POINT('',(1.5591023985205,5.14910295798465,-7.1689012416952));
#6037=CARTESIAN_POINT('',(1.5591023985205,4.66800419967985,-7.1689012416952));
#6038=CARTESIAN_POINT('',(1.5591023985205,4.66800419967985,-7.1689012416952));
#6039=CARTESIAN_POINT('',(1.5591023985205,4.66800419967985,-6.5));
#6040=CARTESIAN_POINT('',(1.5591023985205,100.,-6.5));
#6041=CARTESIAN_POINT('',(1.5591023985205,5.11178480986917,-6.5));
#6042=CARTESIAN_POINT('',(1.5591023985205,5.11178480986916,-6.5));
#6043=CARTESIAN_POINT('',(1.5591023985205,5.11178480986916,-7.16288803993215));
#6044=CARTESIAN_POINT('',(1.5591023985205,5.29889676993702,-7.16288803993215));
#6045=CARTESIAN_POINT('',(3.4408976014795,5.29889676993702,-7.16288803993215));
#6046=CARTESIAN_POINT('',(3.4408976014795,8.64658383219233,-7.65));
#6047=CARTESIAN_POINT('',(3.4408976014795,5.14910295798465,-7.65));
#6048=CARTESIAN_POINT('',(3.4408976014795,5.29889676993702,-7.35));
#6049=CARTESIAN_POINT('',(3.4408976014795,5.29889676993702,-7.35));
#6050=CARTESIAN_POINT('',(3.4408976014795,5.29889676993702,-7.16288803993215));
#6051=CARTESIAN_POINT('',(3.4408976014795,5.11178480986916,-7.16288803993215));
#6052=CARTESIAN_POINT('',(3.4408976014795,5.11178480986916,-6.5));
#6053=CARTESIAN_POINT('',(3.4408976014795,5.11178480986917,-6.5));
#6054=CARTESIAN_POINT('',(3.44089760147951,100.,-6.5));
#6055=CARTESIAN_POINT('',(3.4408976014795,4.66800419967985,-6.5));
#6056=CARTESIAN_POINT('',(3.4408976014795,4.66800419967985,-7.1689012416952));
#6057=CARTESIAN_POINT('',(3.4408976014795,4.66800419967985,-7.1689012416952));
#6058=CARTESIAN_POINT('',(3.4408976014795,5.14910295798465,-7.1689012416952));
#6059=CARTESIAN_POINT('',(2.9,5.14910295798465,-7.1689012416952));
#6060=CARTESIAN_POINT('',(2.9,4.66800419967985,-7.1689012416952));
#6061=CARTESIAN_POINT('',(2.9,5.14910295798465,-7.65));
#6062=CARTESIAN_POINT('',(2.9,4.66800419967985,-6.5));
#6063=CARTESIAN_POINT('',(2.9,4.66800419967985,-6.5));
#6064=CARTESIAN_POINT('',(2.9,5.11178480986916,-7.16288803993215));
#6065=CARTESIAN_POINT('',(2.9,5.11178480986916,-7.16288803993215));
#6066=CARTESIAN_POINT('',(0.,5.11178480986917,-6.5));
#6067=CARTESIAN_POINT('',(2.9,5.29889676993702,-7.16288803993215));
#6068=CARTESIAN_POINT('',(2.9,5.29889676993702,-7.35));
#6069=CARTESIAN_POINT('',(2.9,13.5173120381896,-7.35));
#6070=CARTESIAN_POINT('',(2.9,13.5173120381896,-7.35));
#6071=CARTESIAN_POINT('',(2.1,13.5173120381896,-7.35));
#6072=CARTESIAN_POINT('',(2.9,13.5173120381896,-7.35));
#6073=CARTESIAN_POINT('',(2.9,13.5173120381896,-7.65));
#6074=CARTESIAN_POINT('',(2.9,13.5173120381896,-7.65));
#6075=CARTESIAN_POINT('',(2.9,5.14910295798465,-7.65));
#6076=CARTESIAN_POINT('',(2.1,5.14910295798465,-7.65));
#6077=CARTESIAN_POINT('',(2.9,5.14910295798465,-7.65));
#6078=CARTESIAN_POINT('',(2.1,5.14910295798465,-7.1689012416952));
#6079=CARTESIAN_POINT('',(2.9,5.14910295798465,-7.1689012416952));
#6080=CARTESIAN_POINT('',(-2.55073038940143,13.168042427591,-7.1689012416952));
#6081=CARTESIAN_POINT('',(-2.55073038940143,13.168042427591,-7.35));
#6082=CARTESIAN_POINT('',(-2.55073038940143,13.5173120381896,-7.35));
#6083=CARTESIAN_POINT('',(-2.9,13.168042427591,-7.35));
#6084=CARTESIAN_POINT('',(-2.55073038940143,13.5173120381896,-7.65));
#6085=CARTESIAN_POINT('',(-2.55073038940143,13.5173120381896,-7.65));
#6086=CARTESIAN_POINT('',(-2.55073038940143,13.168042427591,-7.65));
#6087=CARTESIAN_POINT('',(-2.9,13.168042427591,-7.65));
#6088=CARTESIAN_POINT('',(-2.9,13.168042427591,-7.1689012416952));
#6089=CARTESIAN_POINT('',(-2.44926961059857,13.168042427591,-7.65));
#6090=CARTESIAN_POINT('',(-2.44926961059857,13.168042427591,-7.35));
#6091=CARTESIAN_POINT('',(-2.1,13.168042427591,-7.35));
#6092=CARTESIAN_POINT('',(-2.44926961059857,13.5173120381896,-7.35));
#6093=CARTESIAN_POINT('',(-2.1,13.168042427591,-7.35));
#6094=CARTESIAN_POINT('',(-2.1,13.168042427591,-7.65));
#6095=CARTESIAN_POINT('',(-2.44926961059857,13.168042427591,-7.65));
#6096=CARTESIAN_POINT('',(-2.44926961059857,13.5173120381896,-7.65));
#6097=CARTESIAN_POINT('',(-2.44926961059857,13.5173120381896,-7.65));
#6098=CARTESIAN_POINT('',(-2.05708512795175,8.64658383219233,-7.65));
#6099=CARTESIAN_POINT('',(-4.51390666697451,11.1034053712151,-7.35));
#6100=CARTESIAN_POINT('',(-1.5591023985205,8.14860110276108,-7.35));
#6101=CARTESIAN_POINT('',(-2.05708512795175,8.64658383219233,-7.35));
#6102=CARTESIAN_POINT('',(-1.5591023985205,8.14860110276108,-7.16288803993215));
#6103=CARTESIAN_POINT('',(-1.5591023985205,8.14860110276108,-7.65));
#6104=CARTESIAN_POINT('',(-0.329802126872036,6.91930083111262,-7.65));
#6105=CARTESIAN_POINT('',(-2.05708512795175,8.64658383219233,-7.65));
#6106=CARTESIAN_POINT('',(-2.05708512795175,8.64658383219233,-7.65));
#6107=CARTESIAN_POINT('',(-3.4408976014795,8.14860110276108,-7.16288803993215));
#6108=CARTESIAN_POINT('',(-0.0860933330254911,11.5034053712151,-7.35));
#6109=CARTESIAN_POINT('',(-2.94291487204825,8.64658383219233,-7.35));
#6110=CARTESIAN_POINT('',(-3.4408976014795,8.14860110276108,-7.35));
#6111=CARTESIAN_POINT('',(-2.94291487204825,8.64658383219233,-7.65));
#6112=CARTESIAN_POINT('',(-2.94291487204825,8.64658383219233,-7.65));
#6113=CARTESIAN_POINT('',(-4.27019787312797,7.31930083111261,-7.65));
#6114=CARTESIAN_POINT('',(-3.4408976014795,8.14860110276108,-7.65));
#6115=CARTESIAN_POINT('',(-3.4408976014795,8.14860110276108,-7.16288803993215));
#6116=CARTESIAN_POINT('',(-1.5591023985205,8.64658383219233,-7.65));
#6117=CARTESIAN_POINT('',(-1.5591023985205,8.64658383219233,-7.35));
#6118=CARTESIAN_POINT('',(-2.1,8.64658383219233,-7.35));
#6119=CARTESIAN_POINT('',(-1.5591023985205,8.64658383219233,-7.65));
#6120=CARTESIAN_POINT('',(-2.1,8.64658383219233,-7.65));
#6121=CARTESIAN_POINT('',(-2.1,8.64658383219233,-7.1689012416952));
#6122=CARTESIAN_POINT('',(-1.5591023985205,8.64658383219233,-7.65));
#6123=CARTESIAN_POINT('',(-1.5591023985205,8.64658383219233,-7.65));
#6124=CARTESIAN_POINT('',(-2.9,8.64658383219233,-7.65));
#6125=CARTESIAN_POINT('',(-1.5591023985205,8.64658383219233,-7.35));
#6126=CARTESIAN_POINT('',(-2.9,8.64658383219233,-7.35));
#6127=CARTESIAN_POINT('',(-2.9,8.64658383219233,-7.1689012416952));
#6128=CARTESIAN_POINT('',(-3.4408976014795,5.29889676993702,-7.16288803993215));
#6129=CARTESIAN_POINT('',(-3.4408976014795,5.29889676993702,-7.35));
#6130=CARTESIAN_POINT('',(-3.4408976014795,5.29889676993702,-7.35));
#6131=CARTESIAN_POINT('',(-3.4408976014795,8.64658383219233,-7.65));
#6132=CARTESIAN_POINT('',(-3.4408976014795,5.14910295798465,-7.65));
#6133=CARTESIAN_POINT('',(-3.4408976014795,5.14910295798465,-7.1689012416952));
#6134=CARTESIAN_POINT('',(-3.4408976014795,4.66800419967985,-7.1689012416952));
#6135=CARTESIAN_POINT('',(-3.4408976014795,4.66800419967985,-7.1689012416952));
#6136=CARTESIAN_POINT('',(-3.4408976014795,4.66800419967985,-6.5));
#6137=CARTESIAN_POINT('',(-3.4408976014795,100.,-6.5));
#6138=CARTESIAN_POINT('',(-3.4408976014795,5.11178480986917,-6.5));
#6139=CARTESIAN_POINT('',(-3.4408976014795,5.11178480986916,-6.5));
#6140=CARTESIAN_POINT('',(-3.4408976014795,5.11178480986916,-7.16288803993215));
#6141=CARTESIAN_POINT('',(-3.4408976014795,5.29889676993702,-7.16288803993215));
#6142=CARTESIAN_POINT('',(-1.5591023985205,5.29889676993702,-7.16288803993215));
#6143=CARTESIAN_POINT('',(-1.5591023985205,8.64658383219233,-7.65));
#6144=CARTESIAN_POINT('',(-1.5591023985205,5.14910295798465,-7.65));
#6145=CARTESIAN_POINT('',(-1.5591023985205,5.29889676993702,-7.35));
#6146=CARTESIAN_POINT('',(-1.5591023985205,5.29889676993702,-7.35));
#6147=CARTESIAN_POINT('',(-1.5591023985205,5.29889676993702,-7.16288803993215));
#6148=CARTESIAN_POINT('',(-1.5591023985205,5.11178480986916,-7.16288803993215));
#6149=CARTESIAN_POINT('',(-1.5591023985205,5.11178480986916,-6.5));
#6150=CARTESIAN_POINT('',(-1.5591023985205,5.11178480986917,-6.5));
#6151=CARTESIAN_POINT('',(-1.55910239852049,100.,-6.5));
#6152=CARTESIAN_POINT('',(-1.5591023985205,4.66800419967985,-6.5));
#6153=CARTESIAN_POINT('',(-1.5591023985205,4.66800419967985,-7.1689012416952));
#6154=CARTESIAN_POINT('',(-1.5591023985205,4.66800419967985,-7.1689012416952));
#6155=CARTESIAN_POINT('',(-1.5591023985205,5.14910295798465,-7.1689012416952));
#6156=CARTESIAN_POINT('',(-2.1,5.14910295798465,-7.1689012416952));
#6157=CARTESIAN_POINT('',(-2.1,4.66800419967985,-7.1689012416952));
#6158=CARTESIAN_POINT('',(-2.1,5.14910295798465,-7.65));
#6159=CARTESIAN_POINT('',(-2.1,4.66800419967985,-6.5));
#6160=CARTESIAN_POINT('',(-2.1,4.66800419967985,-6.5));
#6161=CARTESIAN_POINT('',(-2.1,5.11178480986916,-7.16288803993215));
#6162=CARTESIAN_POINT('',(-2.1,5.11178480986916,-7.16288803993215));
#6163=CARTESIAN_POINT('',(0.,5.11178480986917,-6.5));
#6164=CARTESIAN_POINT('',(-2.1,5.29889676993702,-7.16288803993215));
#6165=CARTESIAN_POINT('',(-2.1,5.29889676993702,-7.35));
#6166=CARTESIAN_POINT('',(-2.1,13.5173120381896,-7.35));
#6167=CARTESIAN_POINT('',(-2.1,13.5173120381896,-7.35));
#6168=CARTESIAN_POINT('',(-2.9,13.5173120381896,-7.35));
#6169=CARTESIAN_POINT('',(-2.1,13.5173120381896,-7.35));
#6170=CARTESIAN_POINT('',(-2.1,13.5173120381896,-7.65));
#6171=CARTESIAN_POINT('',(-2.1,13.5173120381896,-7.65));
#6172=CARTESIAN_POINT('',(-2.1,5.14910295798465,-7.65));
#6173=CARTESIAN_POINT('',(-2.9,5.14910295798465,-7.65));
#6174=CARTESIAN_POINT('',(-2.1,5.14910295798465,-7.65));
#6175=CARTESIAN_POINT('',(-2.9,5.14910295798465,-7.1689012416952));
#6176=CARTESIAN_POINT('',(-2.1,5.14910295798465,-7.1689012416952));
#6177=CARTESIAN_POINT('',(4.75,9.90780006516028,1.5));
#6178=CARTESIAN_POINT('',(4.74816476048676,9.90780006516028,-0.5));
#6179=CARTESIAN_POINT('',(4.74816476048676,9.90780006516028,-0.5));
#6180=CARTESIAN_POINT('',(4.08816476048676,9.90780006516028,-0.5));
#6181=CARTESIAN_POINT('',(4.74816476048676,9.90780006516028,0.5));
#6182=CARTESIAN_POINT('',(4.74816476048676,9.90780006516028,0.5));
#6183=CARTESIAN_POINT('',(4.74816476048676,9.90780006516028,0.5));
#6184=CARTESIAN_POINT('',(4.08816476048676,9.90780006516028,0.5));
#6185=CARTESIAN_POINT('',(4.08816476048676,9.90780006516028,1.5));
#6186=CARTESIAN_POINT('',(4.08816476048676,9.90780006516028,1.5));
#6187=CARTESIAN_POINT('',(4.75,9.90780006516028,1.5));
#6188=CARTESIAN_POINT('',(4.75,9.90780006516028,1.5));
#6189=CARTESIAN_POINT('',(4.75,9.90780006516028,1.5));
#6190=CARTESIAN_POINT('',(4.75,9.90780006516028,-1.5));
#6191=CARTESIAN_POINT('',(4.75,9.90780006516028,-1.5));
#6192=CARTESIAN_POINT('',(4.08816476048676,9.90780006516028,-1.5));
#6193=CARTESIAN_POINT('',(4.08816476048676,9.90780006516028,1.5));
#6194=CARTESIAN_POINT('',(1.83637344978354,7.96915536574815,3.91962234394212));
#6195=CARTESIAN_POINT('',(-1.65317319681365,7.96915536574815,3.91962234394212));
#6196=CARTESIAN_POINT('',(-1.65317319681365,7.96915536574815,3.91962234394212));
#6197=CARTESIAN_POINT('',(-1.65317319681365,7.5112544111251,3.91962234394212));
#6198=CARTESIAN_POINT('',(1.83637344978354,7.96915536574815,3.91962234394212));
#6199=CARTESIAN_POINT('',(-1.83637344978353,7.96915536574815,3.91962234394212));
#6200=CARTESIAN_POINT('',(-1.83637344978353,7.96915536574815,3.91962234394212));
#6201=CARTESIAN_POINT('',(-1.83637344978353,7.5112544111251,3.91962234394212));
#6202=CARTESIAN_POINT('',(1.83637344978354,7.5112544111251,3.91962234394212));
#6203=CARTESIAN_POINT('',(-18.0924839482267,7.5112544111251,4.85));
#6204=CARTESIAN_POINT('',(-18.0924839482267,7.5112544111251,4.85));
#6205=CARTESIAN_POINT('',(-4.3972024135368,7.5112544111251,4.85));
#6206=CARTESIAN_POINT('',(4.39720241353679,7.5112544111251,4.85));
#6207=CARTESIAN_POINT('',(4.3972024135368,7.5112544111251,4.4972024135368));
#6208=CARTESIAN_POINT('',(4.75,7.5112544111251,4.4972024135368));
#6209=CARTESIAN_POINT('',(4.75,7.5112544111251,4.85));
#6210=CARTESIAN_POINT('',(4.75,7.5112544111251,-5.97080362030519));
#6211=CARTESIAN_POINT('',(4.22080362030519,7.5112544111251,-5.97080362030519));
#6212=CARTESIAN_POINT('',(4.22080362030519,7.5112544111251,-6.5));
#6213=CARTESIAN_POINT('',(-18.0924839482267,7.5112544111251,-6.5));
#6214=CARTESIAN_POINT('',(-4.22080362030519,7.5112544111251,-6.5));
#6215=CARTESIAN_POINT('',(-4.22080362030519,7.5112544111251,-5.97080362030519));
#6216=CARTESIAN_POINT('',(-4.75,7.5112544111251,-5.97080362030519));
#6217=CARTESIAN_POINT('',(-4.75,7.5112544111251,4.84999999999999));
#6218=CARTESIAN_POINT('',(-4.75,7.5112544111251,4.4972024135368));
#6219=CARTESIAN_POINT('',(-4.3972024135368,7.5112544111251,4.4972024135368));
#6220=CARTESIAN_POINT('',(-1.65317319681365,7.5112544111251,3.91962234394212));
#6221=CARTESIAN_POINT('',(-1.65317319681365,7.5112544111251,4.15630300131171));
#6222=CARTESIAN_POINT('',(-1.83637344978353,7.5112544111251,3.91962234394212));
#6223=CARTESIAN_POINT('',(-1.83637344978353,7.5112544111251,4.4972024135368));
#6224=CARTESIAN_POINT('',(4.08816476048676,7.5112544111251,4.4972024135368));
#6225=CARTESIAN_POINT('',(-4.08816476048676,7.5112544111251,4.4972024135368));
#6226=CARTESIAN_POINT('',(-4.08816476048676,7.5112544111251,4.4972024135368));
#6227=CARTESIAN_POINT('',(-4.08816476048676,7.5112544111251,1.5));
#6228=CARTESIAN_POINT('',(-4.08816476048676,7.5112544111251,1.5));
#6229=CARTESIAN_POINT('',(-4.25,7.5112544111251,1.5));
#6230=CARTESIAN_POINT('',(-4.25,7.5112544111251,1.5));
#6231=CARTESIAN_POINT('',(-4.25,7.5112544111251,-1.5));
#6232=CARTESIAN_POINT('',(-4.08816476048676,7.5112544111251,-1.5));
#6233=CARTESIAN_POINT('',(-4.08816476048676,7.5112544111251,-1.5));
#6234=CARTESIAN_POINT('',(-4.08816476048676,7.5112544111251,4.4972024135368));
#6235=CARTESIAN_POINT('',(-4.08816476048676,7.5112544111251,-4.3125495690276));
#6236=CARTESIAN_POINT('',(4.08816476048676,7.5112544111251,-4.3125495690276));
#6237=CARTESIAN_POINT('',(-1.83637344978353,7.5112544111251,-4.3125495690276));
#6238=CARTESIAN_POINT('',(-1.83637344978353,7.5112544111251,-3.73496949943293));
#6239=CARTESIAN_POINT('',(-1.83637344978353,7.5112544111251,-3.73496949943293));
#6240=CARTESIAN_POINT('',(1.83637344978354,7.5112544111251,-3.73496949943293));
#6241=CARTESIAN_POINT('',(-1.65317319681365,7.5112544111251,-3.73496949943293));
#6242=CARTESIAN_POINT('',(-1.65317319681365,7.5112544111251,-3.73496949943293));
#6243=CARTESIAN_POINT('',(-1.65317319681365,7.5112544111251,-3.94152376448509));
#6244=CARTESIAN_POINT('',(1.65317319681365,7.5112544111251,-3.94152376448509));
#6245=CARTESIAN_POINT('',(1.65317319681365,7.5112544111251,-3.94152376448509));
#6246=CARTESIAN_POINT('',(1.65317319681365,7.5112544111251,-3.73496949943293));
#6247=CARTESIAN_POINT('',(1.65317319681365,7.5112544111251,-3.73496949943293));
#6248=CARTESIAN_POINT('',(1.83637344978354,7.5112544111251,-3.73496949943293));
#6249=CARTESIAN_POINT('',(1.83637344978354,7.5112544111251,-3.73496949943293));
#6250=CARTESIAN_POINT('',(1.83637344978354,7.5112544111251,-3.73496949943293));
#6251=CARTESIAN_POINT('',(1.83637344978354,7.5112544111251,-4.3125495690276));
#6252=CARTESIAN_POINT('',(4.08816476048676,7.5112544111251,-4.3125495690276));
#6253=CARTESIAN_POINT('',(4.08816476048676,7.5112544111251,-4.3125495690276));
#6254=CARTESIAN_POINT('',(4.08816476048676,7.5112544111251,4.4972024135368));
#6255=CARTESIAN_POINT('',(4.08816476048676,7.5112544111251,-1.5));
#6256=CARTESIAN_POINT('',(4.08816476048676,7.5112544111251,-1.5));
#6257=CARTESIAN_POINT('',(4.25,7.5112544111251,-1.5));
#6258=CARTESIAN_POINT('',(4.25,7.5112544111251,1.5));
#6259=CARTESIAN_POINT('',(4.25,7.5112544111251,1.5));
#6260=CARTESIAN_POINT('',(4.08816476048676,7.5112544111251,1.5));
#6261=CARTESIAN_POINT('',(4.08816476048676,7.5112544111251,1.5));
#6262=CARTESIAN_POINT('',(4.08816476048676,7.5112544111251,4.4972024135368));
#6263=CARTESIAN_POINT('',(4.08816476048676,7.5112544111251,4.4972024135368));
#6264=CARTESIAN_POINT('',(4.08816476048676,7.5112544111251,4.4972024135368));
#6265=CARTESIAN_POINT('',(1.83637344978354,7.5112544111251,4.4972024135368));
#6266=CARTESIAN_POINT('',(1.83637344978354,7.5112544111251,3.91962234394212));
#6267=CARTESIAN_POINT('',(1.83637344978354,7.5112544111251,3.91962234394212));
#6268=CARTESIAN_POINT('',(1.83637344978354,7.5112544111251,3.91962234394212));
#6269=CARTESIAN_POINT('',(1.65317319681365,7.5112544111251,3.91962234394212));
#6270=CARTESIAN_POINT('',(1.65317319681365,7.5112544111251,3.91962234394212));
#6271=CARTESIAN_POINT('',(1.65317319681365,7.5112544111251,4.15630300131171));
#6272=CARTESIAN_POINT('',(1.65317319681365,7.5112544111251,4.15630300131171));
#6273=CARTESIAN_POINT('',(1.83637344978354,7.96915536574815,-3.73496949943293));
#6274=CARTESIAN_POINT('',(1.65317319681365,7.96915536574815,-3.73496949943293));
#6275=CARTESIAN_POINT('',(1.65317319681365,7.96915536574815,-3.73496949943293));
#6276=CARTESIAN_POINT('',(1.83637344978354,7.96915536574815,-3.73496949943293));
#6277=CARTESIAN_POINT('',(1.83637344978354,7.96915536574815,-3.73496949943293));
#6278=CARTESIAN_POINT('',(1.83637344978354,7.96915536574815,-3.73496949943293));
#6279=CARTESIAN_POINT('',(4.08816476048676,7.5112544111251,-4.3125495690276));
#6280=CARTESIAN_POINT('',(-1.83637344978353,7.5112544111251,-4.3125495690276));
#6281=CARTESIAN_POINT('',(-1.83637344978353,7.96915536574815,-4.3125495690276));
#6282=CARTESIAN_POINT('',(-4.08816476048676,7.5112544111251,-4.3125495690276));
#6283=CARTESIAN_POINT('',(-4.08816476048676,7.96915536574815,-4.3125495690276));
#6284=CARTESIAN_POINT('',(4.08816476048676,7.96915536574815,-4.3125495690276));
#6285=CARTESIAN_POINT('',(4.08816476048676,7.96915536574815,-4.3125495690276));
#6286=CARTESIAN_POINT('',(-1.83637344978353,7.96915536574815,-4.3125495690276));
#6287=CARTESIAN_POINT('',(-1.83637344978353,7.96915536574815,-3.73496949943293));
#6288=CARTESIAN_POINT('',(-4.08816476048676,7.96915536574815,-4.3125495690276));
#6289=CARTESIAN_POINT('',(-4.08816476048676,7.96915536574815,-1.5));
#6290=CARTESIAN_POINT('',(-4.08816476048676,7.96915536574815,-4.3125495690276));
#6291=CARTESIAN_POINT('',(-4.08816476048676,7.96915536574815,1.5));
#6292=CARTESIAN_POINT('',(-4.08816476048676,7.96915536574815,-4.3125495690276));
#6293=CARTESIAN_POINT('',(-4.08816476048676,7.96915536574815,4.4972024135368));
#6294=CARTESIAN_POINT('',(4.08816476048676,7.96915536574815,4.4972024135368));
#6295=CARTESIAN_POINT('',(-1.83637344978353,7.96915536574815,4.4972024135368));
#6296=CARTESIAN_POINT('',(-1.83637344978353,7.96915536574815,4.4972024135368));
#6297=CARTESIAN_POINT('',(-1.65317319681365,7.96915536574815,4.03481246593122));
#6298=CARTESIAN_POINT('',(-1.65317319681365,7.96915536574815,4.03481246593122));
#6299=CARTESIAN_POINT('',(1.65317319681365,7.96915536574815,4.03481246593122));
#6300=CARTESIAN_POINT('',(1.65317319681365,7.96915536574815,4.03481246593122));
#6301=CARTESIAN_POINT('',(1.65317319681365,7.96915536574815,4.03481246593122));
#6302=CARTESIAN_POINT('',(1.65317319681365,7.96915536574815,3.91962234394212));
#6303=CARTESIAN_POINT('',(1.83637344978354,7.96915536574815,3.91962234394212));
#6304=CARTESIAN_POINT('',(1.83637344978354,7.96915536574815,3.91962234394212));
#6305=CARTESIAN_POINT('',(1.83637344978354,7.96915536574815,4.4972024135368));
#6306=CARTESIAN_POINT('',(1.83637344978354,7.96915536574815,4.4972024135368));
#6307=CARTESIAN_POINT('',(4.08816476048676,7.96915536574815,4.4972024135368));
#6308=CARTESIAN_POINT('',(4.08816476048676,7.96915536574815,4.4972024135368));
#6309=CARTESIAN_POINT('',(4.08816476048676,7.96915536574815,-4.3125495690276));
#6310=CARTESIAN_POINT('',(4.08816476048676,7.96915536574815,1.5));
#6311=CARTESIAN_POINT('',(4.08816476048676,7.96915536574815,-4.3125495690276));
#6312=CARTESIAN_POINT('',(4.08816476048676,7.96915536574815,-1.5));
#6313=CARTESIAN_POINT('',(4.08816476048676,7.96915536574815,-4.3125495690276));
#6314=CARTESIAN_POINT('',(4.08816476048676,7.96915536574815,-4.3125495690276));
#6315=CARTESIAN_POINT('',(4.08816476048676,7.96915536574815,-4.3125495690276));
#6316=CARTESIAN_POINT('',(1.83637344978354,7.96915536574815,-4.3125495690276));
#6317=CARTESIAN_POINT('',(1.83637344978354,7.96915536574815,-4.3125495690276));
#6318=CARTESIAN_POINT('',(1.65317319681365,7.96915536574815,-3.85015962142203));
#6319=CARTESIAN_POINT('',(1.65317319681365,7.96915536574815,-3.85015962142203));
#6320=CARTESIAN_POINT('',(1.65317319681365,7.96915536574815,-3.85015962142203));
#6321=CARTESIAN_POINT('',(-1.65317319681365,7.96915536574815,-3.85015962142203));
#6322=CARTESIAN_POINT('',(-1.65317319681365,7.96915536574815,-3.85015962142203));
#6323=CARTESIAN_POINT('',(-1.65317319681365,7.96915536574815,-3.73496949943293));
#6324=CARTESIAN_POINT('',(1.83637344978354,7.96915536574815,-3.73496949943293));
#6325=CARTESIAN_POINT('',(4.08816476048676,7.96915536574815,4.4972024135368));
#6326=CARTESIAN_POINT('',(1.83637344978354,7.5112544111251,4.4972024135368));
#6327=CARTESIAN_POINT('',(4.08816476048676,7.96915536574815,4.4972024135368));
#6328=CARTESIAN_POINT('',(-4.08816476048676,0.,0.));
#6329=CARTESIAN_POINT('',(-4.08816476048676,9.60635283741579,-1.5));
#6330=CARTESIAN_POINT('',(4.08816476048676,0.,0.));
#6331=CARTESIAN_POINT('',(4.08816476048676,9.60635283741579,-1.5));
#6332=CARTESIAN_POINT('',(4.08816476048676,7.5112544111251,-4.3125495690276));
#6333=CARTESIAN_POINT('',(-16.6024209941376,0.,-6.29824728993071));
#6334=CARTESIAN_POINT('',(0.900894384351196,-1.07173356127272E-15,-6.29824728993071));
#6335=CARTESIAN_POINT('',(0.900894384351193,0.786368828119107,-6.29824728993071));
#6336=CARTESIAN_POINT('',(0.900894384351195,0.,-6.29824728993071));
#6337=CARTESIAN_POINT('',(-16.6024209941376,0.786368828119107,-6.29824728993071));
#6338=CARTESIAN_POINT('',(-0.900894384351196,0.786368828119107,-6.29824728993071));
#6339=CARTESIAN_POINT('',(-0.900894384351196,-9.6140946255278E-16,-6.29824728993071));
#6340=CARTESIAN_POINT('',(-0.900894384351195,0.,-6.29824728993071));
#6341=CARTESIAN_POINT('',(-4.81309137944939E-16,0.,-6.29824728993071));
#6342=CARTESIAN_POINT('',(-4.3972024135368,0.,-6.29824728993071));
#6343=CARTESIAN_POINT('',(-4.3972024135368,1.68080472443141,-6.29824728993071));
#6344=CARTESIAN_POINT('',(-4.3972024135368,1.68080472443141,-6.29824728993071));
#6345=CARTESIAN_POINT('',(-16.6024209941376,1.68080472443141,-6.29824728993071));
#6346=CARTESIAN_POINT('',(4.39720241353679,1.68080472443141,-6.29824728993071));
#6347=CARTESIAN_POINT('',(4.39720241353679,0.,-6.29824728993071));
#6348=CARTESIAN_POINT('',(4.39720241353679,0.,-6.29824728993071));
#6349=CARTESIAN_POINT('',(-4.81309137944939E-16,0.,-6.29824728993071));
#6350=CARTESIAN_POINT('',(0.,0.,0.));
#6351=CARTESIAN_POINT('',(0.,0.,-2.04088517576365E-15));
#6352=CARTESIAN_POINT('',(0.,0.,-3.5));
#6353=CARTESIAN_POINT('',(0.,0.,-5.7220717843123));
#6354=CARTESIAN_POINT('',(0.900894384351195,0.,-5.7220717843123));
#6355=CARTESIAN_POINT('',(-0.900894384351195,0.,-5.7220717843123));
#6356=CARTESIAN_POINT('',(0.900894384351195,0.,0.));
#6357=CARTESIAN_POINT('',(4.39720241353679,0.,-5.94544970346751));
#6358=CARTESIAN_POINT('',(4.75,0.,-5.94544970346751));
#6359=CARTESIAN_POINT('',(4.75,0.,-6.5));
#6360=CARTESIAN_POINT('',(4.75,0.,4.4972024135368));
#6361=CARTESIAN_POINT('',(4.3972024135368,0.,4.4972024135368));
#6362=CARTESIAN_POINT('',(4.3972024135368,0.,4.85));
#6363=CARTESIAN_POINT('',(-8.67361737988404E-16,0.,4.85));
#6364=CARTESIAN_POINT('',(-4.3972024135368,0.,4.85));
#6365=CARTESIAN_POINT('',(-4.3972024135368,0.,4.4972024135368));
#6366=CARTESIAN_POINT('',(-4.75,0.,4.4972024135368));
#6367=CARTESIAN_POINT('',(-4.75,0.,4.85));
#6368=CARTESIAN_POINT('',(-4.75,0.,-5.94544970346751));
#6369=CARTESIAN_POINT('',(-4.3972024135368,0.,-5.94544970346751));
#6370=CARTESIAN_POINT('',(-0.900894384351195,0.,0.));
#6371=CARTESIAN_POINT('',(-2.78183076100104E-16,-4.54322444484807,2.96121220639821));
#6372=CARTESIAN_POINT('',(-2.78183076100104E-16,-4.54322444484807,-2.31907743947321E-15));
#6373=CARTESIAN_POINT('',(-2.78183076100104E-16,-4.54322444484807,-2.96121220639821));
#6374=CARTESIAN_POINT('',(2.61812740412707,-4.54322444484807,-1.79273214897035));
#6375=CARTESIAN_POINT('',(2.33577293171717,-4.54322444484807,-2.2561152152505));
#6376=CARTESIAN_POINT('',(1.54156222388937,-4.54322444484808,-3.02264666768223));
#6377=CARTESIAN_POINT('',(-0.60284727277883,-4.54322444484806,-3.62599276080907));
#6378=CARTESIAN_POINT('',(-2.20697708094343,-4.54322444484807,-2.86177690243571));
#6379=CARTESIAN_POINT('',(-2.86975013123706,-4.54322444484807,-2.00363025138451));
#6380=CARTESIAN_POINT('',(2.61812740412707,-4.54322444484807,-1.79273214897035));
#6381=CARTESIAN_POINT('',(-2.86975013123722,-4.54322444484816,-2.00363025138464));
#6382=CARTESIAN_POINT('',(-2.78183076100104E-16,-4.54322444484807,-1.87017018053998E-15));
#6383=CARTESIAN_POINT('',(2.82217994362508,-4.54322444484807,1.45044132180291));
#6384=CARTESIAN_POINT('',(-2.56901235458017,-4.54322444484815,2.37700978584743));
#6385=CARTESIAN_POINT('',(-1.79905405943778,-4.54322444484815,3.13225904594159));
#6386=CARTESIAN_POINT('',(0.464054663883615,-4.54322444484803,3.85397742577558));
#6387=CARTESIAN_POINT('',(2.3812398325671,-4.54322444484807,2.43592542187721));
#6388=CARTESIAN_POINT('',(2.82217994362507,-4.54322444484807,1.45044132180291));
#6389=CARTESIAN_POINT('',(-2.56901235458017,-4.54322444484815,2.37700978584743));
#6390=CARTESIAN_POINT('',(-2.78183076100104E-16,-4.54322444484807,-2.31907743947321E-15));
#6391=CARTESIAN_POINT('',(-9.18454765366783E-16,-15.,-2.95937027512416E-15));
#6392=CARTESIAN_POINT('',(-9.18454765366783E-16,-15.,-2.95937027512416E-15));
#6393=CARTESIAN_POINT('',(-1.32896743454164,-15.,1.5));
#6394=CARTESIAN_POINT('',(1.32896743454164,-15.,1.5));
#6395=CARTESIAN_POINT('',(9.79994575966221,-15.,1.5));
#6396=CARTESIAN_POINT('',(-3.06151588455594E-16,-5.,-2.34704687555048E-15));
#6397=CARTESIAN_POINT('',(-3.19773687520595E-16,-5.22247310774572,-2.36066942451534E-15));
#6398=CARTESIAN_POINT('',(-3.19773687520595E-16,-5.22247310774572,-3.));
#6399=CARTESIAN_POINT('',(-8.57471483911251E-16,-14.0040345411375,-2.8983849795613E-15));
#6400=CARTESIAN_POINT('',(2.59807621135331,-14.0040345411375,1.5));
#6401=CARTESIAN_POINT('',(-2.59807621135332,-14.0040345411375,1.5));
#6402=CARTESIAN_POINT('',(-2.59807621135332,-5.,1.5));
#6403=CARTESIAN_POINT('',(-2.59807621135332,-8.,1.5));
#6404=CARTESIAN_POINT('',(-4.89842541528951E-16,-8.,-2.53074389542259E-15));
#6405=CARTESIAN_POINT('',(2.59807621135332,-8.,1.5));
#6406=CARTESIAN_POINT('',(2.59807621135332,-5.,1.5));
#6407=CARTESIAN_POINT('',(-9.18454765366783E-16,-15.,-2.95937027512416E-15));
#6408=CARTESIAN_POINT('',(2.59807621135333,-14.0040345411375,1.5));
#6409=CARTESIAN_POINT('',(2.19106472805682,-14.3565168253043,1.5));
#6410=CARTESIAN_POINT('',(1.77595381762348,-14.7035827803336,1.5));
#6411=CARTESIAN_POINT('',(1.32896743454164,-15.,1.5));
#6412=CARTESIAN_POINT('',(-1.32896743454164,-15.,1.5));
#6413=CARTESIAN_POINT('',(-1.77583014498894,-14.7036647933431,1.5));
#6414=CARTESIAN_POINT('',(-2.1907173691686,-14.3568176469257,1.5));
#6415=CARTESIAN_POINT('',(-2.59807621135332,-14.0040345411375,1.5));
#6416=CARTESIAN_POINT('',(4.75,100.,-6.5));
#6417=CARTESIAN_POINT('',(4.75,100.,4.4972024135368));
#6418=CARTESIAN_POINT('',(4.75,2.50888891763242,4.4972024135368));
#6419=CARTESIAN_POINT('',(4.75,2.50888891763242,-6.5));
#6420=CARTESIAN_POINT('',(4.75,2.50888891763242,-5.51856784045186));
#6421=CARTESIAN_POINT('',(4.75,1.68080472443141,-5.51856784045186));
#6422=CARTESIAN_POINT('',(4.75,3.016751175518,-5.51856784045186));
#6423=CARTESIAN_POINT('',(4.75,3.016751175518,-5.51856784045186));
#6424=CARTESIAN_POINT('',(4.75,3.016751175518,-5.97080362030519));
#6425=CARTESIAN_POINT('',(4.75,100.,-5.97080362030519));
#6426=CARTESIAN_POINT('',(-8.67361737988404E-16,100.,4.85));
#6427=CARTESIAN_POINT('',(-4.3972024135368,100.,4.85));
#6428=CARTESIAN_POINT('',(-4.3972024135368,2.50888891763242,4.85));
#6429=CARTESIAN_POINT('',(-8.67361737988404E-16,2.50888891763242,4.85));
#6430=CARTESIAN_POINT('',(4.3972024135368,2.50888891763242,4.85));
#6431=CARTESIAN_POINT('',(4.3972024135368,100.,4.85));
#6432=CARTESIAN_POINT('',(-4.75,100.,4.85));
#6433=CARTESIAN_POINT('',(-4.75,100.,-5.51856784045186));
#6434=CARTESIAN_POINT('',(-4.75,2.50888891763242,-5.51856784045186));
#6435=CARTESIAN_POINT('',(-4.75,3.016751175518,-5.51856784045186));
#6436=CARTESIAN_POINT('',(-4.75,2.50888891763242,4.85));
#6437=CARTESIAN_POINT('',(-4.75,2.50888891763242,4.4972024135368));
#6438=CARTESIAN_POINT('',(-4.75,100.,4.4972024135368));
#6439=CARTESIAN_POINT('',(-4.75,100.,-5.97080362030519));
#6440=CARTESIAN_POINT('',(-4.75,3.016751175518,-5.97080362030519));
#6441=CARTESIAN_POINT('',(-4.75,3.016751175518,4.85));
#6442=CARTESIAN_POINT('',(-16.6024209941376,1.68080472443141,-5.51856784045186));
#6443=CARTESIAN_POINT('',(-16.6024209941376,2.50888891763242,-5.51856784045186));
#6444=CARTESIAN_POINT('',(-16.6024209941376,3.016751175518,-5.51856784045186));
#6445=CARTESIAN_POINT('',(-4.3972024135368,100.,4.4972024135368));
#6446=CARTESIAN_POINT('',(-4.3972024135368,2.50888891763242,4.4972024135368));
#6447=CARTESIAN_POINT('',(4.3972024135368,100.,4.4972024135368));
#6448=CARTESIAN_POINT('',(4.3972024135368,2.50888891763242,4.4972024135368));
#6449=CARTESIAN_POINT('',(0.,100.,-6.5));
#6450=CARTESIAN_POINT('',(0.4,4.66800419967985,-6.5));
#6451=CARTESIAN_POINT('',(0.940897601479503,4.66800419967985,-6.5));
#6452=CARTESIAN_POINT('',(-0.940897601479502,4.66800419967985,-6.5));
#6453=CARTESIAN_POINT('',(0.940897601479503,4.66800419967985,-6.5));
#6454=CARTESIAN_POINT('',(0.940897601479503,5.11178480986916,-6.5));
#6455=CARTESIAN_POINT('',(0.4,5.11178480986916,-6.5));
#6456=CARTESIAN_POINT('',(-0.940897601479502,5.11178480986917,-6.5));
#6457=CARTESIAN_POINT('',(-0.940897601479502,4.66800419967985,-6.5));
#6458=CARTESIAN_POINT('',(-16.6024209941376,3.016751175518,-6.5));
#6459=CARTESIAN_POINT('',(-4.22080362030519,3.016751175518,-6.5));
#6460=CARTESIAN_POINT('',(4.22080362030519,3.016751175518,-6.5));
#6461=CARTESIAN_POINT('',(-4.22080362030519,100.,-6.5));
#6462=CARTESIAN_POINT('',(4.22080362030519,100.,-6.5));
#6463=CARTESIAN_POINT('',(-16.6024209941376,3.016751175518,-5.51856784045186));
#6464=CARTESIAN_POINT('',(-4.22080362030519,3.016751175518,-5.97080362030519));
#6465=CARTESIAN_POINT('',(4.22080362030519,3.016751175518,-5.97080362030519));
#6466=CARTESIAN_POINT('',(4.22080362030519,100.,-5.97080362030519));
#6467=CARTESIAN_POINT('',(-4.22080362030519,100.,-5.97080362030519));
#6468=CARTESIAN_POINT('',(15.8155326617801,2.50888891763242,-15.9457749526225));
#6469=CARTESIAN_POINT('',(4.3972024135368,2.50888891763242,4.4972024135368));
#6470=CARTESIAN_POINT('',(4.3972024135368,2.50888891763242,4.75));
#6471=CARTESIAN_POINT('',(4.65,2.50888891763242,4.4972024135368));
#6472=CARTESIAN_POINT('',(4.65,2.50888891763242,-5.01856784045186));
#6473=CARTESIAN_POINT('',(4.65,2.50888891763242,-5.01856784045186));
#6474=CARTESIAN_POINT('',(4.25,2.50888891763242,-5.01856784045186));
#6475=CARTESIAN_POINT('',(4.25,2.50888891763242,-5.41856784045186));
#6476=CARTESIAN_POINT('',(-4.25,2.50888891763242,-5.41856784045186));
#6477=CARTESIAN_POINT('',(-4.25,2.50888891763242,-5.41856784045186));
#6478=CARTESIAN_POINT('',(-4.25,2.50888891763242,-5.01856784045186));
#6479=CARTESIAN_POINT('',(-4.65,2.50888891763242,-5.01856784045186));
#6480=CARTESIAN_POINT('',(-4.65,2.50888891763242,4.4972024135368));
#6481=CARTESIAN_POINT('',(-4.65,2.50888891763242,4.4972024135368));
#6482=CARTESIAN_POINT('',(-4.39720241353679,2.50888891763242,4.4972024135368));
#6483=CARTESIAN_POINT('',(-4.3972024135368,2.50888891763242,4.75));
#6484=CARTESIAN_POINT('',(4.3972024135368,2.50888891763242,4.75));
#6485=CARTESIAN_POINT('',(4.65,1.54574404859095,-5.01856784045186));
#6486=CARTESIAN_POINT('',(4.65,1.54574404859095,4.4972024135368));
#6487=CARTESIAN_POINT('',(4.65,2.49138531117024,4.4972024135368));
#6488=CARTESIAN_POINT('',(4.65,2.49138531117024,4.90863927171879));
#6489=CARTESIAN_POINT('',(4.65,2.49138531117024,-5.01856784045186));
#6490=CARTESIAN_POINT('',(4.65,1.54574404859095,-5.01856784045186));
#6491=CARTESIAN_POINT('',(4.25,1.54574404859095,-5.01856784045186));
#6492=CARTESIAN_POINT('',(4.25,2.49138531117024,-5.01856784045186));
#6493=CARTESIAN_POINT('',(4.25,2.49138531117024,-5.41856784045186));
#6494=CARTESIAN_POINT('',(4.25,1.54574404859095,-5.41856784045186));
#6495=CARTESIAN_POINT('',(-4.25,1.54574404859095,-5.41856784045186));
#6496=CARTESIAN_POINT('',(15.8155326617801,2.49138531117024,-5.41856784045186));
#6497=CARTESIAN_POINT('',(-4.25,2.49138531117024,-5.41856784045186));
#6498=CARTESIAN_POINT('',(-4.25,1.54574404859095,-5.41856784045186));
#6499=CARTESIAN_POINT('',(-4.25,1.54574404859095,-5.01856784045186));
#6500=CARTESIAN_POINT('',(-4.25,2.49138531117024,-5.01856784045186));
#6501=CARTESIAN_POINT('',(-4.65,2.49138531117024,-5.01856784045186));
#6502=CARTESIAN_POINT('',(-4.65,1.54574404859095,-5.01856784045186));
#6503=CARTESIAN_POINT('',(-4.65,1.54574404859095,4.4972024135368));
#6504=CARTESIAN_POINT('',(-4.65,2.49138531117024,4.90863927171879));
#6505=CARTESIAN_POINT('',(-4.65,2.49138531117024,4.4972024135368));
#6506=CARTESIAN_POINT('',(-4.65,1.54574404859095,4.4972024135368));
#6507=CARTESIAN_POINT('',(-4.39720241353679,1.54574404859095,4.4972024135368));
#6508=CARTESIAN_POINT('',(-4.39720241353679,2.49138531117024,4.4972024135368));
#6509=CARTESIAN_POINT('',(-4.39720241353679,2.49138531117024,4.75));
#6510=CARTESIAN_POINT('',(-4.3972024135368,1.54574404859095,4.75));
#6511=CARTESIAN_POINT('',(4.3972024135368,1.54574404859095,4.75));
#6512=CARTESIAN_POINT('',(15.8155326617801,2.49138531117024,4.75));
#6513=CARTESIAN_POINT('',(4.3972024135368,2.49138531117024,4.75));
#6514=CARTESIAN_POINT('',(4.3972024135368,1.54574404859095,4.75));
#6515=CARTESIAN_POINT('',(4.3972024135368,1.54574404859095,4.4972024135368));
#6516=CARTESIAN_POINT('',(4.3972024135368,2.49138531117024,4.4972024135368));
#6517=CARTESIAN_POINT('',(4.39720241353679,0.,-5.94544970346751));
#6518=CARTESIAN_POINT('',(4.39720241353679,1.68080472443141,-5.94544970346751));
#6519=CARTESIAN_POINT('',(4.75,1.68080472443141,-5.94544970346751));
#6520=CARTESIAN_POINT('',(4.75,1.68080472443141,-5.94544970346751));
#6521=CARTESIAN_POINT('',(-4.3972024135368,0.,-5.94544970346751));
#6522=CARTESIAN_POINT('',(-4.75,0.,-5.94544970346751));
#6523=CARTESIAN_POINT('',(-4.75,1.68080472443141,-5.94544970346751));
#6524=CARTESIAN_POINT('',(-4.3972024135368,1.68080472443141,-5.94544970346751));
#6525=CARTESIAN_POINT('',(-16.6024209941376,1.68080472443141,-6.29824728993071));
#6526=CARTESIAN_POINT('',(-4.75,1.68080472443141,4.85));
#6527=CARTESIAN_POINT('',(-4.75,1.68080472443141,-5.51856784045186));
#6528=CARTESIAN_POINT('',(-16.6024209941376,1.68080472443141,-5.51856784045186));
#6529=CARTESIAN_POINT('',(4.75,1.68080472443141,-5.51856784045186));
#6530=CARTESIAN_POINT('',(4.75,1.68080472443141,-6.29824728993071));
#6531=CARTESIAN_POINT('',(-16.6024209941376,1.68080472443141,-5.51856784045186));
#6532=CARTESIAN_POINT('',(-16.6024209941376,2.49138531117024,-5.51856784045186));
#6533=CARTESIAN_POINT('',(4.75,2.49138531117024,-5.51856784045186));
#6534=CARTESIAN_POINT('',(-4.75,2.49138531117024,-5.51856784045186));
#6535=CARTESIAN_POINT('',(4.75,1.68080472443141,-5.51856784045186));
#6536=CARTESIAN_POINT('',(-4.75,100.,-5.51856784045186));
#6537=CARTESIAN_POINT('',(-4.3972024135368,100.,4.4972024135368));
#6538=CARTESIAN_POINT('',(-4.3972024135368,100.,4.85));
#6539=CARTESIAN_POINT('',(-4.3972024135368,2.49138531117024,4.85));
#6540=CARTESIAN_POINT('',(-4.3972024135368,2.49138531117024,4.4972024135368));
#6541=CARTESIAN_POINT('',(-4.75,2.49138531117024,4.4972024135368));
#6542=CARTESIAN_POINT('',(-4.75,100.,4.4972024135368));
#6543=CARTESIAN_POINT('',(-4.75,100.,4.85));
#6544=CARTESIAN_POINT('',(-4.75,2.49138531117024,4.85));
#6545=CARTESIAN_POINT('',(4.3972024135368,100.,4.4972024135368));
#6546=CARTESIAN_POINT('',(4.75,100.,4.4972024135368));
#6547=CARTESIAN_POINT('',(4.75,2.49138531117024,4.4972024135368));
#6548=CARTESIAN_POINT('',(4.3972024135368,2.49138531117024,4.4972024135368));
#6549=CARTESIAN_POINT('',(4.3972024135368,2.49138531117024,4.85));
#6550=CARTESIAN_POINT('',(4.3972024135368,100.,4.85));
#6551=CARTESIAN_POINT('',(-8.67361737988404E-16,100.,4.85));
#6552=CARTESIAN_POINT('',(-8.67361737988404E-16,2.49138531117024,4.85));
#6553=CARTESIAN_POINT('',(4.75,100.,-6.5));
#6554=CARTESIAN_POINT('',(4.75,2.49138531117024,-6.5));
#6555=CARTESIAN_POINT('',(15.8155326617801,2.49138531117024,4.90863927171879));
#6556=CARTESIAN_POINT('',(-3.19773687520595E-16,-5.22247310774572,3.));
#6557=CARTESIAN_POINT('',(-3.19773687520595E-16,-5.22247310774572,-2.36066942451534E-15));
#6558=CARTESIAN_POINT('',(-3.19773687520595E-16,-5.22247310774572,-1.82416258318111));
#6559=CARTESIAN_POINT('',(-3.06151588455594E-16,-5.,-2.34704687555048E-15));
#6560=CARTESIAN_POINT('',(-3.06151588455594E-16,-5.,-2.34704687555048E-15));
#6561=CARTESIAN_POINT('',(-3.06151588455594E-16,-5.,-1.82416258318111));
#6562=CARTESIAN_POINT('',(-3.06151588455594E-16,-5.,1.82416258318111));
#6563=CARTESIAN_POINT('',(-3.06151588455594E-16,-5.,-2.34704687555048E-15));
#6564=CARTESIAN_POINT('',(-3.06151588455594E-16,-5.,-2.82373694815006));
#6565=CARTESIAN_POINT('',(-3.06151588455594E-16,-5.,-2.34704687555048E-15));
#6566=CARTESIAN_POINT('',(-3.06151588455594E-16,-5.,-2.34704687555048E-15));
#6567=CARTESIAN_POINT('',(-2.05527652494435E-18,-0.0335663214310328,3.5));
#6568=CARTESIAN_POINT('',(-0.798852160365524,-0.0512044960076271,3.5));
#6569=CARTESIAN_POINT('',(-1.51859308691145,-0.0688426705842213,3.15339103765847));
#6570=CARTESIAN_POINT('',(-2.23833401345738,-0.0864808451608155,2.80678207531693));
#6571=CARTESIAN_POINT('',(-2.7364101886381,-0.10411901973741,2.18221430650557));
#6572=CARTESIAN_POINT('',(-3.23448636381882,-0.121757194314004,1.5576465376942));
#6573=CARTESIAN_POINT('',(-3.41224769263638,-0.139395368890598,0.7788232688471));
#6574=CARTESIAN_POINT('',(-3.59000902145394,-0.157033543467192,2.75476413466468E-16));
#6575=CARTESIAN_POINT('',(-3.41224769263638,-0.174671718043786,-0.7788232688471));
#6576=CARTESIAN_POINT('',(-3.23448636381882,-0.19230989262038,-1.5576465376942));
#6577=CARTESIAN_POINT('',(-2.7364101886381,-0.209948067196974,-2.18221430650557));
#6578=CARTESIAN_POINT('',(-2.23833401345738,-0.227586241773568,-2.80678207531693));
#6579=CARTESIAN_POINT('',(-1.51859308691145,-0.245224416350163,-3.15339103765846));
#6580=CARTESIAN_POINT('',(-0.798852160365525,-0.262862590926757,-3.5));
#6581=CARTESIAN_POINT('',(-4.45801530685946E-16,-0.280500765503351,-3.5));
#6582=CARTESIAN_POINT('',(0.798852160365524,-0.298138940079946,-3.5));
#6583=CARTESIAN_POINT('',(1.51859308691145,-0.31577711465654,-3.15339103765847));
#6584=CARTESIAN_POINT('',(2.23833401345738,-0.333415289233135,-2.80678207531693));
#6585=CARTESIAN_POINT('',(2.7364101886381,-0.35105346380973,-2.18221430650557));
#6586=CARTESIAN_POINT('',(3.23448636381882,-0.368691638386324,-1.5576465376942));
#6587=CARTESIAN_POINT('',(3.41224769263638,-0.386329812962919,-0.778823268847101));
#6588=CARTESIAN_POINT('',(3.59000902145394,-0.403967987539514,-7.1224241518882E-16));
#6589=CARTESIAN_POINT('',(3.41224769263638,-0.421606162116109,0.778823268847099));
#6590=CARTESIAN_POINT('',(3.23448636381883,-0.439244336692703,1.5576465376942));
#6591=CARTESIAN_POINT('',(2.7364101886381,-0.456882511269298,2.18221430650557));
#6592=CARTESIAN_POINT('',(2.23833401345738,-0.474520685845893,2.80678207531693));
#6593=CARTESIAN_POINT('',(1.51859308691145,-0.492158860422487,3.15339103765846));
#6594=CARTESIAN_POINT('',(0.798852160365525,-0.509797034999082,3.5));
#6595=CARTESIAN_POINT('',(-3.22950254438005E-17,-0.527435209575676,3.5));
#6596=CARTESIAN_POINT('',(-0.798852160365524,-0.54507338415227,3.5));
#6597=CARTESIAN_POINT('',(-1.51859308691145,-0.562711558728865,3.15339103765846));
#6598=CARTESIAN_POINT('',(-2.23833401345738,-0.580349733305459,2.80678207531693));
#6599=CARTESIAN_POINT('',(-2.7364101886381,-0.597987907882053,2.18221430650557));
#6600=CARTESIAN_POINT('',(-3.23448636381882,-0.615626082458647,1.5576465376942));
#6601=CARTESIAN_POINT('',(-3.41224769263638,-0.633264257035241,0.7788232688471));
#6602=CARTESIAN_POINT('',(-3.59000902145394,-0.650902431611835,5.86359789693669E-17));
#6603=CARTESIAN_POINT('',(-3.41224769263638,-0.668540606188429,-0.7788232688471));
#6604=CARTESIAN_POINT('',(-3.23448636381882,-0.686178780765023,-1.5576465376942));
#6605=CARTESIAN_POINT('',(-2.7364101886381,-0.703816955341617,-2.18221430650557));
#6606=CARTESIAN_POINT('',(-2.23833401345738,-0.721455129918211,-2.80678207531693));
#6607=CARTESIAN_POINT('',(-1.51859308691145,-0.739093304494806,-3.15339103765847));
#6608=CARTESIAN_POINT('',(-0.798852160365525,-0.7567314790714,-3.5));
#6609=CARTESIAN_POINT('',(-4.76041279604802E-16,-0.774369653647994,-3.5));
#6610=CARTESIAN_POINT('',(0.798852160365524,-0.792007828224589,-3.5));
#6611=CARTESIAN_POINT('',(1.51859308691145,-0.809646002801183,-3.15339103765847));
#6612=CARTESIAN_POINT('',(2.23833401345738,-0.827284177377778,-2.80678207531693));
#6613=CARTESIAN_POINT('',(2.7364101886381,-0.844922351954373,-2.18221430650557));
#6614=CARTESIAN_POINT('',(3.23448636381882,-0.862560526530968,-1.5576465376942));
#6615=CARTESIAN_POINT('',(3.41224769263638,-0.880198701107562,-0.778823268847101));
#6616=CARTESIAN_POINT('',(3.59000902145394,-0.897836875684157,-9.29082849685921E-16));
#6617=CARTESIAN_POINT('',(3.41224769263638,-0.915475050260752,0.778823268847099));
#6618=CARTESIAN_POINT('',(3.23448636381883,-0.933113224837346,1.5576465376942));
#6619=CARTESIAN_POINT('',(2.7364101886381,-0.950751399413941,2.18221430650557));
#6620=CARTESIAN_POINT('',(2.23833401345738,-0.968389573990536,2.80678207531693));
#6621=CARTESIAN_POINT('',(1.51859308691145,-0.98602774856713,3.15339103765846));
#6622=CARTESIAN_POINT('',(0.798852160365525,-1.00366592314372,3.5));
#6623=CARTESIAN_POINT('',(-6.25347743626566E-17,-1.02130409772032,3.5));
#6624=CARTESIAN_POINT('',(-0.798852160365524,-1.03894227229691,3.5));
#6625=CARTESIAN_POINT('',(-1.51859308691145,-1.05658044687351,3.15339103765846));
#6626=CARTESIAN_POINT('',(-2.23833401345738,-1.0742186214501,2.80678207531693));
#6627=CARTESIAN_POINT('',(-2.7364101886381,-1.0918567960267,2.18221430650557));
#6628=CARTESIAN_POINT('',(-3.23448636381882,-1.10949497060329,1.5576465376942));
#6629=CARTESIAN_POINT('',(-3.41224769263638,-1.12713314517988,0.7788232688471));
#6630=CARTESIAN_POINT('',(-3.59000902145394,-1.14477131975648,-1.58204455527734E-16));
#6631=CARTESIAN_POINT('',(-3.41224769263638,-1.16240949433307,-0.7788232688471));
#6632=CARTESIAN_POINT('',(-3.23448636381882,-1.18004766890967,-1.5576465376942));
#6633=CARTESIAN_POINT('',(-2.7364101886381,-1.19768584348626,-2.18221430650557));
#6634=CARTESIAN_POINT('',(-2.23833401345738,-1.21532401806285,-2.80678207531693));
#6635=CARTESIAN_POINT('',(-1.51859308691145,-1.23296219263945,-3.15339103765847));
#6636=CARTESIAN_POINT('',(-0.798852160365525,-1.25060036721604,-3.5));
#6637=CARTESIAN_POINT('',(-5.06281028523658E-16,-1.26823854179264,-3.5));
#6638=CARTESIAN_POINT('',(0.798852160365524,-1.28587671636923,-3.5));
#6639=CARTESIAN_POINT('',(1.51859308691145,-1.30351489094583,-3.15339103765847));
#6640=CARTESIAN_POINT('',(2.23833401345738,-1.32115306552242,-2.80678207531693));
#6641=CARTESIAN_POINT('',(2.7364101886381,-1.33879124009902,-2.18221430650557));
#6642=CARTESIAN_POINT('',(3.23448636381882,-1.35642941467561,-1.5576465376942));
#6643=CARTESIAN_POINT('',(3.41224769263638,-1.37406758925221,-0.778823268847101));
#6644=CARTESIAN_POINT('',(3.59000902145394,-1.3917057638288,-1.14592328418302E-15));
#6645=CARTESIAN_POINT('',(3.41224769263638,-1.40934393840539,0.778823268847099));
#6646=CARTESIAN_POINT('',(3.23448636381883,-1.42698211298199,1.5576465376942));
#6647=CARTESIAN_POINT('',(2.7364101886381,-1.44462028755858,2.18221430650557));
#6648=CARTESIAN_POINT('',(2.23833401345738,-1.46225846213518,2.80678207531693));
#6649=CARTESIAN_POINT('',(1.51859308691145,-1.47989663671177,3.15339103765846));
#6650=CARTESIAN_POINT('',(0.798852160365525,-1.49753481128837,3.5));
#6651=CARTESIAN_POINT('',(-9.27745232815128E-17,-1.51517298586496,3.5));
#6652=CARTESIAN_POINT('',(-0.798852160365524,-1.53281116044156,3.5));
#6653=CARTESIAN_POINT('',(-1.51859308691145,-1.55044933501815,3.15339103765846));
#6654=CARTESIAN_POINT('',(-2.23833401345738,-1.56808750959475,2.80678207531693));
#6655=CARTESIAN_POINT('',(-2.7364101886381,-1.58572568417134,2.18221430650557));
#6656=CARTESIAN_POINT('',(-3.23448636381882,-1.60336385874793,1.5576465376942));
#6657=CARTESIAN_POINT('',(-3.41224769263638,-1.62100203332453,0.7788232688471));
#6658=CARTESIAN_POINT('',(-3.59000902145394,-1.63864020790112,-3.75044890024835E-16));
#6659=CARTESIAN_POINT('',(-3.41224769263638,-1.65627838247772,-0.778823268847101));
#6660=CARTESIAN_POINT('',(-3.23448636381882,-1.67391655705431,-1.5576465376942));
#6661=CARTESIAN_POINT('',(-2.7364101886381,-1.6915547316309,-2.18221430650557));
#6662=CARTESIAN_POINT('',(-2.23833401345738,-1.7091929062075,-2.80678207531693));
#6663=CARTESIAN_POINT('',(-1.51859308691145,-1.72683108078409,-3.15339103765847));
#6664=CARTESIAN_POINT('',(-0.798852160365525,-1.74446925536069,-3.5));
#6665=CARTESIAN_POINT('',(-5.36520777442514E-16,-1.76210742993728,-3.5));
#6666=CARTESIAN_POINT('',(0.798852160365524,-1.77974560451388,-3.5));
#6667=CARTESIAN_POINT('',(1.51859308691145,-1.79738377909047,-3.15339103765847));
#6668=CARTESIAN_POINT('',(2.23833401345738,-1.81502195366706,-2.80678207531693));
#6669=CARTESIAN_POINT('',(2.7364101886381,-1.83266012824366,-2.18221430650557));
#6670=CARTESIAN_POINT('',(3.23448636381882,-1.85029830282025,-1.5576465376942));
#6671=CARTESIAN_POINT('',(3.41224769263638,-1.86793647739685,-0.778823268847101));
#6672=CARTESIAN_POINT('',(3.59000902145394,-1.88557465197344,-1.36276371868012E-15));
#6673=CARTESIAN_POINT('',(3.41224769263638,-1.90321282655004,0.778823268847099));
#6674=CARTESIAN_POINT('',(3.23448636381883,-1.92085100112663,1.5576465376942));
#6675=CARTESIAN_POINT('',(2.7364101886381,-1.93848917570323,2.18221430650557));
#6676=CARTESIAN_POINT('',(2.23833401345738,-1.95612735027982,2.80678207531693));
#6677=CARTESIAN_POINT('',(1.51859308691145,-1.97376552485642,3.15339103765846));
#6678=CARTESIAN_POINT('',(0.798852160365525,-1.99140369943301,3.5));
#6679=CARTESIAN_POINT('',(-1.23014272200369E-16,-2.00904187400961,3.5));
#6680=CARTESIAN_POINT('',(-0.798852160365524,-2.0266800485862,3.5));
#6681=CARTESIAN_POINT('',(-1.51859308691145,-2.04431822316279,3.15339103765846));
#6682=CARTESIAN_POINT('',(-2.23833401345738,-2.06195639773939,2.80678207531693));
#6683=CARTESIAN_POINT('',(-2.7364101886381,-2.07959457231598,2.18221430650557));
#6684=CARTESIAN_POINT('',(-3.23448636381882,-2.09723274689258,1.5576465376942));
#6685=CARTESIAN_POINT('',(-3.41224769263638,-2.11487092146917,0.778823268847099));
#6686=CARTESIAN_POINT('',(-3.59000902145394,-2.13250909604576,-5.91885324521936E-16));
#6687=CARTESIAN_POINT('',(-3.41224769263638,-2.15014727062236,-0.778823268847101));
#6688=CARTESIAN_POINT('',(-3.23448636381882,-2.16778544519895,-1.5576465376942));
#6689=CARTESIAN_POINT('',(-2.7364101886381,-2.18542361977555,-2.18221430650557));
#6690=CARTESIAN_POINT('',(-2.23833401345738,-2.20306179435214,-2.80678207531693));
#6691=CARTESIAN_POINT('',(-1.51859308691145,-2.22069996892874,-3.15339103765847));
#6692=CARTESIAN_POINT('',(-0.798852160365525,-2.23833814350533,-3.5));
#6693=CARTESIAN_POINT('',(-5.6676052636137E-16,-2.25597631808192,-3.5));
#6694=CARTESIAN_POINT('',(0.798852160365524,-2.27361449265852,-3.5));
#6695=CARTESIAN_POINT('',(1.51859308691145,-2.29125266723511,-3.15339103765847));
#6696=CARTESIAN_POINT('',(2.23833401345738,-2.30889084181171,-2.80678207531693));
#6697=CARTESIAN_POINT('',(2.7364101886381,-2.3265290163883,-2.18221430650557));
#6698=CARTESIAN_POINT('',(3.23448636381882,-2.3441671909649,-1.5576465376942));
#6699=CARTESIAN_POINT('',(3.41224769263638,-2.36180536554149,-0.778823268847102));
#6700=CARTESIAN_POINT('',(3.59000902145394,-2.37944354011809,-1.57960415317722E-15));
#6701=CARTESIAN_POINT('',(3.41224769263638,-2.39708171469468,0.778823268847098));
#6702=CARTESIAN_POINT('',(3.23448636381883,-2.41471988927128,1.5576465376942));
#6703=CARTESIAN_POINT('',(2.7364101886381,-2.43235806384787,2.18221430650557));
#6704=CARTESIAN_POINT('',(2.23833401345738,-2.44999623842447,2.80678207531693));
#6705=CARTESIAN_POINT('',(1.51859308691145,-2.46763441300106,3.15339103765846));
#6706=CARTESIAN_POINT('',(0.798852160365525,-2.48527258757765,3.5));
#6707=CARTESIAN_POINT('',(-1.53254021119225E-16,-2.50291076215425,3.5));
#6708=CARTESIAN_POINT('',(-0.798852160365524,-2.52054893673084,3.5));
#6709=CARTESIAN_POINT('',(-1.51859308691145,-2.53818711130744,3.15339103765846));
#6710=CARTESIAN_POINT('',(-2.23833401345738,-2.55582528588403,2.80678207531693));
#6711=CARTESIAN_POINT('',(-2.7364101886381,-2.57346346046063,2.18221430650557));
#6712=CARTESIAN_POINT('',(-3.23448636381882,-2.59110163503722,1.5576465376942));
#6713=CARTESIAN_POINT('',(-3.41224769263638,-2.60873980961381,0.778823268847099));
#6714=CARTESIAN_POINT('',(-3.59000902145394,-2.62637798419041,-8.08725759019037E-16));
#6715=CARTESIAN_POINT('',(-3.41224769263638,-2.644016158767,-0.778823268847101));
#6716=CARTESIAN_POINT('',(-3.23448636381882,-2.6616543333436,-1.5576465376942));
#6717=CARTESIAN_POINT('',(-2.7364101886381,-2.67929250792019,-2.18221430650557));
#6718=CARTESIAN_POINT('',(-2.23833401345738,-2.69693068249678,-2.80678207531693));
#6719=CARTESIAN_POINT('',(-1.51859308691145,-2.71456885707338,-3.15339103765847));
#6720=CARTESIAN_POINT('',(-0.798852160365525,-2.73220703164997,-3.5));
#6721=CARTESIAN_POINT('',(-5.97000275280226E-16,-2.74984520622657,-3.5));
#6722=CARTESIAN_POINT('',(0.798852160365524,-2.76748338080316,-3.5));
#6723=CARTESIAN_POINT('',(1.51859308691145,-2.78512155537976,-3.15339103765847));
#6724=CARTESIAN_POINT('',(2.23833401345738,-2.80275972995635,-2.80678207531693));
#6725=CARTESIAN_POINT('',(2.7364101886381,-2.82039790453295,-2.18221430650557));
#6726=CARTESIAN_POINT('',(3.23448636381882,-2.83803607910954,-1.5576465376942));
#6727=CARTESIAN_POINT('',(3.41224769263638,-2.85567425368613,-0.778823268847102));
#6728=CARTESIAN_POINT('',(3.59000902145394,-2.87331242826273,-1.79644458767432E-15));
#6729=CARTESIAN_POINT('',(3.41224769263638,-2.89095060283932,0.778823268847098));
#6730=CARTESIAN_POINT('',(3.23448636381883,-2.90858877741592,1.5576465376942));
#6731=CARTESIAN_POINT('',(2.7364101886381,-2.92622695199251,2.18221430650556));
#6732=CARTESIAN_POINT('',(2.23833401345738,-2.94386512656911,2.80678207531693));
#6733=CARTESIAN_POINT('',(1.51859308691145,-2.9615033011457,3.15339103765846));
#6734=CARTESIAN_POINT('',(0.798852160365525,-2.9791414757223,3.5));
#6735=CARTESIAN_POINT('',(-1.83493770038081E-16,-2.99677965029889,3.5));
#6736=CARTESIAN_POINT('',(-0.798852160365525,-3.01441782487549,3.5));
#6737=CARTESIAN_POINT('',(-1.51859308691145,-3.03205599945208,3.15339103765846));
#6738=CARTESIAN_POINT('',(-2.23833401345738,-3.04969417402867,2.80678207531693));
#6739=CARTESIAN_POINT('',(-2.7364101886381,-3.06733234860527,2.18221430650557));
#6740=CARTESIAN_POINT('',(-3.23448636381882,-3.08497052318186,1.5576465376942));
#6741=CARTESIAN_POINT('',(-3.41224769263638,-3.10260869775846,0.778823268847099));
#6742=CARTESIAN_POINT('',(-3.59000902145394,-3.12024687233505,-1.02556619351614E-15));
#6743=CARTESIAN_POINT('',(-3.41224769263638,-3.13788504691164,-0.778823268847101));
#6744=CARTESIAN_POINT('',(-3.23448636381882,-3.15552322148824,-1.5576465376942));
#6745=CARTESIAN_POINT('',(-2.7364101886381,-3.17316139606483,-2.18221430650557));
#6746=CARTESIAN_POINT('',(-2.23833401345738,-3.19079957064143,-2.80678207531693));
#6747=CARTESIAN_POINT('',(-1.51859308691145,-3.20843774521802,-3.15339103765847));
#6748=CARTESIAN_POINT('',(-0.798852160365525,-3.22607591979462,-3.5));
#6749=CARTESIAN_POINT('',(-6.27240024199083E-16,-3.24371409437121,-3.5));
#6750=CARTESIAN_POINT('',(0.798852160365524,-3.2613522689478,-3.5));
#6751=CARTESIAN_POINT('',(1.51859308691145,-3.2789904435244,-3.15339103765847));
#6752=CARTESIAN_POINT('',(2.23833401345738,-3.29662861810099,-2.80678207531693));
#6753=CARTESIAN_POINT('',(2.7364101886381,-3.31426679267759,-2.18221430650557));
#6754=CARTESIAN_POINT('',(3.23448636381882,-3.33190496725418,-1.5576465376942));
#6755=CARTESIAN_POINT('',(3.41224769263638,-3.34954314183078,-0.778823268847102));
#6756=CARTESIAN_POINT('',(3.59000902145394,-3.36718131640737,-2.01328502217143E-15));
#6757=CARTESIAN_POINT('',(3.41224769263638,-3.38481949098397,0.778823268847098));
#6758=CARTESIAN_POINT('',(3.23448636381883,-3.40245766556056,1.5576465376942));
#6759=CARTESIAN_POINT('',(2.7364101886381,-3.42009584013716,2.18221430650556));
#6760=CARTESIAN_POINT('',(2.23833401345738,-3.43773401471375,2.80678207531693));
#6761=CARTESIAN_POINT('',(1.51859308691145,-3.45537218929035,3.15339103765846));
#6762=CARTESIAN_POINT('',(0.798852160365525,-3.47301036386694,3.5));
#6763=CARTESIAN_POINT('',(-2.13733518956937E-16,-3.49064853844353,3.5));
#6764=CARTESIAN_POINT('',(-0.798852160365525,-3.50828671302013,3.5));
#6765=CARTESIAN_POINT('',(-1.51859308691145,-3.52592488759672,3.15339103765846));
#6766=CARTESIAN_POINT('',(-2.23833401345738,-3.54356306217332,2.80678207531693));
#6767=CARTESIAN_POINT('',(-2.7364101886381,-3.56120123674991,2.18221430650557));
#6768=CARTESIAN_POINT('',(-3.23448636381883,-3.57883941132651,1.5576465376942));
#6769=CARTESIAN_POINT('',(-3.41224769263638,-3.5964775859031,0.778823268847099));
#6770=CARTESIAN_POINT('',(-3.59000902145394,-3.61411576047969,-1.24240662801324E-15));
#6771=CARTESIAN_POINT('',(-3.41224769263638,-3.63175393505629,-0.778823268847101));
#6772=CARTESIAN_POINT('',(-3.23448636381883,-3.64939210963288,-1.5576465376942));
#6773=CARTESIAN_POINT('',(-2.7364101886381,-3.66703028420948,-2.18221430650557));
#6774=CARTESIAN_POINT('',(-2.23833401345738,-3.68466845878607,-2.80678207531693));
#6775=CARTESIAN_POINT('',(-1.51859308691145,-3.70230663336266,-3.15339103765847));
#6776=CARTESIAN_POINT('',(-0.798852160365525,-3.71994480793926,-3.5));
#6777=CARTESIAN_POINT('',(-6.57479773117939E-16,-3.73758298251585,-3.5));
#6778=CARTESIAN_POINT('',(0.798852160365524,-3.75522115709245,-3.5));
#6779=CARTESIAN_POINT('',(1.51859308691145,-3.77285933166904,-3.15339103765847));
#6780=CARTESIAN_POINT('',(2.23833401345738,-3.79049750624564,-2.80678207531694));
#6781=CARTESIAN_POINT('',(2.7364101886381,-3.80813568082223,-2.18221430650557));
#6782=CARTESIAN_POINT('',(3.23448636381882,-3.82577385539883,-1.5576465376942));
#6783=CARTESIAN_POINT('',(3.41224769263638,-3.84341202997542,-0.778823268847102));
#6784=CARTESIAN_POINT('',(3.59000902145394,-3.86105020455202,-2.23012545666853E-15));
#6785=CARTESIAN_POINT('',(3.41224769263638,-3.87868837912861,0.778823268847098));
#6786=CARTESIAN_POINT('',(3.23448636381882,-3.89632655370521,1.5576465376942));
#6787=CARTESIAN_POINT('',(2.7364101886381,-3.9139647282818,2.18221430650556));
#6788=CARTESIAN_POINT('',(2.23833401345738,-3.93160290285839,2.80678207531693));
#6789=CARTESIAN_POINT('',(1.51859308691145,-3.94924107743499,3.15339103765846));
#6790=CARTESIAN_POINT('',(0.798852160365525,-3.96687925201158,3.5));
#6791=CARTESIAN_POINT('',(-2.43973267875794E-16,-3.98451742658818,3.5));
#6792=CARTESIAN_POINT('',(-0.798852160365525,-4.00215560116477,3.5));
#6793=CARTESIAN_POINT('',(-1.51859308691145,-4.01979377574137,3.15339103765846));
#6794=CARTESIAN_POINT('',(-2.23833401345738,-4.03743195031796,2.80678207531693));
#6795=CARTESIAN_POINT('',(-2.7364101886381,-4.05507012489455,2.18221430650557));
#6796=CARTESIAN_POINT('',(-3.23448636381883,-4.07270829947115,1.5576465376942));
#6797=CARTESIAN_POINT('',(-3.41224769263638,-4.09034647404774,0.778823268847099));
#6798=CARTESIAN_POINT('',(-3.59000902145394,-4.10798464862434,-1.45924706251034E-15));
#6799=CARTESIAN_POINT('',(-3.41224769263638,-4.12562282320093,-0.778823268847102));
#6800=CARTESIAN_POINT('',(-3.23448636381883,-4.14326099777753,-1.5576465376942));
#6801=CARTESIAN_POINT('',(-2.7364101886381,-4.16089917235412,-2.18221430650557));
#6802=CARTESIAN_POINT('',(-2.23833401345738,-4.17853734693071,-2.80678207531693));
#6803=CARTESIAN_POINT('',(-1.51859308691145,-4.19617552150731,-3.15339103765847));
#6804=CARTESIAN_POINT('',(-0.798852160365525,-4.2138136960839,-3.5));
#6805=CARTESIAN_POINT('',(-6.87719522036795E-16,-4.2314518706605,-3.5));
#6806=CARTESIAN_POINT('',(0.798852160365524,-4.24909004523709,-3.5));
#6807=CARTESIAN_POINT('',(1.51859308691145,-4.26672821981369,-3.15339103765847));
#6808=CARTESIAN_POINT('',(2.23833401345738,-4.28436639439028,-2.80678207531694));
#6809=CARTESIAN_POINT('',(2.7364101886381,-4.30200456896688,-2.18221430650557));
#6810=CARTESIAN_POINT('',(3.23448636381882,-4.31964274354347,-1.5576465376942));
#6811=CARTESIAN_POINT('',(3.41224769263638,-4.33728091812006,-0.778823268847102));
#6812=CARTESIAN_POINT('',(3.59000902145394,-4.35491909269666,-2.44696589116563E-15));
#6813=CARTESIAN_POINT('',(3.41224769263638,-4.37255726727325,0.778823268847098));
#6814=CARTESIAN_POINT('',(3.23448636381882,-4.39019544184985,1.5576465376942));
#6815=CARTESIAN_POINT('',(2.7364101886381,-4.40783361642644,2.18221430650556));
#6816=CARTESIAN_POINT('',(2.23833401345738,-4.42547179100304,2.80678207531693));
#6817=CARTESIAN_POINT('',(1.51859308691145,-4.44310996557963,3.15339103765846));
#6818=CARTESIAN_POINT('',(0.798852160365525,-4.46074814015623,3.5));
#6819=CARTESIAN_POINT('',(-2.7421301679465E-16,-4.47838631473282,3.5));
#6820=CARTESIAN_POINT('',(-0.798852160365525,-4.49602448930942,3.5));
#6821=CARTESIAN_POINT('',(-1.51859308691145,-4.51366266388601,3.15339103765846));
#6822=CARTESIAN_POINT('',(-2.23833401345738,-4.5313008384626,2.80678207531693));
#6823=CARTESIAN_POINT('',(-2.7364101886381,-4.5489390130392,2.18221430650556));
#6824=CARTESIAN_POINT('',(-3.23448636381883,-4.56657718761579,1.5576465376942));
#6825=CARTESIAN_POINT('',(-3.41224769263638,-4.58421536219239,0.778823268847098));
#6826=CARTESIAN_POINT('',(-3.59000902145394,-4.60185353676898,-1.67608749700744E-15));
#6827=CARTESIAN_POINT('',(-3.41224769263638,-4.61949171134557,-0.778823268847102));
#6828=CARTESIAN_POINT('',(-3.23448636381883,-4.63712988592217,-1.5576465376942));
#6829=CARTESIAN_POINT('',(-2.7364101886381,-4.65476806049876,-2.18221430650557));
#6830=CARTESIAN_POINT('',(-2.23833401345738,-4.67240623507536,-2.80678207531693));
#6831=CARTESIAN_POINT('',(-1.51859308691145,-4.69004440965195,-3.15339103765847));
#6832=CARTESIAN_POINT('',(-0.798852160365525,-4.70768258422854,-3.5));
#6833=CARTESIAN_POINT('',(-7.17959270955651E-16,-4.72532075880514,-3.5));
#6834=CARTESIAN_POINT('',(0.798852160365524,-4.74295893338173,-3.5));
#6835=CARTESIAN_POINT('',(1.51859308691145,-4.76059710795833,-3.15339103765847));
#6836=CARTESIAN_POINT('',(2.23833401345738,-4.77823528253492,-2.80678207531694));
#6837=CARTESIAN_POINT('',(2.7364101886381,-4.79587345711152,-2.18221430650557));
#6838=CARTESIAN_POINT('',(3.23448636381882,-4.81351163168811,-1.5576465376942));
#6839=CARTESIAN_POINT('',(3.41224769263638,-4.83114980626471,-0.778823268847103));
#6840=CARTESIAN_POINT('',(3.59000902145394,-4.8487879808413,-2.66380632566273E-15));
#6841=CARTESIAN_POINT('',(3.41224769263638,-4.8664261554179,0.778823268847097));
#6842=CARTESIAN_POINT('',(3.23448636381882,-4.88406432999449,1.5576465376942));
#6843=CARTESIAN_POINT('',(2.7364101886381,-4.90170250457109,2.18221430650556));
#6844=CARTESIAN_POINT('',(2.23833401345738,-4.91934067914768,2.80678207531693));
#6845=CARTESIAN_POINT('',(1.51859308691145,-4.93697885372428,3.15339103765846));
#6846=CARTESIAN_POINT('',(0.798852160365525,-4.95461702830087,3.5));
#6847=CARTESIAN_POINT('',(-3.04452765713506E-16,-4.97225520287746,3.5));
#6848=CARTESIAN_POINT('',(-2.05527652494436E-18,-0.0335663214310331,3.5));
#6849=CARTESIAN_POINT('',(-1.39149855191989E-17,-0.227256464508222,3.5));
#6850=CARTESIAN_POINT('',(-2.57685179025253E-17,-0.420845732542442,3.5));
#6851=CARTESIAN_POINT('',(-2.57685179025254E-17,-0.420845732542442,3.5));
#6852=CARTESIAN_POINT('',(-0.798852160365524,-0.438483907119036,3.5));
#6853=CARTESIAN_POINT('',(-1.51859308691145,-0.45612208169563,3.15339103765847));
#6854=CARTESIAN_POINT('',(-2.23833401345738,-0.473760256272225,2.80678207531693));
#6855=CARTESIAN_POINT('',(-2.7364101886381,-0.491398430848819,2.18221430650557));
#6856=CARTESIAN_POINT('',(-3.23448636381882,-0.509036605425413,1.5576465376942));
#6857=CARTESIAN_POINT('',(-3.41224769263638,-0.526674780002007,0.7788232688471));
#6858=CARTESIAN_POINT('',(-3.59000902145394,-0.544312954578601,1.05435664204724E-16));
#6859=CARTESIAN_POINT('',(-3.41224769263638,-0.561951129155195,-0.7788232688471));
#6860=CARTESIAN_POINT('',(-3.23448636381882,-0.579589303731789,-1.5576465376942));
#6861=CARTESIAN_POINT('',(-2.7364101886381,-0.597227478308383,-2.18221430650557));
#6862=CARTESIAN_POINT('',(-2.23833401345738,-0.614865652884977,-2.80678207531693));
#6863=CARTESIAN_POINT('',(-1.51859308691145,-0.632503827461572,-3.15339103765846));
#6864=CARTESIAN_POINT('',(-0.798852160365525,-0.650142002038166,-3.5));
#6865=CARTESIAN_POINT('',(-4.69514772063527E-16,-0.66778017661476,-3.5));
#6866=CARTESIAN_POINT('',(0.798852160365524,-0.685418351191355,-3.5));
#6867=CARTESIAN_POINT('',(1.51859308691145,-0.703056525767949,-3.15339103765847));
#6868=CARTESIAN_POINT('',(2.23833401345738,-0.720694700344544,-2.80678207531693));
#6869=CARTESIAN_POINT('',(2.7364101886381,-0.738332874921139,-2.18221430650557));
#6870=CARTESIAN_POINT('',(3.23448636381882,-0.755971049497733,-1.5576465376942));
#6871=CARTESIAN_POINT('',(3.41224769263638,-0.773609224074328,-0.778823268847101));
#6872=CARTESIAN_POINT('',(3.59000902145394,-0.791247398650923,-8.82283164450563E-16));
#6873=CARTESIAN_POINT('',(3.41224769263638,-0.808885573227518,0.778823268847099));
#6874=CARTESIAN_POINT('',(3.23448636381883,-0.826523747804112,1.5576465376942));
#6875=CARTESIAN_POINT('',(2.7364101886381,-0.844161922380707,2.18221430650557));
#6876=CARTESIAN_POINT('',(2.23833401345738,-0.861800096957302,2.80678207531693));
#6877=CARTESIAN_POINT('',(1.51859308691145,-0.879438271533896,3.15339103765846));
#6878=CARTESIAN_POINT('',(0.798852160365525,-0.897076446110491,3.5));
#6879=CARTESIAN_POINT('',(-5.60082668213815E-17,-0.914714620687085,3.5));
#6880=CARTESIAN_POINT('',(-0.798852160365524,-0.932352795263679,3.5));
#6881=CARTESIAN_POINT('',(-1.51859308691145,-0.949990969840274,3.15339103765846));
#6882=CARTESIAN_POINT('',(-2.23833401345738,-0.967629144416868,2.80678207531693));
#6883=CARTESIAN_POINT('',(-2.7364101886381,-0.985267318993462,2.18221430650557));
#6884=CARTESIAN_POINT('',(-3.23448636381882,-1.00290549357006,1.5576465376942));
#6885=CARTESIAN_POINT('',(-3.41224769263638,-1.02054366814665,0.7788232688471));
#6886=CARTESIAN_POINT('',(-3.59000902145394,-1.03818184272324,-1.11404770292377E-16));
#6887=CARTESIAN_POINT('',(-3.41224769263638,-1.05582001729984,-0.7788232688471));
#6888=CARTESIAN_POINT('',(-3.23448636381882,-1.07345819187643,-1.5576465376942));
#6889=CARTESIAN_POINT('',(-2.7364101886381,-1.09109636645303,-2.18221430650557));
#6890=CARTESIAN_POINT('',(-2.23833401345738,-1.10873454102962,-2.80678207531693));
#6891=CARTESIAN_POINT('',(-1.51859308691145,-1.12637271560621,-3.15339103765847));
#6892=CARTESIAN_POINT('',(-0.798852160365525,-1.14401089018281,-3.5));
#6893=CARTESIAN_POINT('',(-4.99754520982383E-16,-1.1616490647594,-3.5));
#6894=CARTESIAN_POINT('',(0.798852160365524,-1.179287239336,-3.5));
#6895=CARTESIAN_POINT('',(1.51859308691145,-1.19692541391259,-3.15339103765847));
#6896=CARTESIAN_POINT('',(2.23833401345738,-1.21456358848919,-2.80678207531693));
#6897=CARTESIAN_POINT('',(2.7364101886381,-1.23220176306578,-2.18221430650557));
#6898=CARTESIAN_POINT('',(3.23448636381882,-1.24983993764238,-1.5576465376942));
#6899=CARTESIAN_POINT('',(3.41224769263638,-1.26747811221897,-0.778823268847101));
#6900=CARTESIAN_POINT('',(3.59000902145394,-1.28511628679557,-1.09912359894766E-15));
#6901=CARTESIAN_POINT('',(3.41224769263638,-1.30275446137216,0.778823268847099));
#6902=CARTESIAN_POINT('',(3.23448636381883,-1.32039263594876,1.5576465376942));
#6903=CARTESIAN_POINT('',(2.7364101886381,-1.33803081052535,2.18221430650557));
#6904=CARTESIAN_POINT('',(2.23833401345738,-1.35566898510194,2.80678207531693));
#6905=CARTESIAN_POINT('',(1.51859308691145,-1.37330715967854,3.15339103765846));
#6906=CARTESIAN_POINT('',(0.798852160365525,-1.39094533425513,3.5));
#6907=CARTESIAN_POINT('',(-8.62480157402376E-17,-1.40858350883173,3.5));
#6908=CARTESIAN_POINT('',(-0.798852160365524,-1.42622168340832,3.5));
#6909=CARTESIAN_POINT('',(-1.51859308691145,-1.44385985798492,3.15339103765846));
#6910=CARTESIAN_POINT('',(-2.23833401345738,-1.46149803256151,2.80678207531693));
#6911=CARTESIAN_POINT('',(-2.7364101886381,-1.47913620713811,2.18221430650557));
#6912=CARTESIAN_POINT('',(-3.23448636381882,-1.4967743817147,1.5576465376942));
#6913=CARTESIAN_POINT('',(-3.41224769263638,-1.51441255629129,0.7788232688471));
#6914=CARTESIAN_POINT('',(-3.59000902145394,-1.53205073086789,-3.28245204789477E-16));
#6915=CARTESIAN_POINT('',(-3.41224769263638,-1.54968890544448,-0.778823268847101));
#6916=CARTESIAN_POINT('',(-3.23448636381882,-1.56732708002108,-1.5576465376942));
#6917=CARTESIAN_POINT('',(-2.7364101886381,-1.58496525459767,-2.18221430650557));
#6918=CARTESIAN_POINT('',(-2.23833401345738,-1.60260342917426,-2.80678207531693));
#6919=CARTESIAN_POINT('',(-1.51859308691145,-1.62024160375086,-3.15339103765847));
#6920=CARTESIAN_POINT('',(-0.798852160365525,-1.63787977832745,-3.5));
#6921=CARTESIAN_POINT('',(-5.29994269901239E-16,-1.65551795290405,-3.5));
#6922=CARTESIAN_POINT('',(0.798852160365524,-1.67315612748064,-3.5));
#6923=CARTESIAN_POINT('',(1.51859308691145,-1.69079430205724,-3.15339103765847));
#6924=CARTESIAN_POINT('',(2.23833401345738,-1.70843247663383,-2.80678207531693));
#6925=CARTESIAN_POINT('',(2.7364101886381,-1.72607065121043,-2.18221430650557));
#6926=CARTESIAN_POINT('',(3.23448636381882,-1.74370882578702,-1.5576465376942));
#6927=CARTESIAN_POINT('',(3.41224769263638,-1.76134700036361,-0.778823268847101));
#6928=CARTESIAN_POINT('',(3.59000902145394,-1.77898517494021,-1.31596403344476E-15));
#6929=CARTESIAN_POINT('',(3.41224769263638,-1.7966233495168,0.778823268847099));
#6930=CARTESIAN_POINT('',(3.23448636381883,-1.8142615240934,1.5576465376942));
#6931=CARTESIAN_POINT('',(2.7364101886381,-1.83189969866999,2.18221430650557));
#6932=CARTESIAN_POINT('',(2.23833401345738,-1.84953787324659,2.80678207531693));
#6933=CARTESIAN_POINT('',(1.51859308691145,-1.86717604782318,3.15339103765846));
#6934=CARTESIAN_POINT('',(0.798852160365525,-1.88481422239978,3.5));
#6935=CARTESIAN_POINT('',(-1.16487764659094E-16,-1.90245239697637,3.5));
#6936=CARTESIAN_POINT('',(-0.798852160365524,-1.92009057155297,3.5));
#6937=CARTESIAN_POINT('',(-1.51859308691145,-1.93772874612956,3.15339103765846));
#6938=CARTESIAN_POINT('',(-2.23833401345738,-1.95536692070615,2.80678207531693));
#6939=CARTESIAN_POINT('',(-2.7364101886381,-1.97300509528275,2.18221430650557));
#6940=CARTESIAN_POINT('',(-3.23448636381882,-1.99064326985934,1.5576465376942));
#6941=CARTESIAN_POINT('',(-3.41224769263638,-2.00828144443594,0.778823268847099));
#6942=CARTESIAN_POINT('',(-3.59000902145394,-2.02591961901253,-5.45085639286578E-16));
#6943=CARTESIAN_POINT('',(-3.41224769263638,-2.04355779358912,-0.778823268847101));
#6944=CARTESIAN_POINT('',(-3.23448636381882,-2.06119596816572,-1.5576465376942));
#6945=CARTESIAN_POINT('',(-2.7364101886381,-2.07883414274231,-2.18221430650557));
#6946=CARTESIAN_POINT('',(-2.23833401345738,-2.09647231731891,-2.80678207531693));
#6947=CARTESIAN_POINT('',(-1.51859308691145,-2.1141104918955,-3.15339103765847));
#6948=CARTESIAN_POINT('',(-0.798852160365525,-2.1317486664721,-3.5));
#6949=CARTESIAN_POINT('',(-5.60234018820095E-16,-2.14938684104869,-3.5));
#6950=CARTESIAN_POINT('',(0.798852160365524,-2.16702501562528,-3.5));
#6951=CARTESIAN_POINT('',(1.51859308691145,-2.18466319020188,-3.15339103765847));
#6952=CARTESIAN_POINT('',(2.23833401345738,-2.20230136477847,-2.80678207531693));
#6953=CARTESIAN_POINT('',(2.7364101886381,-2.21993953935507,-2.18221430650557));
#6954=CARTESIAN_POINT('',(3.23448636381882,-2.23757771393166,-1.5576465376942));
#6955=CARTESIAN_POINT('',(3.41224769263638,-2.25521588850826,-0.778823268847102));
#6956=CARTESIAN_POINT('',(3.59000902145394,-2.27285406308485,-1.53280446794187E-15));
#6957=CARTESIAN_POINT('',(3.41224769263638,-2.29049223766145,0.778823268847098));
#6958=CARTESIAN_POINT('',(3.23448636381883,-2.30813041223804,1.5576465376942));
#6959=CARTESIAN_POINT('',(2.7364101886381,-2.32576858681464,2.18221430650557));
#6960=CARTESIAN_POINT('',(2.23833401345738,-2.34340676139123,2.80678207531693));
#6961=CARTESIAN_POINT('',(1.51859308691145,-2.36104493596783,3.15339103765846));
#6962=CARTESIAN_POINT('',(0.798852160365525,-2.37868311054442,3.5));
#6963=CARTESIAN_POINT('',(-1.4672751357795E-16,-2.39632128512101,3.5));
#6964=CARTESIAN_POINT('',(-0.798852160365524,-2.41395945969761,3.5));
#6965=CARTESIAN_POINT('',(-1.51859308691145,-2.4315976342742,3.15339103765846));
#6966=CARTESIAN_POINT('',(-2.23833401345738,-2.4492358088508,2.80678207531693));
#6967=CARTESIAN_POINT('',(-2.7364101886381,-2.46687398342739,2.18221430650557));
#6968=CARTESIAN_POINT('',(-3.23448636381882,-2.48451215800399,1.5576465376942));
#6969=CARTESIAN_POINT('',(-3.41224769263638,-2.50215033258058,0.778823268847099));
#6970=CARTESIAN_POINT('',(-3.59000902145394,-2.51978850715717,-7.61926073783679E-16));
#6971=CARTESIAN_POINT('',(-3.41224769263638,-2.53742668173377,-0.778823268847101));
#6972=CARTESIAN_POINT('',(-3.23448636381882,-2.55506485631036,-1.5576465376942));
#6973=CARTESIAN_POINT('',(-2.7364101886381,-2.57270303088696,-2.18221430650557));
#6974=CARTESIAN_POINT('',(-2.23833401345738,-2.59034120546355,-2.80678207531693));
#6975=CARTESIAN_POINT('',(-1.51859308691145,-2.60797938004014,-3.15339103765847));
#6976=CARTESIAN_POINT('',(-0.798852160365525,-2.62561755461674,-3.5));
#6977=CARTESIAN_POINT('',(-5.90473767738951E-16,-2.64325572919333,-3.5));
#6978=CARTESIAN_POINT('',(0.798852160365524,-2.66089390376993,-3.5));
#6979=CARTESIAN_POINT('',(1.51859308691145,-2.67853207834652,-3.15339103765847));
#6980=CARTESIAN_POINT('',(2.23833401345738,-2.69617025292312,-2.80678207531693));
#6981=CARTESIAN_POINT('',(2.7364101886381,-2.71380842749971,-2.18221430650557));
#6982=CARTESIAN_POINT('',(3.23448636381882,-2.73144660207631,-1.5576465376942));
#6983=CARTESIAN_POINT('',(3.41224769263638,-2.7490847766529,-0.778823268847102));
#6984=CARTESIAN_POINT('',(3.59000902145394,-2.7667229512295,-1.74964490243897E-15));
#6985=CARTESIAN_POINT('',(3.41224769263638,-2.78436112580609,0.778823268847098));
#6986=CARTESIAN_POINT('',(3.23448636381883,-2.80199930038268,1.5576465376942));
#6987=CARTESIAN_POINT('',(2.7364101886381,-2.81963747495928,2.18221430650557));
#6988=CARTESIAN_POINT('',(2.23833401345738,-2.83727564953587,2.80678207531693));
#6989=CARTESIAN_POINT('',(1.51859308691145,-2.85491382411247,3.15339103765846));
#6990=CARTESIAN_POINT('',(0.798852160365525,-2.87255199868906,3.5));
#6991=CARTESIAN_POINT('',(-1.76967262496806E-16,-2.89019017326566,3.5));
#6992=CARTESIAN_POINT('',(-0.798852160365524,-2.90782834784225,3.5));
#6993=CARTESIAN_POINT('',(-1.51859308691145,-2.92546652241885,3.15339103765846));
#6994=CARTESIAN_POINT('',(-2.23833401345738,-2.94310469699544,2.80678207531693));
#6995=CARTESIAN_POINT('',(-2.7364101886381,-2.96074287157203,2.18221430650557));
#6996=CARTESIAN_POINT('',(-3.23448636381882,-2.97838104614863,1.5576465376942));
#6997=CARTESIAN_POINT('',(-3.41224769263638,-2.99601922072522,0.778823268847099));
#6998=CARTESIAN_POINT('',(-3.59000902145394,-3.01365739530182,-9.7876650828078E-16));
#6999=CARTESIAN_POINT('',(-3.41224769263638,-3.03129556987841,-0.778823268847101));
#7000=CARTESIAN_POINT('',(-3.23448636381882,-3.048933744455,-1.5576465376942));
#7001=CARTESIAN_POINT('',(-2.7364101886381,-3.0665719190316,-2.18221430650557));
#7002=CARTESIAN_POINT('',(-2.23833401345738,-3.08421009360819,-2.80678207531693));
#7003=CARTESIAN_POINT('',(-1.51859308691145,-3.10184826818479,-3.15339103765847));
#7004=CARTESIAN_POINT('',(-0.798852160365525,-3.11948644276138,-3.5));
#7005=CARTESIAN_POINT('',(-6.20713516657807E-16,-3.13712461733798,-3.5));
#7006=CARTESIAN_POINT('',(0.798852160365524,-3.15476279191457,-3.5));
#7007=CARTESIAN_POINT('',(1.51859308691145,-3.17240096649116,-3.15339103765847));
#7008=CARTESIAN_POINT('',(2.23833401345738,-3.19003914106776,-2.80678207531693));
#7009=CARTESIAN_POINT('',(2.7364101886381,-3.20767731564435,-2.18221430650557));
#7010=CARTESIAN_POINT('',(3.23448636381882,-3.22531549022095,-1.5576465376942));
#7011=CARTESIAN_POINT('',(3.41224769263638,-3.24295366479754,-0.778823268847102));
#7012=CARTESIAN_POINT('',(3.59000902145394,-3.26059183937414,-1.96648533693607E-15));
#7013=CARTESIAN_POINT('',(3.41224769263638,-3.27823001395073,0.778823268847098));
#7014=CARTESIAN_POINT('',(3.23448636381883,-3.29586818852733,1.5576465376942));
#7015=CARTESIAN_POINT('',(2.7364101886381,-3.31350636310392,2.18221430650556));
#7016=CARTESIAN_POINT('',(2.23833401345738,-3.33114453768052,2.80678207531693));
#7017=CARTESIAN_POINT('',(1.51859308691145,-3.34878271225711,3.15339103765846));
#7018=CARTESIAN_POINT('',(0.798852160365525,-3.36642088683371,3.5));
#7019=CARTESIAN_POINT('',(-2.07207011415662E-16,-3.3840590614103,3.5));
#7020=CARTESIAN_POINT('',(-0.798852160365525,-3.40169723598689,3.5));
#7021=CARTESIAN_POINT('',(-1.51859308691145,-3.41933541056349,3.15339103765846));
#7022=CARTESIAN_POINT('',(-2.23833401345738,-3.43697358514008,2.80678207531693));
#7023=CARTESIAN_POINT('',(-2.7364101886381,-3.45461175971668,2.18221430650557));
#7024=CARTESIAN_POINT('',(-3.23448636381882,-3.47224993429327,1.5576465376942));
#7025=CARTESIAN_POINT('',(-3.41224769263638,-3.48988810886987,0.778823268847099));
#7026=CARTESIAN_POINT('',(-3.59000902145394,-3.50752628344646,-1.19560694277788E-15));
#7027=CARTESIAN_POINT('',(-3.41224769263638,-3.52516445802305,-0.778823268847101));
#7028=CARTESIAN_POINT('',(-3.23448636381882,-3.54280263259965,-1.5576465376942));
#7029=CARTESIAN_POINT('',(-2.7364101886381,-3.56044080717624,-2.18221430650557));
#7030=CARTESIAN_POINT('',(-2.23833401345738,-3.57807898175284,-2.80678207531693));
#7031=CARTESIAN_POINT('',(-1.51859308691145,-3.59571715632943,-3.15339103765847));
#7032=CARTESIAN_POINT('',(-0.798852160365525,-3.61335533090602,-3.5));
#7033=CARTESIAN_POINT('',(-6.50953265576663E-16,-3.63099350548262,-3.5));
#7034=CARTESIAN_POINT('',(0.798852160365524,-3.64863168005921,-3.5));
#7035=CARTESIAN_POINT('',(1.51859308691145,-3.66626985463581,-3.15339103765847));
#7036=CARTESIAN_POINT('',(2.23833401345738,-3.6839080292124,-2.80678207531693));
#7037=CARTESIAN_POINT('',(2.7364101886381,-3.701546203789,-2.18221430650557));
#7038=CARTESIAN_POINT('',(3.23448636381882,-3.71918437836559,-1.5576465376942));
#7039=CARTESIAN_POINT('',(3.41224769263638,-3.73682255294219,-0.778823268847102));
#7040=CARTESIAN_POINT('',(3.59000902145394,-3.75446072751878,-2.18332577143317E-15));
#7041=CARTESIAN_POINT('',(3.41224769263638,-3.77209890209538,0.778823268847098));
#7042=CARTESIAN_POINT('',(3.23448636381883,-3.78973707667197,1.5576465376942));
#7043=CARTESIAN_POINT('',(2.7364101886381,-3.80737525124857,2.18221430650556));
#7044=CARTESIAN_POINT('',(2.23833401345738,-3.82501342582516,2.80678207531693));
#7045=CARTESIAN_POINT('',(1.51859308691145,-3.84265160040175,3.15339103765846));
#7046=CARTESIAN_POINT('',(0.798852160365525,-3.86028977497835,3.5));
#7047=CARTESIAN_POINT('',(-2.37446760334518E-16,-3.87792794955494,3.5));
#7048=CARTESIAN_POINT('',(-0.798852160365525,-3.89556612413154,3.5));
#7049=CARTESIAN_POINT('',(-1.51859308691145,-3.91320429870813,3.15339103765846));
#7050=CARTESIAN_POINT('',(-2.23833401345738,-3.93084247328473,2.80678207531693));
#7051=CARTESIAN_POINT('',(-2.7364101886381,-3.94848064786132,2.18221430650557));
#7052=CARTESIAN_POINT('',(-3.23448636381883,-3.96611882243791,1.5576465376942));
#7053=CARTESIAN_POINT('',(-3.41224769263638,-3.98375699701451,0.778823268847099));
#7054=CARTESIAN_POINT('',(-3.59000902145394,-4.0013951715911,-1.41244737727498E-15));
#7055=CARTESIAN_POINT('',(-3.41224769263638,-4.0190333461677,-0.778823268847102));
#7056=CARTESIAN_POINT('',(-3.23448636381883,-4.03667152074429,-1.5576465376942));
#7057=CARTESIAN_POINT('',(-2.7364101886381,-4.05430969532089,-2.18221430650557));
#7058=CARTESIAN_POINT('',(-2.23833401345738,-4.07194786989748,-2.80678207531693));
#7059=CARTESIAN_POINT('',(-1.51859308691145,-4.08958604447407,-3.15339103765847));
#7060=CARTESIAN_POINT('',(-0.798852160365525,-4.10722421905067,-3.5));
#7061=CARTESIAN_POINT('',(-6.8119301449552E-16,-4.12486239362726,-3.5));
#7062=CARTESIAN_POINT('',(0.798852160365524,-4.14250056820386,-3.5));
#7063=CARTESIAN_POINT('',(1.51859308691145,-4.16013874278045,-3.15339103765847));
#7064=CARTESIAN_POINT('',(2.23833401345738,-4.17777691735705,-2.80678207531694));
#7065=CARTESIAN_POINT('',(2.7364101886381,-4.19541509193364,-2.18221430650557));
#7066=CARTESIAN_POINT('',(3.23448636381882,-4.21305326651024,-1.5576465376942));
#7067=CARTESIAN_POINT('',(3.41224769263638,-4.23069144108683,-0.778823268847102));
#7068=CARTESIAN_POINT('',(3.59000902145394,-4.24832961566343,-2.40016620593027E-15));
#7069=CARTESIAN_POINT('',(3.41224769263638,-4.26596779024002,0.778823268847098));
#7070=CARTESIAN_POINT('',(3.23448636381882,-4.28360596481661,1.5576465376942));
#7071=CARTESIAN_POINT('',(2.7364101886381,-4.30124413939321,2.18221430650556));
#7072=CARTESIAN_POINT('',(2.23833401345738,-4.3188823139698,2.80678207531693));
#7073=CARTESIAN_POINT('',(1.51859308691145,-4.3365204885464,3.15339103765846));
#7074=CARTESIAN_POINT('',(0.798852160365525,-4.35415866312299,3.5));
#7075=CARTESIAN_POINT('',(-2.67686509253375E-16,-4.37179683769959,3.5));
#7076=CARTESIAN_POINT('',(-0.798852160365525,-4.38943501227618,3.5));
#7077=CARTESIAN_POINT('',(-1.51859308691145,-4.40707318685278,3.15339103765846));
#7078=CARTESIAN_POINT('',(-2.23833401345738,-4.42471136142937,2.80678207531693));
#7079=CARTESIAN_POINT('',(-2.7364101886381,-4.44234953600596,2.18221430650557));
#7080=CARTESIAN_POINT('',(-3.23448636381883,-4.45998771058256,1.5576465376942));
#7081=CARTESIAN_POINT('',(-3.41224769263638,-4.47762588515915,0.778823268847098));
#7082=CARTESIAN_POINT('',(-3.59000902145394,-4.49526405973575,-1.62928781177208E-15));
#7083=CARTESIAN_POINT('',(-3.41224769263638,-4.51290223431234,-0.778823268847102));
#7084=CARTESIAN_POINT('',(-3.23448636381883,-4.53054040888893,-1.5576465376942));
#7085=CARTESIAN_POINT('',(-2.7364101886381,-4.54817858346553,-2.18221430650557));
#7086=CARTESIAN_POINT('',(-2.23833401345738,-4.56581675804212,-2.80678207531693));
#7087=CARTESIAN_POINT('',(-1.51859308691145,-4.58345493261872,-3.15339103765847));
#7088=CARTESIAN_POINT('',(-0.798852160365525,-4.60109310719531,-3.5));
#7089=CARTESIAN_POINT('',(-7.11432763414376E-16,-4.61873128177191,-3.5));
#7090=CARTESIAN_POINT('',(0.798852160365524,-4.6363694563485,-3.5));
#7091=CARTESIAN_POINT('',(1.51859308691145,-4.6540076309251,-3.15339103765847));
#7092=CARTESIAN_POINT('',(2.23833401345738,-4.67164580550169,-2.80678207531694));
#7093=CARTESIAN_POINT('',(2.7364101886381,-4.68928398007828,-2.18221430650557));
#7094=CARTESIAN_POINT('',(3.23448636381882,-4.70692215465488,-1.5576465376942));
#7095=CARTESIAN_POINT('',(3.41224769263638,-4.72456032923147,-0.778823268847103));
#7096=CARTESIAN_POINT('',(3.59000902145394,-4.74219850380807,-2.61700664042737E-15));
#7097=CARTESIAN_POINT('',(3.41224769263638,-4.75983667838466,0.778823268847097));
#7098=CARTESIAN_POINT('',(3.23448636381882,-4.77747485296126,1.5576465376942));
#7099=CARTESIAN_POINT('',(2.7364101886381,-4.79511302753785,2.18221430650556));
#7100=CARTESIAN_POINT('',(2.23833401345738,-4.81275120211445,2.80678207531693));
#7101=CARTESIAN_POINT('',(1.51859308691145,-4.83038937669104,3.15339103765846));
#7102=CARTESIAN_POINT('',(0.798852160365525,-4.84802755126764,3.5));
#7103=CARTESIAN_POINT('',(-2.97926258172231E-16,-4.86566572584423,3.5));
#7104=CARTESIAN_POINT('',(-0.798852160365525,-4.88330390042082,3.5));
#7105=CARTESIAN_POINT('',(-1.51859308691145,-4.90094207499742,3.15339103765846));
#7106=CARTESIAN_POINT('',(-2.23833401345738,-4.91858024957401,2.80678207531693));
#7107=CARTESIAN_POINT('',(-2.7364101886381,-4.93621842415061,2.18221430650556));
#7108=CARTESIAN_POINT('',(-3.23448636381883,-4.9538565987272,1.5576465376942));
#7109=CARTESIAN_POINT('',(-3.41224769263638,-4.9714947733038,0.778823268847098));
#7110=CARTESIAN_POINT('',(-3.59000902145394,-4.98913294788039,-1.84612824626918E-15));
#7111=CARTESIAN_POINT('',(-3.41224769263638,-5.00677112245698,-0.778823268847102));
#7112=CARTESIAN_POINT('',(-3.23448636381883,-5.02440929703358,-1.5576465376942));
#7113=CARTESIAN_POINT('',(-2.7364101886381,-5.04204747161017,-2.18221430650557));
#7114=CARTESIAN_POINT('',(-2.23833401345738,-5.05968564618677,-2.80678207531693));
#7115=CARTESIAN_POINT('',(-1.51859308691145,-5.07732382076336,-3.15339103765847));
#7116=CARTESIAN_POINT('',(-0.798852160365525,-5.09496199533995,-3.5));
#7117=CARTESIAN_POINT('',(-7.41672512333232E-16,-5.11260016991655,-3.5));
#7118=CARTESIAN_POINT('',(0.798852160365524,-5.13023834449314,-3.5));
#7119=CARTESIAN_POINT('',(1.51859308691145,-5.14787651906974,-3.15339103765847));
#7120=CARTESIAN_POINT('',(2.23833401345738,-5.16551469364633,-2.80678207531694));
#7121=CARTESIAN_POINT('',(2.7364101886381,-5.18315286822293,-2.18221430650557));
#7122=CARTESIAN_POINT('',(3.23448636381882,-5.20079104279952,-1.5576465376942));
#7123=CARTESIAN_POINT('',(3.41224769263638,-5.21842921737612,-0.778823268847103));
#7124=CARTESIAN_POINT('',(3.59000902145394,-5.23606739195271,-2.83384707492447E-15));
#7125=CARTESIAN_POINT('',(3.41224769263638,-5.25370556652931,0.778823268847097));
#7126=CARTESIAN_POINT('',(3.23448636381882,-5.2713437411059,1.5576465376942));
#7127=CARTESIAN_POINT('',(2.7364101886381,-5.28898191568249,2.18221430650556));
#7128=CARTESIAN_POINT('',(2.23833401345738,-5.30662009025909,2.80678207531693));
#7129=CARTESIAN_POINT('',(1.51859308691145,-5.32425826483568,3.15339103765846));
#7130=CARTESIAN_POINT('',(0.798852160365525,-5.34189643941228,3.5));
#7131=CARTESIAN_POINT('',(-3.28166007091087E-16,-5.35953461398887,3.5));
#7132=CARTESIAN_POINT('',(9.79994575966221,-15.,1.5));
#7133=CARTESIAN_POINT('',(9.79994575966221,-8.,1.5));
#7134=CARTESIAN_POINT('',(9.79994575966221,-8.,1.5));
#7135=CARTESIAN_POINT('',(-1.73761983320335E-17,-0.283784226299284,0.));
#7136=CARTESIAN_POINT('',(-1.64782720381137E-17,-0.269119492752587,3.17308677192935));
#7137=CARTESIAN_POINT('',(-0.72423634936658,-0.286757667329181,3.17308677192935));
#7138=CARTESIAN_POINT('',(-1.37675075314917,-0.304395841905776,2.85885239666133));
#7139=CARTESIAN_POINT('',(-2.02926515693176,-0.32203401648237,2.5446180213933));
#7140=CARTESIAN_POINT('',(-2.48081913489722,-0.339672191058964,1.9783872427108));
#7141=CARTESIAN_POINT('',(-2.93237311286268,-0.357310365635558,1.41215646402829));
#7142=CARTESIAN_POINT('',(-3.09353086172884,-0.374948540212152,0.706078232014145));
#7143=CARTESIAN_POINT('',(-3.254688610595,-0.392586714788746,1.5152085883681E-16));
#7144=CARTESIAN_POINT('',(-3.09353086172884,-0.41022488936534,-0.706078232014145));
#7145=CARTESIAN_POINT('',(-2.93237311286268,-0.427863063941934,-1.41215646402829));
#7146=CARTESIAN_POINT('',(-2.48081913489722,-0.445501238518529,-1.9783872427108));
#7147=CARTESIAN_POINT('',(-2.02926515693176,-0.463139413095123,-2.5446180213933));
#7148=CARTESIAN_POINT('',(-1.37675075314917,-0.480777587671717,-2.85885239666133));
#7149=CARTESIAN_POINT('',(-0.72423634936658,-0.498415762248311,-3.17308677192935));
#7150=CARTESIAN_POINT('',(-4.2018920236355E-16,-0.516053936824906,-3.17308677192935));
#7151=CARTESIAN_POINT('',(0.724236349366579,-0.5336921114015,-3.17308677192935));
#7152=CARTESIAN_POINT('',(1.37675075314917,-0.551330285978095,-2.85885239666133));
#7153=CARTESIAN_POINT('',(2.02926515693176,-0.568968460554689,-2.5446180213933));
#7154=CARTESIAN_POINT('',(2.48081913489722,-0.586606635131284,-1.9783872427108));
#7155=CARTESIAN_POINT('',(2.93237311286268,-0.604244809707879,-1.41215646402829));
#7156=CARTESIAN_POINT('',(3.09353086172884,-0.621882984284474,-0.706078232014146));
#7157=CARTESIAN_POINT('',(3.254688610595,-0.639521158861068,-7.54068156249044E-16));
#7158=CARTESIAN_POINT('',(3.09353086172884,-0.657159333437663,0.706078232014145));
#7159=CARTESIAN_POINT('',(2.93237311286268,-0.674797508014258,1.41215646402829));
#7160=CARTESIAN_POINT('',(2.48081913489722,-0.692435682590852,1.9783872427108));
#7161=CARTESIAN_POINT('',(2.02926515693176,-0.710073857167447,2.5446180213933));
#7162=CARTESIAN_POINT('',(1.37675075314917,-0.727712031744041,2.85885239666133));
#7163=CARTESIAN_POINT('',(0.72423634936658,-0.745350206320636,3.17308677192935));
#7164=CARTESIAN_POINT('',(7.30464090775047E-16,-0.76298838089723,3.17308677192935));
#7165=CARTESIAN_POINT('',(-0.724236349366579,-0.780626555473825,3.17308677192935));
#7166=CARTESIAN_POINT('',(-1.37675075314917,-0.798264730050419,2.85885239666133));
#7167=CARTESIAN_POINT('',(-2.02926515693176,-0.815902904627013,2.5446180213933));
#7168=CARTESIAN_POINT('',(-2.48081913489722,-0.833541079203607,1.9783872427108));
#7169=CARTESIAN_POINT('',(-2.93237311286268,-0.851179253780201,1.41215646402829));
#7170=CARTESIAN_POINT('',(-3.09353086172884,-0.868817428356795,0.706078232014146));
#7171=CARTESIAN_POINT('',(-3.254688610595,-0.886455602933389,7.31849222177013E-16));
#7172=CARTESIAN_POINT('',(-3.09353086172884,-0.904093777509984,-0.706078232014145));
#7173=CARTESIAN_POINT('',(-2.93237311286268,-0.921731952086578,-1.41215646402829));
#7174=CARTESIAN_POINT('',(-2.48081913489722,-0.939370126663172,-1.9783872427108));
#7175=CARTESIAN_POINT('',(-2.02926515693176,-0.957008301239766,-2.5446180213933));
#7176=CARTESIAN_POINT('',(-1.37675075314917,-0.97464647581636,-2.85885239666133));
#7177=CARTESIAN_POINT('',(-0.724236349366581,-0.992284650392955,-3.17308677192935));
#7178=CARTESIAN_POINT('',(-1.22761106301442E-15,-1.00992282496955,-3.17308677192935));
#7179=CARTESIAN_POINT('',(0.724236349366578,-1.02756099954614,-3.17308677192935));
#7180=CARTESIAN_POINT('',(1.37675075314917,-1.04519917412274,-2.85885239666133));
#7181=CARTESIAN_POINT('',(2.02926515693176,-1.06283734869933,-2.54461802139331));
#7182=CARTESIAN_POINT('',(2.48081913489722,-1.08047552327593,-1.9783872427108));
#7183=CARTESIAN_POINT('',(2.93237311286268,-1.09811369785252,-1.41215646402829));
#7184=CARTESIAN_POINT('',(3.09353086172884,-1.11575187242912,-0.706078232014147));
#7185=CARTESIAN_POINT('',(3.254688610595,-1.13339004700571,-1.76807738858345E-15));
#7186=CARTESIAN_POINT('',(3.09353086172884,-1.15102822158231,0.706078232014144));
#7187=CARTESIAN_POINT('',(2.93237311286268,-1.1686663961589,1.41215646402829));
#7188=CARTESIAN_POINT('',(2.48081913489722,-1.1863045707355,1.9783872427108));
#7189=CARTESIAN_POINT('',(2.02926515693176,-1.20394274531209,2.5446180213933));
#7190=CARTESIAN_POINT('',(1.37675075314917,-1.22158091988868,2.85885239666133));
#7191=CARTESIAN_POINT('',(0.724236349366581,-1.23921909446528,3.17308677192935));
#7192=CARTESIAN_POINT('',(1.47740645358821E-15,-1.25685726904187,3.17308677192935));
#7193=CARTESIAN_POINT('',(-0.724236349366578,-1.27449544361847,3.17308677192935));
#7194=CARTESIAN_POINT('',(-1.37675075314917,-1.29213361819506,2.85885239666133));
#7195=CARTESIAN_POINT('',(-2.02926515693175,-1.30977179277166,2.54461802139331));
#7196=CARTESIAN_POINT('',(-2.48081913489722,-1.32740996734825,1.9783872427108));
#7197=CARTESIAN_POINT('',(-2.93237311286268,-1.34504814192484,1.41215646402829));
#7198=CARTESIAN_POINT('',(-3.09353086172884,-1.36268631650144,0.706078232014147));
#7199=CARTESIAN_POINT('',(-3.254688610595,-1.38032449107803,1.31217758551722E-15));
#7200=CARTESIAN_POINT('',(-3.09353086172884,-1.39796266565463,-0.706078232014144));
#7201=CARTESIAN_POINT('',(-2.93237311286268,-1.41560084023122,-1.41215646402829));
#7202=CARTESIAN_POINT('',(-2.48081913489722,-1.43323901480781,-1.9783872427108));
#7203=CARTESIAN_POINT('',(-2.02926515693176,-1.45087718938441,-2.5446180213933));
#7204=CARTESIAN_POINT('',(-1.37675075314917,-1.468515363961,-2.85885239666133));
#7205=CARTESIAN_POINT('',(-0.724236349366582,-1.4861535385376,-3.17308677192935));
#7206=CARTESIAN_POINT('',(-2.0350329236653E-15,-1.50379171311419,-3.17308677192935));
#7207=CARTESIAN_POINT('',(0.724236349366578,-1.52142988769079,-3.17308677192935));
#7208=CARTESIAN_POINT('',(1.37675075314917,-1.53906806226738,-2.85885239666133));
#7209=CARTESIAN_POINT('',(2.02926515693175,-1.55670623684398,-2.54461802139331));
#7210=CARTESIAN_POINT('',(2.48081913489722,-1.57434441142057,-1.9783872427108));
#7211=CARTESIAN_POINT('',(2.93237311286268,-1.59198258599717,-1.41215646402829));
#7212=CARTESIAN_POINT('',(3.09353086172884,-1.60962076057376,-0.706078232014148));
#7213=CARTESIAN_POINT('',(3.254688610595,-1.62725893515035,-8.56357499446639E-15));
#7214=CARTESIAN_POINT('',(3.09353086172884,-1.64489710972695,0.706078232014143));
#7215=CARTESIAN_POINT('',(2.93237311286268,-1.66253528430354,1.41215646402829));
#7216=CARTESIAN_POINT('',(2.48081913489722,-1.68017345888014,1.9783872427108));
#7217=CARTESIAN_POINT('',(2.02926515693176,-1.69781163345673,2.5446180213933));
#7218=CARTESIAN_POINT('',(1.37675075314917,-1.71544980803333,2.85885239666132));
#7219=CARTESIAN_POINT('',(0.724236349366576,-1.73308798260992,3.17308677192935));
#7220=CARTESIAN_POINT('',(2.22434881640137E-15,-1.75072615718652,3.17308677192935));
#7221=CARTESIAN_POINT('',(-0.724236349366572,-1.76836433176311,3.17308677192935));
#7222=CARTESIAN_POINT('',(-1.37675075314917,-1.78600250633971,2.85885239666133));
#7223=CARTESIAN_POINT('',(-2.02926515693176,-1.8036406809163,2.5446180213933));
#7224=CARTESIAN_POINT('',(-2.48081913489722,-1.82127885549289,1.9783872427108));
#7225=CARTESIAN_POINT('',(-2.93237311286268,-1.83891703006949,1.4121564640283));
#7226=CARTESIAN_POINT('',(-3.09353086172884,-1.85655520464608,0.706078232014147));
#7227=CARTESIAN_POINT('',(-3.254688610595,-1.87419337922268,-3.88898242469112E-15));
#7228=CARTESIAN_POINT('',(-3.09353086172884,-1.89183155379927,-0.706078232014144));
#7229=CARTESIAN_POINT('',(-2.93237311286268,-1.90946972837586,-1.41215646402828));
#7230=CARTESIAN_POINT('',(-2.48081913489722,-1.92710790295246,-1.9783872427108));
#7231=CARTESIAN_POINT('',(-2.02926515693175,-1.94474607752905,-2.54461802139331));
#7232=CARTESIAN_POINT('',(-1.37675075314917,-1.96238425210565,-2.85885239666133));
#7233=CARTESIAN_POINT('',(-0.724236349366588,-1.98002242668224,-3.17308677192935));
#7234=CARTESIAN_POINT('',(-2.84245478431617E-15,-1.99766060125884,-3.17308677192935));
#7235=CARTESIAN_POINT('',(0.724236349366582,-2.01529877583543,-3.17308677192935));
#7236=CARTESIAN_POINT('',(1.37675075314917,-2.03293695041202,-2.85885239666133));
#7237=CARTESIAN_POINT('',(2.02926515693175,-2.05057512498862,-2.54461802139331));
#7238=CARTESIAN_POINT('',(2.48081913489722,-2.06821329956521,-1.9783872427108));
#7239=CARTESIAN_POINT('',(2.93237311286268,-2.08585147414181,-1.41215646402829));
#7240=CARTESIAN_POINT('',(3.09353086172884,-2.1034896487184,-0.706078232014149));
#7241=CARTESIAN_POINT('',(3.254688610595,-2.121127823295,-9.57758422680079E-15));
#7242=CARTESIAN_POINT('',(3.09353086172884,-2.13876599787159,0.706078232014142));
#7243=CARTESIAN_POINT('',(2.93237311286268,-2.15640417244819,1.41215646402829));
#7244=CARTESIAN_POINT('',(2.48081913489722,-2.17404234702478,1.97838724271079));
#7245=CARTESIAN_POINT('',(2.02926515693176,-2.19168052160138,2.5446180213933));
#7246=CARTESIAN_POINT('',(1.37675075314917,-2.20931869617797,2.85885239666132));
#7247=CARTESIAN_POINT('',(0.724236349366577,-2.22695687075457,3.17308677192935));
#7248=CARTESIAN_POINT('',(2.97129117921453E-15,-2.24459504533116,3.17308677192935));
#7249=CARTESIAN_POINT('',(-0.724236349366571,-2.26223321990775,3.17308677192935));
#7250=CARTESIAN_POINT('',(-1.37675075314917,-2.27987139448435,2.85885239666133));
#7251=CARTESIAN_POINT('',(-2.02926515693176,-2.29750956906094,2.5446180213933));
#7252=CARTESIAN_POINT('',(-2.48081913489722,-2.31514774363754,1.9783872427108));
#7253=CARTESIAN_POINT('',(-2.93237311286267,-2.33278591821413,1.4121564640283));
#7254=CARTESIAN_POINT('',(-3.09353086172884,-2.35042409279073,0.706078232014148));
#7255=CARTESIAN_POINT('',(-3.254688610595,-2.36806226736732,-3.30865406135091E-15));
#7256=CARTESIAN_POINT('',(-3.09353086172884,-2.38570044194391,-0.706078232014143));
#7257=CARTESIAN_POINT('',(-2.93237311286268,-2.40333861652051,-1.41215646402828));
#7258=CARTESIAN_POINT('',(-2.48081913489722,-2.4209767910971,-1.9783872427108));
#7259=CARTESIAN_POINT('',(-2.02926515693175,-2.4386149656737,-2.54461802139331));
#7260=CARTESIAN_POINT('',(-1.37675075314917,-2.45625314025029,-2.85885239666133));
#7261=CARTESIAN_POINT('',(-0.724236349366589,-2.47389131482688,-3.17308677192935));
#7262=CARTESIAN_POINT('',(-3.64987664496704E-15,-2.49152948940348,-3.17308677192935));
#7263=CARTESIAN_POINT('',(0.724236349366582,-2.50916766398007,-3.17308677192935));
#7264=CARTESIAN_POINT('',(1.37675075314916,-2.52680583855667,-2.85885239666133));
#7265=CARTESIAN_POINT('',(2.02926515693175,-2.54444401313326,-2.54461802139331));
#7266=CARTESIAN_POINT('',(2.48081913489722,-2.56208218770986,-1.9783872427108));
#7267=CARTESIAN_POINT('',(2.93237311286268,-2.57972036228645,-1.41215646402829));
#7268=CARTESIAN_POINT('',(3.09353086172884,-2.59735853686305,-0.70607823201415));
#7269=CARTESIAN_POINT('',(3.254688610595,-2.61499671143964,-1.05915934591352E-14));
#7270=CARTESIAN_POINT('',(3.09353086172884,-2.63263488601624,0.706078232014141));
#7271=CARTESIAN_POINT('',(2.93237311286268,-2.65027306059283,1.41215646402829));
#7272=CARTESIAN_POINT('',(2.48081913489722,-2.66791123516942,1.97838724271079));
#7273=CARTESIAN_POINT('',(2.02926515693176,-2.68554940974602,2.5446180213933));
#7274=CARTESIAN_POINT('',(1.37675075314917,-2.70318758432261,2.85885239666132));
#7275=CARTESIAN_POINT('',(0.724236349366578,-2.72082575889921,3.17308677192935));
#7276=CARTESIAN_POINT('',(3.71823354202769E-15,-2.7384639334758,3.17308677192935));
#7277=CARTESIAN_POINT('',(-0.72423634936657,-2.7561021080524,3.17308677192935));
#7278=CARTESIAN_POINT('',(-1.37675075314916,-2.77374028262899,2.85885239666133));
#7279=CARTESIAN_POINT('',(-2.02926515693176,-2.79137845720559,2.5446180213933));
#7280=CARTESIAN_POINT('',(-2.48081913489722,-2.80901663178218,1.9783872427108));
#7281=CARTESIAN_POINT('',(-2.93237311286267,-2.82665480635877,1.4121564640283));
#7282=CARTESIAN_POINT('',(-3.09353086172884,-2.84429298093537,0.706078232014159));
#7283=CARTESIAN_POINT('',(-3.254688610595,-2.86193115551196,-2.72832569801071E-15));
#7284=CARTESIAN_POINT('',(-3.09353086172884,-2.87956933008856,-0.706078232014143));
#7285=CARTESIAN_POINT('',(-2.93237311286268,-2.89720750466515,-1.41215646402828));
#7286=CARTESIAN_POINT('',(-2.48081913489721,-2.91484567924174,-1.9783872427108));
#7287=CARTESIAN_POINT('',(-2.02926515693175,-2.93248385381834,-2.54461802139331));
#7288=CARTESIAN_POINT('',(-1.37675075314917,-2.95012202839493,-2.85885239666133));
#7289=CARTESIAN_POINT('',(-0.72423634936659,-2.96776020297153,-3.17308677192935));
#7290=CARTESIAN_POINT('',(-1.57303672842722E-14,-2.98539837754812,-3.17308677192935));
#7291=CARTESIAN_POINT('',(0.724236349366581,-3.00303655212472,-3.17308677192935));
#7292=CARTESIAN_POINT('',(1.37675075314916,-3.02067472670131,-2.85885239666133));
#7293=CARTESIAN_POINT('',(2.02926515693175,-3.03831290127791,-2.54461802139331));
#7294=CARTESIAN_POINT('',(2.48081913489722,-3.0559510758545,-1.97838724271079));
#7295=CARTESIAN_POINT('',(2.93237311286268,-3.07358925043109,-1.41215646402829));
#7296=CARTESIAN_POINT('',(3.09353086172884,-3.09122742500769,-0.706078232014151));
#7297=CARTESIAN_POINT('',(3.254688610595,-3.10886559958428,-1.16056026914696E-14));
#7298=CARTESIAN_POINT('',(3.09353086172885,-3.12650377416088,0.706078232014129));
#7299=CARTESIAN_POINT('',(2.93237311286268,-3.14414194873747,1.41215646402829));
#7300=CARTESIAN_POINT('',(2.48081913489722,-3.16178012331407,1.97838724271079));
#7301=CARTESIAN_POINT('',(2.02926515693176,-3.17941829789066,2.5446180213933));
#7302=CARTESIAN_POINT('',(1.37675075314916,-3.19705647246726,2.85885239666133));
#7303=CARTESIAN_POINT('',(0.724236349366578,-3.21469464704385,3.17308677192935));
#7304=CARTESIAN_POINT('',(4.46517590484085E-15,-3.23233282162045,3.17308677192935));
#7305=CARTESIAN_POINT('',(-0.724236349366569,-3.24997099619704,3.17308677192935));
#7306=CARTESIAN_POINT('',(-1.37675075314915,-3.26760917077363,2.85885239666133));
#7307=CARTESIAN_POINT('',(-2.02926515693176,-3.28524734535023,2.5446180213933));
#7308=CARTESIAN_POINT('',(-2.48081913489721,-3.30288551992682,1.9783872427108));
#7309=CARTESIAN_POINT('',(-2.93237311286267,-3.32052369450342,1.4121564640283));
#7310=CARTESIAN_POINT('',(-3.09353086172884,-3.33816186908001,0.706078232014138));
#7311=CARTESIAN_POINT('',(-3.254688610595,-3.35580004365661,-2.14799733467051E-15));
#7312=CARTESIAN_POINT('',(-3.09353086172884,-3.3734382182332,-0.706078232014142));
#7313=CARTESIAN_POINT('',(-2.93237311286268,-3.39107639280979,-1.41215646402828));
#7314=CARTESIAN_POINT('',(-2.48081913489723,-3.40871456738639,-1.97838724271079));
#7315=CARTESIAN_POINT('',(-2.02926515693176,-3.42635274196298,-2.54461802139331));
#7316=CARTESIAN_POINT('',(-1.37675075314917,-3.44399091653958,-2.85885239666133));
#7317=CARTESIAN_POINT('',(-0.724236349366591,-3.46162909111617,-3.17308677192935));
#7318=CARTESIAN_POINT('',(6.00834841238553E-15,-3.47926726569276,-3.17308677192935));
#7319=CARTESIAN_POINT('',(0.72423634936658,-3.49690544026936,-3.17308677192935));
#7320=CARTESIAN_POINT('',(1.37675075314916,-3.51454361484595,-2.85885239666133));
#7321=CARTESIAN_POINT('',(2.02926515693175,-3.53218178942255,-2.54461802139331));
#7322=CARTESIAN_POINT('',(2.48081913489721,-3.54981996399914,-1.97838724271081));
#7323=CARTESIAN_POINT('',(2.93237311286268,-3.56745813857574,-1.41215646402829));
#7324=CARTESIAN_POINT('',(3.09353086172884,-3.58509631315233,-0.706078232014152));
#7325=CARTESIAN_POINT('',(3.254688610595,-3.60273448772893,-1.2619611923804E-14));
#7326=CARTESIAN_POINT('',(3.09353086172884,-3.62037266230552,0.70607823201415));
#7327=CARTESIAN_POINT('',(2.93237311286268,-3.63801083688212,1.41215646402829));
#7328=CARTESIAN_POINT('',(2.48081913489722,-3.65564901145871,1.97838724271079));
#7329=CARTESIAN_POINT('',(2.02926515693177,-3.67328718603531,2.5446180213933));
#7330=CARTESIAN_POINT('',(1.37675075314918,-3.6909253606119,2.85885239666132));
#7331=CARTESIAN_POINT('',(0.724236349366579,-3.70856353518849,3.17308677192935));
#7332=CARTESIAN_POINT('',(5.21211826765401E-15,-3.72620170976509,3.17308677192935));
#7333=CARTESIAN_POINT('',(-0.724236349366569,-3.74383988434168,3.17308677192935));
#7334=CARTESIAN_POINT('',(-1.37675075314917,-3.76147805891828,2.85885239666132));
#7335=CARTESIAN_POINT('',(-2.02926515693176,-3.77911623349487,2.5446180213933));
#7336=CARTESIAN_POINT('',(-2.48081913489721,-3.79675440807147,1.9783872427108));
#7337=CARTESIAN_POINT('',(-2.93237311286267,-3.81439258264806,1.4121564640283));
#7338=CARTESIAN_POINT('',(-3.09353086172884,-3.83203075722465,0.70607823201416));
#7339=CARTESIAN_POINT('',(-3.25468861059501,-3.84966893180125,-1.56766897133031E-15));
#7340=CARTESIAN_POINT('',(-3.09353086172884,-3.86730710637784,-0.706078232014141));
#7341=CARTESIAN_POINT('',(-2.93237311286268,-3.88494528095444,-1.41215646402828));
#7342=CARTESIAN_POINT('',(-2.48081913489721,-3.90258345553103,-1.9783872427108));
#7343=CARTESIAN_POINT('',(-2.02926515693176,-3.92022163010762,-2.54461802139331));
#7344=CARTESIAN_POINT('',(-1.37675075314917,-3.93785980468422,-2.85885239666133));
#7345=CARTESIAN_POINT('',(-0.724236349366591,-3.95549797926081,-3.17308677192935));
#7346=CARTESIAN_POINT('',(-1.7345211005574E-14,-3.97313615383741,-3.17308677192935));
#7347=CARTESIAN_POINT('',(0.724236349366579,-3.990774328414,-3.17308677192935));
#7348=CARTESIAN_POINT('',(1.37675075314916,-4.0084125029906,-2.85885239666133));
#7349=CARTESIAN_POINT('',(2.02926515693175,-4.02605067756719,-2.54461802139331));
#7350=CARTESIAN_POINT('',(2.48081913489722,-4.04368885214379,-1.9783872427108));
#7351=CARTESIAN_POINT('',(2.93237311286268,-4.06132702672038,-1.41215646402829));
#7352=CARTESIAN_POINT('',(3.09353086172884,-4.07896520129697,-0.706078232014153));
#7353=CARTESIAN_POINT('',(3.254688610595,-4.09660337587357,-1.36336211561384E-14));
#7354=CARTESIAN_POINT('',(3.09353086172885,-4.11424155045017,0.706078232014127));
#7355=CARTESIAN_POINT('',(2.93237311286268,-4.13187972502676,1.41215646402829));
#7356=CARTESIAN_POINT('',(2.48081913489722,-4.14951789960335,1.97838724271079));
#7357=CARTESIAN_POINT('',(2.02926515693177,-4.16715607417995,2.5446180213933));
#7358=CARTESIAN_POINT('',(1.37675075314916,-4.18479424875654,2.85885239666133));
#7359=CARTESIAN_POINT('',(0.72423634936658,-4.20243242333314,3.17308677192935));
#7360=CARTESIAN_POINT('',(5.95906063046717E-15,-4.22007059790973,3.17308677192935));
#7361=CARTESIAN_POINT('',(-0.724236349366568,-4.23770877248633,3.17308677192935));
#7362=CARTESIAN_POINT('',(-1.37675075314915,-4.25534694706292,2.85885239666133));
#7363=CARTESIAN_POINT('',(-2.02926515693176,-4.27298512163952,2.5446180213933));
#7364=CARTESIAN_POINT('',(-2.48081913489721,-4.29062329621611,1.9783872427108));
#7365=CARTESIAN_POINT('',(-2.93237311286267,-4.3082614707927,1.4121564640283));
#7366=CARTESIAN_POINT('',(-3.09353086172884,-4.3258996453693,0.706078232014139));
#7367=CARTESIAN_POINT('',(-3.25468861059501,-4.34353781994589,-9.87340607990102E-16));
#7368=CARTESIAN_POINT('',(-3.09353086172884,-4.36117599452249,-0.706078232014141));
#7369=CARTESIAN_POINT('',(-2.93237311286268,-4.37881416909908,-1.41215646402828));
#7370=CARTESIAN_POINT('',(-2.48081913489723,-4.39645234367567,-1.97838724271079));
#7371=CARTESIAN_POINT('',(-2.02926515693176,-4.41409051825227,-2.54461802139331));
#7372=CARTESIAN_POINT('',(-1.37675075314917,-4.43172869282886,-2.85885239666133));
#7373=CARTESIAN_POINT('',(-0.724236349366592,-4.44936686740546,-3.17308677192935));
#7374=CARTESIAN_POINT('',(4.39350469108379E-15,-4.46700504198205,-3.17308677192935));
#7375=CARTESIAN_POINT('',(0.724236349366578,-4.48464321655864,-3.17308677192935));
#7376=CARTESIAN_POINT('',(1.37675075314916,-4.50228139113524,-2.85885239666133));
#7377=CARTESIAN_POINT('',(2.02926515693175,-4.51991956571183,-2.54461802139331));
#7378=CARTESIAN_POINT('',(2.48081913489721,-4.53755774028843,-1.97838724271081));
#7379=CARTESIAN_POINT('',(2.93237311286268,-4.55519591486502,-1.41215646402829));
#7380=CARTESIAN_POINT('',(3.09353086172884,-4.57283408944162,-0.706078232014154));
#7381=CARTESIAN_POINT('',(3.254688610595,-4.59047226401821,-1.46476303884728E-14));
#7382=CARTESIAN_POINT('',(3.09353086172884,-4.60811043859481,0.706078232014148));
#7383=CARTESIAN_POINT('',(2.93237311286268,-4.6257486131714,1.41215646402829));
#7384=CARTESIAN_POINT('',(2.48081913489722,-4.643386787748,1.97838724271079));
#7385=CARTESIAN_POINT('',(2.02926515693177,-4.66102496232459,2.54461802139329));
#7386=CARTESIAN_POINT('',(1.37675075314918,-4.67866313690119,2.85885239666132));
#7387=CARTESIAN_POINT('',(0.724236349366581,-4.69630131147778,3.17308677192935));
#7388=CARTESIAN_POINT('',(6.70600299328033E-15,-4.71393948605438,3.17308677192935));
#7389=CARTESIAN_POINT('',(-0.724236349366567,-4.73157766063097,3.17308677192935));
#7390=CARTESIAN_POINT('',(-1.37675075314917,-4.74921583520756,2.85885239666132));
#7391=CARTESIAN_POINT('',(-2.02926515693176,-4.76685400978416,2.5446180213933));
#7392=CARTESIAN_POINT('',(-2.48081913489721,-4.78449218436075,1.9783872427108));
#7393=CARTESIAN_POINT('',(-2.93237311286267,-4.80213035893735,1.4121564640283));
#7394=CARTESIAN_POINT('',(-3.09353086172884,-4.81976853351394,0.706078232014161));
#7395=CARTESIAN_POINT('',(-3.25468861059501,-4.83740670809053,-4.07012244649899E-16));
#7396=CARTESIAN_POINT('',(-3.09353086172884,-4.85504488266713,-0.70607823201414));
#7397=CARTESIAN_POINT('',(-2.93237311286268,-4.87268305724372,-1.41215646402828));
#7398=CARTESIAN_POINT('',(-2.48081913489722,-4.89032123182032,-1.9783872427108));
#7399=CARTESIAN_POINT('',(-2.02926515693176,-4.90795940639691,-2.54461802139331));
#7400=CARTESIAN_POINT('',(-1.37675075314917,-4.92559758097351,-2.85885239666133));
#7401=CARTESIAN_POINT('',(-0.724236349366593,-4.9432357555501,-3.17308677192935));
#7402=CARTESIAN_POINT('',(-1.89600547268757E-14,-4.96087393012669,-3.17308677192935));
#7403=CARTESIAN_POINT('',(0.724236349366578,-4.97851210470329,-3.17308677192935));
#7404=CARTESIAN_POINT('',(1.37675075314916,-4.99615027927988,-2.85885239666133));
#7405=CARTESIAN_POINT('',(2.02926515693175,-5.01378845385648,-2.54461802139331));
#7406=CARTESIAN_POINT('',(2.48081913489722,-5.03142662843307,-1.9783872427108));
#7407=CARTESIAN_POINT('',(2.93237311286268,-5.04906480300967,-1.41215646402829));
#7408=CARTESIAN_POINT('',(3.09353086172884,-5.06670297758626,-0.706078232014155));
#7409=CARTESIAN_POINT('',(3.254688610595,-5.08434115216286,-1.56616396208072E-14));
#7410=CARTESIAN_POINT('',(3.09353086172885,-5.10197932673945,0.706078232014125));
#7411=CARTESIAN_POINT('',(2.93237311286268,-5.11961750131605,1.41215646402829));
#7412=CARTESIAN_POINT('',(2.48081913489722,-5.13725567589264,1.97838724271079));
#7413=CARTESIAN_POINT('',(2.02926515693177,-5.15489385046923,2.54461802139329));
#7414=CARTESIAN_POINT('',(1.37675075314916,-5.17253202504583,2.85885239666133));
#7415=CARTESIAN_POINT('',(0.724236349366582,-5.19017019962242,3.17308677192935));
#7416=CARTESIAN_POINT('',(7.45294535609349E-15,-5.20780837419902,3.17308677192935));
#7417=CARTESIAN_POINT('',(-1.64782720381137E-17,-0.269119492752587,3.17308677192935));
#7418=CARTESIAN_POINT('',(-1.12994011053265E-17,-0.184539318615449,3.17308677192935));
#7419=CARTESIAN_POINT('',(-1.12994011053265E-17,-0.184539318615449,3.17308677192935));
#7420=CARTESIAN_POINT('',(-1.12994011053265E-17,-0.184539318615449,3.17308677192935));
#7421=CARTESIAN_POINT('',(-0.72423634936658,-0.202177493192043,3.17308677192935));
#7422=CARTESIAN_POINT('',(-1.37675075314917,-0.219815667768637,2.85885239666133));
#7423=CARTESIAN_POINT('',(-2.02926515693176,-0.237453842345231,2.5446180213933));
#7424=CARTESIAN_POINT('',(-2.48081913489722,-0.255092016921826,1.9783872427108));
#7425=CARTESIAN_POINT('',(-2.93237311286268,-0.27273019149842,1.41215646402829));
#7426=CARTESIAN_POINT('',(-3.09353086172884,-0.290368366075014,0.706078232014145));
#7427=CARTESIAN_POINT('',(-3.254688610595,-0.308006540651608,1.88657034348166E-16));
#7428=CARTESIAN_POINT('',(-3.09353086172884,-0.325644715228202,-0.706078232014145));
#7429=CARTESIAN_POINT('',(-2.93237311286268,-0.343282889804796,-1.41215646402829));
#7430=CARTESIAN_POINT('',(-2.48081913489722,-0.36092106438139,-1.9783872427108));
#7431=CARTESIAN_POINT('',(-2.02926515693176,-0.378559238957984,-2.5446180213933));
#7432=CARTESIAN_POINT('',(-1.37675075314917,-0.396197413534579,-2.85885239666133));
#7433=CARTESIAN_POINT('',(-0.72423634936658,-0.413835588111173,-3.17308677192935));
#7434=CARTESIAN_POINT('',(-4.15010331430763E-16,-0.431473762687767,-3.17308677192935));
#7435=CARTESIAN_POINT('',(0.724236349366579,-0.449111937264362,-3.17308677192935));
#7436=CARTESIAN_POINT('',(1.37675075314917,-0.466750111840956,-2.85885239666133));
#7437=CARTESIAN_POINT('',(2.02926515693176,-0.484388286417551,-2.5446180213933));
#7438=CARTESIAN_POINT('',(2.48081913489722,-0.502026460994146,-1.9783872427108));
#7439=CARTESIAN_POINT('',(2.93237311286268,-0.51966463557074,-1.41215646402829));
#7440=CARTESIAN_POINT('',(3.09353086172884,-0.537302810147335,-0.706078232014146));
#7441=CARTESIAN_POINT('',(3.254688610595,-0.55494098472393,-7.16931980737688E-16));
#7442=CARTESIAN_POINT('',(3.09353086172884,-0.572579159300524,0.706078232014145));
#7443=CARTESIAN_POINT('',(2.93237311286268,-0.590217333877119,1.41215646402829));
#7444=CARTESIAN_POINT('',(2.48081913489722,-0.607855508453714,1.9783872427108));
#7445=CARTESIAN_POINT('',(2.02926515693176,-0.625493683030309,2.5446180213933));
#7446=CARTESIAN_POINT('',(1.37675075314917,-0.643131857606903,2.85885239666133));
#7447=CARTESIAN_POINT('',(0.72423634936658,-0.660770032183498,3.17308677192935));
#7448=CARTESIAN_POINT('',(7.35642961707834E-16,-0.678408206760092,3.17308677192935));
#7449=CARTESIAN_POINT('',(-0.724236349366579,-0.696046381336686,3.17308677192935));
#7450=CARTESIAN_POINT('',(-1.37675075314917,-0.713684555913281,2.85885239666133));
#7451=CARTESIAN_POINT('',(-2.02926515693176,-0.731322730489875,2.5446180213933));
#7452=CARTESIAN_POINT('',(-2.48081913489722,-0.748960905066469,1.9783872427108));
#7453=CARTESIAN_POINT('',(-2.93237311286268,-0.766599079643063,1.41215646402829));
#7454=CARTESIAN_POINT('',(-3.09353086172884,-0.784237254219657,0.706078232014146));
#7455=CARTESIAN_POINT('',(-3.254688610595,-0.801875428796251,7.68985397688369E-16));
#7456=CARTESIAN_POINT('',(-3.09353086172884,-0.819513603372845,-0.706078232014145));
#7457=CARTESIAN_POINT('',(-2.93237311286268,-0.837151777949439,-1.41215646402829));
#7458=CARTESIAN_POINT('',(-2.48081913489722,-0.854789952526033,-1.9783872427108));
#7459=CARTESIAN_POINT('',(-2.02926515693176,-0.872428127102628,-2.5446180213933));
#7460=CARTESIAN_POINT('',(-1.37675075314917,-0.890066301679222,-2.85885239666133));
#7461=CARTESIAN_POINT('',(-0.724236349366581,-0.907704476255816,-3.17308677192935));
#7462=CARTESIAN_POINT('',(-1.22243219208164E-15,-0.925342650832411,-3.17308677192935));
#7463=CARTESIAN_POINT('',(0.724236349366578,-0.942980825409005,-3.17308677192935));
#7464=CARTESIAN_POINT('',(1.37675075314917,-0.9606189999856,-2.85885239666133));
#7465=CARTESIAN_POINT('',(2.02926515693176,-0.978257174562194,-2.54461802139331));
#7466=CARTESIAN_POINT('',(2.48081913489722,-0.995895349138789,-1.9783872427108));
#7467=CARTESIAN_POINT('',(2.93237311286268,-1.01353352371538,-1.41215646402829));
#7468=CARTESIAN_POINT('',(3.09353086172884,-1.03117169829198,-0.706078232014147));
#7469=CARTESIAN_POINT('',(3.254688610595,-1.04880987286857,-1.73094121307209E-15));
#7470=CARTESIAN_POINT('',(3.09353086172884,-1.06644804744517,0.706078232014144));
#7471=CARTESIAN_POINT('',(2.93237311286268,-1.08408622202176,1.41215646402829));
#7472=CARTESIAN_POINT('',(2.48081913489722,-1.10172439659836,1.9783872427108));
#7473=CARTESIAN_POINT('',(2.02926515693176,-1.11936257117495,2.5446180213933));
#7474=CARTESIAN_POINT('',(1.37675075314917,-1.13700074575155,2.85885239666133));
#7475=CARTESIAN_POINT('',(0.724236349366581,-1.15463892032814,3.17308677192935));
#7476=CARTESIAN_POINT('',(1.48258532452099E-15,-1.17227709490474,3.17308677192935));
#7477=CARTESIAN_POINT('',(-0.724236349366578,-1.18991526948133,3.17308677192935));
#7478=CARTESIAN_POINT('',(-1.37675075314917,-1.20755344405792,2.85885239666133));
#7479=CARTESIAN_POINT('',(-2.02926515693175,-1.22519161863452,2.54461802139331));
#7480=CARTESIAN_POINT('',(-2.48081913489722,-1.24282979321111,1.9783872427108));
#7481=CARTESIAN_POINT('',(-2.93237311286268,-1.26046796778771,1.41215646402829));
#7482=CARTESIAN_POINT('',(-3.09353086172884,-1.2781061423643,0.706078232014147));
#7483=CARTESIAN_POINT('',(-3.254688610595,-1.29574431694089,1.34931376102857E-15));
#7484=CARTESIAN_POINT('',(-3.09353086172884,-1.31338249151749,-0.706078232014144));
#7485=CARTESIAN_POINT('',(-2.93237311286268,-1.33102066609408,-1.41215646402829));
#7486=CARTESIAN_POINT('',(-2.48081913489722,-1.34865884067068,-1.9783872427108));
#7487=CARTESIAN_POINT('',(-2.02926515693176,-1.36629701524727,-2.5446180213933));
#7488=CARTESIAN_POINT('',(-1.37675075314917,-1.38393518982386,-2.85885239666133));
#7489=CARTESIAN_POINT('',(-0.724236349366582,-1.40157336440046,-3.17308677192935));
#7490=CARTESIAN_POINT('',(-2.02985405273251E-15,-1.41921153897705,-3.17308677192935));
#7491=CARTESIAN_POINT('',(0.724236349366578,-1.43684971355365,-3.17308677192935));
#7492=CARTESIAN_POINT('',(1.37675075314917,-1.45448788813024,-2.85885239666133));
#7493=CARTESIAN_POINT('',(2.02926515693175,-1.47212606270684,-2.54461802139331));
#7494=CARTESIAN_POINT('',(2.48081913489722,-1.48976423728343,-1.9783872427108));
#7495=CARTESIAN_POINT('',(2.93237311286268,-1.50740241186003,-1.41215646402829));
#7496=CARTESIAN_POINT('',(3.09353086172884,-1.52504058643662,-0.706078232014148));
#7497=CARTESIAN_POINT('',(3.254688610595,-1.54267876101322,-8.52643881895503E-15));
#7498=CARTESIAN_POINT('',(3.09353086172884,-1.56031693558981,0.706078232014143));
#7499=CARTESIAN_POINT('',(2.93237311286268,-1.57795511016641,1.41215646402829));
#7500=CARTESIAN_POINT('',(2.48081913489722,-1.595593284743,1.9783872427108));
#7501=CARTESIAN_POINT('',(2.02926515693176,-1.61323145931959,2.5446180213933));
#7502=CARTESIAN_POINT('',(1.37675075314917,-1.63086963389619,2.85885239666132));
#7503=CARTESIAN_POINT('',(0.724236349366576,-1.64850780847278,3.17308677192935));
#7504=CARTESIAN_POINT('',(2.22952768733415E-15,-1.66614598304938,3.17308677192935));
#7505=CARTESIAN_POINT('',(-0.724236349366572,-1.68378415762597,3.17308677192935));
#7506=CARTESIAN_POINT('',(-1.37675075314917,-1.70142233220257,2.85885239666133));
#7507=CARTESIAN_POINT('',(-2.02926515693176,-1.71906050677916,2.5446180213933));
#7508=CARTESIAN_POINT('',(-2.48081913489722,-1.73669868135575,1.9783872427108));
#7509=CARTESIAN_POINT('',(-2.93237311286268,-1.75433685593235,1.4121564640283));
#7510=CARTESIAN_POINT('',(-3.09353086172884,-1.77197503050894,0.706078232014147));
#7511=CARTESIAN_POINT('',(-3.254688610595,-1.78961320508554,-3.85184624917976E-15));
#7512=CARTESIAN_POINT('',(-3.09353086172884,-1.80725137966213,-0.706078232014144));
#7513=CARTESIAN_POINT('',(-2.93237311286268,-1.82488955423873,-1.41215646402828));
#7514=CARTESIAN_POINT('',(-2.48081913489722,-1.84252772881532,-1.9783872427108));
#7515=CARTESIAN_POINT('',(-2.02926515693175,-1.86016590339191,-2.54461802139331));
#7516=CARTESIAN_POINT('',(-1.37675075314917,-1.87780407796851,-2.85885239666133));
#7517=CARTESIAN_POINT('',(-0.724236349366588,-1.8954422525451,-3.17308677192935));
#7518=CARTESIAN_POINT('',(-2.83727591338338E-15,-1.9130804271217,-3.17308677192935));
#7519=CARTESIAN_POINT('',(0.724236349366582,-1.93071860169829,-3.17308677192935));
#7520=CARTESIAN_POINT('',(1.37675075314917,-1.94835677627489,-2.85885239666133));
#7521=CARTESIAN_POINT('',(2.02926515693175,-1.96599495085148,-2.54461802139331));
#7522=CARTESIAN_POINT('',(2.48081913489722,-1.98363312542808,-1.9783872427108));
#7523=CARTESIAN_POINT('',(2.93237311286268,-2.00127130000467,-1.41215646402829));
#7524=CARTESIAN_POINT('',(3.09353086172884,-2.01890947458126,-0.706078232014149));
#7525=CARTESIAN_POINT('',(3.254688610595,-2.03654764915786,-9.54044805128944E-15));
#7526=CARTESIAN_POINT('',(3.09353086172884,-2.05418582373445,0.706078232014142));
#7527=CARTESIAN_POINT('',(2.93237311286268,-2.07182399831105,1.41215646402829));
#7528=CARTESIAN_POINT('',(2.48081913489722,-2.08946217288764,1.97838724271079));
#7529=CARTESIAN_POINT('',(2.02926515693176,-2.10710034746424,2.5446180213933));
#7530=CARTESIAN_POINT('',(1.37675075314917,-2.12473852204083,2.85885239666132));
#7531=CARTESIAN_POINT('',(0.724236349366577,-2.14237669661743,3.17308677192935));
#7532=CARTESIAN_POINT('',(2.97647005014732E-15,-2.16001487119402,3.17308677192935));
#7533=CARTESIAN_POINT('',(-0.724236349366571,-2.17765304577062,3.17308677192935));
#7534=CARTESIAN_POINT('',(-1.37675075314917,-2.19529122034721,2.85885239666133));
#7535=CARTESIAN_POINT('',(-2.02926515693176,-2.2129293949238,2.5446180213933));
#7536=CARTESIAN_POINT('',(-2.48081913489722,-2.2305675695004,1.9783872427108));
#7537=CARTESIAN_POINT('',(-2.93237311286267,-2.24820574407699,1.4121564640283));
#7538=CARTESIAN_POINT('',(-3.09353086172884,-2.26584391865359,0.706078232014148));
#7539=CARTESIAN_POINT('',(-3.254688610595,-2.28348209323018,-3.27151788583956E-15));
#7540=CARTESIAN_POINT('',(-3.09353086172884,-2.30112026780677,-0.706078232014143));
#7541=CARTESIAN_POINT('',(-2.93237311286268,-2.31875844238337,-1.41215646402828));
#7542=CARTESIAN_POINT('',(-2.48081913489722,-2.33639661695996,-1.9783872427108));
#7543=CARTESIAN_POINT('',(-2.02926515693175,-2.35403479153656,-2.54461802139331));
#7544=CARTESIAN_POINT('',(-1.37675075314917,-2.37167296611315,-2.85885239666133));
#7545=CARTESIAN_POINT('',(-0.724236349366589,-2.38931114068975,-3.17308677192935));
#7546=CARTESIAN_POINT('',(-3.64469777403426E-15,-2.40694931526634,-3.17308677192935));
#7547=CARTESIAN_POINT('',(0.724236349366582,-2.42458748984293,-3.17308677192935));
#7548=CARTESIAN_POINT('',(1.37675075314916,-2.44222566441953,-2.85885239666133));
#7549=CARTESIAN_POINT('',(2.02926515693175,-2.45986383899612,-2.54461802139331));
#7550=CARTESIAN_POINT('',(2.48081913489722,-2.47750201357272,-1.9783872427108));
#7551=CARTESIAN_POINT('',(2.93237311286268,-2.49514018814931,-1.41215646402829));
#7552=CARTESIAN_POINT('',(3.09353086172884,-2.51277836272591,-0.70607823201415));
#7553=CARTESIAN_POINT('',(3.254688610595,-2.5304165373025,-1.05544572836238E-14));
#7554=CARTESIAN_POINT('',(3.09353086172884,-2.5480547118791,0.706078232014141));
#7555=CARTESIAN_POINT('',(2.93237311286268,-2.56569288645569,1.41215646402829));
#7556=CARTESIAN_POINT('',(2.48081913489722,-2.58333106103229,1.97838724271079));
#7557=CARTESIAN_POINT('',(2.02926515693176,-2.60096923560888,2.5446180213933));
#7558=CARTESIAN_POINT('',(1.37675075314917,-2.61860741018548,2.85885239666132));
#7559=CARTESIAN_POINT('',(0.724236349366578,-2.63624558476207,3.17308677192935));
#7560=CARTESIAN_POINT('',(3.72341241296048E-15,-2.65388375933866,3.17308677192935));
#7561=CARTESIAN_POINT('',(-0.72423634936657,-2.67152193391526,3.17308677192935));
#7562=CARTESIAN_POINT('',(-1.37675075314916,-2.68916010849185,2.85885239666133));
#7563=CARTESIAN_POINT('',(-2.02926515693176,-2.70679828306845,2.5446180213933));
#7564=CARTESIAN_POINT('',(-2.48081913489722,-2.72443645764504,1.9783872427108));
#7565=CARTESIAN_POINT('',(-2.93237311286267,-2.74207463222164,1.4121564640283));
#7566=CARTESIAN_POINT('',(-3.09353086172884,-2.75971280679823,0.706078232014159));
#7567=CARTESIAN_POINT('',(-3.254688610595,-2.77735098137482,-2.69118952249936E-15));
#7568=CARTESIAN_POINT('',(-3.09353086172884,-2.79498915595142,-0.706078232014143));
#7569=CARTESIAN_POINT('',(-2.93237311286268,-2.81262733052801,-1.41215646402828));
#7570=CARTESIAN_POINT('',(-2.48081913489721,-2.83026550510461,-1.9783872427108));
#7571=CARTESIAN_POINT('',(-2.02926515693175,-2.8479036796812,-2.54461802139331));
#7572=CARTESIAN_POINT('',(-1.37675075314917,-2.86554185425779,-2.85885239666133));
#7573=CARTESIAN_POINT('',(-0.72423634936659,-2.88318002883439,-3.17308677192935));
#7574=CARTESIAN_POINT('',(-1.57251884133394E-14,-2.90081820341098,-3.17308677192935));
#7575=CARTESIAN_POINT('',(0.724236349366581,-2.91845637798758,-3.17308677192935));
#7576=CARTESIAN_POINT('',(1.37675075314916,-2.93609455256417,-2.85885239666133));
#7577=CARTESIAN_POINT('',(2.02926515693175,-2.95373272714077,-2.54461802139331));
#7578=CARTESIAN_POINT('',(2.48081913489722,-2.97137090171736,-1.97838724271079));
#7579=CARTESIAN_POINT('',(2.93237311286268,-2.98900907629396,-1.41215646402829));
#7580=CARTESIAN_POINT('',(3.09353086172884,-3.00664725087055,-0.706078232014151));
#7581=CARTESIAN_POINT('',(3.254688610595,-3.02428542544715,-1.15684665159582E-14));
#7582=CARTESIAN_POINT('',(3.09353086172885,-3.04192360002374,0.706078232014129));
#7583=CARTESIAN_POINT('',(2.93237311286268,-3.05956177460033,1.41215646402829));
#7584=CARTESIAN_POINT('',(2.48081913489722,-3.07719994917693,1.97838724271079));
#7585=CARTESIAN_POINT('',(2.02926515693176,-3.09483812375352,2.5446180213933));
#7586=CARTESIAN_POINT('',(1.37675075314916,-3.11247629833012,2.85885239666133));
#7587=CARTESIAN_POINT('',(0.724236349366578,-3.13011447290671,3.17308677192935));
#7588=CARTESIAN_POINT('',(4.47035477577364E-15,-3.14775264748331,3.17308677192935));
#7589=CARTESIAN_POINT('',(-0.724236349366569,-3.1653908220599,3.17308677192935));
#7590=CARTESIAN_POINT('',(-1.37675075314915,-3.1830289966365,2.85885239666133));
#7591=CARTESIAN_POINT('',(-2.02926515693176,-3.20066717121309,2.5446180213933));
#7592=CARTESIAN_POINT('',(-2.48081913489721,-3.21830534578968,1.9783872427108));
#7593=CARTESIAN_POINT('',(-2.93237311286267,-3.23594352036628,1.4121564640283));
#7594=CARTESIAN_POINT('',(-3.09353086172884,-3.25358169494287,0.706078232014138));
#7595=CARTESIAN_POINT('',(-3.254688610595,-3.27121986951947,-2.11086115915915E-15));
#7596=CARTESIAN_POINT('',(-3.09353086172884,-3.28885804409606,-0.706078232014142));
#7597=CARTESIAN_POINT('',(-2.93237311286268,-3.30649621867266,-1.41215646402828));
#7598=CARTESIAN_POINT('',(-2.48081913489723,-3.32413439324925,-1.97838724271079));
#7599=CARTESIAN_POINT('',(-2.02926515693176,-3.34177256782584,-2.54461802139331));
#7600=CARTESIAN_POINT('',(-1.37675075314917,-3.35941074240244,-2.85885239666133));
#7601=CARTESIAN_POINT('',(-0.724236349366591,-3.37704891697903,-3.17308677192935));
#7602=CARTESIAN_POINT('',(6.01352728331832E-15,-3.39468709155563,-3.17308677192935));
#7603=CARTESIAN_POINT('',(0.72423634936658,-3.41232526613222,-3.17308677192935));
#7604=CARTESIAN_POINT('',(1.37675075314916,-3.42996344070882,-2.85885239666133));
#7605=CARTESIAN_POINT('',(2.02926515693175,-3.44760161528541,-2.54461802139331));
#7606=CARTESIAN_POINT('',(2.48081913489721,-3.465239789862,-1.97838724271081));
#7607=CARTESIAN_POINT('',(2.93237311286268,-3.4828779644386,-1.41215646402829));
#7608=CARTESIAN_POINT('',(3.09353086172884,-3.50051613901519,-0.706078232014152));
#7609=CARTESIAN_POINT('',(3.254688610595,-3.51815431359179,-1.25824757482927E-14));
#7610=CARTESIAN_POINT('',(3.09353086172884,-3.53579248816838,0.70607823201415));
#7611=CARTESIAN_POINT('',(2.93237311286268,-3.55343066274498,1.41215646402829));
#7612=CARTESIAN_POINT('',(2.48081913489722,-3.57106883732157,1.97838724271079));
#7613=CARTESIAN_POINT('',(2.02926515693177,-3.58870701189817,2.5446180213933));
#7614=CARTESIAN_POINT('',(1.37675075314918,-3.60634518647476,2.85885239666132));
#7615=CARTESIAN_POINT('',(0.724236349366579,-3.62398336105136,3.17308677192935));
#7616=CARTESIAN_POINT('',(5.2172971385868E-15,-3.64162153562795,3.17308677192935));
#7617=CARTESIAN_POINT('',(-0.724236349366569,-3.65925971020454,3.17308677192935));
#7618=CARTESIAN_POINT('',(-1.37675075314917,-3.67689788478114,2.85885239666132));
#7619=CARTESIAN_POINT('',(-2.02926515693176,-3.69453605935773,2.5446180213933));
#7620=CARTESIAN_POINT('',(-2.48081913489721,-3.71217423393433,1.9783872427108));
#7621=CARTESIAN_POINT('',(-2.93237311286267,-3.72981240851092,1.4121564640283));
#7622=CARTESIAN_POINT('',(-3.09353086172884,-3.74745058308752,0.70607823201416));
#7623=CARTESIAN_POINT('',(-3.25468861059501,-3.76508875766411,-1.53053279581895E-15));
#7624=CARTESIAN_POINT('',(-3.09353086172884,-3.7827269322407,-0.706078232014141));
#7625=CARTESIAN_POINT('',(-2.93237311286268,-3.8003651068173,-1.41215646402828));
#7626=CARTESIAN_POINT('',(-2.48081913489721,-3.81800328139389,-1.9783872427108));
#7627=CARTESIAN_POINT('',(-2.02926515693176,-3.83564145597049,-2.54461802139331));
#7628=CARTESIAN_POINT('',(-1.37675075314917,-3.85327963054708,-2.85885239666133));
#7629=CARTESIAN_POINT('',(-0.724236349366591,-3.87091780512367,-3.17308677192935));
#7630=CARTESIAN_POINT('',(-1.73400321346412E-14,-3.88855597970027,-3.17308677192935));
#7631=CARTESIAN_POINT('',(0.724236349366579,-3.90619415427686,-3.17308677192935));
#7632=CARTESIAN_POINT('',(1.37675075314916,-3.92383232885346,-2.85885239666133));
#7633=CARTESIAN_POINT('',(2.02926515693175,-3.94147050343005,-2.54461802139331));
#7634=CARTESIAN_POINT('',(2.48081913489722,-3.95910867800665,-1.9783872427108));
#7635=CARTESIAN_POINT('',(2.93237311286268,-3.97674685258324,-1.41215646402829));
#7636=CARTESIAN_POINT('',(3.09353086172884,-3.99438502715984,-0.706078232014153));
#7637=CARTESIAN_POINT('',(3.254688610595,-4.01202320173643,-1.35964849806271E-14));
#7638=CARTESIAN_POINT('',(3.09353086172885,-4.02966137631303,0.706078232014127));
#7639=CARTESIAN_POINT('',(2.93237311286268,-4.04729955088962,1.41215646402829));
#7640=CARTESIAN_POINT('',(2.48081913489722,-4.06493772546622,1.97838724271079));
#7641=CARTESIAN_POINT('',(2.02926515693177,-4.08257590004281,2.5446180213933));
#7642=CARTESIAN_POINT('',(1.37675075314916,-4.10021407461941,2.85885239666133));
#7643=CARTESIAN_POINT('',(0.72423634936658,-4.117852249196,3.17308677192935));
#7644=CARTESIAN_POINT('',(5.96423950139996E-15,-4.13549042377259,3.17308677192935));
#7645=CARTESIAN_POINT('',(-0.724236349366568,-4.15312859834919,3.17308677192935));
#7646=CARTESIAN_POINT('',(-1.37675075314915,-4.17076677292578,2.85885239666133));
#7647=CARTESIAN_POINT('',(-2.02926515693176,-4.18840494750238,2.5446180213933));
#7648=CARTESIAN_POINT('',(-2.48081913489721,-4.20604312207897,1.9783872427108));
#7649=CARTESIAN_POINT('',(-2.93237311286267,-4.22368129665557,1.4121564640283));
#7650=CARTESIAN_POINT('',(-3.09353086172884,-4.24131947123216,0.706078232014139));
#7651=CARTESIAN_POINT('',(-3.25468861059501,-4.25895764580875,-9.50204432478746E-16));
#7652=CARTESIAN_POINT('',(-3.09353086172884,-4.27659582038535,-0.706078232014141));
#7653=CARTESIAN_POINT('',(-2.93237311286268,-4.29423399496194,-1.41215646402828));
#7654=CARTESIAN_POINT('',(-2.48081913489723,-4.31187216953854,-1.97838724271079));
#7655=CARTESIAN_POINT('',(-2.02926515693176,-4.32951034411513,-2.54461802139331));
#7656=CARTESIAN_POINT('',(-1.37675075314917,-4.34714851869172,-2.85885239666133));
#7657=CARTESIAN_POINT('',(-0.724236349366592,-4.36478669326832,-3.17308677192935));
#7658=CARTESIAN_POINT('',(4.39868356201657E-15,-4.38242486784491,-3.17308677192935));
#7659=CARTESIAN_POINT('',(0.724236349366578,-4.40006304242151,-3.17308677192935));
#7660=CARTESIAN_POINT('',(1.37675075314916,-4.4177012169981,-2.85885239666133));
#7661=CARTESIAN_POINT('',(2.02926515693175,-4.4353393915747,-2.54461802139331));
#7662=CARTESIAN_POINT('',(2.48081913489721,-4.45297756615129,-1.97838724271081));
#7663=CARTESIAN_POINT('',(2.93237311286268,-4.47061574072788,-1.41215646402829));
#7664=CARTESIAN_POINT('',(3.09353086172884,-4.48825391530448,-0.706078232014154));
#7665=CARTESIAN_POINT('',(3.254688610595,-4.50589208988108,-1.46104942129615E-14));
#7666=CARTESIAN_POINT('',(3.09353086172884,-4.52353026445767,0.706078232014148));
#7667=CARTESIAN_POINT('',(2.93237311286268,-4.54116843903426,1.41215646402829));
#7668=CARTESIAN_POINT('',(2.48081913489722,-4.55880661361086,1.97838724271079));
#7669=CARTESIAN_POINT('',(2.02926515693177,-4.57644478818745,2.54461802139329));
#7670=CARTESIAN_POINT('',(1.37675075314918,-4.59408296276405,2.85885239666132));
#7671=CARTESIAN_POINT('',(0.724236349366581,-4.61172113734064,3.17308677192935));
#7672=CARTESIAN_POINT('',(6.71118186421312E-15,-4.62935931191724,3.17308677192935));
#7673=CARTESIAN_POINT('',(-0.724236349366567,-4.64699748649383,3.17308677192935));
#7674=CARTESIAN_POINT('',(-1.37675075314917,-4.66463566107043,2.85885239666132));
#7675=CARTESIAN_POINT('',(-2.02926515693176,-4.68227383564702,2.5446180213933));
#7676=CARTESIAN_POINT('',(-2.48081913489721,-4.69991201022361,1.9783872427108));
#7677=CARTESIAN_POINT('',(-2.93237311286267,-4.71755018480021,1.4121564640283));
#7678=CARTESIAN_POINT('',(-3.09353086172884,-4.7351883593768,0.706078232014161));
#7679=CARTESIAN_POINT('',(-3.25468861059501,-4.7528265339534,-3.69876069138543E-16));
#7680=CARTESIAN_POINT('',(-3.09353086172884,-4.77046470852999,-0.70607823201414));
#7681=CARTESIAN_POINT('',(-2.93237311286268,-4.78810288310658,-1.41215646402828));
#7682=CARTESIAN_POINT('',(-2.48081913489722,-4.80574105768318,-1.9783872427108));
#7683=CARTESIAN_POINT('',(-2.02926515693176,-4.82337923225977,-2.54461802139331));
#7684=CARTESIAN_POINT('',(-1.37675075314917,-4.84101740683637,-2.85885239666133));
#7685=CARTESIAN_POINT('',(-0.724236349366593,-4.85865558141296,-3.17308677192935));
#7686=CARTESIAN_POINT('',(-1.89548758559429E-14,-4.87629375598955,-3.17308677192935));
#7687=CARTESIAN_POINT('',(0.724236349366578,-4.89393193056615,-3.17308677192935));
#7688=CARTESIAN_POINT('',(1.37675075314916,-4.91157010514274,-2.85885239666133));
#7689=CARTESIAN_POINT('',(2.02926515693175,-4.92920827971934,-2.54461802139331));
#7690=CARTESIAN_POINT('',(2.48081913489722,-4.94684645429593,-1.9783872427108));
#7691=CARTESIAN_POINT('',(2.93237311286268,-4.96448462887253,-1.41215646402829));
#7692=CARTESIAN_POINT('',(3.09353086172884,-4.98212280344912,-0.706078232014155));
#7693=CARTESIAN_POINT('',(3.254688610595,-4.99976097802572,-1.56245034452959E-14));
#7694=CARTESIAN_POINT('',(3.09353086172885,-5.01739915260231,0.706078232014125));
#7695=CARTESIAN_POINT('',(2.93237311286268,-5.03503732717891,1.41215646402829));
#7696=CARTESIAN_POINT('',(2.48081913489722,-5.0526755017555,1.97838724271079));
#7697=CARTESIAN_POINT('',(2.02926515693177,-5.0703136763321,2.54461802139329));
#7698=CARTESIAN_POINT('',(1.37675075314916,-5.08795185090869,2.85885239666133));
#7699=CARTESIAN_POINT('',(0.724236349366582,-5.10559002548529,3.17308677192935));
#7700=CARTESIAN_POINT('',(7.45812422702628E-15,-5.12322820006188,3.17308677192935));
#7701=CARTESIAN_POINT('',(-2.05527652494435E-18,-0.0335663214310328,3.5));
#7702=CARTESIAN_POINT('',(-0.798852160365524,-0.0512044960076271,3.5));
#7703=CARTESIAN_POINT('',(-1.51859308691145,-0.0688426705842213,3.15339103765847));
#7704=CARTESIAN_POINT('',(-2.23833401345738,-0.0864808451608155,2.80678207531693));
#7705=CARTESIAN_POINT('',(-2.7364101886381,-0.10411901973741,2.18221430650557));
#7706=CARTESIAN_POINT('',(-3.23448636381882,-0.121757194314004,1.5576465376942));
#7707=CARTESIAN_POINT('',(-3.41224769263638,-0.139395368890598,0.7788232688471));
#7708=CARTESIAN_POINT('',(-3.59000902145394,-0.157033543467192,2.75476413466468E-16));
#7709=CARTESIAN_POINT('',(-3.41224769263638,-0.174671718043786,-0.7788232688471));
#7710=CARTESIAN_POINT('',(-3.23448636381882,-0.19230989262038,-1.5576465376942));
#7711=CARTESIAN_POINT('',(-2.7364101886381,-0.209948067196974,-2.18221430650557));
#7712=CARTESIAN_POINT('',(-2.23833401345738,-0.227586241773568,-2.80678207531693));
#7713=CARTESIAN_POINT('',(-1.51859308691145,-0.245224416350163,-3.15339103765846));
#7714=CARTESIAN_POINT('',(-0.798852160365525,-0.262862590926757,-3.5));
#7715=CARTESIAN_POINT('',(-4.45801530685946E-16,-0.280500765503351,-3.5));
#7716=CARTESIAN_POINT('',(0.798852160365524,-0.298138940079946,-3.5));
#7717=CARTESIAN_POINT('',(1.51859308691145,-0.31577711465654,-3.15339103765847));
#7718=CARTESIAN_POINT('',(2.23833401345738,-0.333415289233135,-2.80678207531693));
#7719=CARTESIAN_POINT('',(2.7364101886381,-0.35105346380973,-2.18221430650557));
#7720=CARTESIAN_POINT('',(3.23448636381882,-0.368691638386324,-1.5576465376942));
#7721=CARTESIAN_POINT('',(3.41224769263638,-0.386329812962919,-0.778823268847101));
#7722=CARTESIAN_POINT('',(3.59000902145394,-0.403967987539514,-7.1224241518882E-16));
#7723=CARTESIAN_POINT('',(3.41224769263638,-0.421606162116109,0.778823268847099));
#7724=CARTESIAN_POINT('',(3.23448636381883,-0.439244336692703,1.5576465376942));
#7725=CARTESIAN_POINT('',(2.7364101886381,-0.456882511269298,2.18221430650557));
#7726=CARTESIAN_POINT('',(2.23833401345738,-0.474520685845893,2.80678207531693));
#7727=CARTESIAN_POINT('',(1.51859308691145,-0.492158860422487,3.15339103765846));
#7728=CARTESIAN_POINT('',(0.798852160365525,-0.509797034999082,3.5));
#7729=CARTESIAN_POINT('',(-3.22950254438005E-17,-0.527435209575676,3.5));
#7730=CARTESIAN_POINT('',(-0.798852160365524,-0.54507338415227,3.5));
#7731=CARTESIAN_POINT('',(-1.51859308691145,-0.562711558728865,3.15339103765846));
#7732=CARTESIAN_POINT('',(-2.23833401345738,-0.580349733305459,2.80678207531693));
#7733=CARTESIAN_POINT('',(-2.7364101886381,-0.597987907882053,2.18221430650557));
#7734=CARTESIAN_POINT('',(-3.23448636381882,-0.615626082458647,1.5576465376942));
#7735=CARTESIAN_POINT('',(-3.41224769263638,-0.633264257035241,0.7788232688471));
#7736=CARTESIAN_POINT('',(-3.59000902145394,-0.650902431611835,5.86359789693669E-17));
#7737=CARTESIAN_POINT('',(-3.41224769263638,-0.668540606188429,-0.7788232688471));
#7738=CARTESIAN_POINT('',(-3.23448636381882,-0.686178780765023,-1.5576465376942));
#7739=CARTESIAN_POINT('',(-2.7364101886381,-0.703816955341617,-2.18221430650557));
#7740=CARTESIAN_POINT('',(-2.23833401345738,-0.721455129918211,-2.80678207531693));
#7741=CARTESIAN_POINT('',(-1.51859308691145,-0.739093304494806,-3.15339103765847));
#7742=CARTESIAN_POINT('',(-0.798852160365525,-0.7567314790714,-3.5));
#7743=CARTESIAN_POINT('',(-4.76041279604802E-16,-0.774369653647994,-3.5));
#7744=CARTESIAN_POINT('',(0.798852160365524,-0.792007828224589,-3.5));
#7745=CARTESIAN_POINT('',(1.51859308691145,-0.809646002801183,-3.15339103765847));
#7746=CARTESIAN_POINT('',(2.23833401345738,-0.827284177377778,-2.80678207531693));
#7747=CARTESIAN_POINT('',(2.7364101886381,-0.844922351954373,-2.18221430650557));
#7748=CARTESIAN_POINT('',(3.23448636381882,-0.862560526530968,-1.5576465376942));
#7749=CARTESIAN_POINT('',(3.41224769263638,-0.880198701107562,-0.778823268847101));
#7750=CARTESIAN_POINT('',(3.59000902145394,-0.897836875684157,-9.29082849685921E-16));
#7751=CARTESIAN_POINT('',(3.41224769263638,-0.915475050260752,0.778823268847099));
#7752=CARTESIAN_POINT('',(3.23448636381883,-0.933113224837346,1.5576465376942));
#7753=CARTESIAN_POINT('',(2.7364101886381,-0.950751399413941,2.18221430650557));
#7754=CARTESIAN_POINT('',(2.23833401345738,-0.968389573990536,2.80678207531693));
#7755=CARTESIAN_POINT('',(1.51859308691145,-0.98602774856713,3.15339103765846));
#7756=CARTESIAN_POINT('',(0.798852160365525,-1.00366592314372,3.5));
#7757=CARTESIAN_POINT('',(-6.25347743626566E-17,-1.02130409772032,3.5));
#7758=CARTESIAN_POINT('',(-0.798852160365524,-1.03894227229691,3.5));
#7759=CARTESIAN_POINT('',(-1.51859308691145,-1.05658044687351,3.15339103765846));
#7760=CARTESIAN_POINT('',(-2.23833401345738,-1.0742186214501,2.80678207531693));
#7761=CARTESIAN_POINT('',(-2.7364101886381,-1.0918567960267,2.18221430650557));
#7762=CARTESIAN_POINT('',(-3.23448636381882,-1.10949497060329,1.5576465376942));
#7763=CARTESIAN_POINT('',(-3.41224769263638,-1.12713314517988,0.7788232688471));
#7764=CARTESIAN_POINT('',(-3.59000902145394,-1.14477131975648,-1.58204455527734E-16));
#7765=CARTESIAN_POINT('',(-3.41224769263638,-1.16240949433307,-0.7788232688471));
#7766=CARTESIAN_POINT('',(-3.23448636381882,-1.18004766890967,-1.5576465376942));
#7767=CARTESIAN_POINT('',(-2.7364101886381,-1.19768584348626,-2.18221430650557));
#7768=CARTESIAN_POINT('',(-2.23833401345738,-1.21532401806285,-2.80678207531693));
#7769=CARTESIAN_POINT('',(-1.51859308691145,-1.23296219263945,-3.15339103765847));
#7770=CARTESIAN_POINT('',(-0.798852160365525,-1.25060036721604,-3.5));
#7771=CARTESIAN_POINT('',(-5.06281028523658E-16,-1.26823854179264,-3.5));
#7772=CARTESIAN_POINT('',(0.798852160365524,-1.28587671636923,-3.5));
#7773=CARTESIAN_POINT('',(1.51859308691145,-1.30351489094583,-3.15339103765847));
#7774=CARTESIAN_POINT('',(2.23833401345738,-1.32115306552242,-2.80678207531693));
#7775=CARTESIAN_POINT('',(2.7364101886381,-1.33879124009902,-2.18221430650557));
#7776=CARTESIAN_POINT('',(3.23448636381882,-1.35642941467561,-1.5576465376942));
#7777=CARTESIAN_POINT('',(3.41224769263638,-1.37406758925221,-0.778823268847101));
#7778=CARTESIAN_POINT('',(3.59000902145394,-1.3917057638288,-1.14592328418302E-15));
#7779=CARTESIAN_POINT('',(3.41224769263638,-1.40934393840539,0.778823268847099));
#7780=CARTESIAN_POINT('',(3.23448636381883,-1.42698211298199,1.5576465376942));
#7781=CARTESIAN_POINT('',(2.7364101886381,-1.44462028755858,2.18221430650557));
#7782=CARTESIAN_POINT('',(2.23833401345738,-1.46225846213518,2.80678207531693));
#7783=CARTESIAN_POINT('',(1.51859308691145,-1.47989663671177,3.15339103765846));
#7784=CARTESIAN_POINT('',(0.798852160365525,-1.49753481128837,3.5));
#7785=CARTESIAN_POINT('',(-9.27745232815128E-17,-1.51517298586496,3.5));
#7786=CARTESIAN_POINT('',(-0.798852160365524,-1.53281116044156,3.5));
#7787=CARTESIAN_POINT('',(-1.51859308691145,-1.55044933501815,3.15339103765846));
#7788=CARTESIAN_POINT('',(-2.23833401345738,-1.56808750959475,2.80678207531693));
#7789=CARTESIAN_POINT('',(-2.7364101886381,-1.58572568417134,2.18221430650557));
#7790=CARTESIAN_POINT('',(-3.23448636381882,-1.60336385874793,1.5576465376942));
#7791=CARTESIAN_POINT('',(-3.41224769263638,-1.62100203332453,0.7788232688471));
#7792=CARTESIAN_POINT('',(-3.59000902145394,-1.63864020790112,-3.75044890024835E-16));
#7793=CARTESIAN_POINT('',(-3.41224769263638,-1.65627838247772,-0.778823268847101));
#7794=CARTESIAN_POINT('',(-3.23448636381882,-1.67391655705431,-1.5576465376942));
#7795=CARTESIAN_POINT('',(-2.7364101886381,-1.6915547316309,-2.18221430650557));
#7796=CARTESIAN_POINT('',(-2.23833401345738,-1.7091929062075,-2.80678207531693));
#7797=CARTESIAN_POINT('',(-1.51859308691145,-1.72683108078409,-3.15339103765847));
#7798=CARTESIAN_POINT('',(-0.798852160365525,-1.74446925536069,-3.5));
#7799=CARTESIAN_POINT('',(-5.36520777442514E-16,-1.76210742993728,-3.5));
#7800=CARTESIAN_POINT('',(0.798852160365524,-1.77974560451388,-3.5));
#7801=CARTESIAN_POINT('',(1.51859308691145,-1.79738377909047,-3.15339103765847));
#7802=CARTESIAN_POINT('',(2.23833401345738,-1.81502195366706,-2.80678207531693));
#7803=CARTESIAN_POINT('',(2.7364101886381,-1.83266012824366,-2.18221430650557));
#7804=CARTESIAN_POINT('',(3.23448636381882,-1.85029830282025,-1.5576465376942));
#7805=CARTESIAN_POINT('',(3.41224769263638,-1.86793647739685,-0.778823268847101));
#7806=CARTESIAN_POINT('',(3.59000902145394,-1.88557465197344,-1.36276371868012E-15));
#7807=CARTESIAN_POINT('',(3.41224769263638,-1.90321282655004,0.778823268847099));
#7808=CARTESIAN_POINT('',(3.23448636381883,-1.92085100112663,1.5576465376942));
#7809=CARTESIAN_POINT('',(2.7364101886381,-1.93848917570323,2.18221430650557));
#7810=CARTESIAN_POINT('',(2.23833401345738,-1.95612735027982,2.80678207531693));
#7811=CARTESIAN_POINT('',(1.51859308691145,-1.97376552485642,3.15339103765846));
#7812=CARTESIAN_POINT('',(0.798852160365525,-1.99140369943301,3.5));
#7813=CARTESIAN_POINT('',(-1.23014272200369E-16,-2.00904187400961,3.5));
#7814=CARTESIAN_POINT('',(-0.798852160365524,-2.0266800485862,3.5));
#7815=CARTESIAN_POINT('',(-1.51859308691145,-2.04431822316279,3.15339103765846));
#7816=CARTESIAN_POINT('',(-2.23833401345738,-2.06195639773939,2.80678207531693));
#7817=CARTESIAN_POINT('',(-2.7364101886381,-2.07959457231598,2.18221430650557));
#7818=CARTESIAN_POINT('',(-3.23448636381882,-2.09723274689258,1.5576465376942));
#7819=CARTESIAN_POINT('',(-3.41224769263638,-2.11487092146917,0.778823268847099));
#7820=CARTESIAN_POINT('',(-3.59000902145394,-2.13250909604576,-5.91885324521936E-16));
#7821=CARTESIAN_POINT('',(-3.41224769263638,-2.15014727062236,-0.778823268847101));
#7822=CARTESIAN_POINT('',(-3.23448636381882,-2.16778544519895,-1.5576465376942));
#7823=CARTESIAN_POINT('',(-2.7364101886381,-2.18542361977555,-2.18221430650557));
#7824=CARTESIAN_POINT('',(-2.23833401345738,-2.20306179435214,-2.80678207531693));
#7825=CARTESIAN_POINT('',(-1.51859308691145,-2.22069996892874,-3.15339103765847));
#7826=CARTESIAN_POINT('',(-0.798852160365525,-2.23833814350533,-3.5));
#7827=CARTESIAN_POINT('',(-5.6676052636137E-16,-2.25597631808192,-3.5));
#7828=CARTESIAN_POINT('',(0.798852160365524,-2.27361449265852,-3.5));
#7829=CARTESIAN_POINT('',(1.51859308691145,-2.29125266723511,-3.15339103765847));
#7830=CARTESIAN_POINT('',(2.23833401345738,-2.30889084181171,-2.80678207531693));
#7831=CARTESIAN_POINT('',(2.7364101886381,-2.3265290163883,-2.18221430650557));
#7832=CARTESIAN_POINT('',(3.23448636381882,-2.3441671909649,-1.5576465376942));
#7833=CARTESIAN_POINT('',(3.41224769263638,-2.36180536554149,-0.778823268847102));
#7834=CARTESIAN_POINT('',(3.59000902145394,-2.37944354011809,-1.57960415317722E-15));
#7835=CARTESIAN_POINT('',(3.41224769263638,-2.39708171469468,0.778823268847098));
#7836=CARTESIAN_POINT('',(3.23448636381883,-2.41471988927128,1.5576465376942));
#7837=CARTESIAN_POINT('',(2.7364101886381,-2.43235806384787,2.18221430650557));
#7838=CARTESIAN_POINT('',(2.23833401345738,-2.44999623842447,2.80678207531693));
#7839=CARTESIAN_POINT('',(1.51859308691145,-2.46763441300106,3.15339103765846));
#7840=CARTESIAN_POINT('',(0.798852160365525,-2.48527258757765,3.5));
#7841=CARTESIAN_POINT('',(-1.53254021119225E-16,-2.50291076215425,3.5));
#7842=CARTESIAN_POINT('',(-0.798852160365524,-2.52054893673084,3.5));
#7843=CARTESIAN_POINT('',(-1.51859308691145,-2.53818711130744,3.15339103765846));
#7844=CARTESIAN_POINT('',(-2.23833401345738,-2.55582528588403,2.80678207531693));
#7845=CARTESIAN_POINT('',(-2.7364101886381,-2.57346346046063,2.18221430650557));
#7846=CARTESIAN_POINT('',(-3.23448636381882,-2.59110163503722,1.5576465376942));
#7847=CARTESIAN_POINT('',(-3.41224769263638,-2.60873980961381,0.778823268847099));
#7848=CARTESIAN_POINT('',(-3.59000902145394,-2.62637798419041,-8.08725759019037E-16));
#7849=CARTESIAN_POINT('',(-3.41224769263638,-2.644016158767,-0.778823268847101));
#7850=CARTESIAN_POINT('',(-3.23448636381882,-2.6616543333436,-1.5576465376942));
#7851=CARTESIAN_POINT('',(-2.7364101886381,-2.67929250792019,-2.18221430650557));
#7852=CARTESIAN_POINT('',(-2.23833401345738,-2.69693068249678,-2.80678207531693));
#7853=CARTESIAN_POINT('',(-1.51859308691145,-2.71456885707338,-3.15339103765847));
#7854=CARTESIAN_POINT('',(-0.798852160365525,-2.73220703164997,-3.5));
#7855=CARTESIAN_POINT('',(-5.97000275280226E-16,-2.74984520622657,-3.5));
#7856=CARTESIAN_POINT('',(0.798852160365524,-2.76748338080316,-3.5));
#7857=CARTESIAN_POINT('',(1.51859308691145,-2.78512155537976,-3.15339103765847));
#7858=CARTESIAN_POINT('',(2.23833401345738,-2.80275972995635,-2.80678207531693));
#7859=CARTESIAN_POINT('',(2.7364101886381,-2.82039790453295,-2.18221430650557));
#7860=CARTESIAN_POINT('',(3.23448636381882,-2.83803607910954,-1.5576465376942));
#7861=CARTESIAN_POINT('',(3.41224769263638,-2.85567425368613,-0.778823268847102));
#7862=CARTESIAN_POINT('',(3.59000902145394,-2.87331242826273,-1.79644458767432E-15));
#7863=CARTESIAN_POINT('',(3.41224769263638,-2.89095060283932,0.778823268847098));
#7864=CARTESIAN_POINT('',(3.23448636381883,-2.90858877741592,1.5576465376942));
#7865=CARTESIAN_POINT('',(2.7364101886381,-2.92622695199251,2.18221430650556));
#7866=CARTESIAN_POINT('',(2.23833401345738,-2.94386512656911,2.80678207531693));
#7867=CARTESIAN_POINT('',(1.51859308691145,-2.9615033011457,3.15339103765846));
#7868=CARTESIAN_POINT('',(0.798852160365525,-2.9791414757223,3.5));
#7869=CARTESIAN_POINT('',(-1.83493770038081E-16,-2.99677965029889,3.5));
#7870=CARTESIAN_POINT('',(-0.798852160365525,-3.01441782487549,3.5));
#7871=CARTESIAN_POINT('',(-1.51859308691145,-3.03205599945208,3.15339103765846));
#7872=CARTESIAN_POINT('',(-2.23833401345738,-3.04969417402867,2.80678207531693));
#7873=CARTESIAN_POINT('',(-2.7364101886381,-3.06733234860527,2.18221430650557));
#7874=CARTESIAN_POINT('',(-3.23448636381882,-3.08497052318186,1.5576465376942));
#7875=CARTESIAN_POINT('',(-3.41224769263638,-3.10260869775846,0.778823268847099));
#7876=CARTESIAN_POINT('',(-3.59000902145394,-3.12024687233505,-1.02556619351614E-15));
#7877=CARTESIAN_POINT('',(-3.41224769263638,-3.13788504691164,-0.778823268847101));
#7878=CARTESIAN_POINT('',(-3.23448636381882,-3.15552322148824,-1.5576465376942));
#7879=CARTESIAN_POINT('',(-2.7364101886381,-3.17316139606483,-2.18221430650557));
#7880=CARTESIAN_POINT('',(-2.23833401345738,-3.19079957064143,-2.80678207531693));
#7881=CARTESIAN_POINT('',(-1.51859308691145,-3.20843774521802,-3.15339103765847));
#7882=CARTESIAN_POINT('',(-0.798852160365525,-3.22607591979462,-3.5));
#7883=CARTESIAN_POINT('',(-6.27240024199083E-16,-3.24371409437121,-3.5));
#7884=CARTESIAN_POINT('',(0.798852160365524,-3.2613522689478,-3.5));
#7885=CARTESIAN_POINT('',(1.51859308691145,-3.2789904435244,-3.15339103765847));
#7886=CARTESIAN_POINT('',(2.23833401345738,-3.29662861810099,-2.80678207531693));
#7887=CARTESIAN_POINT('',(2.7364101886381,-3.31426679267759,-2.18221430650557));
#7888=CARTESIAN_POINT('',(3.23448636381882,-3.33190496725418,-1.5576465376942));
#7889=CARTESIAN_POINT('',(3.41224769263638,-3.34954314183078,-0.778823268847102));
#7890=CARTESIAN_POINT('',(3.59000902145394,-3.36718131640737,-2.01328502217143E-15));
#7891=CARTESIAN_POINT('',(3.41224769263638,-3.38481949098397,0.778823268847098));
#7892=CARTESIAN_POINT('',(3.23448636381883,-3.40245766556056,1.5576465376942));
#7893=CARTESIAN_POINT('',(2.7364101886381,-3.42009584013716,2.18221430650556));
#7894=CARTESIAN_POINT('',(2.23833401345738,-3.43773401471375,2.80678207531693));
#7895=CARTESIAN_POINT('',(1.51859308691145,-3.45537218929035,3.15339103765846));
#7896=CARTESIAN_POINT('',(0.798852160365525,-3.47301036386694,3.5));
#7897=CARTESIAN_POINT('',(-2.13733518956937E-16,-3.49064853844353,3.5));
#7898=CARTESIAN_POINT('',(-0.798852160365525,-3.50828671302013,3.5));
#7899=CARTESIAN_POINT('',(-1.51859308691145,-3.52592488759672,3.15339103765846));
#7900=CARTESIAN_POINT('',(-2.23833401345738,-3.54356306217332,2.80678207531693));
#7901=CARTESIAN_POINT('',(-2.7364101886381,-3.56120123674991,2.18221430650557));
#7902=CARTESIAN_POINT('',(-3.23448636381883,-3.57883941132651,1.5576465376942));
#7903=CARTESIAN_POINT('',(-3.41224769263638,-3.5964775859031,0.778823268847099));
#7904=CARTESIAN_POINT('',(-3.59000902145394,-3.61411576047969,-1.24240662801324E-15));
#7905=CARTESIAN_POINT('',(-3.41224769263638,-3.63175393505629,-0.778823268847101));
#7906=CARTESIAN_POINT('',(-3.23448636381883,-3.64939210963288,-1.5576465376942));
#7907=CARTESIAN_POINT('',(-2.7364101886381,-3.66703028420948,-2.18221430650557));
#7908=CARTESIAN_POINT('',(-2.23833401345738,-3.68466845878607,-2.80678207531693));
#7909=CARTESIAN_POINT('',(-1.51859308691145,-3.70230663336266,-3.15339103765847));
#7910=CARTESIAN_POINT('',(-0.798852160365525,-3.71994480793926,-3.5));
#7911=CARTESIAN_POINT('',(-6.57479773117939E-16,-3.73758298251585,-3.5));
#7912=CARTESIAN_POINT('',(0.798852160365524,-3.75522115709245,-3.5));
#7913=CARTESIAN_POINT('',(1.51859308691145,-3.77285933166904,-3.15339103765847));
#7914=CARTESIAN_POINT('',(2.23833401345738,-3.79049750624564,-2.80678207531694));
#7915=CARTESIAN_POINT('',(2.7364101886381,-3.80813568082223,-2.18221430650557));
#7916=CARTESIAN_POINT('',(3.23448636381882,-3.82577385539883,-1.5576465376942));
#7917=CARTESIAN_POINT('',(3.41224769263638,-3.84341202997542,-0.778823268847102));
#7918=CARTESIAN_POINT('',(3.59000902145394,-3.86105020455202,-2.23012545666853E-15));
#7919=CARTESIAN_POINT('',(3.41224769263638,-3.87868837912861,0.778823268847098));
#7920=CARTESIAN_POINT('',(3.23448636381882,-3.89632655370521,1.5576465376942));
#7921=CARTESIAN_POINT('',(2.7364101886381,-3.9139647282818,2.18221430650556));
#7922=CARTESIAN_POINT('',(2.23833401345738,-3.93160290285839,2.80678207531693));
#7923=CARTESIAN_POINT('',(1.51859308691145,-3.94924107743499,3.15339103765846));
#7924=CARTESIAN_POINT('',(0.798852160365525,-3.96687925201158,3.5));
#7925=CARTESIAN_POINT('',(-2.43973267875794E-16,-3.98451742658818,3.5));
#7926=CARTESIAN_POINT('',(-0.798852160365525,-4.00215560116477,3.5));
#7927=CARTESIAN_POINT('',(-1.51859308691145,-4.01979377574137,3.15339103765846));
#7928=CARTESIAN_POINT('',(-2.23833401345738,-4.03743195031796,2.80678207531693));
#7929=CARTESIAN_POINT('',(-2.7364101886381,-4.05507012489455,2.18221430650557));
#7930=CARTESIAN_POINT('',(-3.23448636381883,-4.07270829947115,1.5576465376942));
#7931=CARTESIAN_POINT('',(-3.41224769263638,-4.09034647404774,0.778823268847099));
#7932=CARTESIAN_POINT('',(-3.59000902145394,-4.10798464862434,-1.45924706251034E-15));
#7933=CARTESIAN_POINT('',(-3.41224769263638,-4.12562282320093,-0.778823268847102));
#7934=CARTESIAN_POINT('',(-3.23448636381883,-4.14326099777753,-1.5576465376942));
#7935=CARTESIAN_POINT('',(-2.7364101886381,-4.16089917235412,-2.18221430650557));
#7936=CARTESIAN_POINT('',(-2.23833401345738,-4.17853734693071,-2.80678207531693));
#7937=CARTESIAN_POINT('',(-1.51859308691145,-4.19617552150731,-3.15339103765847));
#7938=CARTESIAN_POINT('',(-0.798852160365525,-4.2138136960839,-3.5));
#7939=CARTESIAN_POINT('',(-6.87719522036795E-16,-4.2314518706605,-3.5));
#7940=CARTESIAN_POINT('',(0.798852160365524,-4.24909004523709,-3.5));
#7941=CARTESIAN_POINT('',(1.51859308691145,-4.26672821981369,-3.15339103765847));
#7942=CARTESIAN_POINT('',(2.23833401345738,-4.28436639439028,-2.80678207531694));
#7943=CARTESIAN_POINT('',(2.7364101886381,-4.30200456896688,-2.18221430650557));
#7944=CARTESIAN_POINT('',(3.23448636381882,-4.31964274354347,-1.5576465376942));
#7945=CARTESIAN_POINT('',(3.41224769263638,-4.33728091812006,-0.778823268847102));
#7946=CARTESIAN_POINT('',(3.59000902145394,-4.35491909269666,-2.44696589116563E-15));
#7947=CARTESIAN_POINT('',(3.41224769263638,-4.37255726727325,0.778823268847098));
#7948=CARTESIAN_POINT('',(3.23448636381882,-4.39019544184985,1.5576465376942));
#7949=CARTESIAN_POINT('',(2.7364101886381,-4.40783361642644,2.18221430650556));
#7950=CARTESIAN_POINT('',(2.23833401345738,-4.42547179100304,2.80678207531693));
#7951=CARTESIAN_POINT('',(1.51859308691145,-4.44310996557963,3.15339103765846));
#7952=CARTESIAN_POINT('',(0.798852160365525,-4.46074814015623,3.5));
#7953=CARTESIAN_POINT('',(-2.7421301679465E-16,-4.47838631473282,3.5));
#7954=CARTESIAN_POINT('',(-0.798852160365525,-4.49602448930942,3.5));
#7955=CARTESIAN_POINT('',(-1.51859308691145,-4.51366266388601,3.15339103765846));
#7956=CARTESIAN_POINT('',(-2.23833401345738,-4.5313008384626,2.80678207531693));
#7957=CARTESIAN_POINT('',(-2.7364101886381,-4.5489390130392,2.18221430650556));
#7958=CARTESIAN_POINT('',(-3.03356073058315,-4.55946188764257,1.8095993125915));
#7959=CARTESIAN_POINT('',(-3.22026222555856,-4.57024382351775,1.37109853717399));
#7960=CARTESIAN_POINT('',(-1.12994011053265E-17,-0.184539318615449,3.17308677192935));
#7961=CARTESIAN_POINT('',(-0.72423634936658,-0.202177493192043,3.17308677192935));
#7962=CARTESIAN_POINT('',(-1.37675075314917,-0.219815667768637,2.85885239666133));
#7963=CARTESIAN_POINT('',(-2.02926515693176,-0.237453842345231,2.5446180213933));
#7964=CARTESIAN_POINT('',(-2.48081913489722,-0.255092016921826,1.9783872427108));
#7965=CARTESIAN_POINT('',(-2.93237311286268,-0.27273019149842,1.41215646402829));
#7966=CARTESIAN_POINT('',(-3.09353086172884,-0.290368366075014,0.706078232014145));
#7967=CARTESIAN_POINT('',(-3.254688610595,-0.308006540651608,1.88657034348166E-16));
#7968=CARTESIAN_POINT('',(-3.09353086172884,-0.325644715228202,-0.706078232014145));
#7969=CARTESIAN_POINT('',(-2.93237311286268,-0.343282889804796,-1.41215646402829));
#7970=CARTESIAN_POINT('',(-2.48081913489722,-0.36092106438139,-1.9783872427108));
#7971=CARTESIAN_POINT('',(-2.02926515693176,-0.378559238957984,-2.5446180213933));
#7972=CARTESIAN_POINT('',(-1.37675075314917,-0.396197413534579,-2.85885239666133));
#7973=CARTESIAN_POINT('',(-0.72423634936658,-0.413835588111173,-3.17308677192935));
#7974=CARTESIAN_POINT('',(-4.15010331430763E-16,-0.431473762687767,-3.17308677192935));
#7975=CARTESIAN_POINT('',(0.724236349366579,-0.449111937264362,-3.17308677192935));
#7976=CARTESIAN_POINT('',(1.37675075314917,-0.466750111840956,-2.85885239666133));
#7977=CARTESIAN_POINT('',(2.02926515693176,-0.484388286417551,-2.5446180213933));
#7978=CARTESIAN_POINT('',(2.48081913489722,-0.502026460994146,-1.9783872427108));
#7979=CARTESIAN_POINT('',(2.93237311286268,-0.51966463557074,-1.41215646402829));
#7980=CARTESIAN_POINT('',(3.09353086172884,-0.537302810147335,-0.706078232014146));
#7981=CARTESIAN_POINT('',(3.254688610595,-0.55494098472393,-7.16931980737688E-16));
#7982=CARTESIAN_POINT('',(3.09353086172884,-0.572579159300524,0.706078232014145));
#7983=CARTESIAN_POINT('',(2.93237311286268,-0.590217333877119,1.41215646402829));
#7984=CARTESIAN_POINT('',(2.48081913489722,-0.607855508453714,1.9783872427108));
#7985=CARTESIAN_POINT('',(2.02926515693176,-0.625493683030309,2.5446180213933));
#7986=CARTESIAN_POINT('',(1.37675075314917,-0.643131857606903,2.85885239666133));
#7987=CARTESIAN_POINT('',(0.72423634936658,-0.660770032183498,3.17308677192935));
#7988=CARTESIAN_POINT('',(-4.15391500241827E-17,-0.678408206760092,3.17308677192935));
#7989=CARTESIAN_POINT('',(-0.72423634936658,-0.696046381336686,3.17308677192935));
#7990=CARTESIAN_POINT('',(-1.37675075314917,-0.713684555913281,2.85885239666133));
#7991=CARTESIAN_POINT('',(-2.02926515693176,-0.731322730489875,2.5446180213933));
#7992=CARTESIAN_POINT('',(-2.48081913489722,-0.748960905066469,1.9783872427108));
#7993=CARTESIAN_POINT('',(-2.93237311286268,-0.766599079643063,1.41215646402829));
#7994=CARTESIAN_POINT('',(-3.09353086172884,-0.784237254219657,0.706078232014145));
#7995=CARTESIAN_POINT('',(-3.254688610595,-0.801875428796251,-2.81834001489352E-17));
#7996=CARTESIAN_POINT('',(-3.09353086172884,-0.819513603372845,-0.706078232014145));
#7997=CARTESIAN_POINT('',(-2.93237311286268,-0.837151777949439,-1.41215646402829));
#7998=CARTESIAN_POINT('',(-2.48081913489722,-0.854789952526033,-1.9783872427108));
#7999=CARTESIAN_POINT('',(-2.02926515693176,-0.872428127102628,-2.5446180213933));
#8000=CARTESIAN_POINT('',(-1.37675075314917,-0.890066301679222,-2.85885239666133));
#8001=CARTESIAN_POINT('',(-0.72423634936658,-0.907704476255816,-3.17308677192935));
#8002=CARTESIAN_POINT('',(-4.45250080349619E-16,-0.925342650832411,-3.17308677192935));
#8003=CARTESIAN_POINT('',(0.724236349366579,-0.942980825409005,-3.17308677192935));
#8004=CARTESIAN_POINT('',(1.37675075314917,-0.9606189999856,-2.85885239666133));
#8005=CARTESIAN_POINT('',(2.02926515693176,-0.978257174562194,-2.54461802139331));
#8006=CARTESIAN_POINT('',(2.48081913489722,-0.995895349138789,-1.9783872427108));
#8007=CARTESIAN_POINT('',(2.93237311286268,-1.01353352371538,-1.41215646402829));
#8008=CARTESIAN_POINT('',(3.09353086172884,-1.03117169829198,-0.706078232014146));
#8009=CARTESIAN_POINT('',(3.254688610595,-1.04880987286857,-9.33772415234789E-16));
#8010=CARTESIAN_POINT('',(3.09353086172884,-1.06644804744517,0.706078232014144));
#8011=CARTESIAN_POINT('',(2.93237311286268,-1.08408622202176,1.41215646402829));
#8012=CARTESIAN_POINT('',(2.48081913489722,-1.10172439659836,1.9783872427108));
#8013=CARTESIAN_POINT('',(2.02926515693176,-1.11936257117495,2.5446180213933));
#8014=CARTESIAN_POINT('',(1.37675075314917,-1.13700074575155,2.85885239666133));
#8015=CARTESIAN_POINT('',(0.72423634936658,-1.15463892032814,3.17308677192935));
#8016=CARTESIAN_POINT('',(-7.17788989430388E-17,-1.17227709490474,3.17308677192935));
#8017=CARTESIAN_POINT('',(-0.72423634936658,-1.18991526948133,3.17308677192935));
#8018=CARTESIAN_POINT('',(-1.37675075314917,-1.20755344405792,2.85885239666133));
#8019=CARTESIAN_POINT('',(-2.02926515693176,-1.22519161863452,2.5446180213933));
#8020=CARTESIAN_POINT('',(-2.48081913489722,-1.24282979321111,1.9783872427108));
#8021=CARTESIAN_POINT('',(-2.93237311286268,-1.26046796778771,1.41215646402829));
#8022=CARTESIAN_POINT('',(-3.09353086172884,-1.2781061423643,0.706078232014145));
#8023=CARTESIAN_POINT('',(-3.254688610595,-1.29574431694089,-2.45023834646036E-16));
#8024=CARTESIAN_POINT('',(-3.09353086172884,-1.31338249151749,-0.706078232014146));
#8025=CARTESIAN_POINT('',(-2.93237311286268,-1.33102066609408,-1.41215646402829));
#8026=CARTESIAN_POINT('',(-2.48081913489722,-1.34865884067068,-1.9783872427108));
#8027=CARTESIAN_POINT('',(-2.02926515693176,-1.36629701524727,-2.5446180213933));
#8028=CARTESIAN_POINT('',(-1.37675075314917,-1.38393518982386,-2.85885239666133));
#8029=CARTESIAN_POINT('',(-0.72423634936658,-1.40157336440046,-3.17308677192935));
#8030=CARTESIAN_POINT('',(-4.75489829268475E-16,-1.41921153897705,-3.17308677192935));
#8031=CARTESIAN_POINT('',(0.724236349366579,-1.43684971355365,-3.17308677192935));
#8032=CARTESIAN_POINT('',(1.37675075314917,-1.45448788813024,-2.85885239666133));
#8033=CARTESIAN_POINT('',(2.02926515693176,-1.47212606270684,-2.54461802139331));
#8034=CARTESIAN_POINT('',(2.48081913489722,-1.48976423728343,-1.9783872427108));
#8035=CARTESIAN_POINT('',(2.93237311286268,-1.50740241186003,-1.41215646402829));
#8036=CARTESIAN_POINT('',(3.09353086172884,-1.52504058643662,-0.706078232014146));
#8037=CARTESIAN_POINT('',(3.254688610595,-1.54267876101322,-1.15061284973189E-15));
#8038=CARTESIAN_POINT('',(3.09353086172884,-1.56031693558981,0.706078232014144));
#8039=CARTESIAN_POINT('',(2.93237311286268,-1.57795511016641,1.41215646402829));
#8040=CARTESIAN_POINT('',(2.48081913489722,-1.595593284743,1.9783872427108));
#8041=CARTESIAN_POINT('',(2.02926515693176,-1.61323145931959,2.5446180213933));
#8042=CARTESIAN_POINT('',(1.37675075314917,-1.63086963389619,2.85885239666133));
#8043=CARTESIAN_POINT('',(0.72423634936658,-1.64850780847278,3.17308677192935));
#8044=CARTESIAN_POINT('',(-1.02018647861895E-16,-1.66614598304938,3.17308677192935));
#8045=CARTESIAN_POINT('',(-0.72423634936658,-1.68378415762597,3.17308677192935));
#8046=CARTESIAN_POINT('',(-1.37675075314917,-1.70142233220257,2.85885239666133));
#8047=CARTESIAN_POINT('',(-2.02926515693176,-1.71906050677916,2.5446180213933));
#8048=CARTESIAN_POINT('',(-2.48081913489722,-1.73669868135575,1.9783872427108));
#8049=CARTESIAN_POINT('',(-2.93237311286268,-1.75433685593235,1.41215646402829));
#8050=CARTESIAN_POINT('',(-3.09353086172884,-1.77197503050894,0.706078232014145));
#8051=CARTESIAN_POINT('',(-3.254688610595,-1.78961320508554,-4.61864269143137E-16));
#8052=CARTESIAN_POINT('',(-3.09353086172884,-1.80725137966213,-0.706078232014146));
#8053=CARTESIAN_POINT('',(-2.93237311286268,-1.82488955423873,-1.41215646402829));
#8054=CARTESIAN_POINT('',(-2.48081913489722,-1.84252772881532,-1.9783872427108));
#8055=CARTESIAN_POINT('',(-2.02926515693176,-1.86016590339191,-2.5446180213933));
#8056=CARTESIAN_POINT('',(-1.37675075314917,-1.87780407796851,-2.85885239666133));
#8057=CARTESIAN_POINT('',(-0.72423634936658,-1.8954422525451,-3.17308677192935));
#8058=CARTESIAN_POINT('',(-5.05729578187331E-16,-1.9130804271217,-3.17308677192935));
#8059=CARTESIAN_POINT('',(0.724236349366579,-1.93071860169829,-3.17308677192935));
#8060=CARTESIAN_POINT('',(1.37675075314917,-1.94835677627489,-2.85885239666133));
#8061=CARTESIAN_POINT('',(2.02926515693176,-1.96599495085148,-2.54461802139331));
#8062=CARTESIAN_POINT('',(2.48081913489722,-1.98363312542808,-1.9783872427108));
#8063=CARTESIAN_POINT('',(2.93237311286268,-2.00127130000467,-1.41215646402829));
#8064=CARTESIAN_POINT('',(3.09353086172884,-2.01890947458126,-0.706078232014147));
#8065=CARTESIAN_POINT('',(3.254688610595,-2.03654764915786,-1.36745328422899E-15));
#8066=CARTESIAN_POINT('',(3.09353086172884,-2.05418582373445,0.706078232014144));
#8067=CARTESIAN_POINT('',(2.93237311286268,-2.07182399831105,1.41215646402829));
#8068=CARTESIAN_POINT('',(2.48081913489722,-2.08946217288764,1.9783872427108));
#8069=CARTESIAN_POINT('',(2.02926515693176,-2.10710034746424,2.5446180213933));
#8070=CARTESIAN_POINT('',(1.37675075314917,-2.12473852204083,2.85885239666133));
#8071=CARTESIAN_POINT('',(0.72423634936658,-2.14237669661743,3.17308677192935));
#8072=CARTESIAN_POINT('',(-1.32258396780751E-16,-2.16001487119402,3.17308677192935));
#8073=CARTESIAN_POINT('',(-0.72423634936658,-2.17765304577062,3.17308677192935));
#8074=CARTESIAN_POINT('',(-1.37675075314917,-2.19529122034721,2.85885239666133));
#8075=CARTESIAN_POINT('',(-2.02926515693176,-2.2129293949238,2.5446180213933));
#8076=CARTESIAN_POINT('',(-2.48081913489722,-2.2305675695004,1.9783872427108));
#8077=CARTESIAN_POINT('',(-2.93237311286268,-2.24820574407699,1.41215646402829));
#8078=CARTESIAN_POINT('',(-3.09353086172884,-2.26584391865359,0.706078232014145));
#8079=CARTESIAN_POINT('',(-3.254688610595,-2.28348209323018,-6.78704703640238E-16));
#8080=CARTESIAN_POINT('',(-3.09353086172884,-2.30112026780677,-0.706078232014146));
#8081=CARTESIAN_POINT('',(-2.93237311286268,-2.31875844238337,-1.41215646402829));
#8082=CARTESIAN_POINT('',(-2.48081913489722,-2.33639661695996,-1.9783872427108));
#8083=CARTESIAN_POINT('',(-2.02926515693176,-2.35403479153656,-2.5446180213933));
#8084=CARTESIAN_POINT('',(-1.37675075314917,-2.37167296611315,-2.85885239666133));
#8085=CARTESIAN_POINT('',(-0.72423634936658,-2.38931114068975,-3.17308677192935));
#8086=CARTESIAN_POINT('',(-5.35969327106187E-16,-2.40694931526634,-3.17308677192935));
#8087=CARTESIAN_POINT('',(0.724236349366579,-2.42458748984293,-3.17308677192935));
#8088=CARTESIAN_POINT('',(1.37675075314917,-2.44222566441953,-2.85885239666133));
#8089=CARTESIAN_POINT('',(2.02926515693176,-2.45986383899612,-2.54461802139331));
#8090=CARTESIAN_POINT('',(2.48081913489722,-2.47750201357272,-1.9783872427108));
#8091=CARTESIAN_POINT('',(2.93237311286268,-2.49514018814931,-1.41215646402829));
#8092=CARTESIAN_POINT('',(3.09353086172884,-2.51277836272591,-0.706078232014147));
#8093=CARTESIAN_POINT('',(3.254688610595,-2.5304165373025,-1.58429371872609E-15));
#8094=CARTESIAN_POINT('',(3.09353086172884,-2.5480547118791,0.706078232014144));
#8095=CARTESIAN_POINT('',(2.93237311286268,-2.56569288645569,1.41215646402829));
#8096=CARTESIAN_POINT('',(2.48081913489722,-2.58333106103229,1.9783872427108));
#8097=CARTESIAN_POINT('',(2.02926515693176,-2.60096923560888,2.5446180213933));
#8098=CARTESIAN_POINT('',(1.37675075314917,-2.61860741018548,2.85885239666133));
#8099=CARTESIAN_POINT('',(0.72423634936658,-2.63624558476207,3.17308677192935));
#8100=CARTESIAN_POINT('',(-1.62498145699607E-16,-2.65388375933866,3.17308677192935));
#8101=CARTESIAN_POINT('',(-0.72423634936658,-2.67152193391526,3.17308677192935));
#8102=CARTESIAN_POINT('',(-1.37675075314917,-2.68916010849185,2.85885239666133));
#8103=CARTESIAN_POINT('',(-2.02926515693176,-2.70679828306845,2.5446180213933));
#8104=CARTESIAN_POINT('',(-2.48081913489722,-2.72443645764504,1.9783872427108));
#8105=CARTESIAN_POINT('',(-2.93237311286268,-2.74207463222164,1.41215646402829));
#8106=CARTESIAN_POINT('',(-3.09353086172884,-2.75971280679823,0.706078232014144));
#8107=CARTESIAN_POINT('',(-3.254688610595,-2.77735098137482,-8.95545138137339E-16));
#8108=CARTESIAN_POINT('',(-3.09353086172884,-2.79498915595142,-0.706078232014146));
#8109=CARTESIAN_POINT('',(-2.93237311286268,-2.81262733052801,-1.41215646402829));
#8110=CARTESIAN_POINT('',(-2.48081913489722,-2.83026550510461,-1.9783872427108));
#8111=CARTESIAN_POINT('',(-2.02926515693176,-2.8479036796812,-2.54461802139331));
#8112=CARTESIAN_POINT('',(-1.37675075314917,-2.86554185425779,-2.85885239666133));
#8113=CARTESIAN_POINT('',(-0.72423634936658,-2.88318002883439,-3.17308677192935));
#8114=CARTESIAN_POINT('',(-5.66209076025044E-16,-2.90081820341098,-3.17308677192935));
#8115=CARTESIAN_POINT('',(0.724236349366579,-2.91845637798758,-3.17308677192935));
#8116=CARTESIAN_POINT('',(1.37675075314917,-2.93609455256417,-2.85885239666133));
#8117=CARTESIAN_POINT('',(2.02926515693176,-2.95373272714077,-2.54461802139331));
#8118=CARTESIAN_POINT('',(2.48081913489722,-2.97137090171736,-1.9783872427108));
#8119=CARTESIAN_POINT('',(2.93237311286268,-2.98900907629396,-1.41215646402829));
#8120=CARTESIAN_POINT('',(3.09353086172884,-3.00664725087055,-0.706078232014147));
#8121=CARTESIAN_POINT('',(3.254688610595,-3.02428542544715,-1.80113415322319E-15));
#8122=CARTESIAN_POINT('',(3.09353086172884,-3.04192360002374,0.706078232014143));
#8123=CARTESIAN_POINT('',(2.93237311286268,-3.05956177460033,1.41215646402829));
#8124=CARTESIAN_POINT('',(2.48081913489722,-3.07719994917693,1.9783872427108));
#8125=CARTESIAN_POINT('',(2.02926515693176,-3.09483812375352,2.5446180213933));
#8126=CARTESIAN_POINT('',(1.37675075314917,-3.11247629833012,2.85885239666132));
#8127=CARTESIAN_POINT('',(0.72423634936658,-3.13011447290671,3.17308677192935));
#8128=CARTESIAN_POINT('',(-1.92737894618463E-16,-3.14775264748331,3.17308677192935));
#8129=CARTESIAN_POINT('',(-0.72423634936658,-3.1653908220599,3.17308677192935));
#8130=CARTESIAN_POINT('',(-1.37675075314917,-3.1830289966365,2.85885239666133));
#8131=CARTESIAN_POINT('',(-2.02926515693176,-3.20066717121309,2.5446180213933));
#8132=CARTESIAN_POINT('',(-2.48081913489722,-3.21830534578968,1.9783872427108));
#8133=CARTESIAN_POINT('',(-2.93237311286268,-3.23594352036628,1.41215646402829));
#8134=CARTESIAN_POINT('',(-3.09353086172884,-3.25358169494287,0.706078232014144));
#8135=CARTESIAN_POINT('',(-3.254688610595,-3.27121986951947,-1.11238557263444E-15));
#8136=CARTESIAN_POINT('',(-3.09353086172884,-3.28885804409606,-0.706078232014146));
#8137=CARTESIAN_POINT('',(-2.93237311286268,-3.30649621867266,-1.41215646402829));
#8138=CARTESIAN_POINT('',(-2.48081913489722,-3.32413439324925,-1.9783872427108));
#8139=CARTESIAN_POINT('',(-2.02926515693176,-3.34177256782584,-2.54461802139331));
#8140=CARTESIAN_POINT('',(-1.37675075314917,-3.35941074240244,-2.85885239666133));
#8141=CARTESIAN_POINT('',(-0.72423634936658,-3.37704891697903,-3.17308677192935));
#8142=CARTESIAN_POINT('',(-5.964488249439E-16,-3.39468709155563,-3.17308677192935));
#8143=CARTESIAN_POINT('',(0.724236349366579,-3.41232526613222,-3.17308677192935));
#8144=CARTESIAN_POINT('',(1.37675075314917,-3.42996344070882,-2.85885239666133));
#8145=CARTESIAN_POINT('',(2.02926515693176,-3.44760161528541,-2.54461802139331));
#8146=CARTESIAN_POINT('',(2.48081913489722,-3.465239789862,-1.9783872427108));
#8147=CARTESIAN_POINT('',(2.93237311286268,-3.4828779644386,-1.41215646402829));
#8148=CARTESIAN_POINT('',(3.09353086172884,-3.50051613901519,-0.706078232014147));
#8149=CARTESIAN_POINT('',(3.254688610595,-3.51815431359179,-2.01797458772029E-15));
#8150=CARTESIAN_POINT('',(3.09353086172884,-3.53579248816838,0.706078232014143));
#8151=CARTESIAN_POINT('',(2.93237311286268,-3.55343066274498,1.41215646402829));
#8152=CARTESIAN_POINT('',(2.48081913489722,-3.57106883732157,1.9783872427108));
#8153=CARTESIAN_POINT('',(2.02926515693176,-3.58870701189817,2.5446180213933));
#8154=CARTESIAN_POINT('',(1.37675075314917,-3.60634518647476,2.85885239666132));
#8155=CARTESIAN_POINT('',(0.72423634936658,-3.62398336105136,3.17308677192935));
#8156=CARTESIAN_POINT('',(-2.2297764353732E-16,-3.64162153562795,3.17308677192935));
#8157=CARTESIAN_POINT('',(-0.72423634936658,-3.65925971020454,3.17308677192935));
#8158=CARTESIAN_POINT('',(-1.37675075314917,-3.67689788478114,2.85885239666132));
#8159=CARTESIAN_POINT('',(-2.02926515693176,-3.69453605935773,2.5446180213933));
#8160=CARTESIAN_POINT('',(-2.48081913489722,-3.71217423393433,1.9783872427108));
#8161=CARTESIAN_POINT('',(-2.93237311286268,-3.72981240851092,1.41215646402829));
#8162=CARTESIAN_POINT('',(-3.09353086172884,-3.74745058308752,0.706078232014144));
#8163=CARTESIAN_POINT('',(-3.25468861059501,-3.76508875766411,-1.32922600713154E-15));
#8164=CARTESIAN_POINT('',(-3.09353086172884,-3.7827269322407,-0.706078232014147));
#8165=CARTESIAN_POINT('',(-2.93237311286268,-3.8003651068173,-1.41215646402829));
#8166=CARTESIAN_POINT('',(-2.48081913489722,-3.81800328139389,-1.9783872427108));
#8167=CARTESIAN_POINT('',(-2.02926515693176,-3.83564145597049,-2.54461802139331));
#8168=CARTESIAN_POINT('',(-1.37675075314917,-3.85327963054708,-2.85885239666133));
#8169=CARTESIAN_POINT('',(-0.72423634936658,-3.87091780512367,-3.17308677192935));
#8170=CARTESIAN_POINT('',(-6.26688573862756E-16,-3.88855597970027,-3.17308677192935));
#8171=CARTESIAN_POINT('',(0.724236349366579,-3.90619415427686,-3.17308677192935));
#8172=CARTESIAN_POINT('',(1.37675075314917,-3.92383232885346,-2.85885239666133));
#8173=CARTESIAN_POINT('',(2.02926515693176,-3.94147050343005,-2.54461802139331));
#8174=CARTESIAN_POINT('',(2.48081913489722,-3.95910867800665,-1.9783872427108));
#8175=CARTESIAN_POINT('',(2.93237311286268,-3.97674685258324,-1.41215646402829));
#8176=CARTESIAN_POINT('',(3.09353086172884,-3.99438502715984,-0.706078232014148));
#8177=CARTESIAN_POINT('',(3.254688610595,-4.01202320173643,-2.23481502221739E-15));
#8178=CARTESIAN_POINT('',(3.09353086172884,-4.02966137631303,0.706078232014143));
#8179=CARTESIAN_POINT('',(2.93237311286268,-4.04729955088962,1.41215646402829));
#8180=CARTESIAN_POINT('',(2.48081913489722,-4.06493772546622,1.9783872427108));
#8181=CARTESIAN_POINT('',(2.02926515693176,-4.08257590004281,2.5446180213933));
#8182=CARTESIAN_POINT('',(1.37675075314917,-4.10021407461941,2.85885239666132));
#8183=CARTESIAN_POINT('',(0.72423634936658,-4.117852249196,3.17308677192935));
#8184=CARTESIAN_POINT('',(-2.53217392456176E-16,-4.13549042377259,3.17308677192935));
#8185=CARTESIAN_POINT('',(-0.72423634936658,-4.15312859834919,3.17308677192935));
#8186=CARTESIAN_POINT('',(-1.37675075314917,-4.17076677292578,2.85885239666132));
#8187=CARTESIAN_POINT('',(-2.02926515693176,-4.18840494750238,2.5446180213933));
#8188=CARTESIAN_POINT('',(-2.48081913489722,-4.20604312207897,1.9783872427108));
#8189=CARTESIAN_POINT('',(-2.93237311286268,-4.22368129665557,1.41215646402829));
#8190=CARTESIAN_POINT('',(-3.09353086172884,-4.24131947123216,0.706078232014144));
#8191=CARTESIAN_POINT('',(-3.25468861059501,-4.25895764580875,-1.54606644162864E-15));
#8192=CARTESIAN_POINT('',(-3.09353086172884,-4.27659582038535,-0.706078232014147));
#8193=CARTESIAN_POINT('',(-2.93237311286268,-4.29423399496194,-1.41215646402829));
#8194=CARTESIAN_POINT('',(-2.48081913489722,-4.31187216953854,-1.9783872427108));
#8195=CARTESIAN_POINT('',(-2.02926515693176,-4.32951034411513,-2.54461802139331));
#8196=CARTESIAN_POINT('',(-1.37675075314917,-4.34714851869172,-2.85885239666133));
#8197=CARTESIAN_POINT('',(-0.72423634936658,-4.36478669326832,-3.17308677192935));
#8198=CARTESIAN_POINT('',(-6.56928322781612E-16,-4.38242486784491,-3.17308677192935));
#8199=CARTESIAN_POINT('',(0.724236349366579,-4.40006304242151,-3.17308677192935));
#8200=CARTESIAN_POINT('',(1.37675075314917,-4.4177012169981,-2.85885239666133));
#8201=CARTESIAN_POINT('',(2.02926515693176,-4.4353393915747,-2.54461802139331));
#8202=CARTESIAN_POINT('',(2.48081913489722,-4.45297756615129,-1.9783872427108));
#8203=CARTESIAN_POINT('',(2.93237311286268,-4.47061574072788,-1.41215646402829));
#8204=CARTESIAN_POINT('',(3.09353086172884,-4.48825391530448,-0.706078232014148));
#8205=CARTESIAN_POINT('',(3.254688610595,-4.50589208988108,-2.4516554567145E-15));
#8206=CARTESIAN_POINT('',(3.09353086172884,-4.52353026445767,0.706078232014143));
#8207=CARTESIAN_POINT('',(2.93237311286268,-4.54116843903426,1.41215646402829));
#8208=CARTESIAN_POINT('',(2.48081913489722,-4.55880661361086,1.9783872427108));
#8209=CARTESIAN_POINT('',(2.02926515693176,-4.57644478818745,2.5446180213933));
#8210=CARTESIAN_POINT('',(1.37675075314917,-4.59408296276405,2.85885239666132));
#8211=CARTESIAN_POINT('',(0.72423634936658,-4.61172113734064,3.17308677192935));
#8212=CARTESIAN_POINT('',(-2.83457141375032E-16,-4.62935931191724,3.17308677192935));
#8213=CARTESIAN_POINT('',(-0.72423634936658,-4.64699748649383,3.17308677192935));
#8214=CARTESIAN_POINT('',(-1.37675075314917,-4.66463566107043,2.85885239666132));
#8215=CARTESIAN_POINT('',(-2.02926515693176,-4.68227383564702,2.5446180213933));
#8216=CARTESIAN_POINT('',(-2.48081913489722,-4.69991201022361,1.9783872427108));
#8217=CARTESIAN_POINT('',(-2.75021469315935,-4.71043488482699,1.64057589750758));
#8218=CARTESIAN_POINT('',(-2.91947756287532,-4.72121682070217,1.24303275180527));
#8219=CARTESIAN_POINT('',(-2.05527652494435E-18,-0.0335663214310328,3.5));
#8220=CARTESIAN_POINT('',(-1.64782720381137E-17,-0.269119492752587,3.17308677192935));
#8221=CARTESIAN_POINT('',(-0.72423634936658,-0.286757667329181,3.17308677192935));
#8222=CARTESIAN_POINT('',(-1.37675075314917,-0.304395841905776,2.85885239666133));
#8223=CARTESIAN_POINT('',(-2.02926515693176,-0.32203401648237,2.5446180213933));
#8224=CARTESIAN_POINT('',(-2.48081913489722,-0.339672191058964,1.9783872427108));
#8225=CARTESIAN_POINT('',(-2.93237311286268,-0.357310365635558,1.41215646402829));
#8226=CARTESIAN_POINT('',(-3.09353086172884,-0.374948540212152,0.706078232014145));
#8227=CARTESIAN_POINT('',(-3.254688610595,-0.392586714788746,1.5152085883681E-16));
#8228=CARTESIAN_POINT('',(-3.09353086172884,-0.41022488936534,-0.706078232014145));
#8229=CARTESIAN_POINT('',(-2.93237311286268,-0.427863063941934,-1.41215646402829));
#8230=CARTESIAN_POINT('',(-2.48081913489722,-0.445501238518529,-1.9783872427108));
#8231=CARTESIAN_POINT('',(-2.02926515693176,-0.463139413095123,-2.5446180213933));
#8232=CARTESIAN_POINT('',(-1.37675075314917,-0.480777587671717,-2.85885239666133));
#8233=CARTESIAN_POINT('',(-0.72423634936658,-0.498415762248311,-3.17308677192935));
#8234=CARTESIAN_POINT('',(-4.2018920236355E-16,-0.516053936824906,-3.17308677192935));
#8235=CARTESIAN_POINT('',(0.724236349366579,-0.5336921114015,-3.17308677192935));
#8236=CARTESIAN_POINT('',(1.37675075314917,-0.551330285978095,-2.85885239666133));
#8237=CARTESIAN_POINT('',(2.02926515693176,-0.568968460554689,-2.5446180213933));
#8238=CARTESIAN_POINT('',(2.48081913489722,-0.586606635131284,-1.9783872427108));
#8239=CARTESIAN_POINT('',(2.93237311286268,-0.604244809707879,-1.41215646402829));
#8240=CARTESIAN_POINT('',(3.09353086172884,-0.621882984284474,-0.706078232014146));
#8241=CARTESIAN_POINT('',(3.254688610595,-0.639521158861068,-7.54068156249044E-16));
#8242=CARTESIAN_POINT('',(3.09353086172884,-0.657159333437663,0.706078232014145));
#8243=CARTESIAN_POINT('',(2.93237311286268,-0.674797508014258,1.41215646402829));
#8244=CARTESIAN_POINT('',(2.48081913489722,-0.692435682590852,1.9783872427108));
#8245=CARTESIAN_POINT('',(2.02926515693176,-0.710073857167447,2.5446180213933));
#8246=CARTESIAN_POINT('',(1.37675075314917,-0.727712031744041,2.85885239666133));
#8247=CARTESIAN_POINT('',(0.72423634936658,-0.745350206320636,3.17308677192935));
#8248=CARTESIAN_POINT('',(-4.67180209569698E-17,-0.76298838089723,3.17308677192935));
#8249=CARTESIAN_POINT('',(-0.72423634936658,-0.780626555473825,3.17308677192935));
#8250=CARTESIAN_POINT('',(-1.37675075314917,-0.798264730050419,2.85885239666133));
#8251=CARTESIAN_POINT('',(-2.02926515693176,-0.815902904627013,2.5446180213933));
#8252=CARTESIAN_POINT('',(-2.48081913489722,-0.833541079203607,1.9783872427108));
#8253=CARTESIAN_POINT('',(-2.93237311286268,-0.851179253780201,1.41215646402829));
#8254=CARTESIAN_POINT('',(-3.09353086172884,-0.868817428356795,0.706078232014145));
#8255=CARTESIAN_POINT('',(-3.254688610595,-0.886455602933389,-6.53195756602908E-17));
#8256=CARTESIAN_POINT('',(-3.09353086172884,-0.904093777509984,-0.706078232014145));
#8257=CARTESIAN_POINT('',(-2.93237311286268,-0.921731952086578,-1.41215646402829));
#8258=CARTESIAN_POINT('',(-2.48081913489722,-0.939370126663172,-1.9783872427108));
#8259=CARTESIAN_POINT('',(-2.02926515693176,-0.957008301239766,-2.5446180213933));
#8260=CARTESIAN_POINT('',(-1.37675075314917,-0.97464647581636,-2.85885239666133));
#8261=CARTESIAN_POINT('',(-0.72423634936658,-0.992284650392955,-3.17308677192935));
#8262=CARTESIAN_POINT('',(-4.50428951282406E-16,-1.00992282496955,-3.17308677192935));
#8263=CARTESIAN_POINT('',(0.724236349366579,-1.02756099954614,-3.17308677192935));
#8264=CARTESIAN_POINT('',(1.37675075314917,-1.04519917412274,-2.85885239666133));
#8265=CARTESIAN_POINT('',(2.02926515693176,-1.06283734869933,-2.54461802139331));
#8266=CARTESIAN_POINT('',(2.48081913489722,-1.08047552327593,-1.9783872427108));
#8267=CARTESIAN_POINT('',(2.93237311286268,-1.09811369785252,-1.41215646402829));
#8268=CARTESIAN_POINT('',(3.09353086172884,-1.11575187242912,-0.706078232014146));
#8269=CARTESIAN_POINT('',(3.254688610595,-1.13339004700571,-9.70908590746145E-16));
#8270=CARTESIAN_POINT('',(3.09353086172884,-1.15102822158231,0.706078232014144));
#8271=CARTESIAN_POINT('',(2.93237311286268,-1.1686663961589,1.41215646402829));
#8272=CARTESIAN_POINT('',(2.48081913489722,-1.1863045707355,1.9783872427108));
#8273=CARTESIAN_POINT('',(2.02926515693176,-1.20394274531209,2.5446180213933));
#8274=CARTESIAN_POINT('',(1.37675075314917,-1.22158091988868,2.85885239666133));
#8275=CARTESIAN_POINT('',(0.72423634936658,-1.23921909446528,3.17308677192935));
#8276=CARTESIAN_POINT('',(-7.6957769875826E-17,-1.25685726904187,3.17308677192935));
#8277=CARTESIAN_POINT('',(-0.72423634936658,-1.27449544361847,3.17308677192935));
#8278=CARTESIAN_POINT('',(-1.37675075314917,-1.29213361819506,2.85885239666133));
#8279=CARTESIAN_POINT('',(-2.02926515693176,-1.30977179277166,2.5446180213933));
#8280=CARTESIAN_POINT('',(-2.48081913489722,-1.32740996734825,1.9783872427108));
#8281=CARTESIAN_POINT('',(-2.93237311286268,-1.34504814192484,1.41215646402829));
#8282=CARTESIAN_POINT('',(-3.09353086172884,-1.36268631650144,0.706078232014145));
#8283=CARTESIAN_POINT('',(-3.254688610595,-1.38032449107803,-2.82160010157392E-16));
#8284=CARTESIAN_POINT('',(-3.09353086172884,-1.39796266565463,-0.706078232014146));
#8285=CARTESIAN_POINT('',(-2.93237311286268,-1.41560084023122,-1.41215646402829));
#8286=CARTESIAN_POINT('',(-2.48081913489722,-1.43323901480781,-1.9783872427108));
#8287=CARTESIAN_POINT('',(-2.02926515693176,-1.45087718938441,-2.5446180213933));
#8288=CARTESIAN_POINT('',(-1.37675075314917,-1.468515363961,-2.85885239666133));
#8289=CARTESIAN_POINT('',(-0.72423634936658,-1.4861535385376,-3.17308677192935));
#8290=CARTESIAN_POINT('',(-4.80668700201262E-16,-1.50379171311419,-3.17308677192935));
#8291=CARTESIAN_POINT('',(0.724236349366579,-1.52142988769079,-3.17308677192935));
#8292=CARTESIAN_POINT('',(1.37675075314917,-1.53906806226738,-2.85885239666133));
#8293=CARTESIAN_POINT('',(2.02926515693176,-1.55670623684398,-2.54461802139331));
#8294=CARTESIAN_POINT('',(2.48081913489722,-1.57434441142057,-1.9783872427108));
#8295=CARTESIAN_POINT('',(2.93237311286268,-1.59198258599717,-1.41215646402829));
#8296=CARTESIAN_POINT('',(3.09353086172884,-1.60962076057376,-0.706078232014146));
#8297=CARTESIAN_POINT('',(3.254688610595,-1.62725893515035,-1.18774902524325E-15));
#8298=CARTESIAN_POINT('',(3.09353086172884,-1.64489710972695,0.706078232014144));
#8299=CARTESIAN_POINT('',(2.93237311286268,-1.66253528430354,1.41215646402829));
#8300=CARTESIAN_POINT('',(2.48081913489722,-1.68017345888014,1.9783872427108));
#8301=CARTESIAN_POINT('',(2.02926515693176,-1.69781163345673,2.5446180213933));
#8302=CARTESIAN_POINT('',(1.37675075314917,-1.71544980803333,2.85885239666133));
#8303=CARTESIAN_POINT('',(0.72423634936658,-1.73308798260992,3.17308677192935));
#8304=CARTESIAN_POINT('',(-1.07197518794682E-16,-1.75072615718652,3.17308677192935));
#8305=CARTESIAN_POINT('',(-0.72423634936658,-1.76836433176311,3.17308677192935));
#8306=CARTESIAN_POINT('',(-1.37675075314917,-1.78600250633971,2.85885239666133));
#8307=CARTESIAN_POINT('',(-2.02926515693176,-1.8036406809163,2.5446180213933));
#8308=CARTESIAN_POINT('',(-2.48081913489722,-1.82127885549289,1.9783872427108));
#8309=CARTESIAN_POINT('',(-2.93237311286268,-1.83891703006949,1.41215646402829));
#8310=CARTESIAN_POINT('',(-3.09353086172884,-1.85655520464608,0.706078232014145));
#8311=CARTESIAN_POINT('',(-3.254688610595,-1.87419337922268,-4.99000444654493E-16));
#8312=CARTESIAN_POINT('',(-3.09353086172884,-1.89183155379927,-0.706078232014146));
#8313=CARTESIAN_POINT('',(-2.93237311286268,-1.90946972837586,-1.41215646402829));
#8314=CARTESIAN_POINT('',(-2.48081913489722,-1.92710790295246,-1.9783872427108));
#8315=CARTESIAN_POINT('',(-2.02926515693176,-1.94474607752905,-2.5446180213933));
#8316=CARTESIAN_POINT('',(-1.37675075314917,-1.96238425210565,-2.85885239666133));
#8317=CARTESIAN_POINT('',(-0.72423634936658,-1.98002242668224,-3.17308677192935));
#8318=CARTESIAN_POINT('',(-5.10908449120118E-16,-1.99766060125884,-3.17308677192935));
#8319=CARTESIAN_POINT('',(0.724236349366579,-2.01529877583543,-3.17308677192935));
#8320=CARTESIAN_POINT('',(1.37675075314917,-2.03293695041202,-2.85885239666133));
#8321=CARTESIAN_POINT('',(2.02926515693176,-2.05057512498862,-2.54461802139331));
#8322=CARTESIAN_POINT('',(2.48081913489722,-2.06821329956521,-1.9783872427108));
#8323=CARTESIAN_POINT('',(2.93237311286268,-2.08585147414181,-1.41215646402829));
#8324=CARTESIAN_POINT('',(3.09353086172884,-2.1034896487184,-0.706078232014147));
#8325=CARTESIAN_POINT('',(3.254688610595,-2.121127823295,-1.40458945974035E-15));
#8326=CARTESIAN_POINT('',(3.09353086172884,-2.13876599787159,0.706078232014144));
#8327=CARTESIAN_POINT('',(2.93237311286268,-2.15640417244819,1.41215646402829));
#8328=CARTESIAN_POINT('',(2.48081913489722,-2.17404234702478,1.9783872427108));
#8329=CARTESIAN_POINT('',(2.02926515693176,-2.19168052160138,2.5446180213933));
#8330=CARTESIAN_POINT('',(1.37675075314917,-2.20931869617797,2.85885239666133));
#8331=CARTESIAN_POINT('',(0.72423634936658,-2.22695687075457,3.17308677192935));
#8332=CARTESIAN_POINT('',(-1.37437267713538E-16,-2.24459504533116,3.17308677192935));
#8333=CARTESIAN_POINT('',(-0.72423634936658,-2.26223321990775,3.17308677192935));
#8334=CARTESIAN_POINT('',(-1.37675075314917,-2.27987139448435,2.85885239666133));
#8335=CARTESIAN_POINT('',(-2.02926515693176,-2.29750956906094,2.5446180213933));
#8336=CARTESIAN_POINT('',(-2.48081913489722,-2.31514774363754,1.9783872427108));
#8337=CARTESIAN_POINT('',(-2.93237311286268,-2.33278591821413,1.41215646402829));
#8338=CARTESIAN_POINT('',(-3.09353086172884,-2.35042409279073,0.706078232014145));
#8339=CARTESIAN_POINT('',(-3.254688610595,-2.36806226736732,-7.15840879151593E-16));
#8340=CARTESIAN_POINT('',(-3.09353086172884,-2.38570044194391,-0.706078232014146));
#8341=CARTESIAN_POINT('',(-2.93237311286268,-2.40333861652051,-1.41215646402829));
#8342=CARTESIAN_POINT('',(-2.48081913489722,-2.4209767910971,-1.9783872427108));
#8343=CARTESIAN_POINT('',(-2.02926515693176,-2.4386149656737,-2.5446180213933));
#8344=CARTESIAN_POINT('',(-1.37675075314917,-2.45625314025029,-2.85885239666133));
#8345=CARTESIAN_POINT('',(-0.72423634936658,-2.47389131482688,-3.17308677192935));
#8346=CARTESIAN_POINT('',(-5.41148198038974E-16,-2.49152948940348,-3.17308677192935));
#8347=CARTESIAN_POINT('',(0.724236349366579,-2.50916766398007,-3.17308677192935));
#8348=CARTESIAN_POINT('',(1.37675075314917,-2.52680583855667,-2.85885239666133));
#8349=CARTESIAN_POINT('',(2.02926515693176,-2.54444401313326,-2.54461802139331));
#8350=CARTESIAN_POINT('',(2.48081913489722,-2.56208218770986,-1.9783872427108));
#8351=CARTESIAN_POINT('',(2.93237311286268,-2.57972036228645,-1.41215646402829));
#8352=CARTESIAN_POINT('',(3.09353086172884,-2.59735853686305,-0.706078232014147));
#8353=CARTESIAN_POINT('',(3.254688610595,-2.61499671143964,-1.62142989423745E-15));
#8354=CARTESIAN_POINT('',(3.09353086172884,-2.63263488601624,0.706078232014144));
#8355=CARTESIAN_POINT('',(2.93237311286268,-2.65027306059283,1.41215646402829));
#8356=CARTESIAN_POINT('',(2.48081913489722,-2.66791123516942,1.9783872427108));
#8357=CARTESIAN_POINT('',(2.02926515693176,-2.68554940974602,2.5446180213933));
#8358=CARTESIAN_POINT('',(1.37675075314917,-2.70318758432261,2.85885239666133));
#8359=CARTESIAN_POINT('',(0.72423634936658,-2.72082575889921,3.17308677192935));
#8360=CARTESIAN_POINT('',(-1.67677016632394E-16,-2.7384639334758,3.17308677192935));
#8361=CARTESIAN_POINT('',(-0.72423634936658,-2.7561021080524,3.17308677192935));
#8362=CARTESIAN_POINT('',(-1.37675075314917,-2.77374028262899,2.85885239666133));
#8363=CARTESIAN_POINT('',(-2.02926515693176,-2.79137845720559,2.5446180213933));
#8364=CARTESIAN_POINT('',(-2.48081913489722,-2.80901663178218,1.9783872427108));
#8365=CARTESIAN_POINT('',(-2.93237311286268,-2.82665480635877,1.41215646402829));
#8366=CARTESIAN_POINT('',(-3.09353086172884,-2.84429298093537,0.706078232014144));
#8367=CARTESIAN_POINT('',(-3.254688610595,-2.86193115551196,-9.32681313648694E-16));
#8368=CARTESIAN_POINT('',(-3.09353086172884,-2.87956933008856,-0.706078232014146));
#8369=CARTESIAN_POINT('',(-2.93237311286268,-2.89720750466515,-1.41215646402829));
#8370=CARTESIAN_POINT('',(-2.48081913489722,-2.91484567924174,-1.9783872427108));
#8371=CARTESIAN_POINT('',(-2.02926515693176,-2.93248385381834,-2.54461802139331));
#8372=CARTESIAN_POINT('',(-1.37675075314917,-2.95012202839493,-2.85885239666133));
#8373=CARTESIAN_POINT('',(-0.72423634936658,-2.96776020297153,-3.17308677192935));
#8374=CARTESIAN_POINT('',(-5.71387946957831E-16,-2.98539837754812,-3.17308677192935));
#8375=CARTESIAN_POINT('',(0.724236349366579,-3.00303655212472,-3.17308677192935));
#8376=CARTESIAN_POINT('',(1.37675075314917,-3.02067472670131,-2.85885239666133));
#8377=CARTESIAN_POINT('',(2.02926515693176,-3.03831290127791,-2.54461802139331));
#8378=CARTESIAN_POINT('',(2.48081913489722,-3.0559510758545,-1.9783872427108));
#8379=CARTESIAN_POINT('',(2.93237311286268,-3.07358925043109,-1.41215646402829));
#8380=CARTESIAN_POINT('',(3.09353086172884,-3.09122742500769,-0.706078232014147));
#8381=CARTESIAN_POINT('',(3.254688610595,-3.10886559958428,-1.83827032873455E-15));
#8382=CARTESIAN_POINT('',(3.09353086172884,-3.12650377416088,0.706078232014143));
#8383=CARTESIAN_POINT('',(2.93237311286268,-3.14414194873747,1.41215646402829));
#8384=CARTESIAN_POINT('',(2.48081913489722,-3.16178012331407,1.9783872427108));
#8385=CARTESIAN_POINT('',(2.02926515693176,-3.17941829789066,2.5446180213933));
#8386=CARTESIAN_POINT('',(1.37675075314917,-3.19705647246726,2.85885239666132));
#8387=CARTESIAN_POINT('',(0.72423634936658,-3.21469464704385,3.17308677192935));
#8388=CARTESIAN_POINT('',(-1.97916765551251E-16,-3.23233282162045,3.17308677192935));
#8389=CARTESIAN_POINT('',(-0.72423634936658,-3.24997099619704,3.17308677192935));
#8390=CARTESIAN_POINT('',(-1.37675075314917,-3.26760917077363,2.85885239666133));
#8391=CARTESIAN_POINT('',(-2.02926515693176,-3.28524734535023,2.5446180213933));
#8392=CARTESIAN_POINT('',(-2.48081913489722,-3.30288551992682,1.9783872427108));
#8393=CARTESIAN_POINT('',(-2.93237311286268,-3.32052369450342,1.41215646402829));
#8394=CARTESIAN_POINT('',(-3.09353086172884,-3.33816186908001,0.706078232014144));
#8395=CARTESIAN_POINT('',(-3.254688610595,-3.35580004365661,-1.1495217481458E-15));
#8396=CARTESIAN_POINT('',(-3.09353086172884,-3.3734382182332,-0.706078232014146));
#8397=CARTESIAN_POINT('',(-2.93237311286268,-3.39107639280979,-1.41215646402829));
#8398=CARTESIAN_POINT('',(-2.48081913489722,-3.40871456738639,-1.9783872427108));
#8399=CARTESIAN_POINT('',(-2.02926515693176,-3.42635274196298,-2.54461802139331));
#8400=CARTESIAN_POINT('',(-1.37675075314917,-3.44399091653958,-2.85885239666133));
#8401=CARTESIAN_POINT('',(-0.72423634936658,-3.46162909111617,-3.17308677192935));
#8402=CARTESIAN_POINT('',(-6.01627695876687E-16,-3.47926726569276,-3.17308677192935));
#8403=CARTESIAN_POINT('',(0.724236349366579,-3.49690544026936,-3.17308677192935));
#8404=CARTESIAN_POINT('',(1.37675075314917,-3.51454361484595,-2.85885239666133));
#8405=CARTESIAN_POINT('',(2.02926515693176,-3.53218178942255,-2.54461802139331));
#8406=CARTESIAN_POINT('',(2.48081913489722,-3.54981996399914,-1.9783872427108));
#8407=CARTESIAN_POINT('',(2.93237311286268,-3.56745813857574,-1.41215646402829));
#8408=CARTESIAN_POINT('',(3.09353086172884,-3.58509631315233,-0.706078232014147));
#8409=CARTESIAN_POINT('',(3.254688610595,-3.60273448772893,-2.05511076323165E-15));
#8410=CARTESIAN_POINT('',(3.09353086172884,-3.62037266230552,0.706078232014143));
#8411=CARTESIAN_POINT('',(2.93237311286268,-3.63801083688212,1.41215646402829));
#8412=CARTESIAN_POINT('',(2.48081913489722,-3.65564901145871,1.9783872427108));
#8413=CARTESIAN_POINT('',(2.02926515693176,-3.67328718603531,2.5446180213933));
#8414=CARTESIAN_POINT('',(1.37675075314917,-3.6909253606119,2.85885239666132));
#8415=CARTESIAN_POINT('',(0.72423634936658,-3.70856353518849,3.17308677192935));
#8416=CARTESIAN_POINT('',(-2.28156514470107E-16,-3.72620170976509,3.17308677192935));
#8417=CARTESIAN_POINT('',(-0.72423634936658,-3.74383988434168,3.17308677192935));
#8418=CARTESIAN_POINT('',(-1.37675075314917,-3.76147805891828,2.85885239666132));
#8419=CARTESIAN_POINT('',(-2.02926515693176,-3.77911623349487,2.5446180213933));
#8420=CARTESIAN_POINT('',(-2.48081913489722,-3.79675440807147,1.9783872427108));
#8421=CARTESIAN_POINT('',(-2.93237311286268,-3.81439258264806,1.41215646402829));
#8422=CARTESIAN_POINT('',(-3.09353086172884,-3.83203075722465,0.706078232014144));
#8423=CARTESIAN_POINT('',(-3.25468861059501,-3.84966893180125,-1.3663621826429E-15));
#8424=CARTESIAN_POINT('',(-3.09353086172884,-3.86730710637784,-0.706078232014147));
#8425=CARTESIAN_POINT('',(-2.93237311286268,-3.88494528095444,-1.41215646402829));
#8426=CARTESIAN_POINT('',(-2.48081913489722,-3.90258345553103,-1.9783872427108));
#8427=CARTESIAN_POINT('',(-2.02926515693176,-3.92022163010762,-2.54461802139331));
#8428=CARTESIAN_POINT('',(-1.37675075314917,-3.93785980468422,-2.85885239666133));
#8429=CARTESIAN_POINT('',(-0.72423634936658,-3.95549797926081,-3.17308677192935));
#8430=CARTESIAN_POINT('',(-6.31867444795543E-16,-3.97313615383741,-3.17308677192935));
#8431=CARTESIAN_POINT('',(0.724236349366579,-3.990774328414,-3.17308677192935));
#8432=CARTESIAN_POINT('',(1.37675075314917,-4.0084125029906,-2.85885239666133));
#8433=CARTESIAN_POINT('',(2.02926515693176,-4.02605067756719,-2.54461802139331));
#8434=CARTESIAN_POINT('',(2.48081913489722,-4.04368885214379,-1.9783872427108));
#8435=CARTESIAN_POINT('',(2.93237311286268,-4.06132702672038,-1.41215646402829));
#8436=CARTESIAN_POINT('',(3.09353086172884,-4.07896520129697,-0.706078232014148));
#8437=CARTESIAN_POINT('',(3.254688610595,-4.09660337587357,-2.27195119772875E-15));
#8438=CARTESIAN_POINT('',(3.09353086172884,-4.11424155045017,0.706078232014143));
#8439=CARTESIAN_POINT('',(2.93237311286268,-4.13187972502676,1.41215646402829));
#8440=CARTESIAN_POINT('',(2.48081913489722,-4.14951789960335,1.9783872427108));
#8441=CARTESIAN_POINT('',(2.02926515693176,-4.16715607417995,2.5446180213933));
#8442=CARTESIAN_POINT('',(1.37675075314917,-4.18479424875654,2.85885239666132));
#8443=CARTESIAN_POINT('',(0.72423634936658,-4.20243242333314,3.17308677192935));
#8444=CARTESIAN_POINT('',(-2.58396263388963E-16,-4.22007059790973,3.17308677192935));
#8445=CARTESIAN_POINT('',(-0.72423634936658,-4.23770877248633,3.17308677192935));
#8446=CARTESIAN_POINT('',(-1.37675075314917,-4.25534694706292,2.85885239666132));
#8447=CARTESIAN_POINT('',(-2.02926515693176,-4.27298512163952,2.5446180213933));
#8448=CARTESIAN_POINT('',(-2.48081913489722,-4.29062329621611,1.9783872427108));
#8449=CARTESIAN_POINT('',(-2.93237311286268,-4.3082614707927,1.41215646402829));
#8450=CARTESIAN_POINT('',(-3.09353086172884,-4.3258996453693,0.706078232014144));
#8451=CARTESIAN_POINT('',(-3.25468861059501,-4.34353781994589,-1.58320261714E-15));
#8452=CARTESIAN_POINT('',(-3.09353086172884,-4.36117599452249,-0.706078232014147));
#8453=CARTESIAN_POINT('',(-2.93237311286268,-4.37881416909908,-1.41215646402829));
#8454=CARTESIAN_POINT('',(-2.48081913489722,-4.39645234367567,-1.9783872427108));
#8455=CARTESIAN_POINT('',(-2.02926515693176,-4.41409051825227,-2.54461802139331));
#8456=CARTESIAN_POINT('',(-1.37675075314917,-4.43172869282886,-2.85885239666133));
#8457=CARTESIAN_POINT('',(-0.72423634936658,-4.44936686740546,-3.17308677192935));
#8458=CARTESIAN_POINT('',(-6.62107193714399E-16,-4.46700504198205,-3.17308677192935));
#8459=CARTESIAN_POINT('',(0.724236349366579,-4.48464321655864,-3.17308677192935));
#8460=CARTESIAN_POINT('',(1.37675075314917,-4.50228139113524,-2.85885239666133));
#8461=CARTESIAN_POINT('',(2.02926515693176,-4.51991956571183,-2.54461802139331));
#8462=CARTESIAN_POINT('',(2.48081913489722,-4.53755774028843,-1.9783872427108));
#8463=CARTESIAN_POINT('',(2.88153923690915,-4.55321029006218,-1.47590012828368));
#8464=CARTESIAN_POINT('',(3.05514079728483,-4.56901934376399,-0.857084809665203));
#8465=CARTESIAN_POINT('',(-2.57685179025254E-17,-0.420845732542442,3.5));
#8466=CARTESIAN_POINT('',(-0.798852160365524,-0.438483907119036,3.5));
#8467=CARTESIAN_POINT('',(-1.51859308691145,-0.45612208169563,3.15339103765847));
#8468=CARTESIAN_POINT('',(-2.23833401345738,-0.473760256272225,2.80678207531693));
#8469=CARTESIAN_POINT('',(-2.7364101886381,-0.491398430848819,2.18221430650557));
#8470=CARTESIAN_POINT('',(-3.23448636381882,-0.509036605425413,1.5576465376942));
#8471=CARTESIAN_POINT('',(-3.41224769263638,-0.526674780002007,0.7788232688471));
#8472=CARTESIAN_POINT('',(-3.59000902145394,-0.544312954578601,1.05435664204724E-16));
#8473=CARTESIAN_POINT('',(-3.41224769263638,-0.561951129155195,-0.7788232688471));
#8474=CARTESIAN_POINT('',(-3.23448636381882,-0.579589303731789,-1.5576465376942));
#8475=CARTESIAN_POINT('',(-2.7364101886381,-0.597227478308383,-2.18221430650557));
#8476=CARTESIAN_POINT('',(-2.23833401345738,-0.614865652884977,-2.80678207531693));
#8477=CARTESIAN_POINT('',(-1.51859308691145,-0.632503827461572,-3.15339103765846));
#8478=CARTESIAN_POINT('',(-0.798852160365525,-0.650142002038166,-3.5));
#8479=CARTESIAN_POINT('',(-4.69514772063527E-16,-0.66778017661476,-3.5));
#8480=CARTESIAN_POINT('',(0.798852160365524,-0.685418351191355,-3.5));
#8481=CARTESIAN_POINT('',(1.51859308691145,-0.703056525767949,-3.15339103765847));
#8482=CARTESIAN_POINT('',(2.23833401345738,-0.720694700344544,-2.80678207531693));
#8483=CARTESIAN_POINT('',(2.7364101886381,-0.738332874921139,-2.18221430650557));
#8484=CARTESIAN_POINT('',(3.23448636381882,-0.755971049497733,-1.5576465376942));
#8485=CARTESIAN_POINT('',(3.41224769263638,-0.773609224074328,-0.778823268847101));
#8486=CARTESIAN_POINT('',(3.59000902145394,-0.791247398650923,-8.82283164450563E-16));
#8487=CARTESIAN_POINT('',(3.41224769263638,-0.808885573227518,0.778823268847099));
#8488=CARTESIAN_POINT('',(3.23448636381883,-0.826523747804112,1.5576465376942));
#8489=CARTESIAN_POINT('',(2.7364101886381,-0.844161922380707,2.18221430650557));
#8490=CARTESIAN_POINT('',(2.23833401345738,-0.861800096957302,2.80678207531693));
#8491=CARTESIAN_POINT('',(1.51859308691145,-0.879438271533896,3.15339103765846));
#8492=CARTESIAN_POINT('',(0.798852160365525,-0.897076446110491,3.5));
#8493=CARTESIAN_POINT('',(-5.60082668213815E-17,-0.914714620687085,3.5));
#8494=CARTESIAN_POINT('',(-0.798852160365524,-0.932352795263679,3.5));
#8495=CARTESIAN_POINT('',(-1.51859308691145,-0.949990969840274,3.15339103765846));
#8496=CARTESIAN_POINT('',(-2.23833401345738,-0.967629144416868,2.80678207531693));
#8497=CARTESIAN_POINT('',(-2.7364101886381,-0.985267318993462,2.18221430650557));
#8498=CARTESIAN_POINT('',(-3.23448636381882,-1.00290549357006,1.5576465376942));
#8499=CARTESIAN_POINT('',(-3.41224769263638,-1.02054366814665,0.7788232688471));
#8500=CARTESIAN_POINT('',(-3.59000902145394,-1.03818184272324,-1.11404770292377E-16));
#8501=CARTESIAN_POINT('',(-3.41224769263638,-1.05582001729984,-0.7788232688471));
#8502=CARTESIAN_POINT('',(-3.23448636381882,-1.07345819187643,-1.5576465376942));
#8503=CARTESIAN_POINT('',(-2.7364101886381,-1.09109636645303,-2.18221430650557));
#8504=CARTESIAN_POINT('',(-2.23833401345738,-1.10873454102962,-2.80678207531693));
#8505=CARTESIAN_POINT('',(-1.51859308691145,-1.12637271560621,-3.15339103765847));
#8506=CARTESIAN_POINT('',(-0.798852160365525,-1.14401089018281,-3.5));
#8507=CARTESIAN_POINT('',(-4.99754520982383E-16,-1.1616490647594,-3.5));
#8508=CARTESIAN_POINT('',(0.798852160365524,-1.179287239336,-3.5));
#8509=CARTESIAN_POINT('',(1.51859308691145,-1.19692541391259,-3.15339103765847));
#8510=CARTESIAN_POINT('',(2.23833401345738,-1.21456358848919,-2.80678207531693));
#8511=CARTESIAN_POINT('',(2.7364101886381,-1.23220176306578,-2.18221430650557));
#8512=CARTESIAN_POINT('',(3.23448636381882,-1.24983993764238,-1.5576465376942));
#8513=CARTESIAN_POINT('',(3.41224769263638,-1.26747811221897,-0.778823268847101));
#8514=CARTESIAN_POINT('',(3.59000902145394,-1.28511628679557,-1.09912359894766E-15));
#8515=CARTESIAN_POINT('',(3.41224769263638,-1.30275446137216,0.778823268847099));
#8516=CARTESIAN_POINT('',(3.23448636381883,-1.32039263594876,1.5576465376942));
#8517=CARTESIAN_POINT('',(2.7364101886381,-1.33803081052535,2.18221430650557));
#8518=CARTESIAN_POINT('',(2.23833401345738,-1.35566898510194,2.80678207531693));
#8519=CARTESIAN_POINT('',(1.51859308691145,-1.37330715967854,3.15339103765846));
#8520=CARTESIAN_POINT('',(0.798852160365525,-1.39094533425513,3.5));
#8521=CARTESIAN_POINT('',(-8.62480157402376E-17,-1.40858350883173,3.5));
#8522=CARTESIAN_POINT('',(-0.798852160365524,-1.42622168340832,3.5));
#8523=CARTESIAN_POINT('',(-1.51859308691145,-1.44385985798492,3.15339103765846));
#8524=CARTESIAN_POINT('',(-2.23833401345738,-1.46149803256151,2.80678207531693));
#8525=CARTESIAN_POINT('',(-2.7364101886381,-1.47913620713811,2.18221430650557));
#8526=CARTESIAN_POINT('',(-3.23448636381882,-1.4967743817147,1.5576465376942));
#8527=CARTESIAN_POINT('',(-3.41224769263638,-1.51441255629129,0.7788232688471));
#8528=CARTESIAN_POINT('',(-3.59000902145394,-1.53205073086789,-3.28245204789477E-16));
#8529=CARTESIAN_POINT('',(-3.41224769263638,-1.54968890544448,-0.778823268847101));
#8530=CARTESIAN_POINT('',(-3.23448636381882,-1.56732708002108,-1.5576465376942));
#8531=CARTESIAN_POINT('',(-2.7364101886381,-1.58496525459767,-2.18221430650557));
#8532=CARTESIAN_POINT('',(-2.23833401345738,-1.60260342917426,-2.80678207531693));
#8533=CARTESIAN_POINT('',(-1.51859308691145,-1.62024160375086,-3.15339103765847));
#8534=CARTESIAN_POINT('',(-0.798852160365525,-1.63787977832745,-3.5));
#8535=CARTESIAN_POINT('',(-5.29994269901239E-16,-1.65551795290405,-3.5));
#8536=CARTESIAN_POINT('',(0.798852160365524,-1.67315612748064,-3.5));
#8537=CARTESIAN_POINT('',(1.51859308691145,-1.69079430205724,-3.15339103765847));
#8538=CARTESIAN_POINT('',(2.23833401345738,-1.70843247663383,-2.80678207531693));
#8539=CARTESIAN_POINT('',(2.7364101886381,-1.72607065121043,-2.18221430650557));
#8540=CARTESIAN_POINT('',(3.23448636381882,-1.74370882578702,-1.5576465376942));
#8541=CARTESIAN_POINT('',(3.41224769263638,-1.76134700036361,-0.778823268847101));
#8542=CARTESIAN_POINT('',(3.59000902145394,-1.77898517494021,-1.31596403344476E-15));
#8543=CARTESIAN_POINT('',(3.41224769263638,-1.7966233495168,0.778823268847099));
#8544=CARTESIAN_POINT('',(3.23448636381883,-1.8142615240934,1.5576465376942));
#8545=CARTESIAN_POINT('',(2.7364101886381,-1.83189969866999,2.18221430650557));
#8546=CARTESIAN_POINT('',(2.23833401345738,-1.84953787324659,2.80678207531693));
#8547=CARTESIAN_POINT('',(1.51859308691145,-1.86717604782318,3.15339103765846));
#8548=CARTESIAN_POINT('',(0.798852160365525,-1.88481422239978,3.5));
#8549=CARTESIAN_POINT('',(-1.16487764659094E-16,-1.90245239697637,3.5));
#8550=CARTESIAN_POINT('',(-0.798852160365524,-1.92009057155297,3.5));
#8551=CARTESIAN_POINT('',(-1.51859308691145,-1.93772874612956,3.15339103765846));
#8552=CARTESIAN_POINT('',(-2.23833401345738,-1.95536692070615,2.80678207531693));
#8553=CARTESIAN_POINT('',(-2.7364101886381,-1.97300509528275,2.18221430650557));
#8554=CARTESIAN_POINT('',(-3.23448636381882,-1.99064326985934,1.5576465376942));
#8555=CARTESIAN_POINT('',(-3.41224769263638,-2.00828144443594,0.778823268847099));
#8556=CARTESIAN_POINT('',(-3.59000902145394,-2.02591961901253,-5.45085639286578E-16));
#8557=CARTESIAN_POINT('',(-3.41224769263638,-2.04355779358912,-0.778823268847101));
#8558=CARTESIAN_POINT('',(-3.23448636381882,-2.06119596816572,-1.5576465376942));
#8559=CARTESIAN_POINT('',(-2.7364101886381,-2.07883414274231,-2.18221430650557));
#8560=CARTESIAN_POINT('',(-2.23833401345738,-2.09647231731891,-2.80678207531693));
#8561=CARTESIAN_POINT('',(-1.51859308691145,-2.1141104918955,-3.15339103765847));
#8562=CARTESIAN_POINT('',(-0.798852160365525,-2.1317486664721,-3.5));
#8563=CARTESIAN_POINT('',(-5.60234018820095E-16,-2.14938684104869,-3.5));
#8564=CARTESIAN_POINT('',(0.798852160365524,-2.16702501562528,-3.5));
#8565=CARTESIAN_POINT('',(1.51859308691145,-2.18466319020188,-3.15339103765847));
#8566=CARTESIAN_POINT('',(2.23833401345738,-2.20230136477847,-2.80678207531693));
#8567=CARTESIAN_POINT('',(2.7364101886381,-2.21993953935507,-2.18221430650557));
#8568=CARTESIAN_POINT('',(3.23448636381882,-2.23757771393166,-1.5576465376942));
#8569=CARTESIAN_POINT('',(3.41224769263638,-2.25521588850826,-0.778823268847102));
#8570=CARTESIAN_POINT('',(3.59000902145394,-2.27285406308485,-1.53280446794187E-15));
#8571=CARTESIAN_POINT('',(3.41224769263638,-2.29049223766145,0.778823268847098));
#8572=CARTESIAN_POINT('',(3.23448636381883,-2.30813041223804,1.5576465376942));
#8573=CARTESIAN_POINT('',(2.7364101886381,-2.32576858681464,2.18221430650557));
#8574=CARTESIAN_POINT('',(2.23833401345738,-2.34340676139123,2.80678207531693));
#8575=CARTESIAN_POINT('',(1.51859308691145,-2.36104493596783,3.15339103765846));
#8576=CARTESIAN_POINT('',(0.798852160365525,-2.37868311054442,3.5));
#8577=CARTESIAN_POINT('',(-1.4672751357795E-16,-2.39632128512101,3.5));
#8578=CARTESIAN_POINT('',(-0.798852160365524,-2.41395945969761,3.5));
#8579=CARTESIAN_POINT('',(-1.51859308691145,-2.4315976342742,3.15339103765846));
#8580=CARTESIAN_POINT('',(-2.23833401345738,-2.4492358088508,2.80678207531693));
#8581=CARTESIAN_POINT('',(-2.7364101886381,-2.46687398342739,2.18221430650557));
#8582=CARTESIAN_POINT('',(-3.23448636381882,-2.48451215800399,1.5576465376942));
#8583=CARTESIAN_POINT('',(-3.41224769263638,-2.50215033258058,0.778823268847099));
#8584=CARTESIAN_POINT('',(-3.59000902145394,-2.51978850715717,-7.61926073783679E-16));
#8585=CARTESIAN_POINT('',(-3.41224769263638,-2.53742668173377,-0.778823268847101));
#8586=CARTESIAN_POINT('',(-3.23448636381882,-2.55506485631036,-1.5576465376942));
#8587=CARTESIAN_POINT('',(-2.7364101886381,-2.57270303088696,-2.18221430650557));
#8588=CARTESIAN_POINT('',(-2.23833401345738,-2.59034120546355,-2.80678207531693));
#8589=CARTESIAN_POINT('',(-1.51859308691145,-2.60797938004014,-3.15339103765847));
#8590=CARTESIAN_POINT('',(-0.798852160365525,-2.62561755461674,-3.5));
#8591=CARTESIAN_POINT('',(-5.90473767738951E-16,-2.64325572919333,-3.5));
#8592=CARTESIAN_POINT('',(0.798852160365524,-2.66089390376993,-3.5));
#8593=CARTESIAN_POINT('',(1.51859308691145,-2.67853207834652,-3.15339103765847));
#8594=CARTESIAN_POINT('',(2.23833401345738,-2.69617025292312,-2.80678207531693));
#8595=CARTESIAN_POINT('',(2.7364101886381,-2.71380842749971,-2.18221430650557));
#8596=CARTESIAN_POINT('',(3.23448636381882,-2.73144660207631,-1.5576465376942));
#8597=CARTESIAN_POINT('',(3.41224769263638,-2.7490847766529,-0.778823268847102));
#8598=CARTESIAN_POINT('',(3.59000902145394,-2.7667229512295,-1.74964490243897E-15));
#8599=CARTESIAN_POINT('',(3.41224769263638,-2.78436112580609,0.778823268847098));
#8600=CARTESIAN_POINT('',(3.23448636381883,-2.80199930038268,1.5576465376942));
#8601=CARTESIAN_POINT('',(2.7364101886381,-2.81963747495928,2.18221430650557));
#8602=CARTESIAN_POINT('',(2.23833401345738,-2.83727564953587,2.80678207531693));
#8603=CARTESIAN_POINT('',(1.51859308691145,-2.85491382411247,3.15339103765846));
#8604=CARTESIAN_POINT('',(0.798852160365525,-2.87255199868906,3.5));
#8605=CARTESIAN_POINT('',(-1.76967262496806E-16,-2.89019017326566,3.5));
#8606=CARTESIAN_POINT('',(-0.798852160365524,-2.90782834784225,3.5));
#8607=CARTESIAN_POINT('',(-1.51859308691145,-2.92546652241885,3.15339103765846));
#8608=CARTESIAN_POINT('',(-2.23833401345738,-2.94310469699544,2.80678207531693));
#8609=CARTESIAN_POINT('',(-2.7364101886381,-2.96074287157203,2.18221430650557));
#8610=CARTESIAN_POINT('',(-3.23448636381882,-2.97838104614863,1.5576465376942));
#8611=CARTESIAN_POINT('',(-3.41224769263638,-2.99601922072522,0.778823268847099));
#8612=CARTESIAN_POINT('',(-3.59000902145394,-3.01365739530182,-9.7876650828078E-16));
#8613=CARTESIAN_POINT('',(-3.41224769263638,-3.03129556987841,-0.778823268847101));
#8614=CARTESIAN_POINT('',(-3.23448636381882,-3.048933744455,-1.5576465376942));
#8615=CARTESIAN_POINT('',(-2.7364101886381,-3.0665719190316,-2.18221430650557));
#8616=CARTESIAN_POINT('',(-2.23833401345738,-3.08421009360819,-2.80678207531693));
#8617=CARTESIAN_POINT('',(-1.51859308691145,-3.10184826818479,-3.15339103765847));
#8618=CARTESIAN_POINT('',(-0.798852160365525,-3.11948644276138,-3.5));
#8619=CARTESIAN_POINT('',(-6.20713516657807E-16,-3.13712461733798,-3.5));
#8620=CARTESIAN_POINT('',(0.798852160365524,-3.15476279191457,-3.5));
#8621=CARTESIAN_POINT('',(1.51859308691145,-3.17240096649116,-3.15339103765847));
#8622=CARTESIAN_POINT('',(2.23833401345738,-3.19003914106776,-2.80678207531693));
#8623=CARTESIAN_POINT('',(2.7364101886381,-3.20767731564435,-2.18221430650557));
#8624=CARTESIAN_POINT('',(3.23448636381882,-3.22531549022095,-1.5576465376942));
#8625=CARTESIAN_POINT('',(3.41224769263638,-3.24295366479754,-0.778823268847102));
#8626=CARTESIAN_POINT('',(3.59000902145394,-3.26059183937414,-1.96648533693607E-15));
#8627=CARTESIAN_POINT('',(3.41224769263638,-3.27823001395073,0.778823268847098));
#8628=CARTESIAN_POINT('',(3.23448636381883,-3.29586818852733,1.5576465376942));
#8629=CARTESIAN_POINT('',(2.7364101886381,-3.31350636310392,2.18221430650556));
#8630=CARTESIAN_POINT('',(2.23833401345738,-3.33114453768052,2.80678207531693));
#8631=CARTESIAN_POINT('',(1.51859308691145,-3.34878271225711,3.15339103765846));
#8632=CARTESIAN_POINT('',(0.798852160365525,-3.36642088683371,3.5));
#8633=CARTESIAN_POINT('',(-2.07207011415662E-16,-3.3840590614103,3.5));
#8634=CARTESIAN_POINT('',(-0.798852160365525,-3.40169723598689,3.5));
#8635=CARTESIAN_POINT('',(-1.51859308691145,-3.41933541056349,3.15339103765846));
#8636=CARTESIAN_POINT('',(-2.23833401345738,-3.43697358514008,2.80678207531693));
#8637=CARTESIAN_POINT('',(-2.7364101886381,-3.45461175971668,2.18221430650557));
#8638=CARTESIAN_POINT('',(-3.23448636381882,-3.47224993429327,1.5576465376942));
#8639=CARTESIAN_POINT('',(-3.41224769263638,-3.48988810886987,0.778823268847099));
#8640=CARTESIAN_POINT('',(-3.59000902145394,-3.50752628344646,-1.19560694277788E-15));
#8641=CARTESIAN_POINT('',(-3.41224769263638,-3.52516445802305,-0.778823268847101));
#8642=CARTESIAN_POINT('',(-3.23448636381882,-3.54280263259965,-1.5576465376942));
#8643=CARTESIAN_POINT('',(-2.7364101886381,-3.56044080717624,-2.18221430650557));
#8644=CARTESIAN_POINT('',(-2.23833401345738,-3.57807898175284,-2.80678207531693));
#8645=CARTESIAN_POINT('',(-1.51859308691145,-3.59571715632943,-3.15339103765847));
#8646=CARTESIAN_POINT('',(-0.798852160365525,-3.61335533090602,-3.5));
#8647=CARTESIAN_POINT('',(-6.50953265576663E-16,-3.63099350548262,-3.5));
#8648=CARTESIAN_POINT('',(0.798852160365524,-3.64863168005921,-3.5));
#8649=CARTESIAN_POINT('',(1.51859308691145,-3.66626985463581,-3.15339103765847));
#8650=CARTESIAN_POINT('',(2.23833401345738,-3.6839080292124,-2.80678207531693));
#8651=CARTESIAN_POINT('',(2.7364101886381,-3.701546203789,-2.18221430650557));
#8652=CARTESIAN_POINT('',(3.23448636381882,-3.71918437836559,-1.5576465376942));
#8653=CARTESIAN_POINT('',(3.41224769263638,-3.73682255294219,-0.778823268847102));
#8654=CARTESIAN_POINT('',(3.59000902145394,-3.75446072751878,-2.18332577143317E-15));
#8655=CARTESIAN_POINT('',(3.41224769263638,-3.77209890209538,0.778823268847098));
#8656=CARTESIAN_POINT('',(3.23448636381883,-3.78973707667197,1.5576465376942));
#8657=CARTESIAN_POINT('',(2.7364101886381,-3.80737525124857,2.18221430650556));
#8658=CARTESIAN_POINT('',(2.23833401345738,-3.82501342582516,2.80678207531693));
#8659=CARTESIAN_POINT('',(1.51859308691145,-3.84265160040175,3.15339103765846));
#8660=CARTESIAN_POINT('',(0.798852160365525,-3.86028977497835,3.5));
#8661=CARTESIAN_POINT('',(-2.37446760334518E-16,-3.87792794955494,3.5));
#8662=CARTESIAN_POINT('',(-0.798852160365525,-3.89556612413154,3.5));
#8663=CARTESIAN_POINT('',(-1.51859308691145,-3.91320429870813,3.15339103765846));
#8664=CARTESIAN_POINT('',(-2.23833401345738,-3.93084247328473,2.80678207531693));
#8665=CARTESIAN_POINT('',(-2.7364101886381,-3.94848064786132,2.18221430650557));
#8666=CARTESIAN_POINT('',(-3.23448636381883,-3.96611882243791,1.5576465376942));
#8667=CARTESIAN_POINT('',(-3.41224769263638,-3.98375699701451,0.778823268847099));
#8668=CARTESIAN_POINT('',(-3.59000902145394,-4.0013951715911,-1.41244737727498E-15));
#8669=CARTESIAN_POINT('',(-3.41224769263638,-4.0190333461677,-0.778823268847102));
#8670=CARTESIAN_POINT('',(-3.23448636381883,-4.03667152074429,-1.5576465376942));
#8671=CARTESIAN_POINT('',(-2.7364101886381,-4.05430969532089,-2.18221430650557));
#8672=CARTESIAN_POINT('',(-2.23833401345738,-4.07194786989748,-2.80678207531693));
#8673=CARTESIAN_POINT('',(-1.51859308691145,-4.08958604447407,-3.15339103765847));
#8674=CARTESIAN_POINT('',(-0.798852160365525,-4.10722421905067,-3.5));
#8675=CARTESIAN_POINT('',(-6.8119301449552E-16,-4.12486239362726,-3.5));
#8676=CARTESIAN_POINT('',(0.798852160365524,-4.14250056820386,-3.5));
#8677=CARTESIAN_POINT('',(1.51859308691145,-4.16013874278045,-3.15339103765847));
#8678=CARTESIAN_POINT('',(2.23833401345738,-4.17777691735705,-2.80678207531694));
#8679=CARTESIAN_POINT('',(2.7364101886381,-4.19541509193364,-2.18221430650557));
#8680=CARTESIAN_POINT('',(3.23448636381882,-4.21305326651024,-1.5576465376942));
#8681=CARTESIAN_POINT('',(3.41224769263638,-4.23069144108683,-0.778823268847102));
#8682=CARTESIAN_POINT('',(3.59000902145394,-4.24832961566343,-2.40016620593027E-15));
#8683=CARTESIAN_POINT('',(3.41224769263638,-4.26596779024002,0.778823268847098));
#8684=CARTESIAN_POINT('',(3.23448636381882,-4.28360596481661,1.5576465376942));
#8685=CARTESIAN_POINT('',(2.7364101886381,-4.30124413939321,2.18221430650556));
#8686=CARTESIAN_POINT('',(2.23833401345738,-4.3188823139698,2.80678207531693));
#8687=CARTESIAN_POINT('',(1.51859308691145,-4.3365204885464,3.15339103765846));
#8688=CARTESIAN_POINT('',(0.798852160365525,-4.35415866312299,3.5));
#8689=CARTESIAN_POINT('',(-2.67686509253375E-16,-4.37179683769959,3.5));
#8690=CARTESIAN_POINT('',(-0.798852160365525,-4.38943501227618,3.5));
#8691=CARTESIAN_POINT('',(-1.51859308691145,-4.40707318685278,3.15339103765846));
#8692=CARTESIAN_POINT('',(-2.23833401345738,-4.42471136142937,2.80678207531693));
#8693=CARTESIAN_POINT('',(-2.7364101886381,-4.44234953600596,2.18221430650557));
#8694=CARTESIAN_POINT('',(-3.23448636381883,-4.45998771058256,1.5576465376942));
#8695=CARTESIAN_POINT('',(-3.41224769263638,-4.47762588515915,0.778823268847098));
#8696=CARTESIAN_POINT('',(-3.59000902145394,-4.49526405973575,-1.62928781177208E-15));
#8697=CARTESIAN_POINT('',(-3.41224769263638,-4.51290223431234,-0.778823268847102));
#8698=CARTESIAN_POINT('',(-3.23448636381883,-4.53054040888893,-1.5576465376942));
#8699=CARTESIAN_POINT('',(-2.7364101886381,-4.54817858346553,-2.18221430650557));
#8700=CARTESIAN_POINT('',(-2.23833401345738,-4.56581675804212,-2.80678207531693));
#8701=CARTESIAN_POINT('',(-1.51859308691145,-4.58345493261872,-3.15339103765847));
#8702=CARTESIAN_POINT('',(-0.798852160365525,-4.60109310719531,-3.5));
#8703=CARTESIAN_POINT('',(-7.11432763414376E-16,-4.61873128177191,-3.5));
#8704=CARTESIAN_POINT('',(0.798852160365524,-4.6363694563485,-3.5));
#8705=CARTESIAN_POINT('',(1.51859308691145,-4.6540076309251,-3.15339103765847));
#8706=CARTESIAN_POINT('',(2.23833401345738,-4.67164580550169,-2.80678207531694));
#8707=CARTESIAN_POINT('',(2.7364101886381,-4.68928398007828,-2.18221430650557));
#8708=CARTESIAN_POINT('',(3.17841523225971,-4.70493652985203,-1.6279575127572));
#8709=CARTESIAN_POINT('',(3.36990241965403,-4.72074558355385,-0.945387582957345));
#8710=CARTESIAN_POINT('',(-1.64782720381137E-17,-0.269119492752587,3.17308677192935));
#8711=CARTESIAN_POINT('',(0.,0.,0.));
#8712=CARTESIAN_POINT('',(0.900894384351195,0.786368828119107,-6.29824728993071));
#8713=CARTESIAN_POINT('',(0.900894384351195,0.786368828119106,-5.7220717843123));
#8714=CARTESIAN_POINT('',(0.900894384351195,0.786368828119107,-6.52796387002968));
#8715=CARTESIAN_POINT('',(0.900894384351195,0.786368828119107,-6.52796387002968));
#8716=CARTESIAN_POINT('',(-0.900894384351195,0.786368828119107,-6.52796387002968));
#8717=CARTESIAN_POINT('',(-0.900894384351195,0.786368828119107,-6.29824728993071));
#8718=CARTESIAN_POINT('',(0.900894384351195,0.,0.));
#8719=CARTESIAN_POINT('',(0.900894384351195,-0.685897850381116,-5.7220717843123));
#8720=CARTESIAN_POINT('',(0.900894384351195,-0.685897850381116,-5.7220717843123));
#8721=CARTESIAN_POINT('',(0.900894384351195,-0.685897850381116,-6.52796387002968));
#8722=CARTESIAN_POINT('',(0.900894384351195,-0.685897850381116,-6.52796387002968));
#8723=CARTESIAN_POINT('',(0.900894384351195,0.786368828119107,-6.52796387002968));
#8724=CARTESIAN_POINT('',(-0.900894384351195,0.,0.));
#8725=CARTESIAN_POINT('',(-0.900894384351195,0.786368828119107,-6.52796387002968));
#8726=CARTESIAN_POINT('',(-0.900894384351195,-0.685897850381116,-6.52796387002968));
#8727=CARTESIAN_POINT('',(-0.900894384351195,-0.685897850381116,-6.52796387002968));
#8728=CARTESIAN_POINT('',(-0.900894384351195,-0.685897850381116,-5.7220717843123));
#8729=CARTESIAN_POINT('',(-0.900894384351195,-0.685897850381116,-5.7220717843123));
#8730=CARTESIAN_POINT('',(0.900894384351195,-0.685897850381116,-6.52796387002968));
#8731=CARTESIAN_POINT('',(0.900894384351195,-0.685897850381116,-6.52796387002968));
#8732=CARTESIAN_POINT('',(0.900894384351195,-0.685897850381116,-5.7220717843123));
#8733=CARTESIAN_POINT('',(0.900894384351195,-0.685897850381116,-5.7220717843123));
#8734=CARTESIAN_POINT('',(0.900894384351195,0.786368828119107,-6.52796387002968));
#8735=CARTESIAN_POINT('',(4.08816476048676,7.5112544111251,-4.3125495690276));
#8736=CARTESIAN_POINT('',(1.83637344978354,7.5112544111251,-4.3125495690276));
#8737=CARTESIAN_POINT('',(4.08816476048676,7.96915536574815,4.4972024135368));
#8738=CARTESIAN_POINT('',(-1.83637344978353,7.5112544111251,4.4972024135368));
#8739=CARTESIAN_POINT('',(-4.08816476048676,7.96915536574815,4.4972024135368));
#8740=CARTESIAN_POINT('',(4.08816476048676,0.,0.));
#8741=CARTESIAN_POINT('',(4.08816476048676,9.60635283741579,1.5));
#8742=CARTESIAN_POINT('',(-4.08816476048676,0.,0.));
#8743=CARTESIAN_POINT('',(-4.08816476048676,9.60635283741579,1.5));
#8744=CARTESIAN_POINT('',(4.08816476048676,9.60635283741579,1.5));
#8745=CARTESIAN_POINT('',(4.08816476048676,9.60635283741579,-1.5));
#8746=CARTESIAN_POINT('',(4.08816476048676,9.60635283741579,1.5));
#8747=CARTESIAN_POINT('',(4.08816476048676,9.90780006516028,0.5));
#8748=CARTESIAN_POINT('',(4.08816476048676,10.6839354304407,0.5));
#8749=CARTESIAN_POINT('',(4.08816476048676,10.6839354304407,0.5));
#8750=CARTESIAN_POINT('',(4.08816476048676,10.6839354304407,-0.5));
#8751=CARTESIAN_POINT('',(4.08816476048676,9.90780006516028,-0.5));
#8752=CARTESIAN_POINT('',(4.75,8.0112544111251,1.5));
#8753=CARTESIAN_POINT('',(4.75,8.0112544111251,-1.5));
#8754=CARTESIAN_POINT('',(4.75,8.0112544111251,-1.5));
#8755=CARTESIAN_POINT('',(4.75,8.0112544111251,1.5));
#8756=CARTESIAN_POINT('',(4.75,8.0112544111251,1.5));
#8757=CARTESIAN_POINT('',(4.75,8.0112544111251,1.5));
#8758=CARTESIAN_POINT('',(4.25,8.0112544111251,1.5));
#8759=CARTESIAN_POINT('',(4.25,8.0112544111251,-1.5));
#8760=CARTESIAN_POINT('',(4.25,8.0112544111251,1.5));
#8761=CARTESIAN_POINT('',(4.25,8.0112544111251,1.5));
#8762=CARTESIAN_POINT('',(4.25,8.0112544111251,-1.5));
#8763=CARTESIAN_POINT('',(-4.08816476048676,9.60635283741579,1.5));
#8764=CARTESIAN_POINT('',(-4.08816476048676,9.60635283741579,-1.5));
#8765=CARTESIAN_POINT('',(-4.08816476048676,9.90780006516028,-1.5));
#8766=CARTESIAN_POINT('',(-4.08816476048676,9.90780006516028,1.5));
#8767=CARTESIAN_POINT('',(-4.08816476048676,9.90780006516028,-0.5));
#8768=CARTESIAN_POINT('',(-4.08816476048676,9.90780006516028,-0.5));
#8769=CARTESIAN_POINT('',(-4.08816476048676,10.6839354304407,-0.5));
#8770=CARTESIAN_POINT('',(-4.08816476048676,10.6839354304407,0.5));
#8771=CARTESIAN_POINT('',(-4.08816476048676,10.6839354304407,0.5));
#8772=CARTESIAN_POINT('',(-4.08816476048676,9.90780006516028,0.5));
#8773=CARTESIAN_POINT('',(-4.08816476048676,9.90780006516028,0.5));
#8774=CARTESIAN_POINT('',(-4.08816476048676,9.90780006516028,1.5));
#8775=CARTESIAN_POINT('',(-4.08816476048676,9.90780006516028,1.5));
#8776=CARTESIAN_POINT('',(-4.08816476048676,9.60635283741579,1.5));
#8777=CARTESIAN_POINT('',(-4.25,8.0112544111251,1.5));
#8778=CARTESIAN_POINT('',(-4.25,8.0112544111251,-1.5));
#8779=CARTESIAN_POINT('',(-4.75,8.0112544111251,-1.5));
#8780=CARTESIAN_POINT('',(-4.25,8.0112544111251,1.5));
#8781=CARTESIAN_POINT('',(-4.75,8.0112544111251,1.5));
#8782=CARTESIAN_POINT('',(-4.75,8.0112544111251,1.5));
#8783=CARTESIAN_POINT('',(-4.75,8.0112544111251,1.5));
#8784=CARTESIAN_POINT('',(-4.75,8.0112544111251,-1.5));
#8785=CARTESIAN_POINT('',(-4.75,9.90780006516028,-1.5));
#8786=CARTESIAN_POINT('',(-4.75,8.0112544111251,1.5));
#8787=CARTESIAN_POINT('',(-4.75,9.90780006516028,1.5));
#8788=CARTESIAN_POINT('',(-4.75,9.90780006516028,1.5));
#8789=CARTESIAN_POINT('',(-4.75,9.90780006516028,1.5));
#8790=CARTESIAN_POINT('',(-4.74816476048676,9.90780006516028,-0.5));
#8791=CARTESIAN_POINT('',(-4.74816476048676,9.90780006516028,-0.5));
#8792=CARTESIAN_POINT('',(-4.75,9.90780006516028,-1.5));
#8793=CARTESIAN_POINT('',(-4.75,9.90780006516028,1.5));
#8794=CARTESIAN_POINT('',(-4.74816476048676,9.90780006516028,0.5));
#8795=CARTESIAN_POINT('',(-4.74816476048676,9.90780006516028,0.5));
#8796=CARTESIAN_POINT('',(-4.74816476048676,9.90780006516028,0.5));
#8797=CARTESIAN_POINT('',(-4.25,8.0112544111251,1.5));
#8798=CARTESIAN_POINT('',(-4.25,8.0112544111251,-1.5));
#8799=CARTESIAN_POINT('',(1.83637344978354,7.96915536574815,3.91962234394212));
#8800=CARTESIAN_POINT('',(1.65317319681365,7.96915536574815,3.91962234394212));
#8801=CARTESIAN_POINT('',(1.83637344978354,7.96915536574815,3.91962234394212));
#8802=CARTESIAN_POINT('',(1.83637344978353,0.,0.));
#8803=CARTESIAN_POINT('',(-1.83637344978353,0.,0.));
#8804=CARTESIAN_POINT('',(1.83637344978354,7.96915536574815,-3.73496949943293));
#8805=CARTESIAN_POINT('',(-1.65317319681365,7.96915536574815,-3.73496949943293));
#8806=CARTESIAN_POINT('',(-1.83637344978353,7.96915536574815,-3.73496949943293));
#8807=CARTESIAN_POINT('',(1.83637344978353,0.,0.));
#8808=CARTESIAN_POINT('',(-1.83637344978353,0.,0.));
#8809=CARTESIAN_POINT('',(1.65317319681365,7.93523329306673,-4.36550264642671));
#8810=CARTESIAN_POINT('',(-1.65317319681365,7.93523329306673,-4.36550264642671));
#8811=CARTESIAN_POINT('',(-1.65317319681365,10.,-4.36550264642671));
#8812=CARTESIAN_POINT('',(-1.65317319681365,7.93523329306673,-4.36550264642671));
#8813=CARTESIAN_POINT('',(1.65317319681365,10.,-4.36550264642671));
#8814=CARTESIAN_POINT('',(1.65317319681365,10.,-4.36550264642671));
#8815=CARTESIAN_POINT('',(1.65317319681365,7.93523329306673,-4.36550264642671));
#8816=CARTESIAN_POINT('',(1.65317319681365,7.93523329306673,-4.36550264642671));
#8817=CARTESIAN_POINT('',(1.65317319681365,7.93523329306673,-4.36550264642671));
#8818=CARTESIAN_POINT('',(1.65317319681365,7.93523329306673,-3.94152376448509));
#8819=CARTESIAN_POINT('',(-1.65317319681365,7.93523329306673,-3.94152376448509));
#8820=CARTESIAN_POINT('',(1.65317319681365,7.93523329306673,-3.94152376448509));
#8821=CARTESIAN_POINT('',(1.65317319681365,10.,-3.85015962142203));
#8822=CARTESIAN_POINT('',(-1.65317319681365,10.,-3.85015962142203));
#8823=CARTESIAN_POINT('',(-1.65317319681365,10.,-3.85015962142203));
#8824=CARTESIAN_POINT('',(1.65317319681365,10.,-3.85015962142203));
#8825=CARTESIAN_POINT('',(1.65317319681365,10.,-3.85015962142203));
#8826=CARTESIAN_POINT('',(1.65317319681365,10.,-3.85015962142203));
#8827=CARTESIAN_POINT('',(1.65317319681365,10.,-4.36550264642671));
#8828=CARTESIAN_POINT('',(-1.65317319681365,10.,-4.36550264642671));
#8829=CARTESIAN_POINT('',(1.65317319681365,10.,-4.36550264642671));
#8830=CARTESIAN_POINT('',(1.65317319681365,7.93523329306673,-3.94152376448509));
#8831=CARTESIAN_POINT('',(-1.65317319681365,7.93523329306673,-3.94152376448509));
#8832=CARTESIAN_POINT('',(1.65317319681365,7.9051069007493,4.15630300131171));
#8833=CARTESIAN_POINT('',(-1.65317319681365,7.9051069007493,4.15630300131171));
#8834=CARTESIAN_POINT('',(-1.65317319681365,7.9051069007493,4.55015549093591));
#8835=CARTESIAN_POINT('',(1.65317319681365,7.9051069007493,4.15630300131171));
#8836=CARTESIAN_POINT('',(1.65317319681365,7.9051069007493,4.55015549093591));
#8837=CARTESIAN_POINT('',(1.65317319681365,7.9051069007493,4.55015549093591));
#8838=CARTESIAN_POINT('',(1.65317319681365,7.9051069007493,4.55015549093591));
#8839=CARTESIAN_POINT('',(-1.65317319681365,7.9051069007493,4.55015549093591));
#8840=CARTESIAN_POINT('',(-1.65317319681365,10.,4.55015549093591));
#8841=CARTESIAN_POINT('',(1.65317319681365,7.9051069007493,4.55015549093591));
#8842=CARTESIAN_POINT('',(1.65317319681365,10.,4.55015549093591));
#8843=CARTESIAN_POINT('',(1.65317319681365,10.,4.55015549093591));
#8844=CARTESIAN_POINT('',(1.65317319681365,10.,4.55015549093591));
#8845=CARTESIAN_POINT('',(-1.65317319681365,10.,4.55015549093591));
#8846=CARTESIAN_POINT('',(-1.65317319681365,10.,4.03481246593122));
#8847=CARTESIAN_POINT('',(1.65317319681365,10.,4.55015549093591));
#8848=CARTESIAN_POINT('',(1.65317319681365,10.,4.03481246593122));
#8849=CARTESIAN_POINT('',(1.65317319681365,10.,4.03481246593122));
#8850=CARTESIAN_POINT('',(1.65317319681365,10.,4.03481246593122));
#8851=CARTESIAN_POINT('',(-1.65317319681365,10.,4.03481246593122));
#8852=CARTESIAN_POINT('',(1.65317319681365,10.,4.03481246593122));
#8853=CARTESIAN_POINT('',(1.65317319681365,7.9051069007493,4.15630300131171));
#8854=CARTESIAN_POINT('',(-1.65317319681365,7.9051069007493,4.15630300131171));
#8855=CARTESIAN_POINT('',(-4.74816476048676,9.90780006516028,0.5));
#8856=CARTESIAN_POINT('',(-4.74816476048676,9.90780006516028,0.5));
#8857=CARTESIAN_POINT('',(-4.74816476048676,10.2828118787434,0.5));
#8858=CARTESIAN_POINT('',(-4.74816476048676,10.2828118787434,-0.5));
#8859=CARTESIAN_POINT('',(-4.74816476048676,10.2828118787434,-0.5));
#8860=CARTESIAN_POINT('',(-4.74816476048676,9.90780006516028,-0.5));
#8861=CARTESIAN_POINT('',(-4.74816476048676,10.5600901154797,0.5));
#8862=CARTESIAN_POINT('',(-4.74816476048676,10.5600901154797,-0.5));
#8863=CARTESIAN_POINT('',(-4.96346619354732,10.7348142222587,-0.5));
#8864=CARTESIAN_POINT('',(-5.15107636020984,10.8870659668327,-0.5));
#8865=CARTESIAN_POINT('',(-4.96346619354732,10.7348142222587,0.5));
#8866=CARTESIAN_POINT('',(-4.96346619354732,10.7348142222587,0.5));
#8867=CARTESIAN_POINT('',(-4.74816476048676,10.5600901154797,0.5));
#8868=CARTESIAN_POINT('',(-5.15107636020984,10.8870659668327,0.5));
#8869=CARTESIAN_POINT('',(-5.15107636020984,10.8870659668327,0.5));
#8870=CARTESIAN_POINT('',(-4.48312796524884,11.7101364022567,0.5));
#8871=CARTESIAN_POINT('',(-4.48312796524884,11.7101364022567,-0.5));
#8872=CARTESIAN_POINT('',(-5.54312796524884,11.7101364022567,-0.5));
#8873=CARTESIAN_POINT('',(-4.48312796524884,11.7101364022567,0.5));
#8874=CARTESIAN_POINT('',(-5.54312796524884,11.7101364022567,0.5));
#8875=CARTESIAN_POINT('',(-5.54312796524884,11.7101364022567,0.5));
#8876=CARTESIAN_POINT('',(-5.54312796524884,11.7101364022567,0.5));
#8877=CARTESIAN_POINT('',(-5.54312796524884,11.7101364022567,-0.5));
#8878=CARTESIAN_POINT('',(-5.54312796524884,12.1866267726088,-0.5));
#8879=CARTESIAN_POINT('',(-5.54312796524884,11.7101364022567,0.5));
#8880=CARTESIAN_POINT('',(-5.54312796524884,12.1866267726088,0.5));
#8881=CARTESIAN_POINT('',(-5.54312796524884,12.1866267726088,0.5));
#8882=CARTESIAN_POINT('',(-4.48312796524884,12.1866267726088,0.5));
#8883=CARTESIAN_POINT('',(-4.48312796524884,12.1866267726088,-0.5));
#8884=CARTESIAN_POINT('',(-5.12816397751381,13.0277739314826,-0.5));
#8885=CARTESIAN_POINT('',(-4.48312796524884,12.1866267726088,0.5));
#8886=CARTESIAN_POINT('',(-5.12816397751381,13.0277739314826,0.5));
#8887=CARTESIAN_POINT('',(-5.12816397751381,13.0277739314826,0.5));
#8888=CARTESIAN_POINT('',(-5.12816397751381,13.0277739314826,0.5));
#8889=CARTESIAN_POINT('',(-4.48979095680269,13.5173120381896,0.5));
#8890=CARTESIAN_POINT('',(-4.48979095680269,13.5173120381896,0.0237232582746732));
#8891=CARTESIAN_POINT('',(-4.48979095680269,13.5173120381896,-0.0237232582746731));
#8892=CARTESIAN_POINT('',(-4.86773324750069,13.2274859530792,-0.0237232582746732));
#8893=CARTESIAN_POINT('',(-4.86773324750069,13.2274859530792,-0.5));
#8894=CARTESIAN_POINT('',(-5.12816397751381,13.0277739314826,-0.5));
#8895=CARTESIAN_POINT('',(-5.12816397751381,13.0277739314826,0.5));
#8896=CARTESIAN_POINT('',(-4.86773324750069,13.2274859530792,0.5));
#8897=CARTESIAN_POINT('',(-4.86773324750069,13.2274859530792,0.0237232582746732));
#8898=CARTESIAN_POINT('',(-4.48979095680269,13.5173120381896,0.5));
#8899=CARTESIAN_POINT('',(-4.08816476048676,12.9935789015324,0.5));
#8900=CARTESIAN_POINT('',(-4.08816476048676,12.9935789015324,0.0237232582746732));
#8901=CARTESIAN_POINT('',(-4.08816476048676,12.9935789015324,-0.0237232582746731));
#8902=CARTESIAN_POINT('',(-4.48979095680269,13.5173120381896,-0.0237232582746731));
#8903=CARTESIAN_POINT('',(-4.08816476048676,12.9935789015324,0.0237232582746732));
#8904=CARTESIAN_POINT('',(-4.72653778119789,12.5040407948253,0.5));
#8905=CARTESIAN_POINT('',(-4.72653778119789,12.5040407948253,-0.5));
#8906=CARTESIAN_POINT('',(-4.46610705118476,12.703752816422,-0.5));
#8907=CARTESIAN_POINT('',(-4.72653778119789,12.5040407948253,-0.5));
#8908=CARTESIAN_POINT('',(-4.46610705118476,12.703752816422,-0.0237232582746732));
#8909=CARTESIAN_POINT('',(-4.46610705118476,12.703752816422,0.0237232582746732));
#8910=CARTESIAN_POINT('',(-4.46610705118476,12.703752816422,0.5));
#8911=CARTESIAN_POINT('',(-4.72653778119789,12.5040407948253,0.5));
#8912=CARTESIAN_POINT('',(-4.72653778119789,12.5040407948253,0.5));
#8913=CARTESIAN_POINT('',(-4.72653778119789,12.5040407948253,0.5));
#8914=CARTESIAN_POINT('',(-4.48312796524884,12.1866267726088,0.5));
#8915=CARTESIAN_POINT('',(-4.48312796524884,12.1866267726088,-0.5));
#8916=CARTESIAN_POINT('',(-4.88312796524884,12.1866267726088,-0.5));
#8917=CARTESIAN_POINT('',(-4.48312796524884,12.1866267726088,0.5));
#8918=CARTESIAN_POINT('',(-4.88312796524884,12.1866267726088,0.5));
#8919=CARTESIAN_POINT('',(-4.88312796524884,12.1866267726088,0.5));
#8920=CARTESIAN_POINT('',(-4.88312796524884,11.7101364022567,0.5));
#8921=CARTESIAN_POINT('',(-4.88312796524884,11.7101364022567,-0.5));
#8922=CARTESIAN_POINT('',(-4.88312796524884,11.7101364022567,-0.5));
#8923=CARTESIAN_POINT('',(-4.88312796524884,11.7101364022567,0.5));
#8924=CARTESIAN_POINT('',(-4.88312796524884,11.7101364022567,0.5));
#8925=CARTESIAN_POINT('',(-4.88312796524884,11.7101364022567,0.5));
#8926=CARTESIAN_POINT('',(-4.48312796524884,11.7101364022567,0.5));
#8927=CARTESIAN_POINT('',(-4.48312796524884,11.7101364022567,-0.5));
#8928=CARTESIAN_POINT('',(-4.73518396334733,11.3995437851155,-0.5));
#8929=CARTESIAN_POINT('',(-4.48312796524884,11.7101364022567,0.5));
#8930=CARTESIAN_POINT('',(-4.73518396334733,11.3995437851155,0.5));
#8931=CARTESIAN_POINT('',(-4.73518396334733,11.3995437851155,0.5));
#8932=CARTESIAN_POINT('',(-4.23610876238827,10.9945280475818,0.5));
#8933=CARTESIAN_POINT('',(-4.23610876238827,10.9945280475818,-0.5));
#8934=CARTESIAN_POINT('',(-4.23610876238827,10.9945280475818,-0.5));
#8935=CARTESIAN_POINT('',(-4.23610876238827,10.9945280475818,0.5));
#8936=CARTESIAN_POINT('',(-4.23610876238827,10.9945280475818,0.5));
#8937=CARTESIAN_POINT('',(-4.23610876238827,10.9945280475818,0.5));
#8938=CARTESIAN_POINT('',(-4.48816476048676,10.6839354304407,0.5));
#8939=CARTESIAN_POINT('',(-4.48816476048676,10.6839354304407,-0.5));
#8940=CARTESIAN_POINT('',(-4.48816476048676,10.6839354304407,0.5));
#8941=CARTESIAN_POINT('',(-4.48312796524884,11.7101364022567,0.5));
#8942=CARTESIAN_POINT('',(-4.86773324750069,13.2274859530792,0.5));
#8943=CARTESIAN_POINT('',(-5.33028077815105,10.2828118787434,0.5));
#8944=CARTESIAN_POINT('',(-4.48312796524884,11.7101364022567,-0.5));
#8945=CARTESIAN_POINT('',(-3.99260691851237,12.0862938160707,-0.5));
#8946=CARTESIAN_POINT('',(-5.33028077815105,10.2828118787434,-0.5));
#8947=CARTESIAN_POINT('',(4.74816476048676,9.90780006516028,0.5));
#8948=CARTESIAN_POINT('',(4.74816476048676,9.90780006516028,-0.5));
#8949=CARTESIAN_POINT('',(4.74816476048676,10.2828118787434,-0.5));
#8950=CARTESIAN_POINT('',(4.74816476048676,10.2828118787434,0.5));
#8951=CARTESIAN_POINT('',(4.74816476048676,10.2828118787434,0.5));
#8952=CARTESIAN_POINT('',(4.74816476048676,9.90780006516028,0.5));
#8953=CARTESIAN_POINT('',(4.48816476048676,10.6839354304407,0.5));
#8954=CARTESIAN_POINT('',(4.48816476048676,10.6839354304407,-0.5));
#8955=CARTESIAN_POINT('',(4.23610876238827,10.9945280475818,-0.5));
#8956=CARTESIAN_POINT('',(4.48816476048676,10.6839354304407,0.5));
#8957=CARTESIAN_POINT('',(4.23610876238827,10.9945280475818,0.5));
#8958=CARTESIAN_POINT('',(4.23610876238827,10.9945280475818,0.5));
#8959=CARTESIAN_POINT('',(4.23610876238827,10.9945280475818,0.5));
#8960=CARTESIAN_POINT('',(4.23610876238827,10.9945280475818,-0.5));
#8961=CARTESIAN_POINT('',(4.73518396334733,11.3995437851155,-0.5));
#8962=CARTESIAN_POINT('',(4.23610876238827,10.9945280475818,0.5));
#8963=CARTESIAN_POINT('',(4.73518396334733,11.3995437851155,0.5));
#8964=CARTESIAN_POINT('',(4.73518396334733,11.3995437851155,0.5));
#8965=CARTESIAN_POINT('',(4.48312796524884,11.7101364022567,0.5));
#8966=CARTESIAN_POINT('',(4.48312796524884,11.7101364022567,-0.5));
#8967=CARTESIAN_POINT('',(4.88312796524884,11.7101364022567,-0.5));
#8968=CARTESIAN_POINT('',(4.48312796524884,11.7101364022567,0.5));
#8969=CARTESIAN_POINT('',(4.88312796524884,11.7101364022567,0.5));
#8970=CARTESIAN_POINT('',(4.88312796524884,11.7101364022567,0.5));
#8971=CARTESIAN_POINT('',(4.88312796524884,11.7101364022567,0.5));
#8972=CARTESIAN_POINT('',(4.88312796524884,11.7101364022567,-0.5));
#8973=CARTESIAN_POINT('',(4.88312796524884,12.1866267726088,-0.5));
#8974=CARTESIAN_POINT('',(4.88312796524884,11.7101364022567,0.5));
#8975=CARTESIAN_POINT('',(4.88312796524884,12.1866267726088,0.5));
#8976=CARTESIAN_POINT('',(4.88312796524884,12.1866267726088,0.5));
#8977=CARTESIAN_POINT('',(4.48312796524884,12.1866267726088,0.5));
#8978=CARTESIAN_POINT('',(4.48312796524884,12.1866267726088,-0.5));
#8979=CARTESIAN_POINT('',(4.72653778119789,12.5040407948253,-0.5));
#8980=CARTESIAN_POINT('',(4.48312796524884,12.1866267726088,0.5));
#8981=CARTESIAN_POINT('',(4.72653778119789,12.5040407948253,0.5));
#8982=CARTESIAN_POINT('',(4.72653778119789,12.5040407948253,0.5));
#8983=CARTESIAN_POINT('',(4.72653778119789,12.5040407948253,0.5));
#8984=CARTESIAN_POINT('',(4.72653778119789,12.5040407948253,0.5));
#8985=CARTESIAN_POINT('',(4.46610705118476,12.703752816422,0.5));
#8986=CARTESIAN_POINT('',(4.46610705118476,12.703752816422,0.0237232582746732));
#8987=CARTESIAN_POINT('',(4.08816476048676,12.9935789015324,0.0237232582746732));
#8988=CARTESIAN_POINT('',(4.08816476048676,12.9935789015324,0.5));
#8989=CARTESIAN_POINT('',(4.08816476048676,12.9935789015324,-0.0237232582746731));
#8990=CARTESIAN_POINT('',(4.46610705118476,12.703752816422,-0.0237232582746732));
#8991=CARTESIAN_POINT('',(4.46610705118476,12.703752816422,-0.5));
#8992=CARTESIAN_POINT('',(4.72653778119789,12.5040407948253,-0.5));
#8993=CARTESIAN_POINT('',(4.48979095680269,13.5173120381896,0.5));
#8994=CARTESIAN_POINT('',(4.48979095680269,13.5173120381896,0.0237232582746732));
#8995=CARTESIAN_POINT('',(4.48979095680269,13.5173120381896,0.0237232582746732));
#8996=CARTESIAN_POINT('',(4.48979095680269,13.5173120381896,0.5));
#8997=CARTESIAN_POINT('',(4.48979095680269,13.5173120381896,-0.0237232582746731));
#8998=CARTESIAN_POINT('',(4.48979095680269,13.5173120381896,-0.0237232582746731));
#8999=CARTESIAN_POINT('',(5.12816397751381,13.0277739314826,0.5));
#9000=CARTESIAN_POINT('',(4.86773324750069,13.2274859530792,0.0237232582746732));
#9001=CARTESIAN_POINT('',(4.86773324750069,13.2274859530792,0.5));
#9002=CARTESIAN_POINT('',(5.12816397751381,13.0277739314826,0.5));
#9003=CARTESIAN_POINT('',(5.12816397751381,13.0277739314826,0.5));
#9004=CARTESIAN_POINT('',(5.12816397751381,13.0277739314826,0.5));
#9005=CARTESIAN_POINT('',(5.12816397751381,13.0277739314826,-0.5));
#9006=CARTESIAN_POINT('',(5.12816397751381,13.0277739314826,-0.5));
#9007=CARTESIAN_POINT('',(4.86773324750069,13.2274859530792,-0.5));
#9008=CARTESIAN_POINT('',(4.86773324750069,13.2274859530792,-0.0237232582746732));
#9009=CARTESIAN_POINT('',(4.48312796524884,12.1866267726088,0.5));
#9010=CARTESIAN_POINT('',(4.48312796524884,12.1866267726088,-0.5));
#9011=CARTESIAN_POINT('',(5.54312796524884,12.1866267726088,-0.5));
#9012=CARTESIAN_POINT('',(4.48312796524884,12.1866267726088,0.5));
#9013=CARTESIAN_POINT('',(5.54312796524884,12.1866267726088,0.5));
#9014=CARTESIAN_POINT('',(5.54312796524884,12.1866267726088,0.5));
#9015=CARTESIAN_POINT('',(5.54312796524884,11.7101364022567,0.5));
#9016=CARTESIAN_POINT('',(5.54312796524884,11.7101364022567,-0.5));
#9017=CARTESIAN_POINT('',(5.54312796524884,11.7101364022567,-0.5));
#9018=CARTESIAN_POINT('',(5.54312796524884,11.7101364022567,0.5));
#9019=CARTESIAN_POINT('',(5.54312796524884,11.7101364022567,0.5));
#9020=CARTESIAN_POINT('',(5.54312796524884,11.7101364022567,0.5));
#9021=CARTESIAN_POINT('',(4.48312796524884,11.7101364022567,0.5));
#9022=CARTESIAN_POINT('',(4.48312796524884,11.7101364022567,-0.5));
#9023=CARTESIAN_POINT('',(5.15107636020984,10.8870659668327,-0.5));
#9024=CARTESIAN_POINT('',(4.48312796524884,11.7101364022567,0.5));
#9025=CARTESIAN_POINT('',(5.15107636020984,10.8870659668327,0.5));
#9026=CARTESIAN_POINT('',(5.15107636020984,10.8870659668327,0.5));
#9027=CARTESIAN_POINT('',(4.74816476048676,10.5600901154797,0.5));
#9028=CARTESIAN_POINT('',(4.74816476048676,10.5600901154797,0.5));
#9029=CARTESIAN_POINT('',(4.96346619354732,10.7348142222587,0.5));
#9030=CARTESIAN_POINT('',(4.96346619354732,10.7348142222587,-0.5));
#9031=CARTESIAN_POINT('',(4.96346619354732,10.7348142222587,-0.5));
#9032=CARTESIAN_POINT('',(4.74816476048676,10.5600901154797,-0.5));
#9033=CARTESIAN_POINT('',(4.48816476048676,10.6839354304407,0.5));
#9034=CARTESIAN_POINT('',(4.46610705118476,12.703752816422,0.5));
#9035=CARTESIAN_POINT('',(5.33028077815105,10.2828118787434,0.5));
#9036=CARTESIAN_POINT('',(4.48816476048676,10.6839354304407,-0.5));
#9037=CARTESIAN_POINT('',(3.49893442909393,11.4425294308384,-0.5));
#9038=CARTESIAN_POINT('',(5.33028077815105,10.2828118787434,-0.5));
#9039=CARTESIAN_POINT('',(-4.86773324750069,13.2274859530792,0.0237232582746732));
#9040=CARTESIAN_POINT('',(3.49893442909393,11.4425294308384,-0.0237232582746732));
#9041=CARTESIAN_POINT('',(4.86773324750069,13.2274859530792,0.0237232582746732));
#9042=CARTESIAN_POINT('',(-3.99260691851237,12.0862938160707,-0.0237232582746732));
#9043=CARTESIAN_POINT('',(5.33028077815105,10.2828118787434,0.5));
#9044=CARTESIAN_POINT('',(-5.33028077815105,10.2828118787434,0.5));
#9045=CARTESIAN_POINT('',(0.4,5.14910295798465,-7.1689012416952));
#9046=CARTESIAN_POINT('',(0.4,4.66800419967985,-7.1689012416952));
#9047=CARTESIAN_POINT('',(0.940897601479503,4.66800419967985,-7.1689012416952));
#9048=CARTESIAN_POINT('',(-0.940897601479502,4.66800419967985,-7.1689012416952));
#9049=CARTESIAN_POINT('',(-0.940897601479502,5.14910295798465,-7.1689012416952));
#9050=CARTESIAN_POINT('',(-0.940897601479502,5.14910295798465,-7.65));
#9051=CARTESIAN_POINT('',(0.4,5.14910295798465,-7.65));
#9052=CARTESIAN_POINT('',(0.940897601479503,5.14910295798465,-7.65));
#9053=CARTESIAN_POINT('',(0.940897601479503,5.14910295798465,-7.1689012416952));
#9054=CARTESIAN_POINT('',(0.4,4.66800419967985,-6.5));
#9055=CARTESIAN_POINT('',(-0.940897601479502,4.66800419967985,-7.1689012416952));
#9056=CARTESIAN_POINT('',(0.940897601479503,4.66800419967985,-7.1689012416952));
#9057=CARTESIAN_POINT('',(0.4,5.11178480986916,-7.16288803993215));
#9058=CARTESIAN_POINT('',(0.4,5.11178480986916,-7.16288803993215));
#9059=CARTESIAN_POINT('',(0.940897601479503,5.11178480986916,-7.16288803993215));
#9060=CARTESIAN_POINT('',(-0.940897601479502,5.11178480986916,-7.16288803993215));
#9061=CARTESIAN_POINT('',(-0.940897601479502,5.11178480986916,-6.5));
#9062=CARTESIAN_POINT('',(0.940897601479503,5.11178480986916,-6.5));
#9063=CARTESIAN_POINT('',(0.4,5.29889676993702,-7.16288803993215));
#9064=CARTESIAN_POINT('',(0.4,5.29889676993702,-7.35));
#9065=CARTESIAN_POINT('',(0.940897601479503,5.29889676993702,-7.35));
#9066=CARTESIAN_POINT('',(-0.940897601479502,5.29889676993702,-7.35));
#9067=CARTESIAN_POINT('',(-0.940897601479502,5.29889676993702,-7.16288803993215));
#9068=CARTESIAN_POINT('',(0.940897601479503,5.29889676993702,-7.16288803993215));
#9069=CARTESIAN_POINT('',(0.400000000000001,13.5173120381896,-7.35));
#9070=CARTESIAN_POINT('',(0.400000000000001,13.5173120381896,-7.35));
#9071=CARTESIAN_POINT('',(0.0507303894014277,13.5173120381896,-7.35));
#9072=CARTESIAN_POINT('',(-0.0507303894014261,13.5173120381896,-7.35));
#9073=CARTESIAN_POINT('',(-0.0507303894014261,13.168042427591,-7.35));
#9074=CARTESIAN_POINT('',(-0.399999999999999,13.168042427591,-7.35));
#9075=CARTESIAN_POINT('',(-0.399999999999999,13.5173120381896,-7.35));
#9076=CARTESIAN_POINT('',(-0.4,8.64658383219233,-7.35));
#9077=CARTESIAN_POINT('',(0.940897601479503,8.64658383219233,-7.35));
#9078=CARTESIAN_POINT('',(-0.442914872048252,8.64658383219233,-7.35));
#9079=CARTESIAN_POINT('',(2.41390666697451,11.5034053712151,-7.35));
#9080=CARTESIAN_POINT('',(-0.940897601479502,8.14860110276108,-7.35));
#9081=CARTESIAN_POINT('',(-0.940897601479502,5.29889676993702,-7.35));
#9082=CARTESIAN_POINT('',(0.940897601479503,5.29889676993702,-7.35));
#9083=CARTESIAN_POINT('',(0.940897601479503,8.14860110276108,-7.35));
#9084=CARTESIAN_POINT('',(-2.01390666697451,11.1034053712151,-7.35));
#9085=CARTESIAN_POINT('',(0.442914872048253,8.64658383219233,-7.35));
#9086=CARTESIAN_POINT('',(0.940897601479503,8.64658383219233,-7.35));
#9087=CARTESIAN_POINT('',(0.400000000000001,8.64658383219233,-7.35));
#9088=CARTESIAN_POINT('',(0.400000000000001,13.5173120381896,-7.35));
#9089=CARTESIAN_POINT('',(0.400000000000001,13.168042427591,-7.35));
#9090=CARTESIAN_POINT('',(0.0507303894014277,13.168042427591,-7.35));
#9091=CARTESIAN_POINT('',(0.400000000000001,13.5173120381896,-7.65));
#9092=CARTESIAN_POINT('',(0.400000000000001,13.5173120381896,-7.65));
#9093=CARTESIAN_POINT('',(0.0507303894014277,13.5173120381896,-7.65));
#9094=CARTESIAN_POINT('',(-0.0507303894014261,13.5173120381896,-7.65));
#9095=CARTESIAN_POINT('',(-0.0507303894014261,13.5173120381896,-7.65));
#9096=CARTESIAN_POINT('',(0.0507303894014277,13.5173120381896,-7.65));
#9097=CARTESIAN_POINT('',(0.4,5.14910295798465,-7.65));
#9098=CARTESIAN_POINT('',(-0.4,5.14910295798465,-7.65));
#9099=CARTESIAN_POINT('',(-0.399999999999999,13.168042427591,-7.65));
#9100=CARTESIAN_POINT('',(-0.399999999999999,8.64658383219233,-7.65));
#9101=CARTESIAN_POINT('',(-0.0507303894014261,13.168042427591,-7.65));
#9102=CARTESIAN_POINT('',(0.0507303894014277,13.168042427591,-7.65));
#9103=CARTESIAN_POINT('',(0.400000000000001,13.168042427591,-7.65));
#9104=CARTESIAN_POINT('',(0.4,5.14910295798465,-7.65));
#9105=CARTESIAN_POINT('',(0.400000000000001,8.64658383219233,-7.65));
#9106=CARTESIAN_POINT('',(0.940897601479503,8.64658383219233,-7.65));
#9107=CARTESIAN_POINT('',(0.442914872048253,8.64658383219233,-7.65));
#9108=CARTESIAN_POINT('',(2.17019787312796,6.91930083111262,-7.65));
#9109=CARTESIAN_POINT('',(0.940897601479503,8.14860110276108,-7.65));
#9110=CARTESIAN_POINT('',(0.940897601479503,8.64658383219233,-7.65));
#9111=CARTESIAN_POINT('',(-0.940897601479502,8.64658383219233,-7.65));
#9112=CARTESIAN_POINT('',(-0.940897601479502,8.14860110276108,-7.65));
#9113=CARTESIAN_POINT('',(-1.77019787312796,7.31930083111262,-7.65));
#9114=CARTESIAN_POINT('',(-0.442914872048252,8.64658383219233,-7.65));
#9115=CARTESIAN_POINT('',(0.940897601479503,8.64658383219233,-7.65));
#9116=CARTESIAN_POINT('',(0.4,5.14910295798465,-7.1689012416952));
#9117=CARTESIAN_POINT('',(0.400000000000001,13.168042427591,-7.35));
#9118=CARTESIAN_POINT('',(0.400000000000001,8.64658383219233,-7.1689012416952));
#9119=CARTESIAN_POINT('',(-0.4,5.14910295798465,-7.1689012416952));
#9120=CARTESIAN_POINT('',(-0.399999999999999,13.168042427591,-7.1689012416952));
#9121=CARTESIAN_POINT('',(-0.399999999999999,8.64658383219233,-7.1689012416952));
#9122=CARTESIAN_POINT('',(0.940897601479503,8.64658383219233,-7.65));
#9123=CARTESIAN_POINT('',(-0.442914872048252,8.64658383219233,-7.35));
#9124=CARTESIAN_POINT('',(-0.940897601479502,5.29889676993702,-7.16288803993215));
#9125=CARTESIAN_POINT('',(-0.940897601479502,8.14860110276108,-7.65));
#9126=CARTESIAN_POINT('',(0.940897601479503,8.64658383219233,-7.65));
#9127=CARTESIAN_POINT('',(0.442914872048253,8.64658383219233,-7.65));
#9128=CARTESIAN_POINT('',(0.940897601479503,5.29889676993702,-7.16288803993215));
#9129=CARTESIAN_POINT('',(0.940897601479503,8.14860110276108,-7.16288803993215));
#9130=CARTESIAN_POINT('',(-0.940897601479502,8.14860110276108,-7.16288803993215));
#9131=CARTESIAN_POINT('',(0.442914872048253,8.64658383219233,-7.65));
#9132=CARTESIAN_POINT('',(0.0507303894014277,13.168042427591,-7.65));
#9133=CARTESIAN_POINT('',(-0.0507303894014261,13.168042427591,-7.1689012416952));
#9134=MECHANICAL_DESIGN_GEOMETRIC_PRESENTATION_REPRESENTATION('',(#3301,
#3302,#3303,#3304,#3305,#3306,#3307,#3308,#3309,#3310,#3311,#3312,#3313,
#3314,#3315,#3316,#3317,#3318,#3319,#3320,#3321,#3322,#3323,#3324,#3325,
#3326,#3327,#3328,#3329,#3330,#3331,#3332,#3333,#3334,#3335,#3336,#3337,
#3338,#3339,#3340,#3341,#3342,#3343,#3344,#3345,#3346,#3347,#3348,#3349,
#3350,#3351,#3352,#3353,#3354,#3355,#3356,#3357,#3358,#3359,#3360,#3361,
#3362,#3363,#3364,#3365,#3366,#3367,#3368,#3369,#3370,#3371,#3372,#3373,
#3374,#3375,#3376,#3377,#3378,#3379,#3380,#3381,#3382,#3383,#3384,#3385,
#3386,#3387,#3388,#3389,#3390,#3391,#3392,#3393,#3394,#3395,#3396,#3397,
#3398,#3399,#3400,#3401,#3402,#3403,#3404,#3405,#3406,#3407,#3408,#3409,
#3410,#3411,#3412,#3413,#3414,#3415,#3416,#3417,#3418,#3419,#3420,#3421,
#3422,#3423,#3424,#3425,#3426,#3427,#3428,#3429,#3430,#3431,#3432,#3433,
#3434,#3435,#3436,#3437,#3438,#3439,#3440,#3441,#3442,#3443,#3444,#3445,
#3446,#3447,#3448,#3449,#3450,#3451,#3452,#3453,#3454,#3455,#3456,#3457,
#3458,#3459,#3460,#3461,#3462,#3463,#3464,#3465,#3466,#3467,#3468,#3469,
#3470,#3471,#3472,#3473,#3474,#3475,#3476,#3477,#3478,#3479,#3480,#3481),
#9135);
#9135=(
GEOMETRIC_REPRESENTATION_CONTEXT(3)
GLOBAL_UNCERTAINTY_ASSIGNED_CONTEXT((#9136))
GLOBAL_UNIT_ASSIGNED_CONTEXT((#9139,#9138,#9137))
REPRESENTATION_CONTEXT('RD901F-40-15F-A100K-00DL1',
'TOP_LEVEL_ASSEMBLY_PART')
);
#9136=UNCERTAINTY_MEASURE_WITH_UNIT(LENGTH_MEASURE(0.005),#9139,
'DISTANCE_ACCURACY_VALUE','Maximum Tolerance applied to model');
#9137=(
NAMED_UNIT(*)
SI_UNIT($,.STERADIAN.)
SOLID_ANGLE_UNIT()
);
#9138=(
NAMED_UNIT(*)
PLANE_ANGLE_UNIT()
SI_UNIT($,.RADIAN.)
);
#9139=(
LENGTH_UNIT()
NAMED_UNIT(*)
SI_UNIT(.MILLI.,.METRE.)
);
#9140=PRODUCT_DEFINITION_SHAPE('','',#9141);
#9141=PRODUCT_DEFINITION('','',#9143,#9142);
#9142=PRODUCT_DEFINITION_CONTEXT('',#9149,'design');
#9143=PRODUCT_DEFINITION_FORMATION_WITH_SPECIFIED_SOURCE('','',#9145,
 .NOT_KNOWN.);
#9144=PRODUCT_RELATED_PRODUCT_CATEGORY('','',(#9145));
#9145=PRODUCT('RD901F-40-15F-A100K-00DL1','RD901F-40-15F-A100K-00DL1',
'RD901F-40-15F-A100K-00DL1',(#9147));
#9146=PRODUCT_CATEGORY('','');
#9147=PRODUCT_CONTEXT('',#9149,'mechanical');
#9148=APPLICATION_PROTOCOL_DEFINITION('international standard',
'automotive_design',2010,#9149);
#9149=APPLICATION_CONTEXT(
'core data for automotive mechanical design processes');
ENDSEC;
END-ISO-10303-21;
