ISO-10303-21;
HEADER;
FILE_DESCRIPTION(('FreeCAD Model'),'2;1');
FILE_NAME('Open CASCADE Shape Model','2025-12-17T23:39:29',('Author'),(
    ''),'Open CASCADE STEP processor 7.8','FreeCAD','Unknown');
FILE_SCHEMA(('AUTOMOTIVE_DESIGN { 1 0 10303 214 1 1 1 1 }'));
ENDSEC;
DATA;
#1 = APPLICATION_PROTOCOL_DEFINITION('international standard',
  'automotive_design',2000,#2);
#2 = APPLICATION_CONTEXT(
  'core data for automotive mechanical design processes');
#3 = SHAPE_DEFINITION_REPRESENTATION(#4,#10);
#4 = PRODUCT_DEFINITION_SHAPE('','',#5);
#5 = PRODUCT_DEFINITION('design','',#6,#9);
#6 = PRODUCT_DEFINITION_FORMATION('','',#7);
#7 = PRODUCT('Knurl_nut','Knurl_nut','',(#8));
#8 = PRODUCT_CONTEXT('',#2,'mechanical');
#9 = PRODUCT_DEFINITION_CONTEXT('part definition',#2,'design');
#10 = ADVANCED_BREP_SHAPE_REPRESENTATION('',(#11,#15),#3618);
#11 = AXIS2_PLACEMENT_3D('',#12,#13,#14);
#12 = CARTESIAN_POINT('',(0.,0.,0.));
#13 = DIRECTION('',(0.,0.,1.));
#14 = DIRECTION('',(1.,0.,-0.));
#15 = MANIFOLD_SOLID_BREP('',#16);
#16 = CLOSED_SHELL('',(#17,#59,#892,#917,#1131,#1148,#1180,#1205,#1230,
    #1255,#1280,#1305,#1330,#1355,#1380,#1405,#1430,#1455,#1480,#1505,
    #1530,#1555,#1580,#1605,#1630,#1655,#1680,#1721,#1745,#1770,#1794,
    #1825,#1842,#1859,#1876,#1893,#1910,#1927,#1944,#1961,#1978,#1995,
    #2012,#2029,#2046,#2063,#2080,#2097,#2109,#2136,#2156,#2181,#2206,
    #2231,#2256,#2281,#2306,#2331,#2356,#2381,#2406,#2431,#2456,#2481,
    #2506,#2531,#2556,#2581,#2606,#2631,#2672,#2696,#2721,#2745,#2786,
    #2811,#2836,#2861,#2886,#2911,#2936,#2961,#2986,#3011,#3036,#3061,
    #3086,#3111,#3136,#3161,#3186,#3211,#3236,#3254,#3300,#3342,#3367,
    #3442,#3471,#3496,#3549,#3575,#3588,#3606));
#17 = ADVANCED_FACE('',(#18),#54,.T.);
#18 = FACE_BOUND('',#19,.F.);
#19 = EDGE_LOOP('',(#20,#31,#39,#48));
#20 = ORIENTED_EDGE('',*,*,#21,.F.);
#21 = EDGE_CURVE('',#22,#24,#26,.T.);
#22 = VERTEX_POINT('',#23);
#23 = CARTESIAN_POINT('',(3.99248365754,0.245100477913,12.3));
#24 = VERTEX_POINT('',#25);
#25 = CARTESIAN_POINT('',(3.946466793957,0.652226834927,12.3));
#26 = CIRCLE('',#27,4.);
#27 = AXIS2_PLACEMENT_3D('',#28,#29,#30);
#28 = CARTESIAN_POINT('',(0.,0.,12.3));
#29 = DIRECTION('',(0.,0.,1.));
#30 = DIRECTION('',(1.,0.,0.));
#31 = ORIENTED_EDGE('',*,*,#32,.F.);
#32 = EDGE_CURVE('',#33,#22,#35,.T.);
#33 = VERTEX_POINT('',#34);
#34 = CARTESIAN_POINT('',(3.99248365754,0.245100477913,13.7));
#35 = LINE('',#36,#37);
#36 = CARTESIAN_POINT('',(3.99248365754,0.245100477913,12.));
#37 = VECTOR('',#38,1.);
#38 = DIRECTION('',(-0.,-0.,-1.));
#39 = ORIENTED_EDGE('',*,*,#40,.T.);
#40 = EDGE_CURVE('',#33,#41,#43,.T.);
#41 = VERTEX_POINT('',#42);
#42 = CARTESIAN_POINT('',(3.946466793957,0.652226834927,13.7));
#43 = CIRCLE('',#44,4.);
#44 = AXIS2_PLACEMENT_3D('',#45,#46,#47);
#45 = CARTESIAN_POINT('',(0.,0.,13.7));
#46 = DIRECTION('',(0.,0.,1.));
#47 = DIRECTION('',(1.,0.,0.));
#48 = ORIENTED_EDGE('',*,*,#49,.T.);
#49 = EDGE_CURVE('',#41,#24,#50,.T.);
#50 = LINE('',#51,#52);
#51 = CARTESIAN_POINT('',(3.946466793957,0.652226834927,12.));
#52 = VECTOR('',#53,1.);
#53 = DIRECTION('',(-0.,-0.,-1.));
#54 = CYLINDRICAL_SURFACE('',#55,4.);
#55 = AXIS2_PLACEMENT_3D('',#56,#57,#58);
#56 = CARTESIAN_POINT('',(0.,0.,12.));
#57 = DIRECTION('',(-0.,-0.,-1.));
#58 = DIRECTION('',(1.,0.,0.));
#59 = ADVANCED_FACE('',(#60),#887,.T.);
#60 = FACE_BOUND('',#61,.F.);
#61 = EDGE_LOOP('',(#62,#73,#82,#91,#100,#109,#118,#127,#136,#145,#154,
    #163,#172,#181,#190,#199,#208,#217,#226,#235,#244,#253,#262,#271,
    #280,#289,#298,#307,#316,#325,#334,#343,#352,#361,#370,#379,#388,
    #397,#406,#415,#424,#433,#442,#451,#460,#469,#477,#484,#485,#494,
    #501,#502,#511,#520,#529,#538,#547,#556,#565,#574,#583,#592,#601,
    #610,#619,#628,#637,#646,#655,#664,#673,#682,#691,#700,#709,#718,
    #727,#736,#745,#754,#763,#772,#781,#790,#799,#808,#817,#826,#835,
    #844,#853,#862,#871,#880));
#62 = ORIENTED_EDGE('',*,*,#63,.F.);
#63 = EDGE_CURVE('',#64,#66,#68,.T.);
#64 = VERTEX_POINT('',#65);
#65 = CARTESIAN_POINT('',(-3.99248365754,-0.245100477913,12.3));
#66 = VERTEX_POINT('',#67);
#67 = CARTESIAN_POINT('',(-3.745598,-1.2242E-02,12.045618005639));
#68 = HYPERBOLA('',#69,2.561093451377,2.561093451377);
#69 = AXIS2_PLACEMENT_3D('',#70,#71,#72);
#70 = CARTESIAN_POINT('',(-1.757264926257,1.863120942298,8.3));
#71 = DIRECTION('',(-0.686138541845,0.727470893847,0.));
#72 = DIRECTION('',(0.,0.,1.));
#73 = ORIENTED_EDGE('',*,*,#74,.T.);
#74 = EDGE_CURVE('',#64,#75,#77,.T.);
#75 = VERTEX_POINT('',#76);
#76 = CARTESIAN_POINT('',(-3.946466793957,-0.652226834927,12.3));
#77 = CIRCLE('',#78,4.);
#78 = AXIS2_PLACEMENT_3D('',#79,#80,#81);
#79 = CARTESIAN_POINT('',(0.,0.,12.3));
#80 = DIRECTION('',(0.,0.,1.));
#81 = DIRECTION('',(1.,0.,0.));
#82 = ORIENTED_EDGE('',*,*,#83,.F.);
#83 = EDGE_CURVE('',#84,#75,#86,.T.);
#84 = VERTEX_POINT('',#85);
#85 = CARTESIAN_POINT('',(-3.661202442094,-0.790728096232,
    12.045618005639));
#86 = HYPERBOLA('',#87,2.310394372407,2.310394372407);
#87 = AXIS2_PLACEMENT_3D('',#88,#89,#90);
#88 = CARTESIAN_POINT('',(-1.009092033486,-2.078378075328,8.3));
#89 = DIRECTION('',(-0.436761812415,-0.899577189137,0.));
#90 = DIRECTION('',(0.,0.,1.));
#91 = ORIENTED_EDGE('',*,*,#92,.F.);
#92 = EDGE_CURVE('',#93,#84,#95,.T.);
#93 = VERTEX_POINT('',#94);
#94 = CARTESIAN_POINT('',(-3.854279055809,-1.069828472211,12.3));
#95 = HYPERBOLA('',#96,2.561093451377,2.561093451377);
#96 = AXIS2_PLACEMENT_3D('',#97,#98,#99);
#97 = CARTESIAN_POINT('',(-2.106229096784,1.457051357553,8.3));
#98 = DIRECTION('',(-0.822394472037,0.56891768505,0.));
#99 = DIRECTION('',(0.,0.,1.));
#100 = ORIENTED_EDGE('',*,*,#101,.T.);
#101 = EDGE_CURVE('',#93,#102,#104,.T.);
#102 = VERTEX_POINT('',#103);
#103 = CARTESIAN_POINT('',(-3.724621441838,-1.458490697606,12.3));
#104 = CIRCLE('',#105,4.);
#105 = AXIS2_PLACEMENT_3D('',#106,#107,#108);
#106 = CARTESIAN_POINT('',(0.,0.,12.3));
#107 = DIRECTION('',(0.,0.,1.));
#108 = DIRECTION('',(1.,0.,0.));
#109 = ORIENTED_EDGE('',*,*,#110,.F.);
#110 = EDGE_CURVE('',#111,#102,#113,.T.);
#111 = VERTEX_POINT('',#112);
#112 = CARTESIAN_POINT('',(-3.416794769071,-1.534655580324,
    12.045618005639));
#113 = HYPERBOLA('',#114,2.310394372407,2.310394372407);
#114 = AXIS2_PLACEMENT_3D('',#115,#116,#117);
#115 = CARTESIAN_POINT('',(-0.554921851674,-2.242762558673,8.3));
#116 = DIRECTION('',(-0.240184904491,-0.970727156133,0.));
#117 = DIRECTION('',(0.,0.,1.));
#118 = ORIENTED_EDGE('',*,*,#119,.F.);
#119 = EDGE_CURVE('',#120,#111,#122,.T.);
#120 = VERTEX_POINT('',#121);
#121 = CARTESIAN_POINT('',(-3.547623964456,-1.847799828667,12.3));
#122 = HYPERBOLA('',#123,2.561093451377,2.561093451377);
#123 = AXIS2_PLACEMENT_3D('',#124,#125,#126);
#124 = CARTESIAN_POINT('',(-2.363140948972,0.987301636774,8.3));
#125 = DIRECTION('',(-0.922707817515,0.385500043446,0.));
#126 = DIRECTION('',(0.,0.,1.));
#127 = ORIENTED_EDGE('',*,*,#128,.T.);
#128 = EDGE_CURVE('',#120,#129,#131,.T.);
#129 = VERTEX_POINT('',#130);
#130 = CARTESIAN_POINT('',(-3.339992259994,-2.201011518184,12.3));
#131 = CIRCLE('',#132,4.);
#132 = AXIS2_PLACEMENT_3D('',#133,#134,#135);
#133 = CARTESIAN_POINT('',(0.,0.,12.3));
#134 = DIRECTION('',(0.,0.,1.));
#135 = DIRECTION('',(1.,0.,0.));
#136 = ORIENTED_EDGE('',*,*,#137,.F.);
#137 = EDGE_CURVE('',#138,#129,#140,.T.);
#138 = VERTEX_POINT('',#139);
#139 = CARTESIAN_POINT('',(-3.023056769038,-2.211511251461,
    12.045618005639));
#140 = HYPERBOLA('',#141,2.310394372407,2.310394372407);
#141 = AXIS2_PLACEMENT_3D('',#142,#143,#144);
#142 = CARTESIAN_POINT('',(-7.649892213277E-02,-2.309127556235,8.3));
#143 = DIRECTION('',(-3.311076370614E-02,-0.999451688341,0.));
#144 = DIRECTION('',(0.,0.,1.));
#145 = ORIENTED_EDGE('',*,*,#146,.F.);
#146 = EDGE_CURVE('',#147,#138,#149,.T.);
#147 = VERTEX_POINT('',#148);
#148 = CARTESIAN_POINT('',(-3.085920682467,-2.545013465882,12.3));
#149 = HYPERBOLA('',#150,2.561093451377,2.561093451377);
#150 = AXIS2_PLACEMENT_3D('',#151,#152,#153);
#151 = CARTESIAN_POINT('',(-2.516772202081,0.47440209687,8.3));
#152 = DIRECTION('',(-0.982694403724,0.185234200109,0.));
#153 = DIRECTION('',(0.,0.,1.));
#154 = ORIENTED_EDGE('',*,*,#155,.T.);
#155 = EDGE_CURVE('',#147,#156,#158,.T.);
#156 = VERTEX_POINT('',#157);
#157 = CARTESIAN_POINT('',(-2.809389389328,-2.847337573793,12.3));
#158 = CIRCLE('',#159,4.);
#159 = AXIS2_PLACEMENT_3D('',#160,#161,#162);
#160 = CARTESIAN_POINT('',(0.,0.,12.3));
#161 = DIRECTION('',(0.,0.,1.));
#162 = DIRECTION('',(1.,0.,0.));
#163 = ORIENTED_EDGE('',*,*,#164,.F.);
#164 = EDGE_CURVE('',#165,#156,#167,.T.);
#165 = VERTEX_POINT('',#166);
#166 = CARTESIAN_POINT('',(-2.497196681963,-2.791713268902,
    12.045618005639));
#167 = HYPERBOLA('',#168,2.310394372407,2.310394372407);
#168 = AXIS2_PLACEMENT_3D('',#169,#170,#171);
#169 = CARTESIAN_POINT('',(0.405267377388,-2.274572599166,8.3));
#170 = DIRECTION('',(0.175410476336,-0.984495385866,0.));
#171 = DIRECTION('',(0.,0.,1.));
#172 = ORIENTED_EDGE('',*,*,#173,.F.);
#173 = EDGE_CURVE('',#174,#165,#176,.T.);
#174 = VERTEX_POINT('',#175);
#175 = CARTESIAN_POINT('',(-2.489347858765,-3.130997802309,12.3));
#176 = HYPERBOLA('',#177,2.561093451377,2.561093451377);
#177 = AXIS2_PLACEMENT_3D('',#178,#179,#180);
#178 = CARTESIAN_POINT('',(-2.560408433147,-5.923109110129E-02,8.3));
#179 = DIRECTION('',(-0.999732528999,-2.312726662491E-02,0.));
#180 = DIRECTION('',(0.,0.,1.));
#181 = ORIENTED_EDGE('',*,*,#182,.T.);
#182 = EDGE_CURVE('',#174,#183,#185,.T.);
#183 = VERTEX_POINT('',#184);
#184 = CARTESIAN_POINT('',(-2.156002721402,-3.369221314385,12.3));
#185 = CIRCLE('',#186,4.);
#186 = AXIS2_PLACEMENT_3D('',#187,#188,#189);
#187 = CARTESIAN_POINT('',(0.,0.,12.3));
#188 = DIRECTION('',(0.,0.,1.));
#189 = DIRECTION('',(1.,0.,0.));
#190 = ORIENTED_EDGE('',*,*,#191,.F.);
#191 = EDGE_CURVE('',#192,#183,#194,.T.);
#192 = VERTEX_POINT('',#193);
#193 = CARTESIAN_POINT('',(-1.862197117007,-3.249904020364,
    12.045618005639));
#194 = HYPERBOLA('',#195,2.310394372407,2.310394372407);
#195 = AXIS2_PLACEMENT_3D('',#196,#197,#198);
#196 = CARTESIAN_POINT('',(0.869321547828,-2.140607904903,8.3));
#197 = DIRECTION('',(0.376265436849,-0.926511910896,0.));
#198 = DIRECTION('',(0.,0.,1.));
#199 = ORIENTED_EDGE('',*,*,#200,.F.);
#200 = EDGE_CURVE('',#201,#192,#203,.T.);
#201 = VERTEX_POINT('',#202);
#202 = CARTESIAN_POINT('',(-1.783978588418,-3.580142510581,12.3));
#203 = HYPERBOLA('',#204,2.561093451377,2.561093451377);
#204 = AXIS2_PLACEMENT_3D('',#205,#206,#207);
#205 = CARTESIAN_POINT('',(-2.492142529482,-0.590275596169,8.3));
#206 = DIRECTION('',(-0.973077545508,-0.23047796083,0.));
#207 = DIRECTION('',(0.,0.,1.));
#208 = ORIENTED_EDGE('',*,*,#209,.T.);
#209 = EDGE_CURVE('',#201,#210,#212,.T.);
#210 = VERTEX_POINT('',#211);
#211 = CARTESIAN_POINT('',(-1.408388388902,-3.743853916221,12.3));
#212 = CIRCLE('',#213,4.);
#213 = AXIS2_PLACEMENT_3D('',#214,#215,#216);
#214 = CARTESIAN_POINT('',(0.,0.,12.3));
#215 = DIRECTION('',(0.,0.,1.));
#216 = DIRECTION('',(1.,0.,0.));
#217 = ORIENTED_EDGE('',*,*,#218,.F.);
#218 = EDGE_CURVE('',#219,#210,#221,.T.);
#219 = VERTEX_POINT('',#220);
#220 = CARTESIAN_POINT('',(-1.145810602224,-3.566058371367,
    12.045618005639));
#221 = HYPERBOLA('',#222,2.310394372407,2.310394372407);
#222 = AXIS2_PLACEMENT_3D('',#223,#224,#225);
#223 = CARTESIAN_POINT('',(1.29538219516,-1.913088373419,8.3));
#224 = DIRECTION('',(0.56067579225,-0.828035419523,0.));
#225 = DIRECTION('',(0.,0.,1.));
#226 = ORIENTED_EDGE('',*,*,#227,.F.);
#227 = EDGE_CURVE('',#228,#219,#230,.T.);
#228 = VERTEX_POINT('',#229);
#229 = CARTESIAN_POINT('',(-1.000640893278,-3.87281781171,12.3));
#230 = HYPERBOLA('',#231,2.561093451377,2.561093451377);
#231 = AXIS2_PLACEMENT_3D('',#232,#233,#234);
#232 = CARTESIAN_POINT('',(-2.314958038651,-1.095522225228,8.3));
#233 = DIRECTION('',(-0.903894403934,-0.427755662192,0.));
#234 = DIRECTION('',(0.,0.,1.));
#235 = ORIENTED_EDGE('',*,*,#236,.T.);
#236 = EDGE_CURVE('',#228,#237,#239,.T.);
#237 = VERTEX_POINT('',#238);
#238 = CARTESIAN_POINT('',(-0.599220725609,-3.954862136915,12.3));
#239 = CIRCLE('',#240,4.);
#240 = AXIS2_PLACEMENT_3D('',#241,#242,#243);
#241 = CARTESIAN_POINT('',(0.,0.,12.3));
#242 = DIRECTION('',(0.,0.,1.));
#243 = DIRECTION('',(1.,0.,0.));
#244 = ORIENTED_EDGE('',*,*,#245,.F.);
#245 = EDGE_CURVE('',#246,#237,#248,.T.);
#246 = VERTEX_POINT('',#247);
#247 = CARTESIAN_POINT('',(-0.379346665915,-3.726358859695,
    12.045618005639));
#248 = HYPERBOLA('',#249,2.310394372407,2.310394372407);
#249 = AXIS2_PLACEMENT_3D('',#250,#251,#252);
#250 = CARTESIAN_POINT('',(1.664828424631,-1.601957700001,8.3));
#251 = DIRECTION('',(0.720581925109,-0.693369806962,0.));
#252 = DIRECTION('',(0.,0.,1.));
#253 = ORIENTED_EDGE('',*,*,#254,.F.);
#254 = EDGE_CURVE('',#255,#246,#257,.T.);
#255 = VERTEX_POINT('',#256);
#256 = CARTESIAN_POINT('',(-0.173570389494,-3.996232390626,12.3));
#257 = HYPERBOLA('',#258,2.561093451377,2.561093451377);
#258 = AXIS2_PLACEMENT_3D('',#259,#260,#261);
#259 = CARTESIAN_POINT('',(-2.03659877313,-1.552889276146,8.3));
#260 = DIRECTION('',(-0.795206739542,-0.606338388516,0.));
#261 = DIRECTION('',(0.,0.,1.));
#262 = ORIENTED_EDGE('',*,*,#263,.T.);
#263 = EDGE_CURVE('',#255,#264,#266,.T.);
#264 = VERTEX_POINT('',#265);
#265 = CARTESIAN_POINT('',(0.236135758772,-3.99302390469,12.3));
#266 = CIRCLE('',#267,4.);
#267 = AXIS2_PLACEMENT_3D('',#268,#269,#270);
#268 = CARTESIAN_POINT('',(0.,0.,12.3));
#269 = DIRECTION('',(0.,0.,1.));
#270 = DIRECTION('',(1.,0.,0.));
#271 = ORIENTED_EDGE('',*,*,#272,.F.);
#272 = EDGE_CURVE('',#273,#264,#275,.T.);
#273 = VERTEX_POINT('',#274);
#274 = CARTESIAN_POINT('',(0.403696540001,-3.7237995848,12.045618005639)
  );
#275 = HYPERBOLA('',#276,2.310394372407,2.310394372407);
#276 = AXIS2_PLACEMENT_3D('',#277,#278,#279);
#277 = CARTESIAN_POINT('',(1.961513663212,-1.220813788046,8.3));
#278 = DIRECTION('',(0.848995170105,-0.528400606679,0.));
#279 = DIRECTION('',(0.,0.,1.));
#280 = ORIENTED_EDGE('',*,*,#281,.F.);
#281 = EDGE_CURVE('',#282,#273,#284,.T.);
#282 = VERTEX_POINT('',#283);
#283 = CARTESIAN_POINT('',(0.661085973194,-3.944992438021,12.3));
#284 = HYPERBOLA('',#285,2.561093451377,2.561093451377);
#285 = AXIS2_PLACEMENT_3D('',#286,#287,#288);
#286 = CARTESIAN_POINT('',(-1.669230368539,-1.942387614106,8.3));
#287 = DIRECTION('',(-0.651764724806,-0.758421217727,0.));
#288 = DIRECTION('',(0.,0.,1.));
#289 = ORIENTED_EDGE('',*,*,#290,.T.);
#290 = EDGE_CURVE('',#282,#291,#293,.T.);
#291 = VERTEX_POINT('',#292);
#292 = CARTESIAN_POINT('',(1.061171977391,-3.856671367177,12.3));
#293 = CIRCLE('',#294,4.);
#294 = AXIS2_PLACEMENT_3D('',#295,#296,#297);
#295 = CARTESIAN_POINT('',(0.,0.,12.3));
#296 = DIRECTION('',(0.,0.,1.));
#297 = DIRECTION('',(1.,0.,0.));
#298 = ORIENTED_EDGE('',*,*,#299,.F.);
#299 = EDGE_CURVE('',#300,#291,#302,.T.);
#300 = VERTEX_POINT('',#301);
#301 = CARTESIAN_POINT('',(1.169096269969,-3.558492399277,
    12.045618005639));
#302 = HYPERBOLA('',#303,2.310394372407,2.310394372407);
#303 = AXIS2_PLACEMENT_3D('',#304,#305,#306);
#304 = CARTESIAN_POINT('',(2.172471342323,-0.78631445544,8.3));
#305 = DIRECTION('',(0.940303252237,-0.340337764336,0.));
#306 = DIRECTION('',(0.,0.,1.));
#307 = ORIENTED_EDGE('',*,*,#308,.F.);
#308 = EDGE_CURVE('',#309,#300,#311,.T.);
#309 = VERTEX_POINT('',#310);
#310 = CARTESIAN_POINT('',(1.466849706611,-3.721337385701,12.3));
#311 = HYPERBOLA('',#312,2.561093451377,2.561093451377);
#312 = AXIS2_PLACEMENT_3D('',#313,#314,#315);
#313 = CARTESIAN_POINT('',(-1.228908586986,-2.24699429272,8.3));
#314 = DIRECTION('',(-0.479837464082,-0.877357400415,0.));
#315 = DIRECTION('',(0.,0.,1.));
#316 = ORIENTED_EDGE('',*,*,#317,.T.);
#317 = EDGE_CURVE('',#309,#318,#320,.T.);
#318 = VERTEX_POINT('',#319);
#319 = CARTESIAN_POINT('',(1.839829888529,-3.551763784555,12.3));
#320 = CIRCLE('',#321,4.);
#321 = AXIS2_PLACEMENT_3D('',#322,#323,#324);
#322 = CARTESIAN_POINT('',(0.,0.,12.3));
#323 = DIRECTION('',(0.,0.,1.));
#324 = DIRECTION('',(1.,0.,0.));
#325 = ORIENTED_EDGE('',*,*,#326,.F.);
#326 = EDGE_CURVE('',#327,#318,#329,.T.);
#327 = VERTEX_POINT('',#328);
#328 = CARTESIAN_POINT('',(1.883400882993,-3.237662020364,
    12.045618005639));
#329 = HYPERBOLA('',#330,2.310394372407,2.310394372407);
#330 = AXIS2_PLACEMENT_3D('',#331,#332,#333);
#331 = CARTESIAN_POINT('',(2.288481599102,-0.317449407975,8.3));
#332 = DIRECTION('',(0.99051557017,-0.137400528571,0.));
#333 = DIRECTION('',(0.,0.,1.));
#334 = ORIENTED_EDGE('',*,*,#335,.F.);
#335 = EDGE_CURVE('',#336,#327,#338,.T.);
#336 = VERTEX_POINT('',#337);
#337 = CARTESIAN_POINT('',(2.208505069123,-3.335042032668,12.3));
#338 = HYPERBOLA('',#339,2.561093451377,2.561093451377);
#339 = AXIS2_PLACEMENT_3D('',#340,#341,#342);
#340 = CARTESIAN_POINT('',(-0.734877603224,-2.453396538467,8.3));
#341 = DIRECTION('',(-0.286939003662,-0.957948854677,0.));
#342 = DIRECTION('',(0.,0.,1.));
#343 = ORIENTED_EDGE('',*,*,#344,.T.);
#344 = EDGE_CURVE('',#336,#345,#347,.T.);
#345 = VERTEX_POINT('',#346);
#346 = CARTESIAN_POINT('',(2.538078405055,-3.091627081295,12.3));
#347 = CIRCLE('',#348,4.);
#348 = AXIS2_PLACEMENT_3D('',#349,#350,#351);
#349 = CARTESIAN_POINT('',(0.,0.,12.3));
#350 = DIRECTION('',(0.,0.,1.));
#351 = DIRECTION('',(1.,0.,0.));
#352 = ORIENTED_EDGE('',*,*,#353,.F.);
#353 = EDGE_CURVE('',#354,#345,#356,.T.);
#354 = VERTEX_POINT('',#355);
#355 = CARTESIAN_POINT('',(2.51539183987,-2.775330275135,12.045618005639
    ));
#356 = HYPERBOLA('',#357,2.310394372407,2.310394372407);
#357 = AXIS2_PLACEMENT_3D('',#358,#359,#360);
#358 = CARTESIAN_POINT('',(2.304474228646,0.165289701909,8.3));
#359 = DIRECTION('',(0.997437604665,7.154176961438E-02,-0.));
#360 = DIRECTION('',(0.,0.,1.));
#361 = ORIENTED_EDGE('',*,*,#362,.F.);
#362 = EDGE_CURVE('',#363,#354,#365,.T.);
#363 = VERTEX_POINT('',#364);
#364 = CARTESIAN_POINT('',(2.853638162531,-2.802989339499,12.3));
#365 = HYPERBOLA('',#366,2.561093451377,2.561093451377);
#366 = AXIS2_PLACEMENT_3D('',#367,#368,#369);
#367 = CARTESIAN_POINT('',(-0.208728941868,-2.552573582781,8.3));
#368 = DIRECTION('',(-8.149993189645E-02,-0.996673347241,0.));
#369 = DIRECTION('',(0.,0.,1.));
#370 = ORIENTED_EDGE('',*,*,#371,.T.);
#371 = EDGE_CURVE('',#363,#372,#374,.T.);
#372 = VERTEX_POINT('',#373);
#373 = CARTESIAN_POINT('',(3.125400716229,-2.496371439309,12.3));
#374 = CIRCLE('',#375,4.);
#375 = AXIS2_PLACEMENT_3D('',#376,#377,#378);
#376 = CARTESIAN_POINT('',(0.,0.,12.3));
#377 = DIRECTION('',(0.,0.,1.));
#378 = DIRECTION('',(1.,0.,0.));
#379 = ORIENTED_EDGE('',*,*,#380,.F.);
#380 = EDGE_CURVE('',#381,#372,#383,.T.);
#381 = VERTEX_POINT('',#382);
#382 = CARTESIAN_POINT('',(3.037448103155,-2.191703279371,
    12.045618005639));
#383 = HYPERBOLA('',#384,2.310394372407,2.310394372407);
#384 = AXIS2_PLACEMENT_3D('',#385,#386,#387);
#385 = CARTESIAN_POINT('',(2.219750276304,0.640804858672,8.3));
#386 = DIRECTION('',(0.9607668296,0.277357349172,-0.));
#387 = DIRECTION('',(0.,0.,1.));
#388 = ORIENTED_EDGE('',*,*,#389,.F.);
#389 = EDGE_CURVE('',#390,#381,#392,.T.);
#390 = VERTEX_POINT('',#391);
#391 = CARTESIAN_POINT('',(3.374053574962,-2.14843256196,12.3));
#392 = HYPERBOLA('',#393,2.561093451377,2.561093451377);
#393 = AXIS2_PLACEMENT_3D('',#394,#395,#396);
#394 = CARTESIAN_POINT('',(0.326542175841,-2.54019091292,8.3));
#395 = DIRECTION('',(0.127501077973,-0.991838431961,0.));
#396 = DIRECTION('',(0.,0.,1.));
#397 = ORIENTED_EDGE('',*,*,#398,.T.);
#398 = EDGE_CURVE('',#390,#399,#401,.T.);
#399 = VERTEX_POINT('',#400);
#400 = CARTESIAN_POINT('',(3.576128018767,-1.792012386506,12.3));
#401 = CIRCLE('',#402,4.);
#402 = AXIS2_PLACEMENT_3D('',#403,#404,#405);
#403 = CARTESIAN_POINT('',(0.,0.,12.3));
#404 = DIRECTION('',(0.,0.,1.));
#405 = DIRECTION('',(1.,0.,0.));
#406 = ORIENTED_EDGE('',*,*,#407,.F.);
#407 = EDGE_CURVE('',#408,#399,#410,.T.);
#408 = VERTEX_POINT('',#409);
#409 = CARTESIAN_POINT('',(3.42675330904,-1.512288333339,12.045618005639
    ));
#410 = HYPERBOLA('',#411,2.310394372407,2.310394372407);
#411 = AXIS2_PLACEMENT_3D('',#412,#413,#414);
#412 = CARTESIAN_POINT('',(2.038012585344,1.088313768188,8.3));
#413 = DIRECTION('',(0.882105933811,0.471051081662,-0.));
#414 = DIRECTION('',(0.,0.,1.));
#415 = ORIENTED_EDGE('',*,*,#416,.F.);
#416 = EDGE_CURVE('',#417,#408,#419,.T.);
#417 = VERTEX_POINT('',#418);
#418 = CARTESIAN_POINT('',(3.747006655661,-1.399978972139,12.3));
#419 = HYPERBOLA('',#420,2.561093451377,2.561093451377);
#420 = AXIS2_PLACEMENT_3D('',#421,#422,#423);
#421 = CARTESIAN_POINT('',(0.847541833543,-2.416789710976,8.3));
#422 = DIRECTION('',(0.330929678918,-0.943655417836,0.));
#423 = DIRECTION('',(0.,0.,1.));
#424 = ORIENTED_EDGE('',*,*,#425,.T.);
#425 = EDGE_CURVE('',#417,#426,#428,.T.);
#426 = VERTEX_POINT('',#427);
#427 = CARTESIAN_POINT('',(3.870561366718,-1.009333793384,12.3));
#428 = CIRCLE('',#429,4.);
#429 = AXIS2_PLACEMENT_3D('',#430,#431,#432);
#430 = CARTESIAN_POINT('',(0.,0.,12.3));
#431 = DIRECTION('',(0.,0.,1.));
#432 = DIRECTION('',(1.,0.,0.));
#433 = ORIENTED_EDGE('',*,*,#434,.F.);
#434 = EDGE_CURVE('',#435,#426,#437,.T.);
#435 = VERTEX_POINT('',#436);
#436 = CARTESIAN_POINT('',(3.666292951932,-0.766779130375,
    12.045618005639));
#437 = HYPERBOLA('',#438,2.310394372407,2.310394372407);
#438 = AXIS2_PLACEMENT_3D('',#439,#440,#441);
#439 = CARTESIAN_POINT('',(1.767203964936,1.488258143726,8.3));
#440 = DIRECTION('',(0.764892775901,0.64415762153,-0.));
#441 = DIRECTION('',(0.,0.,1.));
#442 = ORIENTED_EDGE('',*,*,#443,.F.);
#443 = EDGE_CURVE('',#444,#435,#446,.T.);
#444 = VERTEX_POINT('',#445);
#445 = CARTESIAN_POINT('',(3.956197565375,-0.590339583392,12.3));
#446 = HYPERBOLA('',#447,2.561093451377,2.561093451377);
#447 = AXIS2_PLACEMENT_3D('',#448,#449,#450);
#448 = CARTESIAN_POINT('',(1.331499846161,-2.187763201619,8.3));
#449 = DIRECTION('',(0.519895064917,-0.85423013379,0.));
#450 = DIRECTION('',(0.,0.,1.));
#451 = ORIENTED_EDGE('',*,*,#452,.T.);
#452 = EDGE_CURVE('',#444,#453,#455,.T.);
#453 = VERTEX_POINT('',#454);
#454 = CARTESIAN_POINT('',(3.995832609931,-0.18254247017,12.3));
#455 = CIRCLE('',#456,4.);
#456 = AXIS2_PLACEMENT_3D('',#457,#458,#459);
#457 = CARTESIAN_POINT('',(0.,0.,12.3));
#458 = DIRECTION('',(0.,0.,1.));
#459 = DIRECTION('',(1.,0.,0.));
#460 = ORIENTED_EDGE('',*,*,#461,.F.);
#461 = EDGE_CURVE('',#462,#453,#464,.T.);
#462 = VERTEX_POINT('',#463);
#463 = CARTESIAN_POINT('',(3.761324983225,0.,12.061324983225));
#464 = HYPERBOLA('',#465,2.310394372407,2.310394372407);
#465 = AXIS2_PLACEMENT_3D('',#466,#467,#468);
#466 = CARTESIAN_POINT('',(1.419160051274,1.823158496927,8.3));
#467 = DIRECTION('',(0.61425013332,0.789111382326,-0.));
#468 = DIRECTION('',(0.,0.,1.));
#469 = ORIENTED_EDGE('',*,*,#470,.T.);
#470 = EDGE_CURVE('',#462,#471,#473,.T.);
#471 = VERTEX_POINT('',#472);
#472 = CARTESIAN_POINT('',(3.7,0.,12.));
#473 = LINE('',#474,#475);
#474 = CARTESIAN_POINT('',(4.,0.,12.3));
#475 = VECTOR('',#476,1.);
#476 = DIRECTION('',(-0.707106781187,-0.,-0.707106781187));
#477 = ORIENTED_EDGE('',*,*,#478,.F.);
#478 = EDGE_CURVE('',#471,#471,#479,.T.);
#479 = CIRCLE('',#480,3.7);
#480 = AXIS2_PLACEMENT_3D('',#481,#482,#483);
#481 = CARTESIAN_POINT('',(0.,0.,12.));
#482 = DIRECTION('',(0.,0.,1.));
#483 = DIRECTION('',(1.,0.,0.));
#484 = ORIENTED_EDGE('',*,*,#470,.F.);
#485 = ORIENTED_EDGE('',*,*,#486,.F.);
#486 = EDGE_CURVE('',#487,#462,#489,.T.);
#487 = VERTEX_POINT('',#488);
#488 = CARTESIAN_POINT('',(3.745598,1.2242E-02,12.045618005639));
#489 = HYPERBOLA('',#490,2.310394372407,2.310394372407);
#490 = AXIS2_PLACEMENT_3D('',#491,#492,#493);
#491 = CARTESIAN_POINT('',(1.419160051274,1.823158496927,8.3));
#492 = DIRECTION('',(0.61425013332,0.789111382326,-0.));
#493 = DIRECTION('',(0.,0.,1.));
#494 = ORIENTED_EDGE('',*,*,#495,.F.);
#495 = EDGE_CURVE('',#22,#487,#496,.T.);
#496 = HYPERBOLA('',#497,2.561093451377,2.561093451377);
#497 = AXIS2_PLACEMENT_3D('',#498,#499,#500);
#498 = CARTESIAN_POINT('',(1.757264926257,-1.863120942298,8.3));
#499 = DIRECTION('',(0.686138541845,-0.727470893847,0.));
#500 = DIRECTION('',(0.,0.,1.));
#501 = ORIENTED_EDGE('',*,*,#21,.T.);
#502 = ORIENTED_EDGE('',*,*,#503,.F.);
#503 = EDGE_CURVE('',#504,#24,#506,.T.);
#504 = VERTEX_POINT('',#505);
#505 = CARTESIAN_POINT('',(3.661202442094,0.790728096232,12.045618005639
    ));
#506 = HYPERBOLA('',#507,2.310394372407,2.310394372407);
#507 = AXIS2_PLACEMENT_3D('',#508,#509,#510);
#508 = CARTESIAN_POINT('',(1.009092033486,2.078378075328,8.3));
#509 = DIRECTION('',(0.436761812415,0.899577189137,-0.));
#510 = DIRECTION('',(0.,0.,1.));
#511 = ORIENTED_EDGE('',*,*,#512,.F.);
#512 = EDGE_CURVE('',#513,#504,#515,.T.);
#513 = VERTEX_POINT('',#514);
#514 = CARTESIAN_POINT('',(3.854279055809,1.069828472211,12.3));
#515 = HYPERBOLA('',#516,2.561093451377,2.561093451377);
#516 = AXIS2_PLACEMENT_3D('',#517,#518,#519);
#517 = CARTESIAN_POINT('',(2.106229096784,-1.457051357553,8.3));
#518 = DIRECTION('',(0.822394472037,-0.56891768505,0.));
#519 = DIRECTION('',(0.,0.,1.));
#520 = ORIENTED_EDGE('',*,*,#521,.T.);
#521 = EDGE_CURVE('',#513,#522,#524,.T.);
#522 = VERTEX_POINT('',#523);
#523 = CARTESIAN_POINT('',(3.724621441838,1.458490697606,12.3));
#524 = CIRCLE('',#525,4.);
#525 = AXIS2_PLACEMENT_3D('',#526,#527,#528);
#526 = CARTESIAN_POINT('',(0.,0.,12.3));
#527 = DIRECTION('',(0.,0.,1.));
#528 = DIRECTION('',(1.,0.,0.));
#529 = ORIENTED_EDGE('',*,*,#530,.F.);
#530 = EDGE_CURVE('',#531,#522,#533,.T.);
#531 = VERTEX_POINT('',#532);
#532 = CARTESIAN_POINT('',(3.416794769071,1.534655580324,12.045618005639
    ));
#533 = HYPERBOLA('',#534,2.310394372407,2.310394372407);
#534 = AXIS2_PLACEMENT_3D('',#535,#536,#537);
#535 = CARTESIAN_POINT('',(0.554921851674,2.242762558673,8.3));
#536 = DIRECTION('',(0.240184904491,0.970727156133,-0.));
#537 = DIRECTION('',(0.,0.,1.));
#538 = ORIENTED_EDGE('',*,*,#539,.F.);
#539 = EDGE_CURVE('',#540,#531,#542,.T.);
#540 = VERTEX_POINT('',#541);
#541 = CARTESIAN_POINT('',(3.547623964456,1.847799828667,12.3));
#542 = HYPERBOLA('',#543,2.561093451377,2.561093451377);
#543 = AXIS2_PLACEMENT_3D('',#544,#545,#546);
#544 = CARTESIAN_POINT('',(2.363140948972,-0.987301636774,8.3));
#545 = DIRECTION('',(0.922707817515,-0.385500043446,0.));
#546 = DIRECTION('',(0.,0.,1.));
#547 = ORIENTED_EDGE('',*,*,#548,.T.);
#548 = EDGE_CURVE('',#540,#549,#551,.T.);
#549 = VERTEX_POINT('',#550);
#550 = CARTESIAN_POINT('',(3.339992259994,2.201011518184,12.3));
#551 = CIRCLE('',#552,4.);
#552 = AXIS2_PLACEMENT_3D('',#553,#554,#555);
#553 = CARTESIAN_POINT('',(0.,0.,12.3));
#554 = DIRECTION('',(0.,0.,1.));
#555 = DIRECTION('',(1.,0.,0.));
#556 = ORIENTED_EDGE('',*,*,#557,.F.);
#557 = EDGE_CURVE('',#558,#549,#560,.T.);
#558 = VERTEX_POINT('',#559);
#559 = CARTESIAN_POINT('',(3.023056769038,2.211511251461,12.045618005639
    ));
#560 = HYPERBOLA('',#561,2.310394372407,2.310394372407);
#561 = AXIS2_PLACEMENT_3D('',#562,#563,#564);
#562 = CARTESIAN_POINT('',(7.649892213277E-02,2.309127556235,8.3));
#563 = DIRECTION('',(3.311076370614E-02,0.999451688341,-0.));
#564 = DIRECTION('',(0.,0.,1.));
#565 = ORIENTED_EDGE('',*,*,#566,.F.);
#566 = EDGE_CURVE('',#567,#558,#569,.T.);
#567 = VERTEX_POINT('',#568);
#568 = CARTESIAN_POINT('',(3.085920682467,2.545013465882,12.3));
#569 = HYPERBOLA('',#570,2.561093451377,2.561093451377);
#570 = AXIS2_PLACEMENT_3D('',#571,#572,#573);
#571 = CARTESIAN_POINT('',(2.516772202081,-0.47440209687,8.3));
#572 = DIRECTION('',(0.982694403724,-0.185234200109,0.));
#573 = DIRECTION('',(0.,0.,1.));
#574 = ORIENTED_EDGE('',*,*,#575,.T.);
#575 = EDGE_CURVE('',#567,#576,#578,.T.);
#576 = VERTEX_POINT('',#577);
#577 = CARTESIAN_POINT('',(2.809389389328,2.847337573793,12.3));
#578 = CIRCLE('',#579,4.);
#579 = AXIS2_PLACEMENT_3D('',#580,#581,#582);
#580 = CARTESIAN_POINT('',(0.,0.,12.3));
#581 = DIRECTION('',(0.,0.,1.));
#582 = DIRECTION('',(1.,0.,0.));
#583 = ORIENTED_EDGE('',*,*,#584,.F.);
#584 = EDGE_CURVE('',#585,#576,#587,.T.);
#585 = VERTEX_POINT('',#586);
#586 = CARTESIAN_POINT('',(2.497196681963,2.791713268902,12.045618005639
    ));
#587 = HYPERBOLA('',#588,2.310394372407,2.310394372407);
#588 = AXIS2_PLACEMENT_3D('',#589,#590,#591);
#589 = CARTESIAN_POINT('',(-0.405267377388,2.274572599166,8.3));
#590 = DIRECTION('',(-0.175410476336,0.984495385866,0.));
#591 = DIRECTION('',(0.,0.,1.));
#592 = ORIENTED_EDGE('',*,*,#593,.F.);
#593 = EDGE_CURVE('',#594,#585,#596,.T.);
#594 = VERTEX_POINT('',#595);
#595 = CARTESIAN_POINT('',(2.489347858765,3.130997802309,12.3));
#596 = HYPERBOLA('',#597,2.561093451377,2.561093451377);
#597 = AXIS2_PLACEMENT_3D('',#598,#599,#600);
#598 = CARTESIAN_POINT('',(2.560408433147,5.923109110129E-02,8.3));
#599 = DIRECTION('',(0.999732528999,2.312726662491E-02,-0.));
#600 = DIRECTION('',(0.,0.,1.));
#601 = ORIENTED_EDGE('',*,*,#602,.T.);
#602 = EDGE_CURVE('',#594,#603,#605,.T.);
#603 = VERTEX_POINT('',#604);
#604 = CARTESIAN_POINT('',(2.156002721402,3.369221314385,12.3));
#605 = CIRCLE('',#606,4.);
#606 = AXIS2_PLACEMENT_3D('',#607,#608,#609);
#607 = CARTESIAN_POINT('',(0.,0.,12.3));
#608 = DIRECTION('',(0.,0.,1.));
#609 = DIRECTION('',(1.,0.,0.));
#610 = ORIENTED_EDGE('',*,*,#611,.F.);
#611 = EDGE_CURVE('',#612,#603,#614,.T.);
#612 = VERTEX_POINT('',#613);
#613 = CARTESIAN_POINT('',(1.862197117007,3.249904020364,12.045618005639
    ));
#614 = HYPERBOLA('',#615,2.310394372407,2.310394372407);
#615 = AXIS2_PLACEMENT_3D('',#616,#617,#618);
#616 = CARTESIAN_POINT('',(-0.869321547828,2.140607904903,8.3));
#617 = DIRECTION('',(-0.376265436849,0.926511910896,0.));
#618 = DIRECTION('',(0.,0.,1.));
#619 = ORIENTED_EDGE('',*,*,#620,.F.);
#620 = EDGE_CURVE('',#621,#612,#623,.T.);
#621 = VERTEX_POINT('',#622);
#622 = CARTESIAN_POINT('',(1.783978588418,3.580142510581,12.3));
#623 = HYPERBOLA('',#624,2.561093451377,2.561093451377);
#624 = AXIS2_PLACEMENT_3D('',#625,#626,#627);
#625 = CARTESIAN_POINT('',(2.492142529482,0.590275596169,8.3));
#626 = DIRECTION('',(0.973077545508,0.23047796083,-0.));
#627 = DIRECTION('',(0.,0.,1.));
#628 = ORIENTED_EDGE('',*,*,#629,.T.);
#629 = EDGE_CURVE('',#621,#630,#632,.T.);
#630 = VERTEX_POINT('',#631);
#631 = CARTESIAN_POINT('',(1.408388388902,3.743853916221,12.3));
#632 = CIRCLE('',#633,4.);
#633 = AXIS2_PLACEMENT_3D('',#634,#635,#636);
#634 = CARTESIAN_POINT('',(0.,0.,12.3));
#635 = DIRECTION('',(0.,0.,1.));
#636 = DIRECTION('',(1.,0.,0.));
#637 = ORIENTED_EDGE('',*,*,#638,.F.);
#638 = EDGE_CURVE('',#639,#630,#641,.T.);
#639 = VERTEX_POINT('',#640);
#640 = CARTESIAN_POINT('',(1.145810602224,3.566058371367,12.045618005639
    ));
#641 = HYPERBOLA('',#642,2.310394372407,2.310394372407);
#642 = AXIS2_PLACEMENT_3D('',#643,#644,#645);
#643 = CARTESIAN_POINT('',(-1.29538219516,1.913088373419,8.3));
#644 = DIRECTION('',(-0.56067579225,0.828035419523,0.));
#645 = DIRECTION('',(0.,0.,1.));
#646 = ORIENTED_EDGE('',*,*,#647,.F.);
#647 = EDGE_CURVE('',#648,#639,#650,.T.);
#648 = VERTEX_POINT('',#649);
#649 = CARTESIAN_POINT('',(1.000640893278,3.87281781171,12.3));
#650 = HYPERBOLA('',#651,2.561093451377,2.561093451377);
#651 = AXIS2_PLACEMENT_3D('',#652,#653,#654);
#652 = CARTESIAN_POINT('',(2.314958038651,1.095522225228,8.3));
#653 = DIRECTION('',(0.903894403934,0.427755662192,-0.));
#654 = DIRECTION('',(0.,0.,1.));
#655 = ORIENTED_EDGE('',*,*,#656,.T.);
#656 = EDGE_CURVE('',#648,#657,#659,.T.);
#657 = VERTEX_POINT('',#658);
#658 = CARTESIAN_POINT('',(0.599220725609,3.954862136915,12.3));
#659 = CIRCLE('',#660,4.);
#660 = AXIS2_PLACEMENT_3D('',#661,#662,#663);
#661 = CARTESIAN_POINT('',(0.,0.,12.3));
#662 = DIRECTION('',(0.,0.,1.));
#663 = DIRECTION('',(1.,0.,0.));
#664 = ORIENTED_EDGE('',*,*,#665,.F.);
#665 = EDGE_CURVE('',#666,#657,#668,.T.);
#666 = VERTEX_POINT('',#667);
#667 = CARTESIAN_POINT('',(0.379346665915,3.726358859695,12.045618005639
    ));
#668 = HYPERBOLA('',#669,2.310394372407,2.310394372407);
#669 = AXIS2_PLACEMENT_3D('',#670,#671,#672);
#670 = CARTESIAN_POINT('',(-1.664828424631,1.601957700001,8.3));
#671 = DIRECTION('',(-0.720581925109,0.693369806962,0.));
#672 = DIRECTION('',(0.,0.,1.));
#673 = ORIENTED_EDGE('',*,*,#674,.F.);
#674 = EDGE_CURVE('',#675,#666,#677,.T.);
#675 = VERTEX_POINT('',#676);
#676 = CARTESIAN_POINT('',(0.173570389494,3.996232390626,12.3));
#677 = HYPERBOLA('',#678,2.561093451377,2.561093451377);
#678 = AXIS2_PLACEMENT_3D('',#679,#680,#681);
#679 = CARTESIAN_POINT('',(2.03659877313,1.552889276146,8.3));
#680 = DIRECTION('',(0.795206739542,0.606338388516,-0.));
#681 = DIRECTION('',(0.,0.,1.));
#682 = ORIENTED_EDGE('',*,*,#683,.T.);
#683 = EDGE_CURVE('',#675,#684,#686,.T.);
#684 = VERTEX_POINT('',#685);
#685 = CARTESIAN_POINT('',(-0.236135758772,3.99302390469,12.3));
#686 = CIRCLE('',#687,4.);
#687 = AXIS2_PLACEMENT_3D('',#688,#689,#690);
#688 = CARTESIAN_POINT('',(0.,0.,12.3));
#689 = DIRECTION('',(0.,0.,1.));
#690 = DIRECTION('',(1.,0.,0.));
#691 = ORIENTED_EDGE('',*,*,#692,.F.);
#692 = EDGE_CURVE('',#693,#684,#695,.T.);
#693 = VERTEX_POINT('',#694);
#694 = CARTESIAN_POINT('',(-0.403696540001,3.7237995848,12.045618005639)
  );
#695 = HYPERBOLA('',#696,2.310394372407,2.310394372407);
#696 = AXIS2_PLACEMENT_3D('',#697,#698,#699);
#697 = CARTESIAN_POINT('',(-1.961513663212,1.220813788046,8.3));
#698 = DIRECTION('',(-0.848995170105,0.528400606679,0.));
#699 = DIRECTION('',(0.,0.,1.));
#700 = ORIENTED_EDGE('',*,*,#701,.F.);
#701 = EDGE_CURVE('',#702,#693,#704,.T.);
#702 = VERTEX_POINT('',#703);
#703 = CARTESIAN_POINT('',(-0.661085973194,3.944992438021,12.3));
#704 = HYPERBOLA('',#705,2.561093451377,2.561093451377);
#705 = AXIS2_PLACEMENT_3D('',#706,#707,#708);
#706 = CARTESIAN_POINT('',(1.669230368539,1.942387614106,8.3));
#707 = DIRECTION('',(0.651764724806,0.758421217727,-0.));
#708 = DIRECTION('',(0.,0.,1.));
#709 = ORIENTED_EDGE('',*,*,#710,.T.);
#710 = EDGE_CURVE('',#702,#711,#713,.T.);
#711 = VERTEX_POINT('',#712);
#712 = CARTESIAN_POINT('',(-1.061171977391,3.856671367177,12.3));
#713 = CIRCLE('',#714,4.);
#714 = AXIS2_PLACEMENT_3D('',#715,#716,#717);
#715 = CARTESIAN_POINT('',(0.,0.,12.3));
#716 = DIRECTION('',(0.,0.,1.));
#717 = DIRECTION('',(1.,0.,0.));
#718 = ORIENTED_EDGE('',*,*,#719,.F.);
#719 = EDGE_CURVE('',#720,#711,#722,.T.);
#720 = VERTEX_POINT('',#721);
#721 = CARTESIAN_POINT('',(-1.169096269969,3.558492399277,
    12.045618005639));
#722 = HYPERBOLA('',#723,2.310394372407,2.310394372407);
#723 = AXIS2_PLACEMENT_3D('',#724,#725,#726);
#724 = CARTESIAN_POINT('',(-2.172471342323,0.78631445544,8.3));
#725 = DIRECTION('',(-0.940303252237,0.340337764336,0.));
#726 = DIRECTION('',(0.,0.,1.));
#727 = ORIENTED_EDGE('',*,*,#728,.F.);
#728 = EDGE_CURVE('',#729,#720,#731,.T.);
#729 = VERTEX_POINT('',#730);
#730 = CARTESIAN_POINT('',(-1.466849706611,3.721337385701,12.3));
#731 = HYPERBOLA('',#732,2.561093451377,2.561093451377);
#732 = AXIS2_PLACEMENT_3D('',#733,#734,#735);
#733 = CARTESIAN_POINT('',(1.228908586986,2.24699429272,8.3));
#734 = DIRECTION('',(0.479837464082,0.877357400415,-0.));
#735 = DIRECTION('',(0.,0.,1.));
#736 = ORIENTED_EDGE('',*,*,#737,.T.);
#737 = EDGE_CURVE('',#729,#738,#740,.T.);
#738 = VERTEX_POINT('',#739);
#739 = CARTESIAN_POINT('',(-1.839829888529,3.551763784555,12.3));
#740 = CIRCLE('',#741,4.);
#741 = AXIS2_PLACEMENT_3D('',#742,#743,#744);
#742 = CARTESIAN_POINT('',(0.,0.,12.3));
#743 = DIRECTION('',(0.,0.,1.));
#744 = DIRECTION('',(1.,0.,0.));
#745 = ORIENTED_EDGE('',*,*,#746,.F.);
#746 = EDGE_CURVE('',#747,#738,#749,.T.);
#747 = VERTEX_POINT('',#748);
#748 = CARTESIAN_POINT('',(-1.883400882993,3.237662020364,
    12.045618005639));
#749 = HYPERBOLA('',#750,2.310394372407,2.310394372407);
#750 = AXIS2_PLACEMENT_3D('',#751,#752,#753);
#751 = CARTESIAN_POINT('',(-2.288481599102,0.317449407975,8.3));
#752 = DIRECTION('',(-0.99051557017,0.137400528571,0.));
#753 = DIRECTION('',(0.,0.,1.));
#754 = ORIENTED_EDGE('',*,*,#755,.F.);
#755 = EDGE_CURVE('',#756,#747,#758,.T.);
#756 = VERTEX_POINT('',#757);
#757 = CARTESIAN_POINT('',(-2.208505069123,3.335042032668,12.3));
#758 = HYPERBOLA('',#759,2.561093451377,2.561093451377);
#759 = AXIS2_PLACEMENT_3D('',#760,#761,#762);
#760 = CARTESIAN_POINT('',(0.734877603224,2.453396538467,8.3));
#761 = DIRECTION('',(0.286939003662,0.957948854677,-0.));
#762 = DIRECTION('',(0.,0.,1.));
#763 = ORIENTED_EDGE('',*,*,#764,.T.);
#764 = EDGE_CURVE('',#756,#765,#767,.T.);
#765 = VERTEX_POINT('',#766);
#766 = CARTESIAN_POINT('',(-2.538078405055,3.091627081295,12.3));
#767 = CIRCLE('',#768,4.);
#768 = AXIS2_PLACEMENT_3D('',#769,#770,#771);
#769 = CARTESIAN_POINT('',(0.,0.,12.3));
#770 = DIRECTION('',(0.,0.,1.));
#771 = DIRECTION('',(1.,0.,0.));
#772 = ORIENTED_EDGE('',*,*,#773,.F.);
#773 = EDGE_CURVE('',#774,#765,#776,.T.);
#774 = VERTEX_POINT('',#775);
#775 = CARTESIAN_POINT('',(-2.51539183987,2.775330275135,12.045618005639
    ));
#776 = HYPERBOLA('',#777,2.310394372407,2.310394372407);
#777 = AXIS2_PLACEMENT_3D('',#778,#779,#780);
#778 = CARTESIAN_POINT('',(-2.304474228646,-0.165289701909,8.3));
#779 = DIRECTION('',(-0.997437604665,-7.154176961438E-02,0.));
#780 = DIRECTION('',(0.,0.,1.));
#781 = ORIENTED_EDGE('',*,*,#782,.F.);
#782 = EDGE_CURVE('',#783,#774,#785,.T.);
#783 = VERTEX_POINT('',#784);
#784 = CARTESIAN_POINT('',(-2.853638162531,2.802989339499,12.3));
#785 = HYPERBOLA('',#786,2.561093451377,2.561093451377);
#786 = AXIS2_PLACEMENT_3D('',#787,#788,#789);
#787 = CARTESIAN_POINT('',(0.208728941868,2.552573582781,8.3));
#788 = DIRECTION('',(8.149993189645E-02,0.996673347241,-0.));
#789 = DIRECTION('',(0.,0.,1.));
#790 = ORIENTED_EDGE('',*,*,#791,.T.);
#791 = EDGE_CURVE('',#783,#792,#794,.T.);
#792 = VERTEX_POINT('',#793);
#793 = CARTESIAN_POINT('',(-3.125400716229,2.496371439309,12.3));
#794 = CIRCLE('',#795,4.);
#795 = AXIS2_PLACEMENT_3D('',#796,#797,#798);
#796 = CARTESIAN_POINT('',(0.,0.,12.3));
#797 = DIRECTION('',(0.,0.,1.));
#798 = DIRECTION('',(1.,0.,0.));
#799 = ORIENTED_EDGE('',*,*,#800,.F.);
#800 = EDGE_CURVE('',#801,#792,#803,.T.);
#801 = VERTEX_POINT('',#802);
#802 = CARTESIAN_POINT('',(-3.037448103155,2.191703279371,
    12.045618005639));
#803 = HYPERBOLA('',#804,2.310394372407,2.310394372407);
#804 = AXIS2_PLACEMENT_3D('',#805,#806,#807);
#805 = CARTESIAN_POINT('',(-2.219750276304,-0.640804858672,8.3));
#806 = DIRECTION('',(-0.9607668296,-0.277357349172,0.));
#807 = DIRECTION('',(0.,0.,1.));
#808 = ORIENTED_EDGE('',*,*,#809,.F.);
#809 = EDGE_CURVE('',#810,#801,#812,.T.);
#810 = VERTEX_POINT('',#811);
#811 = CARTESIAN_POINT('',(-3.374053574962,2.14843256196,12.3));
#812 = HYPERBOLA('',#813,2.561093451377,2.561093451377);
#813 = AXIS2_PLACEMENT_3D('',#814,#815,#816);
#814 = CARTESIAN_POINT('',(-0.326542175841,2.54019091292,8.3));
#815 = DIRECTION('',(-0.127501077973,0.991838431961,0.));
#816 = DIRECTION('',(0.,0.,1.));
#817 = ORIENTED_EDGE('',*,*,#818,.T.);
#818 = EDGE_CURVE('',#810,#819,#821,.T.);
#819 = VERTEX_POINT('',#820);
#820 = CARTESIAN_POINT('',(-3.576128018767,1.792012386506,12.3));
#821 = CIRCLE('',#822,4.);
#822 = AXIS2_PLACEMENT_3D('',#823,#824,#825);
#823 = CARTESIAN_POINT('',(0.,0.,12.3));
#824 = DIRECTION('',(0.,0.,1.));
#825 = DIRECTION('',(1.,0.,0.));
#826 = ORIENTED_EDGE('',*,*,#827,.F.);
#827 = EDGE_CURVE('',#828,#819,#830,.T.);
#828 = VERTEX_POINT('',#829);
#829 = CARTESIAN_POINT('',(-3.42675330904,1.512288333339,12.045618005639
    ));
#830 = HYPERBOLA('',#831,2.310394372407,2.310394372407);
#831 = AXIS2_PLACEMENT_3D('',#832,#833,#834);
#832 = CARTESIAN_POINT('',(-2.038012585344,-1.088313768188,8.3));
#833 = DIRECTION('',(-0.882105933811,-0.471051081662,0.));
#834 = DIRECTION('',(0.,0.,1.));
#835 = ORIENTED_EDGE('',*,*,#836,.F.);
#836 = EDGE_CURVE('',#837,#828,#839,.T.);
#837 = VERTEX_POINT('',#838);
#838 = CARTESIAN_POINT('',(-3.747006655661,1.399978972139,12.3));
#839 = HYPERBOLA('',#840,2.561093451377,2.561093451377);
#840 = AXIS2_PLACEMENT_3D('',#841,#842,#843);
#841 = CARTESIAN_POINT('',(-0.847541833543,2.416789710976,8.3));
#842 = DIRECTION('',(-0.330929678918,0.943655417836,0.));
#843 = DIRECTION('',(0.,0.,1.));
#844 = ORIENTED_EDGE('',*,*,#845,.T.);
#845 = EDGE_CURVE('',#837,#846,#848,.T.);
#846 = VERTEX_POINT('',#847);
#847 = CARTESIAN_POINT('',(-3.870561366718,1.009333793384,12.3));
#848 = CIRCLE('',#849,4.);
#849 = AXIS2_PLACEMENT_3D('',#850,#851,#852);
#850 = CARTESIAN_POINT('',(0.,0.,12.3));
#851 = DIRECTION('',(0.,0.,1.));
#852 = DIRECTION('',(1.,0.,0.));
#853 = ORIENTED_EDGE('',*,*,#854,.F.);
#854 = EDGE_CURVE('',#855,#846,#857,.T.);
#855 = VERTEX_POINT('',#856);
#856 = CARTESIAN_POINT('',(-3.666292951932,0.766779130375,
    12.045618005639));
#857 = HYPERBOLA('',#858,2.310394372407,2.310394372407);
#858 = AXIS2_PLACEMENT_3D('',#859,#860,#861);
#859 = CARTESIAN_POINT('',(-1.767203964936,-1.488258143726,8.3));
#860 = DIRECTION('',(-0.764892775901,-0.64415762153,0.));
#861 = DIRECTION('',(0.,0.,1.));
#862 = ORIENTED_EDGE('',*,*,#863,.F.);
#863 = EDGE_CURVE('',#864,#855,#866,.T.);
#864 = VERTEX_POINT('',#865);
#865 = CARTESIAN_POINT('',(-3.956197565375,0.590339583392,12.3));
#866 = HYPERBOLA('',#867,2.561093451377,2.561093451377);
#867 = AXIS2_PLACEMENT_3D('',#868,#869,#870);
#868 = CARTESIAN_POINT('',(-1.331499846161,2.187763201619,8.3));
#869 = DIRECTION('',(-0.519895064917,0.85423013379,0.));
#870 = DIRECTION('',(0.,0.,1.));
#871 = ORIENTED_EDGE('',*,*,#872,.T.);
#872 = EDGE_CURVE('',#864,#873,#875,.T.);
#873 = VERTEX_POINT('',#874);
#874 = CARTESIAN_POINT('',(-3.995832609931,0.18254247017,12.3));
#875 = CIRCLE('',#876,4.);
#876 = AXIS2_PLACEMENT_3D('',#877,#878,#879);
#877 = CARTESIAN_POINT('',(0.,0.,12.3));
#878 = DIRECTION('',(0.,0.,1.));
#879 = DIRECTION('',(1.,0.,0.));
#880 = ORIENTED_EDGE('',*,*,#881,.F.);
#881 = EDGE_CURVE('',#66,#873,#882,.T.);
#882 = HYPERBOLA('',#883,2.310394372407,2.310394372407);
#883 = AXIS2_PLACEMENT_3D('',#884,#885,#886);
#884 = CARTESIAN_POINT('',(-1.419160051274,-1.823158496927,8.3));
#885 = DIRECTION('',(-0.61425013332,-0.789111382326,0.));
#886 = DIRECTION('',(0.,0.,1.));
#887 = CONICAL_SURFACE('',#888,4.,0.785398163397);
#888 = AXIS2_PLACEMENT_3D('',#889,#890,#891);
#889 = CARTESIAN_POINT('',(0.,0.,12.3));
#890 = DIRECTION('',(0.,0.,1.));
#891 = DIRECTION('',(1.,0.,0.));
#892 = ADVANCED_FACE('',(#893),#912,.T.);
#893 = FACE_BOUND('',#894,.T.);
#894 = EDGE_LOOP('',(#895,#896,#904,#911));
#895 = ORIENTED_EDGE('',*,*,#503,.F.);
#896 = ORIENTED_EDGE('',*,*,#897,.T.);
#897 = EDGE_CURVE('',#504,#898,#900,.T.);
#898 = VERTEX_POINT('',#899);
#899 = CARTESIAN_POINT('',(3.661202442094,0.790728096232,13.954381994361
    ));
#900 = LINE('',#901,#902);
#901 = CARTESIAN_POINT('',(3.661202442094,0.790728096232,12.));
#902 = VECTOR('',#903,1.);
#903 = DIRECTION('',(0.,0.,1.));
#904 = ORIENTED_EDGE('',*,*,#905,.F.);
#905 = EDGE_CURVE('',#41,#898,#906,.T.);
#906 = HYPERBOLA('',#907,2.310394372407,2.310394372407);
#907 = AXIS2_PLACEMENT_3D('',#908,#909,#910);
#908 = CARTESIAN_POINT('',(1.009092033486,2.078378075328,17.7));
#909 = DIRECTION('',(0.436761812415,0.899577189137,0.));
#910 = DIRECTION('',(0.,0.,-1.));
#911 = ORIENTED_EDGE('',*,*,#49,.T.);
#912 = PLANE('',#913);
#913 = AXIS2_PLACEMENT_3D('',#914,#915,#916);
#914 = CARTESIAN_POINT('',(3.661202442094,0.790728096232,12.));
#915 = DIRECTION('',(0.436761812415,0.899577189137,0.));
#916 = DIRECTION('',(0.899577189137,-0.436761812415,0.));
#917 = ADVANCED_FACE('',(#918),#1126,.T.);
#918 = FACE_BOUND('',#919,.T.);
#919 = EDGE_LOOP('',(#920,#930,#939,#946,#947,#948,#957,#966,#975,#984,
    #993,#1002,#1011,#1020,#1029,#1038,#1047,#1056,#1065,#1074,#1083,
    #1092,#1101,#1110,#1119));
#920 = ORIENTED_EDGE('',*,*,#921,.F.);
#921 = EDGE_CURVE('',#922,#924,#926,.T.);
#922 = VERTEX_POINT('',#923);
#923 = CARTESIAN_POINT('',(3.761324983225,-9.912399797586E-16,
    13.938675016775));
#924 = VERTEX_POINT('',#925);
#925 = CARTESIAN_POINT('',(3.7,-9.740697537228E-16,14.));
#926 = LINE('',#927,#928);
#927 = CARTESIAN_POINT('',(4.,-1.051877564057E-15,13.7));
#928 = VECTOR('',#929,1.);
#929 = DIRECTION('',(-0.707106781187,1.796469845529E-16,0.707106781187)
  );
#930 = ORIENTED_EDGE('',*,*,#931,.T.);
#931 = EDGE_CURVE('',#922,#932,#934,.T.);
#932 = VERTEX_POINT('',#933);
#933 = CARTESIAN_POINT('',(3.745598,1.2242E-02,13.954381994361));
#934 = HYPERBOLA('',#935,2.310394372407,2.310394372407);
#935 = AXIS2_PLACEMENT_3D('',#936,#937,#938);
#936 = CARTESIAN_POINT('',(1.419160051274,1.823158496927,17.7));
#937 = DIRECTION('',(0.61425013332,0.789111382326,0.));
#938 = DIRECTION('',(0.,0.,-1.));
#939 = ORIENTED_EDGE('',*,*,#940,.T.);
#940 = EDGE_CURVE('',#932,#33,#941,.T.);
#941 = HYPERBOLA('',#942,2.561093451377,2.561093451377);
#942 = AXIS2_PLACEMENT_3D('',#943,#944,#945);
#943 = CARTESIAN_POINT('',(1.757264926257,-1.863120942298,17.7));
#944 = DIRECTION('',(0.686138541845,-0.727470893847,0.));
#945 = DIRECTION('',(0.,0.,-1.));
#946 = ORIENTED_EDGE('',*,*,#40,.T.);
#947 = ORIENTED_EDGE('',*,*,#905,.T.);
#948 = ORIENTED_EDGE('',*,*,#949,.T.);
#949 = EDGE_CURVE('',#898,#950,#952,.T.);
#950 = VERTEX_POINT('',#951);
#951 = CARTESIAN_POINT('',(3.854279055809,1.069828472211,13.7));
#952 = HYPERBOLA('',#953,2.561093451377,2.561093451377);
#953 = AXIS2_PLACEMENT_3D('',#954,#955,#956);
#954 = CARTESIAN_POINT('',(2.106229096784,-1.457051357553,17.7));
#955 = DIRECTION('',(0.822394472037,-0.56891768505,0.));
#956 = DIRECTION('',(0.,0.,-1.));
#957 = ORIENTED_EDGE('',*,*,#958,.T.);
#958 = EDGE_CURVE('',#950,#959,#961,.T.);
#959 = VERTEX_POINT('',#960);
#960 = CARTESIAN_POINT('',(3.724621441838,1.458490697606,13.7));
#961 = CIRCLE('',#962,4.);
#962 = AXIS2_PLACEMENT_3D('',#963,#964,#965);
#963 = CARTESIAN_POINT('',(0.,0.,13.7));
#964 = DIRECTION('',(0.,0.,1.));
#965 = DIRECTION('',(1.,0.,0.));
#966 = ORIENTED_EDGE('',*,*,#967,.T.);
#967 = EDGE_CURVE('',#959,#968,#970,.T.);
#968 = VERTEX_POINT('',#969);
#969 = CARTESIAN_POINT('',(3.416794769071,1.534655580324,13.954381994361
    ));
#970 = HYPERBOLA('',#971,2.310394372407,2.310394372407);
#971 = AXIS2_PLACEMENT_3D('',#972,#973,#974);
#972 = CARTESIAN_POINT('',(0.554921851674,2.242762558673,17.7));
#973 = DIRECTION('',(0.240184904491,0.970727156133,0.));
#974 = DIRECTION('',(0.,0.,-1.));
#975 = ORIENTED_EDGE('',*,*,#976,.T.);
#976 = EDGE_CURVE('',#968,#977,#979,.T.);
#977 = VERTEX_POINT('',#978);
#978 = CARTESIAN_POINT('',(3.547623964456,1.847799828667,13.7));
#979 = HYPERBOLA('',#980,2.561093451377,2.561093451377);
#980 = AXIS2_PLACEMENT_3D('',#981,#982,#983);
#981 = CARTESIAN_POINT('',(2.363140948972,-0.987301636774,17.7));
#982 = DIRECTION('',(0.922707817515,-0.385500043446,0.));
#983 = DIRECTION('',(0.,0.,-1.));
#984 = ORIENTED_EDGE('',*,*,#985,.T.);
#985 = EDGE_CURVE('',#977,#986,#988,.T.);
#986 = VERTEX_POINT('',#987);
#987 = CARTESIAN_POINT('',(3.339992259994,2.201011518184,13.7));
#988 = CIRCLE('',#989,4.);
#989 = AXIS2_PLACEMENT_3D('',#990,#991,#992);
#990 = CARTESIAN_POINT('',(0.,0.,13.7));
#991 = DIRECTION('',(0.,0.,1.));
#992 = DIRECTION('',(1.,0.,0.));
#993 = ORIENTED_EDGE('',*,*,#994,.T.);
#994 = EDGE_CURVE('',#986,#995,#997,.T.);
#995 = VERTEX_POINT('',#996);
#996 = CARTESIAN_POINT('',(3.023056769038,2.211511251461,13.954381994361
    ));
#997 = HYPERBOLA('',#998,2.310394372407,2.310394372407);
#998 = AXIS2_PLACEMENT_3D('',#999,#1000,#1001);
#999 = CARTESIAN_POINT('',(7.649892213277E-02,2.309127556235,17.7));
#1000 = DIRECTION('',(3.311076370614E-02,0.999451688341,0.));
#1001 = DIRECTION('',(0.,0.,-1.));
#1002 = ORIENTED_EDGE('',*,*,#1003,.T.);
#1003 = EDGE_CURVE('',#995,#1004,#1006,.T.);
#1004 = VERTEX_POINT('',#1005);
#1005 = CARTESIAN_POINT('',(3.085920682467,2.545013465882,13.7));
#1006 = HYPERBOLA('',#1007,2.561093451377,2.561093451377);
#1007 = AXIS2_PLACEMENT_3D('',#1008,#1009,#1010);
#1008 = CARTESIAN_POINT('',(2.516772202081,-0.47440209687,17.7));
#1009 = DIRECTION('',(0.982694403724,-0.185234200109,0.));
#1010 = DIRECTION('',(0.,0.,-1.));
#1011 = ORIENTED_EDGE('',*,*,#1012,.T.);
#1012 = EDGE_CURVE('',#1004,#1013,#1015,.T.);
#1013 = VERTEX_POINT('',#1014);
#1014 = CARTESIAN_POINT('',(2.809389389328,2.847337573793,13.7));
#1015 = CIRCLE('',#1016,4.);
#1016 = AXIS2_PLACEMENT_3D('',#1017,#1018,#1019);
#1017 = CARTESIAN_POINT('',(0.,0.,13.7));
#1018 = DIRECTION('',(0.,0.,1.));
#1019 = DIRECTION('',(1.,0.,0.));
#1020 = ORIENTED_EDGE('',*,*,#1021,.T.);
#1021 = EDGE_CURVE('',#1013,#1022,#1024,.T.);
#1022 = VERTEX_POINT('',#1023);
#1023 = CARTESIAN_POINT('',(2.497196681963,2.791713268902,
    13.954381994361));
#1024 = HYPERBOLA('',#1025,2.310394372407,2.310394372407);
#1025 = AXIS2_PLACEMENT_3D('',#1026,#1027,#1028);
#1026 = CARTESIAN_POINT('',(-0.405267377388,2.274572599166,17.7));
#1027 = DIRECTION('',(-0.175410476336,0.984495385866,0.));
#1028 = DIRECTION('',(0.,0.,-1.));
#1029 = ORIENTED_EDGE('',*,*,#1030,.T.);
#1030 = EDGE_CURVE('',#1022,#1031,#1033,.T.);
#1031 = VERTEX_POINT('',#1032);
#1032 = CARTESIAN_POINT('',(2.489347858765,3.130997802309,13.7));
#1033 = HYPERBOLA('',#1034,2.561093451377,2.561093451377);
#1034 = AXIS2_PLACEMENT_3D('',#1035,#1036,#1037);
#1035 = CARTESIAN_POINT('',(2.560408433147,5.923109110129E-02,17.7));
#1036 = DIRECTION('',(0.999732528999,2.312726662491E-02,0.));
#1037 = DIRECTION('',(0.,0.,-1.));
#1038 = ORIENTED_EDGE('',*,*,#1039,.T.);
#1039 = EDGE_CURVE('',#1031,#1040,#1042,.T.);
#1040 = VERTEX_POINT('',#1041);
#1041 = CARTESIAN_POINT('',(2.156002721402,3.369221314385,13.7));
#1042 = CIRCLE('',#1043,4.);
#1043 = AXIS2_PLACEMENT_3D('',#1044,#1045,#1046);
#1044 = CARTESIAN_POINT('',(0.,0.,13.7));
#1045 = DIRECTION('',(0.,0.,1.));
#1046 = DIRECTION('',(1.,0.,0.));
#1047 = ORIENTED_EDGE('',*,*,#1048,.T.);
#1048 = EDGE_CURVE('',#1040,#1049,#1051,.T.);
#1049 = VERTEX_POINT('',#1050);
#1050 = CARTESIAN_POINT('',(1.862197117007,3.249904020364,
    13.954381994361));
#1051 = HYPERBOLA('',#1052,2.310394372407,2.310394372407);
#1052 = AXIS2_PLACEMENT_3D('',#1053,#1054,#1055);
#1053 = CARTESIAN_POINT('',(-0.869321547828,2.140607904903,17.7));
#1054 = DIRECTION('',(-0.376265436849,0.926511910896,0.));
#1055 = DIRECTION('',(0.,0.,-1.));
#1056 = ORIENTED_EDGE('',*,*,#1057,.T.);
#1057 = EDGE_CURVE('',#1049,#1058,#1060,.T.);
#1058 = VERTEX_POINT('',#1059);
#1059 = CARTESIAN_POINT('',(1.783978588418,3.580142510581,13.7));
#1060 = HYPERBOLA('',#1061,2.561093451377,2.561093451377);
#1061 = AXIS2_PLACEMENT_3D('',#1062,#1063,#1064);
#1062 = CARTESIAN_POINT('',(2.492142529482,0.590275596169,17.7));
#1063 = DIRECTION('',(0.973077545508,0.23047796083,0.));
#1064 = DIRECTION('',(0.,0.,-1.));
#1065 = ORIENTED_EDGE('',*,*,#1066,.T.);
#1066 = EDGE_CURVE('',#1058,#1067,#1069,.T.);
#1067 = VERTEX_POINT('',#1068);
#1068 = CARTESIAN_POINT('',(1.408388388902,3.743853916221,13.7));
#1069 = CIRCLE('',#1070,4.);
#1070 = AXIS2_PLACEMENT_3D('',#1071,#1072,#1073);
#1071 = CARTESIAN_POINT('',(0.,0.,13.7));
#1072 = DIRECTION('',(0.,0.,1.));
#1073 = DIRECTION('',(1.,0.,0.));
#1074 = ORIENTED_EDGE('',*,*,#1075,.T.);
#1075 = EDGE_CURVE('',#1067,#1076,#1078,.T.);
#1076 = VERTEX_POINT('',#1077);
#1077 = CARTESIAN_POINT('',(1.145810602224,3.566058371367,
    13.954381994361));
#1078 = HYPERBOLA('',#1079,2.310394372407,2.310394372407);
#1079 = AXIS2_PLACEMENT_3D('',#1080,#1081,#1082);
#1080 = CARTESIAN_POINT('',(-1.29538219516,1.913088373419,17.7));
#1081 = DIRECTION('',(-0.56067579225,0.828035419523,0.));
#1082 = DIRECTION('',(0.,0.,-1.));
#1083 = ORIENTED_EDGE('',*,*,#1084,.T.);
#1084 = EDGE_CURVE('',#1076,#1085,#1087,.T.);
#1085 = VERTEX_POINT('',#1086);
#1086 = CARTESIAN_POINT('',(1.000640893278,3.87281781171,13.7));
#1087 = HYPERBOLA('',#1088,2.561093451377,2.561093451377);
#1088 = AXIS2_PLACEMENT_3D('',#1089,#1090,#1091);
#1089 = CARTESIAN_POINT('',(2.314958038651,1.095522225228,17.7));
#1090 = DIRECTION('',(0.903894403934,0.427755662192,0.));
#1091 = DIRECTION('',(0.,0.,-1.));
#1092 = ORIENTED_EDGE('',*,*,#1093,.T.);
#1093 = EDGE_CURVE('',#1085,#1094,#1096,.T.);
#1094 = VERTEX_POINT('',#1095);
#1095 = CARTESIAN_POINT('',(0.599220725609,3.954862136915,13.7));
#1096 = CIRCLE('',#1097,4.);
#1097 = AXIS2_PLACEMENT_3D('',#1098,#1099,#1100);
#1098 = CARTESIAN_POINT('',(0.,0.,13.7));
#1099 = DIRECTION('',(0.,0.,1.));
#1100 = DIRECTION('',(1.,0.,0.));
#1101 = ORIENTED_EDGE('',*,*,#1102,.T.);
#1102 = EDGE_CURVE('',#1094,#1103,#1105,.T.);
#1103 = VERTEX_POINT('',#1104);
#1104 = CARTESIAN_POINT('',(0.5,3.851747376577,13.815935395367));
#1105 = HYPERBOLA('',#1106,2.310394372407,2.310394372407);
#1106 = AXIS2_PLACEMENT_3D('',#1107,#1108,#1109);
#1107 = CARTESIAN_POINT('',(-1.664828424631,1.601957700001,17.7));
#1108 = DIRECTION('',(-0.720581925109,0.693369806962,0.));
#1109 = DIRECTION('',(0.,0.,-1.));
#1110 = ORIENTED_EDGE('',*,*,#1111,.T.);
#1111 = EDGE_CURVE('',#1103,#1112,#1114,.T.);
#1112 = VERTEX_POINT('',#1113);
#1113 = CARTESIAN_POINT('',(0.5,3.666060555965,14.));
#1114 = HYPERBOLA('',#1115,0.5,0.5);
#1115 = AXIS2_PLACEMENT_3D('',#1116,#1117,#1118);
#1116 = CARTESIAN_POINT('',(0.5,0.,17.7));
#1117 = DIRECTION('',(-1.,-0.,-0.));
#1118 = DIRECTION('',(0.,0.,-1.));
#1119 = ORIENTED_EDGE('',*,*,#1120,.F.);
#1120 = EDGE_CURVE('',#924,#1112,#1121,.T.);
#1121 = CIRCLE('',#1122,3.7);
#1122 = AXIS2_PLACEMENT_3D('',#1123,#1124,#1125);
#1123 = CARTESIAN_POINT('',(0.,0.,14.));
#1124 = DIRECTION('',(0.,0.,1.));
#1125 = DIRECTION('',(1.,0.,0.));
#1126 = CONICAL_SURFACE('',#1127,4.,0.785398163397);
#1127 = AXIS2_PLACEMENT_3D('',#1128,#1129,#1130);
#1128 = CARTESIAN_POINT('',(0.,0.,13.7));
#1129 = DIRECTION('',(-0.,-0.,-1.));
#1130 = DIRECTION('',(1.,0.,0.));
#1131 = ADVANCED_FACE('',(#1132),#1143,.T.);
#1132 = FACE_BOUND('',#1133,.T.);
#1133 = EDGE_LOOP('',(#1134,#1140,#1141,#1142));
#1134 = ORIENTED_EDGE('',*,*,#1135,.F.);
#1135 = EDGE_CURVE('',#487,#932,#1136,.T.);
#1136 = LINE('',#1137,#1138);
#1137 = CARTESIAN_POINT('',(3.745598,1.2242E-02,12.));
#1138 = VECTOR('',#1139,1.);
#1139 = DIRECTION('',(0.,0.,1.));
#1140 = ORIENTED_EDGE('',*,*,#495,.F.);
#1141 = ORIENTED_EDGE('',*,*,#32,.F.);
#1142 = ORIENTED_EDGE('',*,*,#940,.F.);
#1143 = PLANE('',#1144);
#1144 = AXIS2_PLACEMENT_3D('',#1145,#1146,#1147);
#1145 = CARTESIAN_POINT('',(4.036605,0.286715,12.));
#1146 = DIRECTION('',(0.686138541845,-0.727470893847,0.));
#1147 = DIRECTION('',(-0.727470893847,-0.686138541845,0.));
#1148 = ADVANCED_FACE('',(#1149),#1175,.T.);
#1149 = FACE_BOUND('',#1150,.T.);
#1150 = EDGE_LOOP('',(#1151,#1159,#1160,#1168));
#1151 = ORIENTED_EDGE('',*,*,#1152,.F.);
#1152 = EDGE_CURVE('',#66,#1153,#1155,.T.);
#1153 = VERTEX_POINT('',#1154);
#1154 = CARTESIAN_POINT('',(-3.745598,-1.2242E-02,13.954381994361));
#1155 = LINE('',#1156,#1157);
#1156 = CARTESIAN_POINT('',(-3.745598,-1.2242E-02,12.));
#1157 = VECTOR('',#1158,1.);
#1158 = DIRECTION('',(0.,0.,1.));
#1159 = ORIENTED_EDGE('',*,*,#63,.F.);
#1160 = ORIENTED_EDGE('',*,*,#1161,.F.);
#1161 = EDGE_CURVE('',#1162,#64,#1164,.T.);
#1162 = VERTEX_POINT('',#1163);
#1163 = CARTESIAN_POINT('',(-3.99248365754,-0.245100477913,13.7));
#1164 = LINE('',#1165,#1166);
#1165 = CARTESIAN_POINT('',(-3.99248365754,-0.245100477913,12.));
#1166 = VECTOR('',#1167,1.);
#1167 = DIRECTION('',(-0.,-0.,-1.));
#1168 = ORIENTED_EDGE('',*,*,#1169,.F.);
#1169 = EDGE_CURVE('',#1153,#1162,#1170,.T.);
#1170 = HYPERBOLA('',#1171,2.561093451377,2.561093451377);
#1171 = AXIS2_PLACEMENT_3D('',#1172,#1173,#1174);
#1172 = CARTESIAN_POINT('',(-1.757264926257,1.863120942298,17.7));
#1173 = DIRECTION('',(-0.686138541845,0.727470893847,0.));
#1174 = DIRECTION('',(0.,0.,-1.));
#1175 = PLANE('',#1176);
#1176 = AXIS2_PLACEMENT_3D('',#1177,#1178,#1179);
#1177 = CARTESIAN_POINT('',(-4.036605,-0.286715,12.));
#1178 = DIRECTION('',(-0.686138541845,0.727470893847,0.));
#1179 = DIRECTION('',(0.727470893847,0.686138541845,0.));
#1180 = ADVANCED_FACE('',(#1181),#1200,.T.);
#1181 = FACE_BOUND('',#1182,.T.);
#1182 = EDGE_LOOP('',(#1183,#1184,#1185,#1194));
#1183 = ORIENTED_EDGE('',*,*,#881,.F.);
#1184 = ORIENTED_EDGE('',*,*,#1152,.T.);
#1185 = ORIENTED_EDGE('',*,*,#1186,.F.);
#1186 = EDGE_CURVE('',#1187,#1153,#1189,.T.);
#1187 = VERTEX_POINT('',#1188);
#1188 = CARTESIAN_POINT('',(-3.995832609931,0.18254247017,13.7));
#1189 = HYPERBOLA('',#1190,2.310394372407,2.310394372407);
#1190 = AXIS2_PLACEMENT_3D('',#1191,#1192,#1193);
#1191 = CARTESIAN_POINT('',(-1.419160051274,-1.823158496927,17.7));
#1192 = DIRECTION('',(-0.61425013332,-0.789111382326,-0.));
#1193 = DIRECTION('',(0.,0.,-1.));
#1194 = ORIENTED_EDGE('',*,*,#1195,.T.);
#1195 = EDGE_CURVE('',#1187,#873,#1196,.T.);
#1196 = LINE('',#1197,#1198);
#1197 = CARTESIAN_POINT('',(-3.995832609931,0.18254247017,12.));
#1198 = VECTOR('',#1199,1.);
#1199 = DIRECTION('',(-0.,-0.,-1.));
#1200 = PLANE('',#1201);
#1201 = AXIS2_PLACEMENT_3D('',#1202,#1203,#1204);
#1202 = CARTESIAN_POINT('',(-3.745598,-1.2242E-02,12.));
#1203 = DIRECTION('',(-0.61425013332,-0.789111382326,0.));
#1204 = DIRECTION('',(-0.789111382326,0.61425013332,0.));
#1205 = ADVANCED_FACE('',(#1206),#1225,.T.);
#1206 = FACE_BOUND('',#1207,.F.);
#1207 = EDGE_LOOP('',(#1208,#1209,#1217,#1224));
#1208 = ORIENTED_EDGE('',*,*,#872,.F.);
#1209 = ORIENTED_EDGE('',*,*,#1210,.F.);
#1210 = EDGE_CURVE('',#1211,#864,#1213,.T.);
#1211 = VERTEX_POINT('',#1212);
#1212 = CARTESIAN_POINT('',(-3.956197565375,0.590339583392,13.7));
#1213 = LINE('',#1214,#1215);
#1214 = CARTESIAN_POINT('',(-3.956197565375,0.590339583392,12.));
#1215 = VECTOR('',#1216,1.);
#1216 = DIRECTION('',(-0.,-0.,-1.));
#1217 = ORIENTED_EDGE('',*,*,#1218,.T.);
#1218 = EDGE_CURVE('',#1211,#1187,#1219,.T.);
#1219 = CIRCLE('',#1220,4.);
#1220 = AXIS2_PLACEMENT_3D('',#1221,#1222,#1223);
#1221 = CARTESIAN_POINT('',(0.,0.,13.7));
#1222 = DIRECTION('',(0.,0.,1.));
#1223 = DIRECTION('',(-0.125,0.992156741649,0.));
#1224 = ORIENTED_EDGE('',*,*,#1195,.T.);
#1225 = CYLINDRICAL_SURFACE('',#1226,4.);
#1226 = AXIS2_PLACEMENT_3D('',#1227,#1228,#1229);
#1227 = CARTESIAN_POINT('',(0.,0.,12.));
#1228 = DIRECTION('',(-0.,-0.,-1.));
#1229 = DIRECTION('',(1.,0.,0.));
#1230 = ADVANCED_FACE('',(#1231),#1250,.T.);
#1231 = FACE_BOUND('',#1232,.T.);
#1232 = EDGE_LOOP('',(#1233,#1241,#1242,#1243));
#1233 = ORIENTED_EDGE('',*,*,#1234,.F.);
#1234 = EDGE_CURVE('',#855,#1235,#1237,.T.);
#1235 = VERTEX_POINT('',#1236);
#1236 = CARTESIAN_POINT('',(-3.666292951932,0.766779130375,
    13.954381994361));
#1237 = LINE('',#1238,#1239);
#1238 = CARTESIAN_POINT('',(-3.666292951932,0.766779130375,12.));
#1239 = VECTOR('',#1240,1.);
#1240 = DIRECTION('',(0.,0.,1.));
#1241 = ORIENTED_EDGE('',*,*,#863,.F.);
#1242 = ORIENTED_EDGE('',*,*,#1210,.F.);
#1243 = ORIENTED_EDGE('',*,*,#1244,.F.);
#1244 = EDGE_CURVE('',#1235,#1211,#1245,.T.);
#1245 = HYPERBOLA('',#1246,2.561093451377,2.561093451377);
#1246 = AXIS2_PLACEMENT_3D('',#1247,#1248,#1249);
#1247 = CARTESIAN_POINT('',(-1.331499846161,2.187763201619,17.7));
#1248 = DIRECTION('',(-0.519895064917,0.85423013379,0.));
#1249 = DIRECTION('',(0.,0.,-1.));
#1250 = PLANE('',#1251);
#1251 = AXIS2_PLACEMENT_3D('',#1252,#1253,#1254);
#1252 = CARTESIAN_POINT('',(-4.008006896293,0.558807781369,12.));
#1253 = DIRECTION('',(-0.519895064917,0.85423013379,0.));
#1254 = DIRECTION('',(0.85423013379,0.519895064917,0.));
#1255 = ADVANCED_FACE('',(#1256),#1275,.T.);
#1256 = FACE_BOUND('',#1257,.T.);
#1257 = EDGE_LOOP('',(#1258,#1259,#1260,#1269));
#1258 = ORIENTED_EDGE('',*,*,#854,.F.);
#1259 = ORIENTED_EDGE('',*,*,#1234,.T.);
#1260 = ORIENTED_EDGE('',*,*,#1261,.F.);
#1261 = EDGE_CURVE('',#1262,#1235,#1264,.T.);
#1262 = VERTEX_POINT('',#1263);
#1263 = CARTESIAN_POINT('',(-3.870561366718,1.009333793384,13.7));
#1264 = HYPERBOLA('',#1265,2.310394372407,2.310394372407);
#1265 = AXIS2_PLACEMENT_3D('',#1266,#1267,#1268);
#1266 = CARTESIAN_POINT('',(-1.767203964936,-1.488258143726,17.7));
#1267 = DIRECTION('',(-0.764892775901,-0.64415762153,-0.));
#1268 = DIRECTION('',(0.,0.,-1.));
#1269 = ORIENTED_EDGE('',*,*,#1270,.T.);
#1270 = EDGE_CURVE('',#1262,#846,#1271,.T.);
#1271 = LINE('',#1272,#1273);
#1272 = CARTESIAN_POINT('',(-3.870561366718,1.009333793384,12.));
#1273 = VECTOR('',#1274,1.);
#1274 = DIRECTION('',(-0.,-0.,-1.));
#1275 = PLANE('',#1276);
#1276 = AXIS2_PLACEMENT_3D('',#1277,#1278,#1279);
#1277 = CARTESIAN_POINT('',(-3.666292951932,0.766779130375,12.));
#1278 = DIRECTION('',(-0.764892775901,-0.64415762153,0.));
#1279 = DIRECTION('',(-0.64415762153,0.764892775901,0.));
#1280 = ADVANCED_FACE('',(#1281),#1300,.T.);
#1281 = FACE_BOUND('',#1282,.F.);
#1282 = EDGE_LOOP('',(#1283,#1284,#1292,#1299));
#1283 = ORIENTED_EDGE('',*,*,#845,.F.);
#1284 = ORIENTED_EDGE('',*,*,#1285,.F.);
#1285 = EDGE_CURVE('',#1286,#837,#1288,.T.);
#1286 = VERTEX_POINT('',#1287);
#1287 = CARTESIAN_POINT('',(-3.747006655661,1.399978972139,13.7));
#1288 = LINE('',#1289,#1290);
#1289 = CARTESIAN_POINT('',(-3.747006655661,1.399978972139,12.));
#1290 = VECTOR('',#1291,1.);
#1291 = DIRECTION('',(-0.,-0.,-1.));
#1292 = ORIENTED_EDGE('',*,*,#1293,.T.);
#1293 = EDGE_CURVE('',#1286,#1262,#1294,.T.);
#1294 = CIRCLE('',#1295,4.);
#1295 = AXIS2_PLACEMENT_3D('',#1296,#1297,#1298);
#1296 = CARTESIAN_POINT('',(0.,0.,13.7));
#1297 = DIRECTION('',(0.,0.,1.));
#1298 = DIRECTION('',(-0.125,0.992156741649,0.));
#1299 = ORIENTED_EDGE('',*,*,#1270,.T.);
#1300 = CYLINDRICAL_SURFACE('',#1301,4.);
#1301 = AXIS2_PLACEMENT_3D('',#1302,#1303,#1304);
#1302 = CARTESIAN_POINT('',(0.,0.,12.));
#1303 = DIRECTION('',(-0.,-0.,-1.));
#1304 = DIRECTION('',(1.,0.,0.));
#1305 = ADVANCED_FACE('',(#1306),#1325,.T.);
#1306 = FACE_BOUND('',#1307,.T.);
#1307 = EDGE_LOOP('',(#1308,#1316,#1317,#1318));
#1308 = ORIENTED_EDGE('',*,*,#1309,.F.);
#1309 = EDGE_CURVE('',#828,#1310,#1312,.T.);
#1310 = VERTEX_POINT('',#1311);
#1311 = CARTESIAN_POINT('',(-3.42675330904,1.512288333339,
    13.954381994361));
#1312 = LINE('',#1313,#1314);
#1313 = CARTESIAN_POINT('',(-3.42675330904,1.512288333339,12.));
#1314 = VECTOR('',#1315,1.);
#1315 = DIRECTION('',(0.,0.,1.));
#1316 = ORIENTED_EDGE('',*,*,#836,.F.);
#1317 = ORIENTED_EDGE('',*,*,#1285,.F.);
#1318 = ORIENTED_EDGE('',*,*,#1319,.F.);
#1319 = EDGE_CURVE('',#1310,#1286,#1320,.T.);
#1320 = HYPERBOLA('',#1321,2.561093451377,2.561093451377);
#1321 = AXIS2_PLACEMENT_3D('',#1322,#1323,#1324);
#1322 = CARTESIAN_POINT('',(-0.847541833543,2.416789710976,17.7));
#1323 = DIRECTION('',(-0.330929678918,0.943655417836,0.));
#1324 = DIRECTION('',(0.,0.,-1.));
#1325 = PLANE('',#1326);
#1326 = AXIS2_PLACEMENT_3D('',#1327,#1328,#1329);
#1327 = CARTESIAN_POINT('',(-3.804239658667,1.379907981235,12.));
#1328 = DIRECTION('',(-0.330929678918,0.943655417836,0.));
#1329 = DIRECTION('',(0.943655417836,0.330929678918,0.));
#1330 = ADVANCED_FACE('',(#1331),#1350,.T.);
#1331 = FACE_BOUND('',#1332,.T.);
#1332 = EDGE_LOOP('',(#1333,#1334,#1335,#1344));
#1333 = ORIENTED_EDGE('',*,*,#827,.F.);
#1334 = ORIENTED_EDGE('',*,*,#1309,.T.);
#1335 = ORIENTED_EDGE('',*,*,#1336,.F.);
#1336 = EDGE_CURVE('',#1337,#1310,#1339,.T.);
#1337 = VERTEX_POINT('',#1338);
#1338 = CARTESIAN_POINT('',(-3.576128018767,1.792012386506,13.7));
#1339 = HYPERBOLA('',#1340,2.310394372407,2.310394372407);
#1340 = AXIS2_PLACEMENT_3D('',#1341,#1342,#1343);
#1341 = CARTESIAN_POINT('',(-2.038012585344,-1.088313768188,17.7));
#1342 = DIRECTION('',(-0.882105933811,-0.471051081662,-0.));
#1343 = DIRECTION('',(0.,0.,-1.));
#1344 = ORIENTED_EDGE('',*,*,#1345,.T.);
#1345 = EDGE_CURVE('',#1337,#819,#1346,.T.);
#1346 = LINE('',#1347,#1348);
#1347 = CARTESIAN_POINT('',(-3.576128018767,1.792012386506,12.));
#1348 = VECTOR('',#1349,1.);
#1349 = DIRECTION('',(-0.,-0.,-1.));
#1350 = PLANE('',#1351);
#1351 = AXIS2_PLACEMENT_3D('',#1352,#1353,#1354);
#1352 = CARTESIAN_POINT('',(-3.42675330904,1.512288333339,12.));
#1353 = DIRECTION('',(-0.882105933811,-0.471051081662,0.));
#1354 = DIRECTION('',(-0.471051081662,0.882105933811,0.));
#1355 = ADVANCED_FACE('',(#1356),#1375,.T.);
#1356 = FACE_BOUND('',#1357,.F.);
#1357 = EDGE_LOOP('',(#1358,#1359,#1367,#1374));
#1358 = ORIENTED_EDGE('',*,*,#818,.F.);
#1359 = ORIENTED_EDGE('',*,*,#1360,.F.);
#1360 = EDGE_CURVE('',#1361,#810,#1363,.T.);
#1361 = VERTEX_POINT('',#1362);
#1362 = CARTESIAN_POINT('',(-3.374053574962,2.14843256196,13.7));
#1363 = LINE('',#1364,#1365);
#1364 = CARTESIAN_POINT('',(-3.374053574962,2.14843256196,12.));
#1365 = VECTOR('',#1366,1.);
#1366 = DIRECTION('',(-0.,-0.,-1.));
#1367 = ORIENTED_EDGE('',*,*,#1368,.T.);
#1368 = EDGE_CURVE('',#1361,#1337,#1369,.T.);
#1369 = CIRCLE('',#1370,4.);
#1370 = AXIS2_PLACEMENT_3D('',#1371,#1372,#1373);
#1371 = CARTESIAN_POINT('',(0.,0.,13.7));
#1372 = DIRECTION('',(0.,0.,1.));
#1373 = DIRECTION('',(-0.125,0.992156741649,0.));
#1374 = ORIENTED_EDGE('',*,*,#1345,.T.);
#1375 = CYLINDRICAL_SURFACE('',#1376,4.);
#1376 = AXIS2_PLACEMENT_3D('',#1377,#1378,#1379);
#1377 = CARTESIAN_POINT('',(0.,0.,12.));
#1378 = DIRECTION('',(-0.,-0.,-1.));
#1379 = DIRECTION('',(1.,0.,0.));
#1380 = ADVANCED_FACE('',(#1381),#1400,.T.);
#1381 = FACE_BOUND('',#1382,.T.);
#1382 = EDGE_LOOP('',(#1383,#1391,#1392,#1393));
#1383 = ORIENTED_EDGE('',*,*,#1384,.F.);
#1384 = EDGE_CURVE('',#801,#1385,#1387,.T.);
#1385 = VERTEX_POINT('',#1386);
#1386 = CARTESIAN_POINT('',(-3.037448103155,2.191703279371,
    13.954381994361));
#1387 = LINE('',#1388,#1389);
#1388 = CARTESIAN_POINT('',(-3.037448103155,2.191703279371,12.));
#1389 = VECTOR('',#1390,1.);
#1390 = DIRECTION('',(0.,0.,1.));
#1391 = ORIENTED_EDGE('',*,*,#809,.F.);
#1392 = ORIENTED_EDGE('',*,*,#1360,.F.);
#1393 = ORIENTED_EDGE('',*,*,#1394,.F.);
#1394 = EDGE_CURVE('',#1385,#1361,#1395,.T.);
#1395 = HYPERBOLA('',#1396,2.561093451377,2.561093451377);
#1396 = AXIS2_PLACEMENT_3D('',#1397,#1398,#1399);
#1397 = CARTESIAN_POINT('',(-0.326542175841,2.54019091292,17.7));
#1398 = DIRECTION('',(-0.127501077973,0.991838431961,0.));
#1399 = DIRECTION('',(0.,0.,-1.));
#1400 = PLANE('',#1401);
#1401 = AXIS2_PLACEMENT_3D('',#1402,#1403,#1404);
#1402 = CARTESIAN_POINT('',(-3.43420889319,2.140699580788,12.));
#1403 = DIRECTION('',(-0.127501077973,0.991838431961,0.));
#1404 = DIRECTION('',(0.991838431961,0.127501077973,0.));
#1405 = ADVANCED_FACE('',(#1406),#1425,.T.);
#1406 = FACE_BOUND('',#1407,.T.);
#1407 = EDGE_LOOP('',(#1408,#1409,#1410,#1419));
#1408 = ORIENTED_EDGE('',*,*,#800,.F.);
#1409 = ORIENTED_EDGE('',*,*,#1384,.T.);
#1410 = ORIENTED_EDGE('',*,*,#1411,.F.);
#1411 = EDGE_CURVE('',#1412,#1385,#1414,.T.);
#1412 = VERTEX_POINT('',#1413);
#1413 = CARTESIAN_POINT('',(-3.125400716229,2.496371439309,13.7));
#1414 = HYPERBOLA('',#1415,2.310394372407,2.310394372407);
#1415 = AXIS2_PLACEMENT_3D('',#1416,#1417,#1418);
#1416 = CARTESIAN_POINT('',(-2.219750276304,-0.640804858672,17.7));
#1417 = DIRECTION('',(-0.9607668296,-0.277357349172,-0.));
#1418 = DIRECTION('',(0.,0.,-1.));
#1419 = ORIENTED_EDGE('',*,*,#1420,.T.);
#1420 = EDGE_CURVE('',#1412,#792,#1421,.T.);
#1421 = LINE('',#1422,#1423);
#1422 = CARTESIAN_POINT('',(-3.125400716229,2.496371439309,12.));
#1423 = VECTOR('',#1424,1.);
#1424 = DIRECTION('',(-0.,-0.,-1.));
#1425 = PLANE('',#1426);
#1426 = AXIS2_PLACEMENT_3D('',#1427,#1428,#1429);
#1427 = CARTESIAN_POINT('',(-3.037448103155,2.191703279371,12.));
#1428 = DIRECTION('',(-0.9607668296,-0.277357349172,0.));
#1429 = DIRECTION('',(-0.277357349172,0.9607668296,0.));
#1430 = ADVANCED_FACE('',(#1431),#1450,.T.);
#1431 = FACE_BOUND('',#1432,.F.);
#1432 = EDGE_LOOP('',(#1433,#1434,#1442,#1449));
#1433 = ORIENTED_EDGE('',*,*,#791,.F.);
#1434 = ORIENTED_EDGE('',*,*,#1435,.F.);
#1435 = EDGE_CURVE('',#1436,#783,#1438,.T.);
#1436 = VERTEX_POINT('',#1437);
#1437 = CARTESIAN_POINT('',(-2.853638162531,2.802989339499,13.7));
#1438 = LINE('',#1439,#1440);
#1439 = CARTESIAN_POINT('',(-2.853638162531,2.802989339499,12.));
#1440 = VECTOR('',#1441,1.);
#1441 = DIRECTION('',(-0.,-0.,-1.));
#1442 = ORIENTED_EDGE('',*,*,#1443,.T.);
#1443 = EDGE_CURVE('',#1436,#1412,#1444,.T.);
#1444 = CIRCLE('',#1445,4.);
#1445 = AXIS2_PLACEMENT_3D('',#1446,#1447,#1448);
#1446 = CARTESIAN_POINT('',(0.,0.,13.7));
#1447 = DIRECTION('',(0.,0.,1.));
#1448 = DIRECTION('',(-0.125,0.992156741649,0.));
#1449 = ORIENTED_EDGE('',*,*,#1420,.T.);
#1450 = CYLINDRICAL_SURFACE('',#1451,4.);
#1451 = AXIS2_PLACEMENT_3D('',#1452,#1453,#1454);
#1452 = CARTESIAN_POINT('',(0.,0.,12.));
#1453 = DIRECTION('',(-0.,-0.,-1.));
#1454 = DIRECTION('',(1.,0.,0.));
#1455 = ADVANCED_FACE('',(#1456),#1475,.T.);
#1456 = FACE_BOUND('',#1457,.T.);
#1457 = EDGE_LOOP('',(#1458,#1466,#1467,#1468));
#1458 = ORIENTED_EDGE('',*,*,#1459,.F.);
#1459 = EDGE_CURVE('',#774,#1460,#1462,.T.);
#1460 = VERTEX_POINT('',#1461);
#1461 = CARTESIAN_POINT('',(-2.51539183987,2.775330275135,
    13.954381994361));
#1462 = LINE('',#1463,#1464);
#1463 = CARTESIAN_POINT('',(-2.51539183987,2.775330275135,12.));
#1464 = VECTOR('',#1465,1.);
#1465 = DIRECTION('',(0.,0.,1.));
#1466 = ORIENTED_EDGE('',*,*,#782,.F.);
#1467 = ORIENTED_EDGE('',*,*,#1435,.F.);
#1468 = ORIENTED_EDGE('',*,*,#1469,.F.);
#1469 = EDGE_CURVE('',#1460,#1436,#1470,.T.);
#1470 = HYPERBOLA('',#1471,2.561093451377,2.561093451377);
#1471 = AXIS2_PLACEMENT_3D('',#1472,#1473,#1474);
#1472 = CARTESIAN_POINT('',(0.208728941868,2.552573582781,17.7));
#1473 = DIRECTION('',(8.149993189645E-02,0.996673347241,0.));
#1474 = DIRECTION('',(0.,0.,-1.));
#1475 = PLANE('',#1476);
#1476 = AXIS2_PLACEMENT_3D('',#1477,#1478,#1479);
#1477 = CARTESIAN_POINT('',(-2.914086719918,2.807932336444,12.));
#1478 = DIRECTION('',(8.149993189645E-02,0.996673347241,0.));
#1479 = DIRECTION('',(0.996673347241,-8.149993189645E-02,0.));
#1480 = ADVANCED_FACE('',(#1481),#1500,.T.);
#1481 = FACE_BOUND('',#1482,.T.);
#1482 = EDGE_LOOP('',(#1483,#1484,#1485,#1494));
#1483 = ORIENTED_EDGE('',*,*,#773,.F.);
#1484 = ORIENTED_EDGE('',*,*,#1459,.T.);
#1485 = ORIENTED_EDGE('',*,*,#1486,.F.);
#1486 = EDGE_CURVE('',#1487,#1460,#1489,.T.);
#1487 = VERTEX_POINT('',#1488);
#1488 = CARTESIAN_POINT('',(-2.538078405055,3.091627081295,13.7));
#1489 = HYPERBOLA('',#1490,2.310394372407,2.310394372407);
#1490 = AXIS2_PLACEMENT_3D('',#1491,#1492,#1493);
#1491 = CARTESIAN_POINT('',(-2.304474228646,-0.165289701909,17.7));
#1492 = DIRECTION('',(-0.997437604665,-7.154176961438E-02,-0.));
#1493 = DIRECTION('',(0.,0.,-1.));
#1494 = ORIENTED_EDGE('',*,*,#1495,.T.);
#1495 = EDGE_CURVE('',#1487,#765,#1496,.T.);
#1496 = LINE('',#1497,#1498);
#1497 = CARTESIAN_POINT('',(-2.538078405055,3.091627081295,12.));
#1498 = VECTOR('',#1499,1.);
#1499 = DIRECTION('',(-0.,-0.,-1.));
#1500 = PLANE('',#1501);
#1501 = AXIS2_PLACEMENT_3D('',#1502,#1503,#1504);
#1502 = CARTESIAN_POINT('',(-2.51539183987,2.775330275135,12.));
#1503 = DIRECTION('',(-0.997437604665,-7.154176961438E-02,0.));
#1504 = DIRECTION('',(-7.154176961438E-02,0.997437604665,0.));
#1505 = ADVANCED_FACE('',(#1506),#1525,.T.);
#1506 = FACE_BOUND('',#1507,.F.);
#1507 = EDGE_LOOP('',(#1508,#1509,#1517,#1524));
#1508 = ORIENTED_EDGE('',*,*,#764,.F.);
#1509 = ORIENTED_EDGE('',*,*,#1510,.F.);
#1510 = EDGE_CURVE('',#1511,#756,#1513,.T.);
#1511 = VERTEX_POINT('',#1512);
#1512 = CARTESIAN_POINT('',(-2.208505069123,3.335042032668,13.7));
#1513 = LINE('',#1514,#1515);
#1514 = CARTESIAN_POINT('',(-2.208505069123,3.335042032668,12.));
#1515 = VECTOR('',#1516,1.);
#1516 = DIRECTION('',(-0.,-0.,-1.));
#1517 = ORIENTED_EDGE('',*,*,#1518,.T.);
#1518 = EDGE_CURVE('',#1511,#1487,#1519,.T.);
#1519 = CIRCLE('',#1520,4.);
#1520 = AXIS2_PLACEMENT_3D('',#1521,#1522,#1523);
#1521 = CARTESIAN_POINT('',(0.,0.,13.7));
#1522 = DIRECTION('',(0.,0.,1.));
#1523 = DIRECTION('',(-0.125,0.992156741649,0.));
#1524 = ORIENTED_EDGE('',*,*,#1495,.T.);
#1525 = CYLINDRICAL_SURFACE('',#1526,4.);
#1526 = AXIS2_PLACEMENT_3D('',#1527,#1528,#1529);
#1527 = CARTESIAN_POINT('',(0.,0.,12.));
#1528 = DIRECTION('',(-0.,-0.,-1.));
#1529 = DIRECTION('',(1.,0.,0.));
#1530 = ADVANCED_FACE('',(#1531),#1550,.T.);
#1531 = FACE_BOUND('',#1532,.T.);
#1532 = EDGE_LOOP('',(#1533,#1541,#1542,#1543));
#1533 = ORIENTED_EDGE('',*,*,#1534,.F.);
#1534 = EDGE_CURVE('',#747,#1535,#1537,.T.);
#1535 = VERTEX_POINT('',#1536);
#1536 = CARTESIAN_POINT('',(-1.883400882993,3.237662020364,
    13.954381994361));
#1537 = LINE('',#1538,#1539);
#1538 = CARTESIAN_POINT('',(-1.883400882993,3.237662020364,12.));
#1539 = VECTOR('',#1540,1.);
#1540 = DIRECTION('',(0.,0.,1.));
#1541 = ORIENTED_EDGE('',*,*,#755,.F.);
#1542 = ORIENTED_EDGE('',*,*,#1510,.F.);
#1543 = ORIENTED_EDGE('',*,*,#1544,.F.);
#1544 = EDGE_CURVE('',#1535,#1511,#1545,.T.);
#1545 = HYPERBOLA('',#1546,2.561093451377,2.561093451377);
#1546 = AXIS2_PLACEMENT_3D('',#1547,#1548,#1549);
#1547 = CARTESIAN_POINT('',(0.734877603224,2.453396538467,17.7));
#1548 = DIRECTION('',(0.286939003662,0.957948854677,0.));
#1549 = DIRECTION('',(0.,0.,-1.));
#1550 = PLANE('',#1551);
#1551 = AXIS2_PLACEMENT_3D('',#1552,#1553,#1554);
#1552 = CARTESIAN_POINT('',(-2.266604973646,3.352444975043,12.));
#1553 = DIRECTION('',(0.286939003662,0.957948854677,0.));
#1554 = DIRECTION('',(0.957948854677,-0.286939003662,0.));
#1555 = ADVANCED_FACE('',(#1556),#1575,.T.);
#1556 = FACE_BOUND('',#1557,.T.);
#1557 = EDGE_LOOP('',(#1558,#1559,#1560,#1569));
#1558 = ORIENTED_EDGE('',*,*,#746,.F.);
#1559 = ORIENTED_EDGE('',*,*,#1534,.T.);
#1560 = ORIENTED_EDGE('',*,*,#1561,.F.);
#1561 = EDGE_CURVE('',#1562,#1535,#1564,.T.);
#1562 = VERTEX_POINT('',#1563);
#1563 = CARTESIAN_POINT('',(-1.839829888529,3.551763784555,13.7));
#1564 = HYPERBOLA('',#1565,2.310394372407,2.310394372407);
#1565 = AXIS2_PLACEMENT_3D('',#1566,#1567,#1568);
#1566 = CARTESIAN_POINT('',(-2.288481599102,0.317449407975,17.7));
#1567 = DIRECTION('',(-0.99051557017,0.137400528571,0.));
#1568 = DIRECTION('',(0.,0.,-1.));
#1569 = ORIENTED_EDGE('',*,*,#1570,.T.);
#1570 = EDGE_CURVE('',#1562,#738,#1571,.T.);
#1571 = LINE('',#1572,#1573);
#1572 = CARTESIAN_POINT('',(-1.839829888529,3.551763784555,12.));
#1573 = VECTOR('',#1574,1.);
#1574 = DIRECTION('',(-0.,-0.,-1.));
#1575 = PLANE('',#1576);
#1576 = AXIS2_PLACEMENT_3D('',#1577,#1578,#1579);
#1577 = CARTESIAN_POINT('',(-1.883400882993,3.237662020364,12.));
#1578 = DIRECTION('',(-0.99051557017,0.137400528571,0.));
#1579 = DIRECTION('',(0.137400528571,0.99051557017,0.));
#1580 = ADVANCED_FACE('',(#1581),#1600,.T.);
#1581 = FACE_BOUND('',#1582,.F.);
#1582 = EDGE_LOOP('',(#1583,#1584,#1592,#1599));
#1583 = ORIENTED_EDGE('',*,*,#737,.F.);
#1584 = ORIENTED_EDGE('',*,*,#1585,.F.);
#1585 = EDGE_CURVE('',#1586,#729,#1588,.T.);
#1586 = VERTEX_POINT('',#1587);
#1587 = CARTESIAN_POINT('',(-1.466849706611,3.721337385701,13.7));
#1588 = LINE('',#1589,#1590);
#1589 = CARTESIAN_POINT('',(-1.466849706611,3.721337385701,12.));
#1590 = VECTOR('',#1591,1.);
#1591 = DIRECTION('',(-0.,-0.,-1.));
#1592 = ORIENTED_EDGE('',*,*,#1593,.T.);
#1593 = EDGE_CURVE('',#1586,#1562,#1594,.T.);
#1594 = CIRCLE('',#1595,4.);
#1595 = AXIS2_PLACEMENT_3D('',#1596,#1597,#1598);
#1596 = CARTESIAN_POINT('',(0.,0.,13.7));
#1597 = DIRECTION('',(0.,0.,1.));
#1598 = DIRECTION('',(-0.125,0.992156741649,0.));
#1599 = ORIENTED_EDGE('',*,*,#1570,.T.);
#1600 = CYLINDRICAL_SURFACE('',#1601,4.);
#1601 = AXIS2_PLACEMENT_3D('',#1602,#1603,#1604);
#1602 = CARTESIAN_POINT('',(0.,0.,12.));
#1603 = DIRECTION('',(-0.,-0.,-1.));
#1604 = DIRECTION('',(1.,0.,0.));
#1605 = ADVANCED_FACE('',(#1606),#1625,.T.);
#1606 = FACE_BOUND('',#1607,.T.);
#1607 = EDGE_LOOP('',(#1608,#1616,#1617,#1618));
#1608 = ORIENTED_EDGE('',*,*,#1609,.F.);
#1609 = EDGE_CURVE('',#720,#1610,#1612,.T.);
#1610 = VERTEX_POINT('',#1611);
#1611 = CARTESIAN_POINT('',(-1.169096269969,3.558492399277,
    13.954381994361));
#1612 = LINE('',#1613,#1614);
#1613 = CARTESIAN_POINT('',(-1.169096269969,3.558492399277,12.));
#1614 = VECTOR('',#1615,1.);
#1615 = DIRECTION('',(0.,0.,1.));
#1616 = ORIENTED_EDGE('',*,*,#728,.F.);
#1617 = ORIENTED_EDGE('',*,*,#1585,.F.);
#1618 = ORIENTED_EDGE('',*,*,#1619,.F.);
#1619 = EDGE_CURVE('',#1610,#1586,#1620,.T.);
#1620 = HYPERBOLA('',#1621,2.561093451377,2.561093451377);
#1621 = AXIS2_PLACEMENT_3D('',#1622,#1623,#1624);
#1622 = CARTESIAN_POINT('',(1.228908586986,2.24699429272,17.7));
#1623 = DIRECTION('',(0.479837464082,0.877357400415,0.));
#1624 = DIRECTION('',(0.,0.,-1.));
#1625 = PLANE('',#1626);
#1626 = AXIS2_PLACEMENT_3D('',#1627,#1628,#1629);
#1627 = CARTESIAN_POINT('',(-1.520061713648,3.750439681417,12.));
#1628 = DIRECTION('',(0.479837464082,0.877357400415,0.));
#1629 = DIRECTION('',(0.877357400415,-0.479837464082,0.));
#1630 = ADVANCED_FACE('',(#1631),#1650,.T.);
#1631 = FACE_BOUND('',#1632,.T.);
#1632 = EDGE_LOOP('',(#1633,#1634,#1635,#1644));
#1633 = ORIENTED_EDGE('',*,*,#719,.F.);
#1634 = ORIENTED_EDGE('',*,*,#1609,.T.);
#1635 = ORIENTED_EDGE('',*,*,#1636,.F.);
#1636 = EDGE_CURVE('',#1637,#1610,#1639,.T.);
#1637 = VERTEX_POINT('',#1638);
#1638 = CARTESIAN_POINT('',(-1.061171977391,3.856671367177,13.7));
#1639 = HYPERBOLA('',#1640,2.310394372407,2.310394372407);
#1640 = AXIS2_PLACEMENT_3D('',#1641,#1642,#1643);
#1641 = CARTESIAN_POINT('',(-2.172471342323,0.78631445544,17.7));
#1642 = DIRECTION('',(-0.940303252237,0.340337764336,0.));
#1643 = DIRECTION('',(0.,0.,-1.));
#1644 = ORIENTED_EDGE('',*,*,#1645,.T.);
#1645 = EDGE_CURVE('',#1637,#711,#1646,.T.);
#1646 = LINE('',#1647,#1648);
#1647 = CARTESIAN_POINT('',(-1.061171977391,3.856671367177,12.));
#1648 = VECTOR('',#1649,1.);
#1649 = DIRECTION('',(-0.,-0.,-1.));
#1650 = PLANE('',#1651);
#1651 = AXIS2_PLACEMENT_3D('',#1652,#1653,#1654);
#1652 = CARTESIAN_POINT('',(-1.169096269969,3.558492399277,12.));
#1653 = DIRECTION('',(-0.940303252237,0.340337764336,0.));
#1654 = DIRECTION('',(0.340337764336,0.940303252237,0.));
#1655 = ADVANCED_FACE('',(#1656),#1675,.T.);
#1656 = FACE_BOUND('',#1657,.F.);
#1657 = EDGE_LOOP('',(#1658,#1659,#1667,#1674));
#1658 = ORIENTED_EDGE('',*,*,#710,.F.);
#1659 = ORIENTED_EDGE('',*,*,#1660,.F.);
#1660 = EDGE_CURVE('',#1661,#702,#1663,.T.);
#1661 = VERTEX_POINT('',#1662);
#1662 = CARTESIAN_POINT('',(-0.661085973194,3.944992438021,13.7));
#1663 = LINE('',#1664,#1665);
#1664 = CARTESIAN_POINT('',(-0.661085973194,3.944992438021,12.));
#1665 = VECTOR('',#1666,1.);
#1666 = DIRECTION('',(-0.,-0.,-1.));
#1667 = ORIENTED_EDGE('',*,*,#1668,.T.);
#1668 = EDGE_CURVE('',#1661,#1637,#1669,.T.);
#1669 = CIRCLE('',#1670,4.);
#1670 = AXIS2_PLACEMENT_3D('',#1671,#1672,#1673);
#1671 = CARTESIAN_POINT('',(0.,0.,13.7));
#1672 = DIRECTION('',(0.,0.,1.));
#1673 = DIRECTION('',(-0.125,0.992156741649,0.));
#1674 = ORIENTED_EDGE('',*,*,#1645,.T.);
#1675 = CYLINDRICAL_SURFACE('',#1676,4.);
#1676 = AXIS2_PLACEMENT_3D('',#1677,#1678,#1679);
#1677 = CARTESIAN_POINT('',(0.,0.,12.));
#1678 = DIRECTION('',(-0.,-0.,-1.));
#1679 = DIRECTION('',(1.,0.,0.));
#1680 = ADVANCED_FACE('',(#1681),#1716,.T.);
#1681 = FACE_BOUND('',#1682,.T.);
#1682 = EDGE_LOOP('',(#1683,#1691,#1692,#1693,#1702,#1710));
#1683 = ORIENTED_EDGE('',*,*,#1684,.F.);
#1684 = EDGE_CURVE('',#693,#1685,#1687,.T.);
#1685 = VERTEX_POINT('',#1686);
#1686 = CARTESIAN_POINT('',(-0.403696540001,3.7237995848,13.4));
#1687 = LINE('',#1688,#1689);
#1688 = CARTESIAN_POINT('',(-0.403696540001,3.7237995848,12.));
#1689 = VECTOR('',#1690,1.);
#1690 = DIRECTION('',(0.,0.,1.));
#1691 = ORIENTED_EDGE('',*,*,#701,.F.);
#1692 = ORIENTED_EDGE('',*,*,#1660,.F.);
#1693 = ORIENTED_EDGE('',*,*,#1694,.F.);
#1694 = EDGE_CURVE('',#1695,#1661,#1697,.T.);
#1695 = VERTEX_POINT('',#1696);
#1696 = CARTESIAN_POINT('',(-0.5,3.806559925145,13.860742459313));
#1697 = HYPERBOLA('',#1698,2.561093451377,2.561093451377);
#1698 = AXIS2_PLACEMENT_3D('',#1699,#1700,#1701);
#1699 = CARTESIAN_POINT('',(1.669230368539,1.942387614106,17.7));
#1700 = DIRECTION('',(0.651764724806,0.758421217727,0.));
#1701 = DIRECTION('',(0.,0.,-1.));
#1702 = ORIENTED_EDGE('',*,*,#1703,.F.);
#1703 = EDGE_CURVE('',#1704,#1695,#1706,.T.);
#1704 = VERTEX_POINT('',#1705);
#1705 = CARTESIAN_POINT('',(-0.5,3.806559925145,13.4));
#1706 = LINE('',#1707,#1708);
#1707 = CARTESIAN_POINT('',(-0.5,3.806559925145,13.));
#1708 = VECTOR('',#1709,1.);
#1709 = DIRECTION('',(0.,0.,1.));
#1710 = ORIENTED_EDGE('',*,*,#1711,.T.);
#1711 = EDGE_CURVE('',#1704,#1685,#1712,.T.);
#1712 = LINE('',#1713,#1714);
#1713 = CARTESIAN_POINT('',(0.48107295292,2.963454895607,13.4));
#1714 = VECTOR('',#1715,1.);
#1715 = DIRECTION('',(0.758421217727,-0.651764724806,0.));
#1716 = PLANE('',#1717);
#1717 = AXIS2_PLACEMENT_3D('',#1718,#1719,#1720);
#1718 = CARTESIAN_POINT('',(-0.707084462699,3.984522177107,12.));
#1719 = DIRECTION('',(0.651764724806,0.758421217727,0.));
#1720 = DIRECTION('',(0.758421217727,-0.651764724806,0.));
#1721 = ADVANCED_FACE('',(#1722),#1740,.T.);
#1722 = FACE_BOUND('',#1723,.T.);
#1723 = EDGE_LOOP('',(#1724,#1725,#1726,#1734));
#1724 = ORIENTED_EDGE('',*,*,#692,.F.);
#1725 = ORIENTED_EDGE('',*,*,#1684,.T.);
#1726 = ORIENTED_EDGE('',*,*,#1727,.T.);
#1727 = EDGE_CURVE('',#1685,#1728,#1730,.T.);
#1728 = VERTEX_POINT('',#1729);
#1729 = CARTESIAN_POINT('',(-0.236135758772,3.99302390469,13.4));
#1730 = LINE('',#1731,#1732);
#1731 = CARTESIAN_POINT('',(-1.182605101607,2.472306686423,13.4));
#1732 = VECTOR('',#1733,1.);
#1733 = DIRECTION('',(0.528400606679,0.848995170105,0.));
#1734 = ORIENTED_EDGE('',*,*,#1735,.T.);
#1735 = EDGE_CURVE('',#1728,#684,#1736,.T.);
#1736 = LINE('',#1737,#1738);
#1737 = CARTESIAN_POINT('',(-0.236135758772,3.99302390469,12.));
#1738 = VECTOR('',#1739,1.);
#1739 = DIRECTION('',(-0.,-0.,-1.));
#1740 = PLANE('',#1741);
#1741 = AXIS2_PLACEMENT_3D('',#1742,#1743,#1744);
#1742 = CARTESIAN_POINT('',(-0.403696540001,3.7237995848,12.));
#1743 = DIRECTION('',(-0.848995170105,0.528400606679,0.));
#1744 = DIRECTION('',(0.528400606679,0.848995170105,0.));
#1745 = ADVANCED_FACE('',(#1746),#1765,.T.);
#1746 = FACE_BOUND('',#1747,.F.);
#1747 = EDGE_LOOP('',(#1748,#1749,#1757,#1764));
#1748 = ORIENTED_EDGE('',*,*,#683,.F.);
#1749 = ORIENTED_EDGE('',*,*,#1750,.F.);
#1750 = EDGE_CURVE('',#1751,#675,#1753,.T.);
#1751 = VERTEX_POINT('',#1752);
#1752 = CARTESIAN_POINT('',(0.173570389494,3.996232390626,13.4));
#1753 = LINE('',#1754,#1755);
#1754 = CARTESIAN_POINT('',(0.173570389494,3.996232390626,12.));
#1755 = VECTOR('',#1756,1.);
#1756 = DIRECTION('',(-0.,-0.,-1.));
#1757 = ORIENTED_EDGE('',*,*,#1758,.F.);
#1758 = EDGE_CURVE('',#1728,#1751,#1759,.T.);
#1759 = CIRCLE('',#1760,4.);
#1760 = AXIS2_PLACEMENT_3D('',#1761,#1762,#1763);
#1761 = CARTESIAN_POINT('',(0.,0.,13.4));
#1762 = DIRECTION('',(0.,0.,-1.));
#1763 = DIRECTION('',(1.,0.,0.));
#1764 = ORIENTED_EDGE('',*,*,#1735,.T.);
#1765 = CYLINDRICAL_SURFACE('',#1766,4.);
#1766 = AXIS2_PLACEMENT_3D('',#1767,#1768,#1769);
#1767 = CARTESIAN_POINT('',(0.,0.,12.));
#1768 = DIRECTION('',(-0.,-0.,-1.));
#1769 = DIRECTION('',(1.,0.,0.));
#1770 = ADVANCED_FACE('',(#1771),#1789,.T.);
#1771 = FACE_BOUND('',#1772,.T.);
#1772 = EDGE_LOOP('',(#1773,#1781,#1782,#1783));
#1773 = ORIENTED_EDGE('',*,*,#1774,.F.);
#1774 = EDGE_CURVE('',#666,#1775,#1777,.T.);
#1775 = VERTEX_POINT('',#1776);
#1776 = CARTESIAN_POINT('',(0.379346665915,3.726358859695,13.4));
#1777 = LINE('',#1778,#1779);
#1778 = CARTESIAN_POINT('',(0.379346665915,3.726358859695,12.));
#1779 = VECTOR('',#1780,1.);
#1780 = DIRECTION('',(0.,0.,1.));
#1781 = ORIENTED_EDGE('',*,*,#674,.F.);
#1782 = ORIENTED_EDGE('',*,*,#1750,.F.);
#1783 = ORIENTED_EDGE('',*,*,#1784,.T.);
#1784 = EDGE_CURVE('',#1751,#1775,#1785,.T.);
#1785 = LINE('',#1786,#1787);
#1786 = CARTESIAN_POINT('',(1.086697272684,2.798675604972,13.4));
#1787 = VECTOR('',#1788,1.);
#1788 = DIRECTION('',(0.606338388516,-0.795206739542,0.));
#1789 = PLANE('',#1790);
#1790 = AXIS2_PLACEMENT_3D('',#1791,#1792,#1793);
#1791 = CARTESIAN_POINT('',(0.136795772238,4.044461933799,12.));
#1792 = DIRECTION('',(0.795206739542,0.606338388516,0.));
#1793 = DIRECTION('',(0.606338388516,-0.795206739542,0.));
#1794 = ADVANCED_FACE('',(#1795),#1820,.T.);
#1795 = FACE_BOUND('',#1796,.T.);
#1796 = EDGE_LOOP('',(#1797,#1798,#1799,#1807,#1813,#1814));
#1797 = ORIENTED_EDGE('',*,*,#665,.F.);
#1798 = ORIENTED_EDGE('',*,*,#1774,.T.);
#1799 = ORIENTED_EDGE('',*,*,#1800,.T.);
#1800 = EDGE_CURVE('',#1775,#1801,#1803,.T.);
#1801 = VERTEX_POINT('',#1802);
#1802 = CARTESIAN_POINT('',(0.5,3.851747376577,13.4));
#1803 = LINE('',#1804,#1805);
#1804 = CARTESIAN_POINT('',(-0.642740879358,2.664158279848,13.4));
#1805 = VECTOR('',#1806,1.);
#1806 = DIRECTION('',(0.693369806962,0.720581925109,0.));
#1807 = ORIENTED_EDGE('',*,*,#1808,.F.);
#1808 = EDGE_CURVE('',#1103,#1801,#1809,.T.);
#1809 = LINE('',#1810,#1811);
#1810 = CARTESIAN_POINT('',(0.5,3.851747376577,13.));
#1811 = VECTOR('',#1812,1.);
#1812 = DIRECTION('',(0.,0.,-1.));
#1813 = ORIENTED_EDGE('',*,*,#1102,.F.);
#1814 = ORIENTED_EDGE('',*,*,#1815,.T.);
#1815 = EDGE_CURVE('',#1094,#657,#1816,.T.);
#1816 = LINE('',#1817,#1818);
#1817 = CARTESIAN_POINT('',(0.599220725609,3.954862136915,12.));
#1818 = VECTOR('',#1819,1.);
#1819 = DIRECTION('',(-0.,-0.,-1.));
#1820 = PLANE('',#1821);
#1821 = AXIS2_PLACEMENT_3D('',#1822,#1823,#1824);
#1822 = CARTESIAN_POINT('',(0.379346665915,3.726358859695,12.));
#1823 = DIRECTION('',(-0.720581925109,0.693369806962,0.));
#1824 = DIRECTION('',(0.693369806962,0.720581925109,0.));
#1825 = ADVANCED_FACE('',(#1826),#1837,.T.);
#1826 = FACE_BOUND('',#1827,.F.);
#1827 = EDGE_LOOP('',(#1828,#1829,#1835,#1836));
#1828 = ORIENTED_EDGE('',*,*,#656,.F.);
#1829 = ORIENTED_EDGE('',*,*,#1830,.F.);
#1830 = EDGE_CURVE('',#1085,#648,#1831,.T.);
#1831 = LINE('',#1832,#1833);
#1832 = CARTESIAN_POINT('',(1.000640893278,3.87281781171,12.));
#1833 = VECTOR('',#1834,1.);
#1834 = DIRECTION('',(-0.,-0.,-1.));
#1835 = ORIENTED_EDGE('',*,*,#1093,.T.);
#1836 = ORIENTED_EDGE('',*,*,#1815,.T.);
#1837 = CYLINDRICAL_SURFACE('',#1838,4.);
#1838 = AXIS2_PLACEMENT_3D('',#1839,#1840,#1841);
#1839 = CARTESIAN_POINT('',(0.,0.,12.));
#1840 = DIRECTION('',(-0.,-0.,-1.));
#1841 = DIRECTION('',(1.,0.,0.));
#1842 = ADVANCED_FACE('',(#1843),#1854,.T.);
#1843 = FACE_BOUND('',#1844,.T.);
#1844 = EDGE_LOOP('',(#1845,#1851,#1852,#1853));
#1845 = ORIENTED_EDGE('',*,*,#1846,.F.);
#1846 = EDGE_CURVE('',#639,#1076,#1847,.T.);
#1847 = LINE('',#1848,#1849);
#1848 = CARTESIAN_POINT('',(1.145810602224,3.566058371367,12.));
#1849 = VECTOR('',#1850,1.);
#1850 = DIRECTION('',(0.,0.,1.));
#1851 = ORIENTED_EDGE('',*,*,#647,.F.);
#1852 = ORIENTED_EDGE('',*,*,#1830,.F.);
#1853 = ORIENTED_EDGE('',*,*,#1084,.F.);
#1854 = PLANE('',#1855);
#1855 = AXIS2_PLACEMENT_3D('',#1856,#1857,#1858);
#1856 = CARTESIAN_POINT('',(0.974697375509,3.927639296502,12.));
#1857 = DIRECTION('',(0.903894403934,0.427755662192,0.));
#1858 = DIRECTION('',(0.427755662192,-0.903894403934,0.));
#1859 = ADVANCED_FACE('',(#1860),#1871,.T.);
#1860 = FACE_BOUND('',#1861,.T.);
#1861 = EDGE_LOOP('',(#1862,#1863,#1864,#1865));
#1862 = ORIENTED_EDGE('',*,*,#638,.F.);
#1863 = ORIENTED_EDGE('',*,*,#1846,.T.);
#1864 = ORIENTED_EDGE('',*,*,#1075,.F.);
#1865 = ORIENTED_EDGE('',*,*,#1866,.T.);
#1866 = EDGE_CURVE('',#1067,#630,#1867,.T.);
#1867 = LINE('',#1868,#1869);
#1868 = CARTESIAN_POINT('',(1.408388388902,3.743853916221,12.));
#1869 = VECTOR('',#1870,1.);
#1870 = DIRECTION('',(-0.,-0.,-1.));
#1871 = PLANE('',#1872);
#1872 = AXIS2_PLACEMENT_3D('',#1873,#1874,#1875);
#1873 = CARTESIAN_POINT('',(1.145810602224,3.566058371367,12.));
#1874 = DIRECTION('',(-0.56067579225,0.828035419523,0.));
#1875 = DIRECTION('',(0.828035419523,0.56067579225,0.));
#1876 = ADVANCED_FACE('',(#1877),#1888,.T.);
#1877 = FACE_BOUND('',#1878,.F.);
#1878 = EDGE_LOOP('',(#1879,#1880,#1886,#1887));
#1879 = ORIENTED_EDGE('',*,*,#629,.F.);
#1880 = ORIENTED_EDGE('',*,*,#1881,.F.);
#1881 = EDGE_CURVE('',#1058,#621,#1882,.T.);
#1882 = LINE('',#1883,#1884);
#1883 = CARTESIAN_POINT('',(1.783978588418,3.580142510581,12.));
#1884 = VECTOR('',#1885,1.);
#1885 = DIRECTION('',(-0.,-0.,-1.));
#1886 = ORIENTED_EDGE('',*,*,#1066,.T.);
#1887 = ORIENTED_EDGE('',*,*,#1866,.T.);
#1888 = CYLINDRICAL_SURFACE('',#1889,4.);
#1889 = AXIS2_PLACEMENT_3D('',#1890,#1891,#1892);
#1890 = CARTESIAN_POINT('',(0.,0.,12.));
#1891 = DIRECTION('',(-0.,-0.,-1.));
#1892 = DIRECTION('',(1.,0.,0.));
#1893 = ADVANCED_FACE('',(#1894),#1905,.T.);
#1894 = FACE_BOUND('',#1895,.T.);
#1895 = EDGE_LOOP('',(#1896,#1902,#1903,#1904));
#1896 = ORIENTED_EDGE('',*,*,#1897,.F.);
#1897 = EDGE_CURVE('',#612,#1049,#1898,.T.);
#1898 = LINE('',#1899,#1900);
#1899 = CARTESIAN_POINT('',(1.862197117007,3.249904020364,12.));
#1900 = VECTOR('',#1901,1.);
#1901 = DIRECTION('',(0.,0.,1.));
#1902 = ORIENTED_EDGE('',*,*,#620,.F.);
#1903 = ORIENTED_EDGE('',*,*,#1881,.F.);
#1904 = ORIENTED_EDGE('',*,*,#1057,.F.);
#1905 = PLANE('',#1906);
#1906 = AXIS2_PLACEMENT_3D('',#1907,#1908,#1909);
#1907 = CARTESIAN_POINT('',(1.770000026354,3.639159975043,12.));
#1908 = DIRECTION('',(0.973077545508,0.23047796083,0.));
#1909 = DIRECTION('',(0.23047796083,-0.973077545508,0.));
#1910 = ADVANCED_FACE('',(#1911),#1922,.T.);
#1911 = FACE_BOUND('',#1912,.T.);
#1912 = EDGE_LOOP('',(#1913,#1914,#1915,#1916));
#1913 = ORIENTED_EDGE('',*,*,#611,.F.);
#1914 = ORIENTED_EDGE('',*,*,#1897,.T.);
#1915 = ORIENTED_EDGE('',*,*,#1048,.F.);
#1916 = ORIENTED_EDGE('',*,*,#1917,.T.);
#1917 = EDGE_CURVE('',#1040,#603,#1918,.T.);
#1918 = LINE('',#1919,#1920);
#1919 = CARTESIAN_POINT('',(2.156002721402,3.369221314385,12.));
#1920 = VECTOR('',#1921,1.);
#1921 = DIRECTION('',(-0.,-0.,-1.));
#1922 = PLANE('',#1923);
#1923 = AXIS2_PLACEMENT_3D('',#1924,#1925,#1926);
#1924 = CARTESIAN_POINT('',(1.862197117007,3.249904020364,12.));
#1925 = DIRECTION('',(-0.376265436849,0.926511910896,0.));
#1926 = DIRECTION('',(0.926511910896,0.376265436849,0.));
#1927 = ADVANCED_FACE('',(#1928),#1939,.T.);
#1928 = FACE_BOUND('',#1929,.F.);
#1929 = EDGE_LOOP('',(#1930,#1931,#1937,#1938));
#1930 = ORIENTED_EDGE('',*,*,#602,.F.);
#1931 = ORIENTED_EDGE('',*,*,#1932,.F.);
#1932 = EDGE_CURVE('',#1031,#594,#1933,.T.);
#1933 = LINE('',#1934,#1935);
#1934 = CARTESIAN_POINT('',(2.489347858765,3.130997802309,12.));
#1935 = VECTOR('',#1936,1.);
#1936 = DIRECTION('',(-0.,-0.,-1.));
#1937 = ORIENTED_EDGE('',*,*,#1039,.T.);
#1938 = ORIENTED_EDGE('',*,*,#1917,.T.);
#1939 = CYLINDRICAL_SURFACE('',#1940,4.);
#1940 = AXIS2_PLACEMENT_3D('',#1941,#1942,#1943);
#1941 = CARTESIAN_POINT('',(0.,0.,12.));
#1942 = DIRECTION('',(-0.,-0.,-1.));
#1943 = DIRECTION('',(1.,0.,0.));
#1944 = ADVANCED_FACE('',(#1945),#1956,.T.);
#1945 = FACE_BOUND('',#1946,.T.);
#1946 = EDGE_LOOP('',(#1947,#1953,#1954,#1955));
#1947 = ORIENTED_EDGE('',*,*,#1948,.F.);
#1948 = EDGE_CURVE('',#585,#1022,#1949,.T.);
#1949 = LINE('',#1950,#1951);
#1950 = CARTESIAN_POINT('',(2.497196681963,2.791713268902,12.));
#1951 = VECTOR('',#1952,1.);
#1952 = DIRECTION('',(0.,0.,1.));
#1953 = ORIENTED_EDGE('',*,*,#593,.F.);
#1954 = ORIENTED_EDGE('',*,*,#1932,.F.);
#1955 = ORIENTED_EDGE('',*,*,#1030,.F.);
#1956 = PLANE('',#1957);
#1957 = AXIS2_PLACEMENT_3D('',#1958,#1959,#1960);
#1958 = CARTESIAN_POINT('',(2.487945182644,3.191631900048,12.));
#1959 = DIRECTION('',(0.999732528999,2.312726662491E-02,0.));
#1960 = DIRECTION('',(2.312726662491E-02,-0.999732528999,0.));
#1961 = ADVANCED_FACE('',(#1962),#1973,.T.);
#1962 = FACE_BOUND('',#1963,.T.);
#1963 = EDGE_LOOP('',(#1964,#1965,#1966,#1967));
#1964 = ORIENTED_EDGE('',*,*,#584,.F.);
#1965 = ORIENTED_EDGE('',*,*,#1948,.T.);
#1966 = ORIENTED_EDGE('',*,*,#1021,.F.);
#1967 = ORIENTED_EDGE('',*,*,#1968,.T.);
#1968 = EDGE_CURVE('',#1013,#576,#1969,.T.);
#1969 = LINE('',#1970,#1971);
#1970 = CARTESIAN_POINT('',(2.809389389328,2.847337573793,12.));
#1971 = VECTOR('',#1972,1.);
#1972 = DIRECTION('',(-0.,-0.,-1.));
#1973 = PLANE('',#1974);
#1974 = AXIS2_PLACEMENT_3D('',#1975,#1976,#1977);
#1975 = CARTESIAN_POINT('',(2.497196681963,2.791713268902,12.));
#1976 = DIRECTION('',(-0.175410476336,0.984495385866,0.));
#1977 = DIRECTION('',(0.984495385866,0.175410476336,0.));
#1978 = ADVANCED_FACE('',(#1979),#1990,.T.);
#1979 = FACE_BOUND('',#1980,.F.);
#1980 = EDGE_LOOP('',(#1981,#1982,#1988,#1989));
#1981 = ORIENTED_EDGE('',*,*,#575,.F.);
#1982 = ORIENTED_EDGE('',*,*,#1983,.F.);
#1983 = EDGE_CURVE('',#1004,#567,#1984,.T.);
#1984 = LINE('',#1985,#1986);
#1985 = CARTESIAN_POINT('',(3.085920682467,2.545013465882,12.));
#1986 = VECTOR('',#1987,1.);
#1987 = DIRECTION('',(-0.,-0.,-1.));
#1988 = ORIENTED_EDGE('',*,*,#1012,.T.);
#1989 = ORIENTED_EDGE('',*,*,#1968,.T.);
#1990 = CYLINDRICAL_SURFACE('',#1991,4.);
#1991 = AXIS2_PLACEMENT_3D('',#1992,#1993,#1994);
#1992 = CARTESIAN_POINT('',(0.,0.,12.));
#1993 = DIRECTION('',(-0.,-0.,-1.));
#1994 = DIRECTION('',(1.,0.,0.));
#1995 = ADVANCED_FACE('',(#1996),#2007,.T.);
#1996 = FACE_BOUND('',#1997,.T.);
#1997 = EDGE_LOOP('',(#1998,#2004,#2005,#2006));
#1998 = ORIENTED_EDGE('',*,*,#1999,.F.);
#1999 = EDGE_CURVE('',#558,#995,#2000,.T.);
#2000 = LINE('',#2001,#2002);
#2001 = CARTESIAN_POINT('',(3.023056769038,2.211511251461,12.));
#2002 = VECTOR('',#2003,1.);
#2003 = DIRECTION('',(0.,0.,1.));
#2004 = ORIENTED_EDGE('',*,*,#566,.F.);
#2005 = ORIENTED_EDGE('',*,*,#1983,.F.);
#2006 = ORIENTED_EDGE('',*,*,#1003,.F.);
#2007 = PLANE('',#2008);
#2008 = AXIS2_PLACEMENT_3D('',#2009,#2010,#2011);
#2009 = CARTESIAN_POINT('',(3.097155195968,2.604614195872,12.));
#2010 = DIRECTION('',(0.982694403724,-0.185234200109,0.));
#2011 = DIRECTION('',(-0.185234200109,-0.982694403724,0.));
#2012 = ADVANCED_FACE('',(#2013),#2024,.T.);
#2013 = FACE_BOUND('',#2014,.T.);
#2014 = EDGE_LOOP('',(#2015,#2016,#2017,#2018));
#2015 = ORIENTED_EDGE('',*,*,#557,.F.);
#2016 = ORIENTED_EDGE('',*,*,#1999,.T.);
#2017 = ORIENTED_EDGE('',*,*,#994,.F.);
#2018 = ORIENTED_EDGE('',*,*,#2019,.T.);
#2019 = EDGE_CURVE('',#986,#549,#2020,.T.);
#2020 = LINE('',#2021,#2022);
#2021 = CARTESIAN_POINT('',(3.339992259994,2.201011518184,12.));
#2022 = VECTOR('',#2023,1.);
#2023 = DIRECTION('',(-0.,-0.,-1.));
#2024 = PLANE('',#2025);
#2025 = AXIS2_PLACEMENT_3D('',#2026,#2027,#2028);
#2026 = CARTESIAN_POINT('',(3.023056769038,2.211511251461,12.));
#2027 = DIRECTION('',(3.311076370614E-02,0.999451688341,0.));
#2028 = DIRECTION('',(0.999451688341,-3.311076370614E-02,0.));
#2029 = ADVANCED_FACE('',(#2030),#2041,.T.);
#2030 = FACE_BOUND('',#2031,.F.);
#2031 = EDGE_LOOP('',(#2032,#2033,#2039,#2040));
#2032 = ORIENTED_EDGE('',*,*,#548,.F.);
#2033 = ORIENTED_EDGE('',*,*,#2034,.F.);
#2034 = EDGE_CURVE('',#977,#540,#2035,.T.);
#2035 = LINE('',#2036,#2037);
#2036 = CARTESIAN_POINT('',(3.547623964456,1.847799828667,12.));
#2037 = VECTOR('',#2038,1.);
#2038 = DIRECTION('',(-0.,-0.,-1.));
#2039 = ORIENTED_EDGE('',*,*,#985,.T.);
#2040 = ORIENTED_EDGE('',*,*,#2019,.T.);
#2041 = CYLINDRICAL_SURFACE('',#2042,4.);
#2042 = AXIS2_PLACEMENT_3D('',#2043,#2044,#2045);
#2043 = CARTESIAN_POINT('',(0.,0.,12.));
#2044 = DIRECTION('',(-0.,-0.,-1.));
#2045 = DIRECTION('',(1.,0.,0.));
#2046 = ADVANCED_FACE('',(#2047),#2058,.T.);
#2047 = FACE_BOUND('',#2048,.T.);
#2048 = EDGE_LOOP('',(#2049,#2055,#2056,#2057));
#2049 = ORIENTED_EDGE('',*,*,#2050,.F.);
#2050 = EDGE_CURVE('',#531,#968,#2051,.T.);
#2051 = LINE('',#2052,#2053);
#2052 = CARTESIAN_POINT('',(3.416794769071,1.534655580324,12.));
#2053 = VECTOR('',#2054,1.);
#2054 = DIRECTION('',(0.,0.,1.));
#2055 = ORIENTED_EDGE('',*,*,#539,.F.);
#2056 = ORIENTED_EDGE('',*,*,#2034,.F.);
#2057 = ORIENTED_EDGE('',*,*,#976,.F.);
#2058 = PLANE('',#2059);
#2059 = AXIS2_PLACEMENT_3D('',#2060,#2061,#2062);
#2060 = CARTESIAN_POINT('',(3.571004665428,1.903762353011,12.));
#2061 = DIRECTION('',(0.922707817515,-0.385500043446,0.));
#2062 = DIRECTION('',(-0.385500043446,-0.922707817515,0.));
#2063 = ADVANCED_FACE('',(#2064),#2075,.T.);
#2064 = FACE_BOUND('',#2065,.T.);
#2065 = EDGE_LOOP('',(#2066,#2067,#2068,#2069));
#2066 = ORIENTED_EDGE('',*,*,#530,.F.);
#2067 = ORIENTED_EDGE('',*,*,#2050,.T.);
#2068 = ORIENTED_EDGE('',*,*,#967,.F.);
#2069 = ORIENTED_EDGE('',*,*,#2070,.T.);
#2070 = EDGE_CURVE('',#959,#522,#2071,.T.);
#2071 = LINE('',#2072,#2073);
#2072 = CARTESIAN_POINT('',(3.724621441838,1.458490697606,12.));
#2073 = VECTOR('',#2074,1.);
#2074 = DIRECTION('',(-0.,-0.,-1.));
#2075 = PLANE('',#2076);
#2076 = AXIS2_PLACEMENT_3D('',#2077,#2078,#2079);
#2077 = CARTESIAN_POINT('',(3.416794769071,1.534655580324,12.));
#2078 = DIRECTION('',(0.240184904491,0.970727156133,0.));
#2079 = DIRECTION('',(0.970727156133,-0.240184904491,0.));
#2080 = ADVANCED_FACE('',(#2081),#2092,.T.);
#2081 = FACE_BOUND('',#2082,.F.);
#2082 = EDGE_LOOP('',(#2083,#2084,#2090,#2091));
#2083 = ORIENTED_EDGE('',*,*,#521,.F.);
#2084 = ORIENTED_EDGE('',*,*,#2085,.F.);
#2085 = EDGE_CURVE('',#950,#513,#2086,.T.);
#2086 = LINE('',#2087,#2088);
#2087 = CARTESIAN_POINT('',(3.854279055809,1.069828472211,12.));
#2088 = VECTOR('',#2089,1.);
#2089 = DIRECTION('',(-0.,-0.,-1.));
#2090 = ORIENTED_EDGE('',*,*,#958,.T.);
#2091 = ORIENTED_EDGE('',*,*,#2070,.T.);
#2092 = CYLINDRICAL_SURFACE('',#2093,4.);
#2093 = AXIS2_PLACEMENT_3D('',#2094,#2095,#2096);
#2094 = CARTESIAN_POINT('',(0.,0.,12.));
#2095 = DIRECTION('',(-0.,-0.,-1.));
#2096 = DIRECTION('',(1.,0.,0.));
#2097 = ADVANCED_FACE('',(#2098),#2104,.T.);
#2098 = FACE_BOUND('',#2099,.T.);
#2099 = EDGE_LOOP('',(#2100,#2101,#2102,#2103));
#2100 = ORIENTED_EDGE('',*,*,#897,.F.);
#2101 = ORIENTED_EDGE('',*,*,#512,.F.);
#2102 = ORIENTED_EDGE('',*,*,#2085,.F.);
#2103 = ORIENTED_EDGE('',*,*,#949,.F.);
#2104 = PLANE('',#2105);
#2105 = AXIS2_PLACEMENT_3D('',#2106,#2107,#2108);
#2106 = CARTESIAN_POINT('',(3.888784095427,1.119706960058,12.));
#2107 = DIRECTION('',(0.822394472037,-0.56891768505,0.));
#2108 = DIRECTION('',(-0.56891768505,-0.822394472037,0.));
#2109 = ADVANCED_FACE('',(#2110),#2131,.T.);
#2110 = FACE_BOUND('',#2111,.T.);
#2111 = EDGE_LOOP('',(#2112,#2113,#2114,#2115,#2124,#2130));
#2112 = ORIENTED_EDGE('',*,*,#486,.F.);
#2113 = ORIENTED_EDGE('',*,*,#1135,.T.);
#2114 = ORIENTED_EDGE('',*,*,#931,.F.);
#2115 = ORIENTED_EDGE('',*,*,#2116,.F.);
#2116 = EDGE_CURVE('',#2117,#922,#2119,.T.);
#2117 = VERTEX_POINT('',#2118);
#2118 = CARTESIAN_POINT('',(3.995832609931,-0.18254247017,13.7));
#2119 = HYPERBOLA('',#2120,2.310394372407,2.310394372407);
#2120 = AXIS2_PLACEMENT_3D('',#2121,#2122,#2123);
#2121 = CARTESIAN_POINT('',(1.419160051274,1.823158496927,17.7));
#2122 = DIRECTION('',(0.61425013332,0.789111382326,0.));
#2123 = DIRECTION('',(0.,0.,-1.));
#2124 = ORIENTED_EDGE('',*,*,#2125,.T.);
#2125 = EDGE_CURVE('',#2117,#453,#2126,.T.);
#2126 = LINE('',#2127,#2128);
#2127 = CARTESIAN_POINT('',(3.995832609931,-0.18254247017,12.));
#2128 = VECTOR('',#2129,1.);
#2129 = DIRECTION('',(-0.,-0.,-1.));
#2130 = ORIENTED_EDGE('',*,*,#461,.F.);
#2131 = PLANE('',#2132);
#2132 = AXIS2_PLACEMENT_3D('',#2133,#2134,#2135);
#2133 = CARTESIAN_POINT('',(3.745598,1.2242E-02,12.));
#2134 = DIRECTION('',(0.61425013332,0.789111382326,0.));
#2135 = DIRECTION('',(0.789111382326,-0.61425013332,0.));
#2136 = ADVANCED_FACE('',(#2137,#2140),#2151,.F.);
#2137 = FACE_BOUND('',#2138,.F.);
#2138 = EDGE_LOOP('',(#2139));
#2139 = ORIENTED_EDGE('',*,*,#478,.T.);
#2140 = FACE_BOUND('',#2141,.F.);
#2141 = EDGE_LOOP('',(#2142));
#2142 = ORIENTED_EDGE('',*,*,#2143,.F.);
#2143 = EDGE_CURVE('',#2144,#2144,#2146,.T.);
#2144 = VERTEX_POINT('',#2145);
#2145 = CARTESIAN_POINT('',(3.,0.,12.));
#2146 = CIRCLE('',#2147,3.);
#2147 = AXIS2_PLACEMENT_3D('',#2148,#2149,#2150);
#2148 = CARTESIAN_POINT('',(0.,0.,12.));
#2149 = DIRECTION('',(0.,0.,1.));
#2150 = DIRECTION('',(1.,0.,0.));
#2151 = PLANE('',#2152);
#2152 = AXIS2_PLACEMENT_3D('',#2153,#2154,#2155);
#2153 = CARTESIAN_POINT('',(-2.563950248511E-16,3.49503809816E-16,12.));
#2154 = DIRECTION('',(0.,0.,1.));
#2155 = DIRECTION('',(1.,0.,0.));
#2156 = ADVANCED_FACE('',(#2157),#2176,.T.);
#2157 = FACE_BOUND('',#2158,.F.);
#2158 = EDGE_LOOP('',(#2159,#2160,#2161,#2169));
#2159 = ORIENTED_EDGE('',*,*,#2125,.T.);
#2160 = ORIENTED_EDGE('',*,*,#452,.F.);
#2161 = ORIENTED_EDGE('',*,*,#2162,.F.);
#2162 = EDGE_CURVE('',#2163,#444,#2165,.T.);
#2163 = VERTEX_POINT('',#2164);
#2164 = CARTESIAN_POINT('',(3.956197565375,-0.590339583392,13.7));
#2165 = LINE('',#2166,#2167);
#2166 = CARTESIAN_POINT('',(3.956197565375,-0.590339583392,12.));
#2167 = VECTOR('',#2168,1.);
#2168 = DIRECTION('',(-0.,-0.,-1.));
#2169 = ORIENTED_EDGE('',*,*,#2170,.T.);
#2170 = EDGE_CURVE('',#2163,#2117,#2171,.T.);
#2171 = CIRCLE('',#2172,4.);
#2172 = AXIS2_PLACEMENT_3D('',#2173,#2174,#2175);
#2173 = CARTESIAN_POINT('',(0.,0.,13.7));
#2174 = DIRECTION('',(-0.,0.,1.));
#2175 = DIRECTION('',(0.125,-0.992156741649,0.));
#2176 = CYLINDRICAL_SURFACE('',#2177,4.);
#2177 = AXIS2_PLACEMENT_3D('',#2178,#2179,#2180);
#2178 = CARTESIAN_POINT('',(0.,0.,12.));
#2179 = DIRECTION('',(-0.,-0.,-1.));
#2180 = DIRECTION('',(1.,0.,0.));
#2181 = ADVANCED_FACE('',(#2182),#2201,.T.);
#2182 = FACE_BOUND('',#2183,.T.);
#2183 = EDGE_LOOP('',(#2184,#2192,#2193,#2194));
#2184 = ORIENTED_EDGE('',*,*,#2185,.F.);
#2185 = EDGE_CURVE('',#435,#2186,#2188,.T.);
#2186 = VERTEX_POINT('',#2187);
#2187 = CARTESIAN_POINT('',(3.666292951932,-0.766779130375,
    13.954381994361));
#2188 = LINE('',#2189,#2190);
#2189 = CARTESIAN_POINT('',(3.666292951932,-0.766779130375,12.));
#2190 = VECTOR('',#2191,1.);
#2191 = DIRECTION('',(0.,0.,1.));
#2192 = ORIENTED_EDGE('',*,*,#443,.F.);
#2193 = ORIENTED_EDGE('',*,*,#2162,.F.);
#2194 = ORIENTED_EDGE('',*,*,#2195,.F.);
#2195 = EDGE_CURVE('',#2186,#2163,#2196,.T.);
#2196 = HYPERBOLA('',#2197,2.561093451377,2.561093451377);
#2197 = AXIS2_PLACEMENT_3D('',#2198,#2199,#2200);
#2198 = CARTESIAN_POINT('',(1.331499846161,-2.187763201619,17.7));
#2199 = DIRECTION('',(0.519895064917,-0.85423013379,0.));
#2200 = DIRECTION('',(0.,0.,-1.));
#2201 = PLANE('',#2202);
#2202 = AXIS2_PLACEMENT_3D('',#2203,#2204,#2205);
#2203 = CARTESIAN_POINT('',(4.008006896293,-0.558807781369,12.));
#2204 = DIRECTION('',(0.519895064917,-0.85423013379,0.));
#2205 = DIRECTION('',(-0.85423013379,-0.519895064917,0.));
#2206 = ADVANCED_FACE('',(#2207),#2226,.T.);
#2207 = FACE_BOUND('',#2208,.T.);
#2208 = EDGE_LOOP('',(#2209,#2210,#2211,#2220));
#2209 = ORIENTED_EDGE('',*,*,#434,.F.);
#2210 = ORIENTED_EDGE('',*,*,#2185,.T.);
#2211 = ORIENTED_EDGE('',*,*,#2212,.F.);
#2212 = EDGE_CURVE('',#2213,#2186,#2215,.T.);
#2213 = VERTEX_POINT('',#2214);
#2214 = CARTESIAN_POINT('',(3.870561366718,-1.009333793384,13.7));
#2215 = HYPERBOLA('',#2216,2.310394372407,2.310394372407);
#2216 = AXIS2_PLACEMENT_3D('',#2217,#2218,#2219);
#2217 = CARTESIAN_POINT('',(1.767203964936,1.488258143726,17.7));
#2218 = DIRECTION('',(0.764892775901,0.64415762153,0.));
#2219 = DIRECTION('',(0.,0.,-1.));
#2220 = ORIENTED_EDGE('',*,*,#2221,.T.);
#2221 = EDGE_CURVE('',#2213,#426,#2222,.T.);
#2222 = LINE('',#2223,#2224);
#2223 = CARTESIAN_POINT('',(3.870561366718,-1.009333793384,12.));
#2224 = VECTOR('',#2225,1.);
#2225 = DIRECTION('',(-0.,-0.,-1.));
#2226 = PLANE('',#2227);
#2227 = AXIS2_PLACEMENT_3D('',#2228,#2229,#2230);
#2228 = CARTESIAN_POINT('',(3.666292951932,-0.766779130375,12.));
#2229 = DIRECTION('',(0.764892775901,0.64415762153,0.));
#2230 = DIRECTION('',(0.64415762153,-0.764892775901,0.));
#2231 = ADVANCED_FACE('',(#2232),#2251,.T.);
#2232 = FACE_BOUND('',#2233,.F.);
#2233 = EDGE_LOOP('',(#2234,#2235,#2236,#2244));
#2234 = ORIENTED_EDGE('',*,*,#2221,.T.);
#2235 = ORIENTED_EDGE('',*,*,#425,.F.);
#2236 = ORIENTED_EDGE('',*,*,#2237,.F.);
#2237 = EDGE_CURVE('',#2238,#417,#2240,.T.);
#2238 = VERTEX_POINT('',#2239);
#2239 = CARTESIAN_POINT('',(3.747006655661,-1.399978972139,13.7));
#2240 = LINE('',#2241,#2242);
#2241 = CARTESIAN_POINT('',(3.747006655661,-1.399978972139,12.));
#2242 = VECTOR('',#2243,1.);
#2243 = DIRECTION('',(-0.,-0.,-1.));
#2244 = ORIENTED_EDGE('',*,*,#2245,.T.);
#2245 = EDGE_CURVE('',#2238,#2213,#2246,.T.);
#2246 = CIRCLE('',#2247,4.);
#2247 = AXIS2_PLACEMENT_3D('',#2248,#2249,#2250);
#2248 = CARTESIAN_POINT('',(0.,0.,13.7));
#2249 = DIRECTION('',(-0.,0.,1.));
#2250 = DIRECTION('',(0.125,-0.992156741649,0.));
#2251 = CYLINDRICAL_SURFACE('',#2252,4.);
#2252 = AXIS2_PLACEMENT_3D('',#2253,#2254,#2255);
#2253 = CARTESIAN_POINT('',(0.,0.,12.));
#2254 = DIRECTION('',(-0.,-0.,-1.));
#2255 = DIRECTION('',(1.,0.,0.));
#2256 = ADVANCED_FACE('',(#2257),#2276,.T.);
#2257 = FACE_BOUND('',#2258,.T.);
#2258 = EDGE_LOOP('',(#2259,#2267,#2268,#2269));
#2259 = ORIENTED_EDGE('',*,*,#2260,.F.);
#2260 = EDGE_CURVE('',#408,#2261,#2263,.T.);
#2261 = VERTEX_POINT('',#2262);
#2262 = CARTESIAN_POINT('',(3.42675330904,-1.512288333339,
    13.954381994361));
#2263 = LINE('',#2264,#2265);
#2264 = CARTESIAN_POINT('',(3.42675330904,-1.512288333339,12.));
#2265 = VECTOR('',#2266,1.);
#2266 = DIRECTION('',(0.,0.,1.));
#2267 = ORIENTED_EDGE('',*,*,#416,.F.);
#2268 = ORIENTED_EDGE('',*,*,#2237,.F.);
#2269 = ORIENTED_EDGE('',*,*,#2270,.F.);
#2270 = EDGE_CURVE('',#2261,#2238,#2271,.T.);
#2271 = HYPERBOLA('',#2272,2.561093451377,2.561093451377);
#2272 = AXIS2_PLACEMENT_3D('',#2273,#2274,#2275);
#2273 = CARTESIAN_POINT('',(0.847541833543,-2.416789710976,17.7));
#2274 = DIRECTION('',(0.330929678918,-0.943655417836,0.));
#2275 = DIRECTION('',(0.,0.,-1.));
#2276 = PLANE('',#2277);
#2277 = AXIS2_PLACEMENT_3D('',#2278,#2279,#2280);
#2278 = CARTESIAN_POINT('',(3.804239658667,-1.379907981235,12.));
#2279 = DIRECTION('',(0.330929678918,-0.943655417836,0.));
#2280 = DIRECTION('',(-0.943655417836,-0.330929678918,0.));
#2281 = ADVANCED_FACE('',(#2282),#2301,.T.);
#2282 = FACE_BOUND('',#2283,.T.);
#2283 = EDGE_LOOP('',(#2284,#2285,#2286,#2295));
#2284 = ORIENTED_EDGE('',*,*,#407,.F.);
#2285 = ORIENTED_EDGE('',*,*,#2260,.T.);
#2286 = ORIENTED_EDGE('',*,*,#2287,.F.);
#2287 = EDGE_CURVE('',#2288,#2261,#2290,.T.);
#2288 = VERTEX_POINT('',#2289);
#2289 = CARTESIAN_POINT('',(3.576128018767,-1.792012386506,13.7));
#2290 = HYPERBOLA('',#2291,2.310394372407,2.310394372407);
#2291 = AXIS2_PLACEMENT_3D('',#2292,#2293,#2294);
#2292 = CARTESIAN_POINT('',(2.038012585344,1.088313768188,17.7));
#2293 = DIRECTION('',(0.882105933811,0.471051081662,0.));
#2294 = DIRECTION('',(0.,0.,-1.));
#2295 = ORIENTED_EDGE('',*,*,#2296,.T.);
#2296 = EDGE_CURVE('',#2288,#399,#2297,.T.);
#2297 = LINE('',#2298,#2299);
#2298 = CARTESIAN_POINT('',(3.576128018767,-1.792012386506,12.));
#2299 = VECTOR('',#2300,1.);
#2300 = DIRECTION('',(-0.,-0.,-1.));
#2301 = PLANE('',#2302);
#2302 = AXIS2_PLACEMENT_3D('',#2303,#2304,#2305);
#2303 = CARTESIAN_POINT('',(3.42675330904,-1.512288333339,12.));
#2304 = DIRECTION('',(0.882105933811,0.471051081662,0.));
#2305 = DIRECTION('',(0.471051081662,-0.882105933811,0.));
#2306 = ADVANCED_FACE('',(#2307),#2326,.T.);
#2307 = FACE_BOUND('',#2308,.F.);
#2308 = EDGE_LOOP('',(#2309,#2310,#2311,#2319));
#2309 = ORIENTED_EDGE('',*,*,#2296,.T.);
#2310 = ORIENTED_EDGE('',*,*,#398,.F.);
#2311 = ORIENTED_EDGE('',*,*,#2312,.F.);
#2312 = EDGE_CURVE('',#2313,#390,#2315,.T.);
#2313 = VERTEX_POINT('',#2314);
#2314 = CARTESIAN_POINT('',(3.374053574962,-2.14843256196,13.7));
#2315 = LINE('',#2316,#2317);
#2316 = CARTESIAN_POINT('',(3.374053574962,-2.14843256196,12.));
#2317 = VECTOR('',#2318,1.);
#2318 = DIRECTION('',(-0.,-0.,-1.));
#2319 = ORIENTED_EDGE('',*,*,#2320,.T.);
#2320 = EDGE_CURVE('',#2313,#2288,#2321,.T.);
#2321 = CIRCLE('',#2322,4.);
#2322 = AXIS2_PLACEMENT_3D('',#2323,#2324,#2325);
#2323 = CARTESIAN_POINT('',(0.,0.,13.7));
#2324 = DIRECTION('',(-0.,0.,1.));
#2325 = DIRECTION('',(0.125,-0.992156741649,0.));
#2326 = CYLINDRICAL_SURFACE('',#2327,4.);
#2327 = AXIS2_PLACEMENT_3D('',#2328,#2329,#2330);
#2328 = CARTESIAN_POINT('',(0.,0.,12.));
#2329 = DIRECTION('',(-0.,-0.,-1.));
#2330 = DIRECTION('',(1.,0.,0.));
#2331 = ADVANCED_FACE('',(#2332),#2351,.T.);
#2332 = FACE_BOUND('',#2333,.T.);
#2333 = EDGE_LOOP('',(#2334,#2342,#2343,#2344));
#2334 = ORIENTED_EDGE('',*,*,#2335,.F.);
#2335 = EDGE_CURVE('',#381,#2336,#2338,.T.);
#2336 = VERTEX_POINT('',#2337);
#2337 = CARTESIAN_POINT('',(3.037448103155,-2.191703279371,
    13.954381994361));
#2338 = LINE('',#2339,#2340);
#2339 = CARTESIAN_POINT('',(3.037448103155,-2.191703279371,12.));
#2340 = VECTOR('',#2341,1.);
#2341 = DIRECTION('',(0.,0.,1.));
#2342 = ORIENTED_EDGE('',*,*,#389,.F.);
#2343 = ORIENTED_EDGE('',*,*,#2312,.F.);
#2344 = ORIENTED_EDGE('',*,*,#2345,.F.);
#2345 = EDGE_CURVE('',#2336,#2313,#2346,.T.);
#2346 = HYPERBOLA('',#2347,2.561093451377,2.561093451377);
#2347 = AXIS2_PLACEMENT_3D('',#2348,#2349,#2350);
#2348 = CARTESIAN_POINT('',(0.326542175841,-2.54019091292,17.7));
#2349 = DIRECTION('',(0.127501077973,-0.991838431961,0.));
#2350 = DIRECTION('',(0.,0.,-1.));
#2351 = PLANE('',#2352);
#2352 = AXIS2_PLACEMENT_3D('',#2353,#2354,#2355);
#2353 = CARTESIAN_POINT('',(3.43420889319,-2.140699580788,12.));
#2354 = DIRECTION('',(0.127501077973,-0.991838431961,0.));
#2355 = DIRECTION('',(-0.991838431961,-0.127501077973,0.));
#2356 = ADVANCED_FACE('',(#2357),#2376,.T.);
#2357 = FACE_BOUND('',#2358,.T.);
#2358 = EDGE_LOOP('',(#2359,#2360,#2361,#2370));
#2359 = ORIENTED_EDGE('',*,*,#380,.F.);
#2360 = ORIENTED_EDGE('',*,*,#2335,.T.);
#2361 = ORIENTED_EDGE('',*,*,#2362,.F.);
#2362 = EDGE_CURVE('',#2363,#2336,#2365,.T.);
#2363 = VERTEX_POINT('',#2364);
#2364 = CARTESIAN_POINT('',(3.125400716229,-2.496371439309,13.7));
#2365 = HYPERBOLA('',#2366,2.310394372407,2.310394372407);
#2366 = AXIS2_PLACEMENT_3D('',#2367,#2368,#2369);
#2367 = CARTESIAN_POINT('',(2.219750276304,0.640804858672,17.7));
#2368 = DIRECTION('',(0.9607668296,0.277357349172,0.));
#2369 = DIRECTION('',(0.,0.,-1.));
#2370 = ORIENTED_EDGE('',*,*,#2371,.T.);
#2371 = EDGE_CURVE('',#2363,#372,#2372,.T.);
#2372 = LINE('',#2373,#2374);
#2373 = CARTESIAN_POINT('',(3.125400716229,-2.496371439309,12.));
#2374 = VECTOR('',#2375,1.);
#2375 = DIRECTION('',(-0.,-0.,-1.));
#2376 = PLANE('',#2377);
#2377 = AXIS2_PLACEMENT_3D('',#2378,#2379,#2380);
#2378 = CARTESIAN_POINT('',(3.037448103155,-2.191703279371,12.));
#2379 = DIRECTION('',(0.9607668296,0.277357349172,0.));
#2380 = DIRECTION('',(0.277357349172,-0.9607668296,0.));
#2381 = ADVANCED_FACE('',(#2382),#2401,.T.);
#2382 = FACE_BOUND('',#2383,.F.);
#2383 = EDGE_LOOP('',(#2384,#2385,#2386,#2394));
#2384 = ORIENTED_EDGE('',*,*,#2371,.T.);
#2385 = ORIENTED_EDGE('',*,*,#371,.F.);
#2386 = ORIENTED_EDGE('',*,*,#2387,.F.);
#2387 = EDGE_CURVE('',#2388,#363,#2390,.T.);
#2388 = VERTEX_POINT('',#2389);
#2389 = CARTESIAN_POINT('',(2.853638162531,-2.802989339499,13.7));
#2390 = LINE('',#2391,#2392);
#2391 = CARTESIAN_POINT('',(2.853638162531,-2.802989339499,12.));
#2392 = VECTOR('',#2393,1.);
#2393 = DIRECTION('',(-0.,-0.,-1.));
#2394 = ORIENTED_EDGE('',*,*,#2395,.T.);
#2395 = EDGE_CURVE('',#2388,#2363,#2396,.T.);
#2396 = CIRCLE('',#2397,4.);
#2397 = AXIS2_PLACEMENT_3D('',#2398,#2399,#2400);
#2398 = CARTESIAN_POINT('',(0.,0.,13.7));
#2399 = DIRECTION('',(-0.,0.,1.));
#2400 = DIRECTION('',(0.125,-0.992156741649,0.));
#2401 = CYLINDRICAL_SURFACE('',#2402,4.);
#2402 = AXIS2_PLACEMENT_3D('',#2403,#2404,#2405);
#2403 = CARTESIAN_POINT('',(0.,0.,12.));
#2404 = DIRECTION('',(-0.,-0.,-1.));
#2405 = DIRECTION('',(1.,0.,0.));
#2406 = ADVANCED_FACE('',(#2407),#2426,.T.);
#2407 = FACE_BOUND('',#2408,.T.);
#2408 = EDGE_LOOP('',(#2409,#2417,#2418,#2419));
#2409 = ORIENTED_EDGE('',*,*,#2410,.F.);
#2410 = EDGE_CURVE('',#354,#2411,#2413,.T.);
#2411 = VERTEX_POINT('',#2412);
#2412 = CARTESIAN_POINT('',(2.51539183987,-2.775330275135,
    13.954381994361));
#2413 = LINE('',#2414,#2415);
#2414 = CARTESIAN_POINT('',(2.51539183987,-2.775330275135,12.));
#2415 = VECTOR('',#2416,1.);
#2416 = DIRECTION('',(0.,0.,1.));
#2417 = ORIENTED_EDGE('',*,*,#362,.F.);
#2418 = ORIENTED_EDGE('',*,*,#2387,.F.);
#2419 = ORIENTED_EDGE('',*,*,#2420,.F.);
#2420 = EDGE_CURVE('',#2411,#2388,#2421,.T.);
#2421 = HYPERBOLA('',#2422,2.561093451377,2.561093451377);
#2422 = AXIS2_PLACEMENT_3D('',#2423,#2424,#2425);
#2423 = CARTESIAN_POINT('',(-0.208728941868,-2.552573582781,17.7));
#2424 = DIRECTION('',(-8.149993189645E-02,-0.996673347241,-0.));
#2425 = DIRECTION('',(0.,0.,-1.));
#2426 = PLANE('',#2427);
#2427 = AXIS2_PLACEMENT_3D('',#2428,#2429,#2430);
#2428 = CARTESIAN_POINT('',(2.914086719918,-2.807932336444,12.));
#2429 = DIRECTION('',(-8.149993189645E-02,-0.996673347241,0.));
#2430 = DIRECTION('',(-0.996673347241,8.149993189645E-02,0.));
#2431 = ADVANCED_FACE('',(#2432),#2451,.T.);
#2432 = FACE_BOUND('',#2433,.T.);
#2433 = EDGE_LOOP('',(#2434,#2435,#2436,#2445));
#2434 = ORIENTED_EDGE('',*,*,#353,.F.);
#2435 = ORIENTED_EDGE('',*,*,#2410,.T.);
#2436 = ORIENTED_EDGE('',*,*,#2437,.F.);
#2437 = EDGE_CURVE('',#2438,#2411,#2440,.T.);
#2438 = VERTEX_POINT('',#2439);
#2439 = CARTESIAN_POINT('',(2.538078405055,-3.091627081295,13.7));
#2440 = HYPERBOLA('',#2441,2.310394372407,2.310394372407);
#2441 = AXIS2_PLACEMENT_3D('',#2442,#2443,#2444);
#2442 = CARTESIAN_POINT('',(2.304474228646,0.165289701909,17.7));
#2443 = DIRECTION('',(0.997437604665,7.154176961438E-02,0.));
#2444 = DIRECTION('',(0.,0.,-1.));
#2445 = ORIENTED_EDGE('',*,*,#2446,.T.);
#2446 = EDGE_CURVE('',#2438,#345,#2447,.T.);
#2447 = LINE('',#2448,#2449);
#2448 = CARTESIAN_POINT('',(2.538078405055,-3.091627081295,12.));
#2449 = VECTOR('',#2450,1.);
#2450 = DIRECTION('',(-0.,-0.,-1.));
#2451 = PLANE('',#2452);
#2452 = AXIS2_PLACEMENT_3D('',#2453,#2454,#2455);
#2453 = CARTESIAN_POINT('',(2.51539183987,-2.775330275135,12.));
#2454 = DIRECTION('',(0.997437604665,7.154176961438E-02,0.));
#2455 = DIRECTION('',(7.154176961438E-02,-0.997437604665,0.));
#2456 = ADVANCED_FACE('',(#2457),#2476,.T.);
#2457 = FACE_BOUND('',#2458,.F.);
#2458 = EDGE_LOOP('',(#2459,#2460,#2461,#2469));
#2459 = ORIENTED_EDGE('',*,*,#2446,.T.);
#2460 = ORIENTED_EDGE('',*,*,#344,.F.);
#2461 = ORIENTED_EDGE('',*,*,#2462,.F.);
#2462 = EDGE_CURVE('',#2463,#336,#2465,.T.);
#2463 = VERTEX_POINT('',#2464);
#2464 = CARTESIAN_POINT('',(2.208505069123,-3.335042032668,13.7));
#2465 = LINE('',#2466,#2467);
#2466 = CARTESIAN_POINT('',(2.208505069123,-3.335042032668,12.));
#2467 = VECTOR('',#2468,1.);
#2468 = DIRECTION('',(-0.,-0.,-1.));
#2469 = ORIENTED_EDGE('',*,*,#2470,.T.);
#2470 = EDGE_CURVE('',#2463,#2438,#2471,.T.);
#2471 = CIRCLE('',#2472,4.);
#2472 = AXIS2_PLACEMENT_3D('',#2473,#2474,#2475);
#2473 = CARTESIAN_POINT('',(0.,0.,13.7));
#2474 = DIRECTION('',(-0.,0.,1.));
#2475 = DIRECTION('',(0.125,-0.992156741649,0.));
#2476 = CYLINDRICAL_SURFACE('',#2477,4.);
#2477 = AXIS2_PLACEMENT_3D('',#2478,#2479,#2480);
#2478 = CARTESIAN_POINT('',(0.,0.,12.));
#2479 = DIRECTION('',(-0.,-0.,-1.));
#2480 = DIRECTION('',(1.,0.,0.));
#2481 = ADVANCED_FACE('',(#2482),#2501,.T.);
#2482 = FACE_BOUND('',#2483,.T.);
#2483 = EDGE_LOOP('',(#2484,#2492,#2493,#2494));
#2484 = ORIENTED_EDGE('',*,*,#2485,.F.);
#2485 = EDGE_CURVE('',#327,#2486,#2488,.T.);
#2486 = VERTEX_POINT('',#2487);
#2487 = CARTESIAN_POINT('',(1.883400882993,-3.237662020364,
    13.954381994361));
#2488 = LINE('',#2489,#2490);
#2489 = CARTESIAN_POINT('',(1.883400882993,-3.237662020364,12.));
#2490 = VECTOR('',#2491,1.);
#2491 = DIRECTION('',(0.,0.,1.));
#2492 = ORIENTED_EDGE('',*,*,#335,.F.);
#2493 = ORIENTED_EDGE('',*,*,#2462,.F.);
#2494 = ORIENTED_EDGE('',*,*,#2495,.F.);
#2495 = EDGE_CURVE('',#2486,#2463,#2496,.T.);
#2496 = HYPERBOLA('',#2497,2.561093451377,2.561093451377);
#2497 = AXIS2_PLACEMENT_3D('',#2498,#2499,#2500);
#2498 = CARTESIAN_POINT('',(-0.734877603224,-2.453396538467,17.7));
#2499 = DIRECTION('',(-0.286939003662,-0.957948854677,-0.));
#2500 = DIRECTION('',(0.,0.,-1.));
#2501 = PLANE('',#2502);
#2502 = AXIS2_PLACEMENT_3D('',#2503,#2504,#2505);
#2503 = CARTESIAN_POINT('',(2.266604973646,-3.352444975043,12.));
#2504 = DIRECTION('',(-0.286939003662,-0.957948854677,0.));
#2505 = DIRECTION('',(-0.957948854677,0.286939003662,0.));
#2506 = ADVANCED_FACE('',(#2507),#2526,.T.);
#2507 = FACE_BOUND('',#2508,.T.);
#2508 = EDGE_LOOP('',(#2509,#2510,#2511,#2520));
#2509 = ORIENTED_EDGE('',*,*,#326,.F.);
#2510 = ORIENTED_EDGE('',*,*,#2485,.T.);
#2511 = ORIENTED_EDGE('',*,*,#2512,.F.);
#2512 = EDGE_CURVE('',#2513,#2486,#2515,.T.);
#2513 = VERTEX_POINT('',#2514);
#2514 = CARTESIAN_POINT('',(1.839829888529,-3.551763784555,13.7));
#2515 = HYPERBOLA('',#2516,2.310394372407,2.310394372407);
#2516 = AXIS2_PLACEMENT_3D('',#2517,#2518,#2519);
#2517 = CARTESIAN_POINT('',(2.288481599102,-0.317449407975,17.7));
#2518 = DIRECTION('',(0.99051557017,-0.137400528571,0.));
#2519 = DIRECTION('',(0.,0.,-1.));
#2520 = ORIENTED_EDGE('',*,*,#2521,.T.);
#2521 = EDGE_CURVE('',#2513,#318,#2522,.T.);
#2522 = LINE('',#2523,#2524);
#2523 = CARTESIAN_POINT('',(1.839829888529,-3.551763784555,12.));
#2524 = VECTOR('',#2525,1.);
#2525 = DIRECTION('',(-0.,-0.,-1.));
#2526 = PLANE('',#2527);
#2527 = AXIS2_PLACEMENT_3D('',#2528,#2529,#2530);
#2528 = CARTESIAN_POINT('',(1.883400882993,-3.237662020364,12.));
#2529 = DIRECTION('',(0.99051557017,-0.137400528571,0.));
#2530 = DIRECTION('',(-0.137400528571,-0.99051557017,0.));
#2531 = ADVANCED_FACE('',(#2532),#2551,.T.);
#2532 = FACE_BOUND('',#2533,.F.);
#2533 = EDGE_LOOP('',(#2534,#2535,#2536,#2544));
#2534 = ORIENTED_EDGE('',*,*,#2521,.T.);
#2535 = ORIENTED_EDGE('',*,*,#317,.F.);
#2536 = ORIENTED_EDGE('',*,*,#2537,.F.);
#2537 = EDGE_CURVE('',#2538,#309,#2540,.T.);
#2538 = VERTEX_POINT('',#2539);
#2539 = CARTESIAN_POINT('',(1.466849706611,-3.721337385701,13.7));
#2540 = LINE('',#2541,#2542);
#2541 = CARTESIAN_POINT('',(1.466849706611,-3.721337385701,12.));
#2542 = VECTOR('',#2543,1.);
#2543 = DIRECTION('',(-0.,-0.,-1.));
#2544 = ORIENTED_EDGE('',*,*,#2545,.T.);
#2545 = EDGE_CURVE('',#2538,#2513,#2546,.T.);
#2546 = CIRCLE('',#2547,4.);
#2547 = AXIS2_PLACEMENT_3D('',#2548,#2549,#2550);
#2548 = CARTESIAN_POINT('',(0.,0.,13.7));
#2549 = DIRECTION('',(-0.,0.,1.));
#2550 = DIRECTION('',(0.125,-0.992156741649,0.));
#2551 = CYLINDRICAL_SURFACE('',#2552,4.);
#2552 = AXIS2_PLACEMENT_3D('',#2553,#2554,#2555);
#2553 = CARTESIAN_POINT('',(0.,0.,12.));
#2554 = DIRECTION('',(-0.,-0.,-1.));
#2555 = DIRECTION('',(1.,0.,0.));
#2556 = ADVANCED_FACE('',(#2557),#2576,.T.);
#2557 = FACE_BOUND('',#2558,.T.);
#2558 = EDGE_LOOP('',(#2559,#2567,#2568,#2569));
#2559 = ORIENTED_EDGE('',*,*,#2560,.F.);
#2560 = EDGE_CURVE('',#300,#2561,#2563,.T.);
#2561 = VERTEX_POINT('',#2562);
#2562 = CARTESIAN_POINT('',(1.169096269969,-3.558492399277,
    13.954381994361));
#2563 = LINE('',#2564,#2565);
#2564 = CARTESIAN_POINT('',(1.169096269969,-3.558492399277,12.));
#2565 = VECTOR('',#2566,1.);
#2566 = DIRECTION('',(0.,0.,1.));
#2567 = ORIENTED_EDGE('',*,*,#308,.F.);
#2568 = ORIENTED_EDGE('',*,*,#2537,.F.);
#2569 = ORIENTED_EDGE('',*,*,#2570,.F.);
#2570 = EDGE_CURVE('',#2561,#2538,#2571,.T.);
#2571 = HYPERBOLA('',#2572,2.561093451377,2.561093451377);
#2572 = AXIS2_PLACEMENT_3D('',#2573,#2574,#2575);
#2573 = CARTESIAN_POINT('',(-1.228908586986,-2.24699429272,17.7));
#2574 = DIRECTION('',(-0.479837464082,-0.877357400415,-0.));
#2575 = DIRECTION('',(0.,0.,-1.));
#2576 = PLANE('',#2577);
#2577 = AXIS2_PLACEMENT_3D('',#2578,#2579,#2580);
#2578 = CARTESIAN_POINT('',(1.520061713648,-3.750439681417,12.));
#2579 = DIRECTION('',(-0.479837464082,-0.877357400415,0.));
#2580 = DIRECTION('',(-0.877357400415,0.479837464082,0.));
#2581 = ADVANCED_FACE('',(#2582),#2601,.T.);
#2582 = FACE_BOUND('',#2583,.T.);
#2583 = EDGE_LOOP('',(#2584,#2585,#2586,#2595));
#2584 = ORIENTED_EDGE('',*,*,#299,.F.);
#2585 = ORIENTED_EDGE('',*,*,#2560,.T.);
#2586 = ORIENTED_EDGE('',*,*,#2587,.F.);
#2587 = EDGE_CURVE('',#2588,#2561,#2590,.T.);
#2588 = VERTEX_POINT('',#2589);
#2589 = CARTESIAN_POINT('',(1.061171977391,-3.856671367177,13.7));
#2590 = HYPERBOLA('',#2591,2.310394372407,2.310394372407);
#2591 = AXIS2_PLACEMENT_3D('',#2592,#2593,#2594);
#2592 = CARTESIAN_POINT('',(2.172471342323,-0.78631445544,17.7));
#2593 = DIRECTION('',(0.940303252237,-0.340337764336,0.));
#2594 = DIRECTION('',(0.,0.,-1.));
#2595 = ORIENTED_EDGE('',*,*,#2596,.T.);
#2596 = EDGE_CURVE('',#2588,#291,#2597,.T.);
#2597 = LINE('',#2598,#2599);
#2598 = CARTESIAN_POINT('',(1.061171977391,-3.856671367177,12.));
#2599 = VECTOR('',#2600,1.);
#2600 = DIRECTION('',(-0.,-0.,-1.));
#2601 = PLANE('',#2602);
#2602 = AXIS2_PLACEMENT_3D('',#2603,#2604,#2605);
#2603 = CARTESIAN_POINT('',(1.169096269969,-3.558492399277,12.));
#2604 = DIRECTION('',(0.940303252237,-0.340337764336,0.));
#2605 = DIRECTION('',(-0.340337764336,-0.940303252237,0.));
#2606 = ADVANCED_FACE('',(#2607),#2626,.T.);
#2607 = FACE_BOUND('',#2608,.F.);
#2608 = EDGE_LOOP('',(#2609,#2610,#2611,#2619));
#2609 = ORIENTED_EDGE('',*,*,#2596,.T.);
#2610 = ORIENTED_EDGE('',*,*,#290,.F.);
#2611 = ORIENTED_EDGE('',*,*,#2612,.F.);
#2612 = EDGE_CURVE('',#2613,#282,#2615,.T.);
#2613 = VERTEX_POINT('',#2614);
#2614 = CARTESIAN_POINT('',(0.661085973194,-3.944992438021,13.7));
#2615 = LINE('',#2616,#2617);
#2616 = CARTESIAN_POINT('',(0.661085973194,-3.944992438021,12.));
#2617 = VECTOR('',#2618,1.);
#2618 = DIRECTION('',(-0.,-0.,-1.));
#2619 = ORIENTED_EDGE('',*,*,#2620,.T.);
#2620 = EDGE_CURVE('',#2613,#2588,#2621,.T.);
#2621 = CIRCLE('',#2622,4.);
#2622 = AXIS2_PLACEMENT_3D('',#2623,#2624,#2625);
#2623 = CARTESIAN_POINT('',(0.,0.,13.7));
#2624 = DIRECTION('',(-0.,0.,1.));
#2625 = DIRECTION('',(0.125,-0.992156741649,0.));
#2626 = CYLINDRICAL_SURFACE('',#2627,4.);
#2627 = AXIS2_PLACEMENT_3D('',#2628,#2629,#2630);
#2628 = CARTESIAN_POINT('',(0.,0.,12.));
#2629 = DIRECTION('',(-0.,-0.,-1.));
#2630 = DIRECTION('',(1.,0.,0.));
#2631 = ADVANCED_FACE('',(#2632),#2667,.T.);
#2632 = FACE_BOUND('',#2633,.T.);
#2633 = EDGE_LOOP('',(#2634,#2642,#2643,#2644,#2653,#2661));
#2634 = ORIENTED_EDGE('',*,*,#2635,.F.);
#2635 = EDGE_CURVE('',#273,#2636,#2638,.T.);
#2636 = VERTEX_POINT('',#2637);
#2637 = CARTESIAN_POINT('',(0.403696540001,-3.7237995848,13.4));
#2638 = LINE('',#2639,#2640);
#2639 = CARTESIAN_POINT('',(0.403696540001,-3.7237995848,12.));
#2640 = VECTOR('',#2641,1.);
#2641 = DIRECTION('',(0.,0.,1.));
#2642 = ORIENTED_EDGE('',*,*,#281,.F.);
#2643 = ORIENTED_EDGE('',*,*,#2612,.F.);
#2644 = ORIENTED_EDGE('',*,*,#2645,.F.);
#2645 = EDGE_CURVE('',#2646,#2613,#2648,.T.);
#2646 = VERTEX_POINT('',#2647);
#2647 = CARTESIAN_POINT('',(0.5,-3.806559925145,13.860742459313));
#2648 = HYPERBOLA('',#2649,2.561093451377,2.561093451377);
#2649 = AXIS2_PLACEMENT_3D('',#2650,#2651,#2652);
#2650 = CARTESIAN_POINT('',(-1.669230368539,-1.942387614106,17.7));
#2651 = DIRECTION('',(-0.651764724806,-0.758421217727,-0.));
#2652 = DIRECTION('',(0.,0.,-1.));
#2653 = ORIENTED_EDGE('',*,*,#2654,.F.);
#2654 = EDGE_CURVE('',#2655,#2646,#2657,.T.);
#2655 = VERTEX_POINT('',#2656);
#2656 = CARTESIAN_POINT('',(0.5,-3.806559925145,13.4));
#2657 = LINE('',#2658,#2659);
#2658 = CARTESIAN_POINT('',(0.5,-3.806559925145,13.));
#2659 = VECTOR('',#2660,1.);
#2660 = DIRECTION('',(0.,0.,1.));
#2661 = ORIENTED_EDGE('',*,*,#2662,.T.);
#2662 = EDGE_CURVE('',#2655,#2636,#2663,.T.);
#2663 = LINE('',#2664,#2665);
#2664 = CARTESIAN_POINT('',(-0.48107295292,-2.963454895607,13.4));
#2665 = VECTOR('',#2666,1.);
#2666 = DIRECTION('',(-0.758421217727,0.651764724806,0.));
#2667 = PLANE('',#2668);
#2668 = AXIS2_PLACEMENT_3D('',#2669,#2670,#2671);
#2669 = CARTESIAN_POINT('',(0.707084462699,-3.984522177107,12.));
#2670 = DIRECTION('',(-0.651764724806,-0.758421217727,0.));
#2671 = DIRECTION('',(-0.758421217727,0.651764724806,0.));
#2672 = ADVANCED_FACE('',(#2673),#2691,.T.);
#2673 = FACE_BOUND('',#2674,.T.);
#2674 = EDGE_LOOP('',(#2675,#2676,#2677,#2685));
#2675 = ORIENTED_EDGE('',*,*,#272,.F.);
#2676 = ORIENTED_EDGE('',*,*,#2635,.T.);
#2677 = ORIENTED_EDGE('',*,*,#2678,.T.);
#2678 = EDGE_CURVE('',#2636,#2679,#2681,.T.);
#2679 = VERTEX_POINT('',#2680);
#2680 = CARTESIAN_POINT('',(0.236135758772,-3.99302390469,13.4));
#2681 = LINE('',#2682,#2683);
#2682 = CARTESIAN_POINT('',(1.182605101607,-2.472306686423,13.4));
#2683 = VECTOR('',#2684,1.);
#2684 = DIRECTION('',(-0.528400606679,-0.848995170105,0.));
#2685 = ORIENTED_EDGE('',*,*,#2686,.T.);
#2686 = EDGE_CURVE('',#2679,#264,#2687,.T.);
#2687 = LINE('',#2688,#2689);
#2688 = CARTESIAN_POINT('',(0.236135758772,-3.99302390469,12.));
#2689 = VECTOR('',#2690,1.);
#2690 = DIRECTION('',(-0.,-0.,-1.));
#2691 = PLANE('',#2692);
#2692 = AXIS2_PLACEMENT_3D('',#2693,#2694,#2695);
#2693 = CARTESIAN_POINT('',(0.403696540001,-3.7237995848,12.));
#2694 = DIRECTION('',(0.848995170105,-0.528400606679,0.));
#2695 = DIRECTION('',(-0.528400606679,-0.848995170105,0.));
#2696 = ADVANCED_FACE('',(#2697),#2716,.T.);
#2697 = FACE_BOUND('',#2698,.F.);
#2698 = EDGE_LOOP('',(#2699,#2700,#2701,#2709));
#2699 = ORIENTED_EDGE('',*,*,#2686,.T.);
#2700 = ORIENTED_EDGE('',*,*,#263,.F.);
#2701 = ORIENTED_EDGE('',*,*,#2702,.F.);
#2702 = EDGE_CURVE('',#2703,#255,#2705,.T.);
#2703 = VERTEX_POINT('',#2704);
#2704 = CARTESIAN_POINT('',(-0.173570389494,-3.996232390626,13.4));
#2705 = LINE('',#2706,#2707);
#2706 = CARTESIAN_POINT('',(-0.173570389494,-3.996232390626,12.));
#2707 = VECTOR('',#2708,1.);
#2708 = DIRECTION('',(-0.,-0.,-1.));
#2709 = ORIENTED_EDGE('',*,*,#2710,.F.);
#2710 = EDGE_CURVE('',#2679,#2703,#2711,.T.);
#2711 = CIRCLE('',#2712,4.);
#2712 = AXIS2_PLACEMENT_3D('',#2713,#2714,#2715);
#2713 = CARTESIAN_POINT('',(0.,0.,13.4));
#2714 = DIRECTION('',(0.,0.,-1.));
#2715 = DIRECTION('',(1.,0.,0.));
#2716 = CYLINDRICAL_SURFACE('',#2717,4.);
#2717 = AXIS2_PLACEMENT_3D('',#2718,#2719,#2720);
#2718 = CARTESIAN_POINT('',(0.,0.,12.));
#2719 = DIRECTION('',(-0.,-0.,-1.));
#2720 = DIRECTION('',(1.,0.,0.));
#2721 = ADVANCED_FACE('',(#2722),#2740,.T.);
#2722 = FACE_BOUND('',#2723,.T.);
#2723 = EDGE_LOOP('',(#2724,#2732,#2733,#2734));
#2724 = ORIENTED_EDGE('',*,*,#2725,.F.);
#2725 = EDGE_CURVE('',#246,#2726,#2728,.T.);
#2726 = VERTEX_POINT('',#2727);
#2727 = CARTESIAN_POINT('',(-0.379346665915,-3.726358859695,13.4));
#2728 = LINE('',#2729,#2730);
#2729 = CARTESIAN_POINT('',(-0.379346665915,-3.726358859695,12.));
#2730 = VECTOR('',#2731,1.);
#2731 = DIRECTION('',(0.,0.,1.));
#2732 = ORIENTED_EDGE('',*,*,#254,.F.);
#2733 = ORIENTED_EDGE('',*,*,#2702,.F.);
#2734 = ORIENTED_EDGE('',*,*,#2735,.T.);
#2735 = EDGE_CURVE('',#2703,#2726,#2736,.T.);
#2736 = LINE('',#2737,#2738);
#2737 = CARTESIAN_POINT('',(-1.086697272684,-2.798675604972,13.4));
#2738 = VECTOR('',#2739,1.);
#2739 = DIRECTION('',(-0.606338388516,0.795206739542,0.));
#2740 = PLANE('',#2741);
#2741 = AXIS2_PLACEMENT_3D('',#2742,#2743,#2744);
#2742 = CARTESIAN_POINT('',(-0.136795772238,-4.044461933799,12.));
#2743 = DIRECTION('',(-0.795206739542,-0.606338388516,0.));
#2744 = DIRECTION('',(-0.606338388516,0.795206739542,0.));
#2745 = ADVANCED_FACE('',(#2746),#2781,.T.);
#2746 = FACE_BOUND('',#2747,.T.);
#2747 = EDGE_LOOP('',(#2748,#2749,#2750,#2758,#2766,#2775));
#2748 = ORIENTED_EDGE('',*,*,#245,.F.);
#2749 = ORIENTED_EDGE('',*,*,#2725,.T.);
#2750 = ORIENTED_EDGE('',*,*,#2751,.T.);
#2751 = EDGE_CURVE('',#2726,#2752,#2754,.T.);
#2752 = VERTEX_POINT('',#2753);
#2753 = CARTESIAN_POINT('',(-0.5,-3.851747376577,13.4));
#2754 = LINE('',#2755,#2756);
#2755 = CARTESIAN_POINT('',(0.642740879358,-2.664158279848,13.4));
#2756 = VECTOR('',#2757,1.);
#2757 = DIRECTION('',(-0.693369806962,-0.720581925109,0.));
#2758 = ORIENTED_EDGE('',*,*,#2759,.F.);
#2759 = EDGE_CURVE('',#2760,#2752,#2762,.T.);
#2760 = VERTEX_POINT('',#2761);
#2761 = CARTESIAN_POINT('',(-0.5,-3.851747376577,13.815935395367));
#2762 = LINE('',#2763,#2764);
#2763 = CARTESIAN_POINT('',(-0.5,-3.851747376577,13.));
#2764 = VECTOR('',#2765,1.);
#2765 = DIRECTION('',(0.,0.,-1.));
#2766 = ORIENTED_EDGE('',*,*,#2767,.F.);
#2767 = EDGE_CURVE('',#2768,#2760,#2770,.T.);
#2768 = VERTEX_POINT('',#2769);
#2769 = CARTESIAN_POINT('',(-0.599220725609,-3.954862136915,13.7));
#2770 = HYPERBOLA('',#2771,2.310394372407,2.310394372407);
#2771 = AXIS2_PLACEMENT_3D('',#2772,#2773,#2774);
#2772 = CARTESIAN_POINT('',(1.664828424631,-1.601957700001,17.7));
#2773 = DIRECTION('',(0.720581925109,-0.693369806962,0.));
#2774 = DIRECTION('',(0.,0.,-1.));
#2775 = ORIENTED_EDGE('',*,*,#2776,.T.);
#2776 = EDGE_CURVE('',#2768,#237,#2777,.T.);
#2777 = LINE('',#2778,#2779);
#2778 = CARTESIAN_POINT('',(-0.599220725609,-3.954862136915,12.));
#2779 = VECTOR('',#2780,1.);
#2780 = DIRECTION('',(-0.,-0.,-1.));
#2781 = PLANE('',#2782);
#2782 = AXIS2_PLACEMENT_3D('',#2783,#2784,#2785);
#2783 = CARTESIAN_POINT('',(-0.379346665915,-3.726358859695,12.));
#2784 = DIRECTION('',(0.720581925109,-0.693369806962,0.));
#2785 = DIRECTION('',(-0.693369806962,-0.720581925109,0.));
#2786 = ADVANCED_FACE('',(#2787),#2806,.T.);
#2787 = FACE_BOUND('',#2788,.F.);
#2788 = EDGE_LOOP('',(#2789,#2790,#2791,#2799));
#2789 = ORIENTED_EDGE('',*,*,#2776,.T.);
#2790 = ORIENTED_EDGE('',*,*,#236,.F.);
#2791 = ORIENTED_EDGE('',*,*,#2792,.F.);
#2792 = EDGE_CURVE('',#2793,#228,#2795,.T.);
#2793 = VERTEX_POINT('',#2794);
#2794 = CARTESIAN_POINT('',(-1.000640893278,-3.87281781171,13.7));
#2795 = LINE('',#2796,#2797);
#2796 = CARTESIAN_POINT('',(-1.000640893278,-3.87281781171,12.));
#2797 = VECTOR('',#2798,1.);
#2798 = DIRECTION('',(-0.,-0.,-1.));
#2799 = ORIENTED_EDGE('',*,*,#2800,.T.);
#2800 = EDGE_CURVE('',#2793,#2768,#2801,.T.);
#2801 = CIRCLE('',#2802,4.);
#2802 = AXIS2_PLACEMENT_3D('',#2803,#2804,#2805);
#2803 = CARTESIAN_POINT('',(0.,0.,13.7));
#2804 = DIRECTION('',(0.,0.,1.));
#2805 = DIRECTION('',(-0.125,0.992156741649,0.));
#2806 = CYLINDRICAL_SURFACE('',#2807,4.);
#2807 = AXIS2_PLACEMENT_3D('',#2808,#2809,#2810);
#2808 = CARTESIAN_POINT('',(0.,0.,12.));
#2809 = DIRECTION('',(-0.,-0.,-1.));
#2810 = DIRECTION('',(1.,0.,0.));
#2811 = ADVANCED_FACE('',(#2812),#2831,.T.);
#2812 = FACE_BOUND('',#2813,.T.);
#2813 = EDGE_LOOP('',(#2814,#2822,#2823,#2824));
#2814 = ORIENTED_EDGE('',*,*,#2815,.F.);
#2815 = EDGE_CURVE('',#219,#2816,#2818,.T.);
#2816 = VERTEX_POINT('',#2817);
#2817 = CARTESIAN_POINT('',(-1.145810602224,-3.566058371367,
    13.954381994361));
#2818 = LINE('',#2819,#2820);
#2819 = CARTESIAN_POINT('',(-1.145810602224,-3.566058371367,12.));
#2820 = VECTOR('',#2821,1.);
#2821 = DIRECTION('',(0.,0.,1.));
#2822 = ORIENTED_EDGE('',*,*,#227,.F.);
#2823 = ORIENTED_EDGE('',*,*,#2792,.F.);
#2824 = ORIENTED_EDGE('',*,*,#2825,.F.);
#2825 = EDGE_CURVE('',#2816,#2793,#2826,.T.);
#2826 = HYPERBOLA('',#2827,2.561093451377,2.561093451377);
#2827 = AXIS2_PLACEMENT_3D('',#2828,#2829,#2830);
#2828 = CARTESIAN_POINT('',(-2.314958038651,-1.095522225228,17.7));
#2829 = DIRECTION('',(-0.903894403934,-0.427755662192,-0.));
#2830 = DIRECTION('',(0.,0.,-1.));
#2831 = PLANE('',#2832);
#2832 = AXIS2_PLACEMENT_3D('',#2833,#2834,#2835);
#2833 = CARTESIAN_POINT('',(-0.974697375509,-3.927639296502,12.));
#2834 = DIRECTION('',(-0.903894403934,-0.427755662192,0.));
#2835 = DIRECTION('',(-0.427755662192,0.903894403934,0.));
#2836 = ADVANCED_FACE('',(#2837),#2856,.T.);
#2837 = FACE_BOUND('',#2838,.T.);
#2838 = EDGE_LOOP('',(#2839,#2840,#2841,#2850));
#2839 = ORIENTED_EDGE('',*,*,#218,.F.);
#2840 = ORIENTED_EDGE('',*,*,#2815,.T.);
#2841 = ORIENTED_EDGE('',*,*,#2842,.F.);
#2842 = EDGE_CURVE('',#2843,#2816,#2845,.T.);
#2843 = VERTEX_POINT('',#2844);
#2844 = CARTESIAN_POINT('',(-1.408388388902,-3.743853916221,13.7));
#2845 = HYPERBOLA('',#2846,2.310394372407,2.310394372407);
#2846 = AXIS2_PLACEMENT_3D('',#2847,#2848,#2849);
#2847 = CARTESIAN_POINT('',(1.29538219516,-1.913088373419,17.7));
#2848 = DIRECTION('',(0.56067579225,-0.828035419523,0.));
#2849 = DIRECTION('',(0.,0.,-1.));
#2850 = ORIENTED_EDGE('',*,*,#2851,.T.);
#2851 = EDGE_CURVE('',#2843,#210,#2852,.T.);
#2852 = LINE('',#2853,#2854);
#2853 = CARTESIAN_POINT('',(-1.408388388902,-3.743853916221,12.));
#2854 = VECTOR('',#2855,1.);
#2855 = DIRECTION('',(-0.,-0.,-1.));
#2856 = PLANE('',#2857);
#2857 = AXIS2_PLACEMENT_3D('',#2858,#2859,#2860);
#2858 = CARTESIAN_POINT('',(-1.145810602224,-3.566058371367,12.));
#2859 = DIRECTION('',(0.56067579225,-0.828035419523,0.));
#2860 = DIRECTION('',(-0.828035419523,-0.56067579225,0.));
#2861 = ADVANCED_FACE('',(#2862),#2881,.T.);
#2862 = FACE_BOUND('',#2863,.F.);
#2863 = EDGE_LOOP('',(#2864,#2865,#2866,#2874));
#2864 = ORIENTED_EDGE('',*,*,#2851,.T.);
#2865 = ORIENTED_EDGE('',*,*,#209,.F.);
#2866 = ORIENTED_EDGE('',*,*,#2867,.F.);
#2867 = EDGE_CURVE('',#2868,#201,#2870,.T.);
#2868 = VERTEX_POINT('',#2869);
#2869 = CARTESIAN_POINT('',(-1.783978588418,-3.580142510581,13.7));
#2870 = LINE('',#2871,#2872);
#2871 = CARTESIAN_POINT('',(-1.783978588418,-3.580142510581,12.));
#2872 = VECTOR('',#2873,1.);
#2873 = DIRECTION('',(-0.,-0.,-1.));
#2874 = ORIENTED_EDGE('',*,*,#2875,.T.);
#2875 = EDGE_CURVE('',#2868,#2843,#2876,.T.);
#2876 = CIRCLE('',#2877,4.);
#2877 = AXIS2_PLACEMENT_3D('',#2878,#2879,#2880);
#2878 = CARTESIAN_POINT('',(0.,0.,13.7));
#2879 = DIRECTION('',(0.,0.,1.));
#2880 = DIRECTION('',(-0.125,0.992156741649,0.));
#2881 = CYLINDRICAL_SURFACE('',#2882,4.);
#2882 = AXIS2_PLACEMENT_3D('',#2883,#2884,#2885);
#2883 = CARTESIAN_POINT('',(0.,0.,12.));
#2884 = DIRECTION('',(-0.,-0.,-1.));
#2885 = DIRECTION('',(1.,0.,0.));
#2886 = ADVANCED_FACE('',(#2887),#2906,.T.);
#2887 = FACE_BOUND('',#2888,.T.);
#2888 = EDGE_LOOP('',(#2889,#2897,#2898,#2899));
#2889 = ORIENTED_EDGE('',*,*,#2890,.F.);
#2890 = EDGE_CURVE('',#192,#2891,#2893,.T.);
#2891 = VERTEX_POINT('',#2892);
#2892 = CARTESIAN_POINT('',(-1.862197117007,-3.249904020364,
    13.954381994361));
#2893 = LINE('',#2894,#2895);
#2894 = CARTESIAN_POINT('',(-1.862197117007,-3.249904020364,12.));
#2895 = VECTOR('',#2896,1.);
#2896 = DIRECTION('',(0.,0.,1.));
#2897 = ORIENTED_EDGE('',*,*,#200,.F.);
#2898 = ORIENTED_EDGE('',*,*,#2867,.F.);
#2899 = ORIENTED_EDGE('',*,*,#2900,.F.);
#2900 = EDGE_CURVE('',#2891,#2868,#2901,.T.);
#2901 = HYPERBOLA('',#2902,2.561093451377,2.561093451377);
#2902 = AXIS2_PLACEMENT_3D('',#2903,#2904,#2905);
#2903 = CARTESIAN_POINT('',(-2.492142529482,-0.590275596169,17.7));
#2904 = DIRECTION('',(-0.973077545508,-0.23047796083,-0.));
#2905 = DIRECTION('',(0.,0.,-1.));
#2906 = PLANE('',#2907);
#2907 = AXIS2_PLACEMENT_3D('',#2908,#2909,#2910);
#2908 = CARTESIAN_POINT('',(-1.770000026354,-3.639159975043,12.));
#2909 = DIRECTION('',(-0.973077545508,-0.23047796083,0.));
#2910 = DIRECTION('',(-0.23047796083,0.973077545508,0.));
#2911 = ADVANCED_FACE('',(#2912),#2931,.T.);
#2912 = FACE_BOUND('',#2913,.T.);
#2913 = EDGE_LOOP('',(#2914,#2915,#2916,#2925));
#2914 = ORIENTED_EDGE('',*,*,#191,.F.);
#2915 = ORIENTED_EDGE('',*,*,#2890,.T.);
#2916 = ORIENTED_EDGE('',*,*,#2917,.F.);
#2917 = EDGE_CURVE('',#2918,#2891,#2920,.T.);
#2918 = VERTEX_POINT('',#2919);
#2919 = CARTESIAN_POINT('',(-2.156002721402,-3.369221314385,13.7));
#2920 = HYPERBOLA('',#2921,2.310394372407,2.310394372407);
#2921 = AXIS2_PLACEMENT_3D('',#2922,#2923,#2924);
#2922 = CARTESIAN_POINT('',(0.869321547828,-2.140607904903,17.7));
#2923 = DIRECTION('',(0.376265436849,-0.926511910896,0.));
#2924 = DIRECTION('',(0.,0.,-1.));
#2925 = ORIENTED_EDGE('',*,*,#2926,.T.);
#2926 = EDGE_CURVE('',#2918,#183,#2927,.T.);
#2927 = LINE('',#2928,#2929);
#2928 = CARTESIAN_POINT('',(-2.156002721402,-3.369221314385,12.));
#2929 = VECTOR('',#2930,1.);
#2930 = DIRECTION('',(-0.,-0.,-1.));
#2931 = PLANE('',#2932);
#2932 = AXIS2_PLACEMENT_3D('',#2933,#2934,#2935);
#2933 = CARTESIAN_POINT('',(-1.862197117007,-3.249904020364,12.));
#2934 = DIRECTION('',(0.376265436849,-0.926511910896,0.));
#2935 = DIRECTION('',(-0.926511910896,-0.376265436849,0.));
#2936 = ADVANCED_FACE('',(#2937),#2956,.T.);
#2937 = FACE_BOUND('',#2938,.F.);
#2938 = EDGE_LOOP('',(#2939,#2940,#2941,#2949));
#2939 = ORIENTED_EDGE('',*,*,#2926,.T.);
#2940 = ORIENTED_EDGE('',*,*,#182,.F.);
#2941 = ORIENTED_EDGE('',*,*,#2942,.F.);
#2942 = EDGE_CURVE('',#2943,#174,#2945,.T.);
#2943 = VERTEX_POINT('',#2944);
#2944 = CARTESIAN_POINT('',(-2.489347858765,-3.130997802309,13.7));
#2945 = LINE('',#2946,#2947);
#2946 = CARTESIAN_POINT('',(-2.489347858765,-3.130997802309,12.));
#2947 = VECTOR('',#2948,1.);
#2948 = DIRECTION('',(-0.,-0.,-1.));
#2949 = ORIENTED_EDGE('',*,*,#2950,.T.);
#2950 = EDGE_CURVE('',#2943,#2918,#2951,.T.);
#2951 = CIRCLE('',#2952,4.);
#2952 = AXIS2_PLACEMENT_3D('',#2953,#2954,#2955);
#2953 = CARTESIAN_POINT('',(0.,0.,13.7));
#2954 = DIRECTION('',(0.,0.,1.));
#2955 = DIRECTION('',(-0.125,0.992156741649,0.));
#2956 = CYLINDRICAL_SURFACE('',#2957,4.);
#2957 = AXIS2_PLACEMENT_3D('',#2958,#2959,#2960);
#2958 = CARTESIAN_POINT('',(0.,0.,12.));
#2959 = DIRECTION('',(-0.,-0.,-1.));
#2960 = DIRECTION('',(1.,0.,0.));
#2961 = ADVANCED_FACE('',(#2962),#2981,.T.);
#2962 = FACE_BOUND('',#2963,.T.);
#2963 = EDGE_LOOP('',(#2964,#2972,#2973,#2974));
#2964 = ORIENTED_EDGE('',*,*,#2965,.F.);
#2965 = EDGE_CURVE('',#165,#2966,#2968,.T.);
#2966 = VERTEX_POINT('',#2967);
#2967 = CARTESIAN_POINT('',(-2.497196681963,-2.791713268902,
    13.954381994361));
#2968 = LINE('',#2969,#2970);
#2969 = CARTESIAN_POINT('',(-2.497196681963,-2.791713268902,12.));
#2970 = VECTOR('',#2971,1.);
#2971 = DIRECTION('',(0.,0.,1.));
#2972 = ORIENTED_EDGE('',*,*,#173,.F.);
#2973 = ORIENTED_EDGE('',*,*,#2942,.F.);
#2974 = ORIENTED_EDGE('',*,*,#2975,.F.);
#2975 = EDGE_CURVE('',#2966,#2943,#2976,.T.);
#2976 = HYPERBOLA('',#2977,2.561093451377,2.561093451377);
#2977 = AXIS2_PLACEMENT_3D('',#2978,#2979,#2980);
#2978 = CARTESIAN_POINT('',(-2.560408433147,-5.923109110129E-02,17.7));
#2979 = DIRECTION('',(-0.999732528999,-2.312726662491E-02,-0.));
#2980 = DIRECTION('',(0.,0.,-1.));
#2981 = PLANE('',#2982);
#2982 = AXIS2_PLACEMENT_3D('',#2983,#2984,#2985);
#2983 = CARTESIAN_POINT('',(-2.487945182644,-3.191631900048,12.));
#2984 = DIRECTION('',(-0.999732528999,-2.312726662491E-02,0.));
#2985 = DIRECTION('',(-2.312726662491E-02,0.999732528999,0.));
#2986 = ADVANCED_FACE('',(#2987),#3006,.T.);
#2987 = FACE_BOUND('',#2988,.T.);
#2988 = EDGE_LOOP('',(#2989,#2990,#2991,#3000));
#2989 = ORIENTED_EDGE('',*,*,#164,.F.);
#2990 = ORIENTED_EDGE('',*,*,#2965,.T.);
#2991 = ORIENTED_EDGE('',*,*,#2992,.F.);
#2992 = EDGE_CURVE('',#2993,#2966,#2995,.T.);
#2993 = VERTEX_POINT('',#2994);
#2994 = CARTESIAN_POINT('',(-2.809389389328,-2.847337573793,13.7));
#2995 = HYPERBOLA('',#2996,2.310394372407,2.310394372407);
#2996 = AXIS2_PLACEMENT_3D('',#2997,#2998,#2999);
#2997 = CARTESIAN_POINT('',(0.405267377388,-2.274572599166,17.7));
#2998 = DIRECTION('',(0.175410476336,-0.984495385866,0.));
#2999 = DIRECTION('',(0.,0.,-1.));
#3000 = ORIENTED_EDGE('',*,*,#3001,.T.);
#3001 = EDGE_CURVE('',#2993,#156,#3002,.T.);
#3002 = LINE('',#3003,#3004);
#3003 = CARTESIAN_POINT('',(-2.809389389328,-2.847337573793,12.));
#3004 = VECTOR('',#3005,1.);
#3005 = DIRECTION('',(-0.,-0.,-1.));
#3006 = PLANE('',#3007);
#3007 = AXIS2_PLACEMENT_3D('',#3008,#3009,#3010);
#3008 = CARTESIAN_POINT('',(-2.497196681963,-2.791713268902,12.));
#3009 = DIRECTION('',(0.175410476336,-0.984495385866,0.));
#3010 = DIRECTION('',(-0.984495385866,-0.175410476336,0.));
#3011 = ADVANCED_FACE('',(#3012),#3031,.T.);
#3012 = FACE_BOUND('',#3013,.F.);
#3013 = EDGE_LOOP('',(#3014,#3015,#3016,#3024));
#3014 = ORIENTED_EDGE('',*,*,#3001,.T.);
#3015 = ORIENTED_EDGE('',*,*,#155,.F.);
#3016 = ORIENTED_EDGE('',*,*,#3017,.F.);
#3017 = EDGE_CURVE('',#3018,#147,#3020,.T.);
#3018 = VERTEX_POINT('',#3019);
#3019 = CARTESIAN_POINT('',(-3.085920682467,-2.545013465882,13.7));
#3020 = LINE('',#3021,#3022);
#3021 = CARTESIAN_POINT('',(-3.085920682467,-2.545013465882,12.));
#3022 = VECTOR('',#3023,1.);
#3023 = DIRECTION('',(-0.,-0.,-1.));
#3024 = ORIENTED_EDGE('',*,*,#3025,.T.);
#3025 = EDGE_CURVE('',#3018,#2993,#3026,.T.);
#3026 = CIRCLE('',#3027,4.);
#3027 = AXIS2_PLACEMENT_3D('',#3028,#3029,#3030);
#3028 = CARTESIAN_POINT('',(0.,0.,13.7));
#3029 = DIRECTION('',(0.,0.,1.));
#3030 = DIRECTION('',(-0.125,0.992156741649,0.));
#3031 = CYLINDRICAL_SURFACE('',#3032,4.);
#3032 = AXIS2_PLACEMENT_3D('',#3033,#3034,#3035);
#3033 = CARTESIAN_POINT('',(0.,0.,12.));
#3034 = DIRECTION('',(-0.,-0.,-1.));
#3035 = DIRECTION('',(1.,0.,0.));
#3036 = ADVANCED_FACE('',(#3037),#3056,.T.);
#3037 = FACE_BOUND('',#3038,.T.);
#3038 = EDGE_LOOP('',(#3039,#3047,#3048,#3049));
#3039 = ORIENTED_EDGE('',*,*,#3040,.F.);
#3040 = EDGE_CURVE('',#138,#3041,#3043,.T.);
#3041 = VERTEX_POINT('',#3042);
#3042 = CARTESIAN_POINT('',(-3.023056769038,-2.211511251461,
    13.954381994361));
#3043 = LINE('',#3044,#3045);
#3044 = CARTESIAN_POINT('',(-3.023056769038,-2.211511251461,12.));
#3045 = VECTOR('',#3046,1.);
#3046 = DIRECTION('',(0.,0.,1.));
#3047 = ORIENTED_EDGE('',*,*,#146,.F.);
#3048 = ORIENTED_EDGE('',*,*,#3017,.F.);
#3049 = ORIENTED_EDGE('',*,*,#3050,.F.);
#3050 = EDGE_CURVE('',#3041,#3018,#3051,.T.);
#3051 = HYPERBOLA('',#3052,2.561093451377,2.561093451377);
#3052 = AXIS2_PLACEMENT_3D('',#3053,#3054,#3055);
#3053 = CARTESIAN_POINT('',(-2.516772202081,0.47440209687,17.7));
#3054 = DIRECTION('',(-0.982694403724,0.185234200109,0.));
#3055 = DIRECTION('',(0.,0.,-1.));
#3056 = PLANE('',#3057);
#3057 = AXIS2_PLACEMENT_3D('',#3058,#3059,#3060);
#3058 = CARTESIAN_POINT('',(-3.097155195968,-2.604614195872,12.));
#3059 = DIRECTION('',(-0.982694403724,0.185234200109,0.));
#3060 = DIRECTION('',(0.185234200109,0.982694403724,0.));
#3061 = ADVANCED_FACE('',(#3062),#3081,.T.);
#3062 = FACE_BOUND('',#3063,.T.);
#3063 = EDGE_LOOP('',(#3064,#3065,#3066,#3075));
#3064 = ORIENTED_EDGE('',*,*,#137,.F.);
#3065 = ORIENTED_EDGE('',*,*,#3040,.T.);
#3066 = ORIENTED_EDGE('',*,*,#3067,.F.);
#3067 = EDGE_CURVE('',#3068,#3041,#3070,.T.);
#3068 = VERTEX_POINT('',#3069);
#3069 = CARTESIAN_POINT('',(-3.339992259994,-2.201011518184,13.7));
#3070 = HYPERBOLA('',#3071,2.310394372407,2.310394372407);
#3071 = AXIS2_PLACEMENT_3D('',#3072,#3073,#3074);
#3072 = CARTESIAN_POINT('',(-7.649892213277E-02,-2.309127556235,17.7));
#3073 = DIRECTION('',(-3.311076370614E-02,-0.999451688341,-0.));
#3074 = DIRECTION('',(0.,0.,-1.));
#3075 = ORIENTED_EDGE('',*,*,#3076,.T.);
#3076 = EDGE_CURVE('',#3068,#129,#3077,.T.);
#3077 = LINE('',#3078,#3079);
#3078 = CARTESIAN_POINT('',(-3.339992259994,-2.201011518184,12.));
#3079 = VECTOR('',#3080,1.);
#3080 = DIRECTION('',(-0.,-0.,-1.));
#3081 = PLANE('',#3082);
#3082 = AXIS2_PLACEMENT_3D('',#3083,#3084,#3085);
#3083 = CARTESIAN_POINT('',(-3.023056769038,-2.211511251461,12.));
#3084 = DIRECTION('',(-3.311076370614E-02,-0.999451688341,0.));
#3085 = DIRECTION('',(-0.999451688341,3.311076370614E-02,0.));
#3086 = ADVANCED_FACE('',(#3087),#3106,.T.);
#3087 = FACE_BOUND('',#3088,.F.);
#3088 = EDGE_LOOP('',(#3089,#3090,#3091,#3099));
#3089 = ORIENTED_EDGE('',*,*,#3076,.T.);
#3090 = ORIENTED_EDGE('',*,*,#128,.F.);
#3091 = ORIENTED_EDGE('',*,*,#3092,.F.);
#3092 = EDGE_CURVE('',#3093,#120,#3095,.T.);
#3093 = VERTEX_POINT('',#3094);
#3094 = CARTESIAN_POINT('',(-3.547623964456,-1.847799828667,13.7));
#3095 = LINE('',#3096,#3097);
#3096 = CARTESIAN_POINT('',(-3.547623964456,-1.847799828667,12.));
#3097 = VECTOR('',#3098,1.);
#3098 = DIRECTION('',(-0.,-0.,-1.));
#3099 = ORIENTED_EDGE('',*,*,#3100,.T.);
#3100 = EDGE_CURVE('',#3093,#3068,#3101,.T.);
#3101 = CIRCLE('',#3102,4.);
#3102 = AXIS2_PLACEMENT_3D('',#3103,#3104,#3105);
#3103 = CARTESIAN_POINT('',(0.,0.,13.7));
#3104 = DIRECTION('',(0.,0.,1.));
#3105 = DIRECTION('',(-0.125,0.992156741649,0.));
#3106 = CYLINDRICAL_SURFACE('',#3107,4.);
#3107 = AXIS2_PLACEMENT_3D('',#3108,#3109,#3110);
#3108 = CARTESIAN_POINT('',(0.,0.,12.));
#3109 = DIRECTION('',(-0.,-0.,-1.));
#3110 = DIRECTION('',(1.,0.,0.));
#3111 = ADVANCED_FACE('',(#3112),#3131,.T.);
#3112 = FACE_BOUND('',#3113,.T.);
#3113 = EDGE_LOOP('',(#3114,#3122,#3123,#3124));
#3114 = ORIENTED_EDGE('',*,*,#3115,.F.);
#3115 = EDGE_CURVE('',#111,#3116,#3118,.T.);
#3116 = VERTEX_POINT('',#3117);
#3117 = CARTESIAN_POINT('',(-3.416794769071,-1.534655580324,
    13.954381994361));
#3118 = LINE('',#3119,#3120);
#3119 = CARTESIAN_POINT('',(-3.416794769071,-1.534655580324,12.));
#3120 = VECTOR('',#3121,1.);
#3121 = DIRECTION('',(0.,0.,1.));
#3122 = ORIENTED_EDGE('',*,*,#119,.F.);
#3123 = ORIENTED_EDGE('',*,*,#3092,.F.);
#3124 = ORIENTED_EDGE('',*,*,#3125,.F.);
#3125 = EDGE_CURVE('',#3116,#3093,#3126,.T.);
#3126 = HYPERBOLA('',#3127,2.561093451377,2.561093451377);
#3127 = AXIS2_PLACEMENT_3D('',#3128,#3129,#3130);
#3128 = CARTESIAN_POINT('',(-2.363140948972,0.987301636774,17.7));
#3129 = DIRECTION('',(-0.922707817515,0.385500043446,0.));
#3130 = DIRECTION('',(0.,0.,-1.));
#3131 = PLANE('',#3132);
#3132 = AXIS2_PLACEMENT_3D('',#3133,#3134,#3135);
#3133 = CARTESIAN_POINT('',(-3.571004665428,-1.903762353011,12.));
#3134 = DIRECTION('',(-0.922707817515,0.385500043446,0.));
#3135 = DIRECTION('',(0.385500043446,0.922707817515,0.));
#3136 = ADVANCED_FACE('',(#3137),#3156,.T.);
#3137 = FACE_BOUND('',#3138,.T.);
#3138 = EDGE_LOOP('',(#3139,#3140,#3141,#3150));
#3139 = ORIENTED_EDGE('',*,*,#110,.F.);
#3140 = ORIENTED_EDGE('',*,*,#3115,.T.);
#3141 = ORIENTED_EDGE('',*,*,#3142,.F.);
#3142 = EDGE_CURVE('',#3143,#3116,#3145,.T.);
#3143 = VERTEX_POINT('',#3144);
#3144 = CARTESIAN_POINT('',(-3.724621441838,-1.458490697606,13.7));
#3145 = HYPERBOLA('',#3146,2.310394372407,2.310394372407);
#3146 = AXIS2_PLACEMENT_3D('',#3147,#3148,#3149);
#3147 = CARTESIAN_POINT('',(-0.554921851674,-2.242762558673,17.7));
#3148 = DIRECTION('',(-0.240184904491,-0.970727156133,-0.));
#3149 = DIRECTION('',(0.,0.,-1.));
#3150 = ORIENTED_EDGE('',*,*,#3151,.T.);
#3151 = EDGE_CURVE('',#3143,#102,#3152,.T.);
#3152 = LINE('',#3153,#3154);
#3153 = CARTESIAN_POINT('',(-3.724621441838,-1.458490697606,12.));
#3154 = VECTOR('',#3155,1.);
#3155 = DIRECTION('',(-0.,-0.,-1.));
#3156 = PLANE('',#3157);
#3157 = AXIS2_PLACEMENT_3D('',#3158,#3159,#3160);
#3158 = CARTESIAN_POINT('',(-3.416794769071,-1.534655580324,12.));
#3159 = DIRECTION('',(-0.240184904491,-0.970727156133,0.));
#3160 = DIRECTION('',(-0.970727156133,0.240184904491,0.));
#3161 = ADVANCED_FACE('',(#3162),#3181,.T.);
#3162 = FACE_BOUND('',#3163,.F.);
#3163 = EDGE_LOOP('',(#3164,#3165,#3166,#3174));
#3164 = ORIENTED_EDGE('',*,*,#3151,.T.);
#3165 = ORIENTED_EDGE('',*,*,#101,.F.);
#3166 = ORIENTED_EDGE('',*,*,#3167,.F.);
#3167 = EDGE_CURVE('',#3168,#93,#3170,.T.);
#3168 = VERTEX_POINT('',#3169);
#3169 = CARTESIAN_POINT('',(-3.854279055809,-1.069828472211,13.7));
#3170 = LINE('',#3171,#3172);
#3171 = CARTESIAN_POINT('',(-3.854279055809,-1.069828472211,12.));
#3172 = VECTOR('',#3173,1.);
#3173 = DIRECTION('',(-0.,-0.,-1.));
#3174 = ORIENTED_EDGE('',*,*,#3175,.T.);
#3175 = EDGE_CURVE('',#3168,#3143,#3176,.T.);
#3176 = CIRCLE('',#3177,4.);
#3177 = AXIS2_PLACEMENT_3D('',#3178,#3179,#3180);
#3178 = CARTESIAN_POINT('',(0.,0.,13.7));
#3179 = DIRECTION('',(0.,0.,1.));
#3180 = DIRECTION('',(-0.125,0.992156741649,0.));
#3181 = CYLINDRICAL_SURFACE('',#3182,4.);
#3182 = AXIS2_PLACEMENT_3D('',#3183,#3184,#3185);
#3183 = CARTESIAN_POINT('',(0.,0.,12.));
#3184 = DIRECTION('',(-0.,-0.,-1.));
#3185 = DIRECTION('',(1.,0.,0.));
#3186 = ADVANCED_FACE('',(#3187),#3206,.T.);
#3187 = FACE_BOUND('',#3188,.T.);
#3188 = EDGE_LOOP('',(#3189,#3197,#3198,#3199));
#3189 = ORIENTED_EDGE('',*,*,#3190,.F.);
#3190 = EDGE_CURVE('',#84,#3191,#3193,.T.);
#3191 = VERTEX_POINT('',#3192);
#3192 = CARTESIAN_POINT('',(-3.661202442094,-0.790728096232,
    13.954381994361));
#3193 = LINE('',#3194,#3195);
#3194 = CARTESIAN_POINT('',(-3.661202442094,-0.790728096232,12.));
#3195 = VECTOR('',#3196,1.);
#3196 = DIRECTION('',(0.,0.,1.));
#3197 = ORIENTED_EDGE('',*,*,#92,.F.);
#3198 = ORIENTED_EDGE('',*,*,#3167,.F.);
#3199 = ORIENTED_EDGE('',*,*,#3200,.F.);
#3200 = EDGE_CURVE('',#3191,#3168,#3201,.T.);
#3201 = HYPERBOLA('',#3202,2.561093451377,2.561093451377);
#3202 = AXIS2_PLACEMENT_3D('',#3203,#3204,#3205);
#3203 = CARTESIAN_POINT('',(-2.106229096784,1.457051357553,17.7));
#3204 = DIRECTION('',(-0.822394472037,0.56891768505,0.));
#3205 = DIRECTION('',(0.,0.,-1.));
#3206 = PLANE('',#3207);
#3207 = AXIS2_PLACEMENT_3D('',#3208,#3209,#3210);
#3208 = CARTESIAN_POINT('',(-3.888784095427,-1.119706960058,12.));
#3209 = DIRECTION('',(-0.822394472037,0.56891768505,0.));
#3210 = DIRECTION('',(0.56891768505,0.822394472037,0.));
#3211 = ADVANCED_FACE('',(#3212),#3231,.T.);
#3212 = FACE_BOUND('',#3213,.T.);
#3213 = EDGE_LOOP('',(#3214,#3215,#3216,#3225));
#3214 = ORIENTED_EDGE('',*,*,#83,.F.);
#3215 = ORIENTED_EDGE('',*,*,#3190,.T.);
#3216 = ORIENTED_EDGE('',*,*,#3217,.F.);
#3217 = EDGE_CURVE('',#3218,#3191,#3220,.T.);
#3218 = VERTEX_POINT('',#3219);
#3219 = CARTESIAN_POINT('',(-3.946466793957,-0.652226834927,13.7));
#3220 = HYPERBOLA('',#3221,2.310394372407,2.310394372407);
#3221 = AXIS2_PLACEMENT_3D('',#3222,#3223,#3224);
#3222 = CARTESIAN_POINT('',(-1.009092033486,-2.078378075328,17.7));
#3223 = DIRECTION('',(-0.436761812415,-0.899577189137,-0.));
#3224 = DIRECTION('',(0.,0.,-1.));
#3225 = ORIENTED_EDGE('',*,*,#3226,.T.);
#3226 = EDGE_CURVE('',#3218,#75,#3227,.T.);
#3227 = LINE('',#3228,#3229);
#3228 = CARTESIAN_POINT('',(-3.946466793957,-0.652226834927,12.));
#3229 = VECTOR('',#3230,1.);
#3230 = DIRECTION('',(-0.,-0.,-1.));
#3231 = PLANE('',#3232);
#3232 = AXIS2_PLACEMENT_3D('',#3233,#3234,#3235);
#3233 = CARTESIAN_POINT('',(-3.661202442094,-0.790728096232,12.));
#3234 = DIRECTION('',(-0.436761812415,-0.899577189137,0.));
#3235 = DIRECTION('',(-0.899577189137,0.436761812415,0.));
#3236 = ADVANCED_FACE('',(#3237),#3249,.T.);
#3237 = FACE_BOUND('',#3238,.F.);
#3238 = EDGE_LOOP('',(#3239,#3240,#3241,#3242));
#3239 = ORIENTED_EDGE('',*,*,#3226,.T.);
#3240 = ORIENTED_EDGE('',*,*,#74,.F.);
#3241 = ORIENTED_EDGE('',*,*,#1161,.F.);
#3242 = ORIENTED_EDGE('',*,*,#3243,.T.);
#3243 = EDGE_CURVE('',#1162,#3218,#3244,.T.);
#3244 = CIRCLE('',#3245,4.);
#3245 = AXIS2_PLACEMENT_3D('',#3246,#3247,#3248);
#3246 = CARTESIAN_POINT('',(0.,0.,13.7));
#3247 = DIRECTION('',(0.,0.,1.));
#3248 = DIRECTION('',(-0.125,0.992156741649,0.));
#3249 = CYLINDRICAL_SURFACE('',#3250,4.);
#3250 = AXIS2_PLACEMENT_3D('',#3251,#3252,#3253);
#3251 = CARTESIAN_POINT('',(0.,0.,12.));
#3252 = DIRECTION('',(-0.,-0.,-1.));
#3253 = DIRECTION('',(1.,0.,0.));
#3254 = ADVANCED_FACE('',(#3255),#3295,.T.);
#3255 = FACE_BOUND('',#3256,.T.);
#3256 = EDGE_LOOP('',(#3257,#3266,#3267,#3268,#3269,#3270,#3271,#3272,
    #3273,#3274,#3275,#3276,#3277,#3278,#3279,#3280,#3281,#3282,#3283,
    #3284,#3285,#3286,#3287,#3288));
#3257 = ORIENTED_EDGE('',*,*,#3258,.F.);
#3258 = EDGE_CURVE('',#2646,#3259,#3261,.T.);
#3259 = VERTEX_POINT('',#3260);
#3260 = CARTESIAN_POINT('',(0.5,-3.666060555965,14.));
#3261 = HYPERBOLA('',#3262,0.5,0.5);
#3262 = AXIS2_PLACEMENT_3D('',#3263,#3264,#3265);
#3263 = CARTESIAN_POINT('',(0.5,0.,17.7));
#3264 = DIRECTION('',(1.,-0.,0.));
#3265 = DIRECTION('',(0.,0.,-1.));
#3266 = ORIENTED_EDGE('',*,*,#2645,.T.);
#3267 = ORIENTED_EDGE('',*,*,#2620,.T.);
#3268 = ORIENTED_EDGE('',*,*,#2587,.T.);
#3269 = ORIENTED_EDGE('',*,*,#2570,.T.);
#3270 = ORIENTED_EDGE('',*,*,#2545,.T.);
#3271 = ORIENTED_EDGE('',*,*,#2512,.T.);
#3272 = ORIENTED_EDGE('',*,*,#2495,.T.);
#3273 = ORIENTED_EDGE('',*,*,#2470,.T.);
#3274 = ORIENTED_EDGE('',*,*,#2437,.T.);
#3275 = ORIENTED_EDGE('',*,*,#2420,.T.);
#3276 = ORIENTED_EDGE('',*,*,#2395,.T.);
#3277 = ORIENTED_EDGE('',*,*,#2362,.T.);
#3278 = ORIENTED_EDGE('',*,*,#2345,.T.);
#3279 = ORIENTED_EDGE('',*,*,#2320,.T.);
#3280 = ORIENTED_EDGE('',*,*,#2287,.T.);
#3281 = ORIENTED_EDGE('',*,*,#2270,.T.);
#3282 = ORIENTED_EDGE('',*,*,#2245,.T.);
#3283 = ORIENTED_EDGE('',*,*,#2212,.T.);
#3284 = ORIENTED_EDGE('',*,*,#2195,.T.);
#3285 = ORIENTED_EDGE('',*,*,#2170,.T.);
#3286 = ORIENTED_EDGE('',*,*,#2116,.T.);
#3287 = ORIENTED_EDGE('',*,*,#921,.T.);
#3288 = ORIENTED_EDGE('',*,*,#3289,.F.);
#3289 = EDGE_CURVE('',#3259,#924,#3290,.T.);
#3290 = CIRCLE('',#3291,3.7);
#3291 = AXIS2_PLACEMENT_3D('',#3292,#3293,#3294);
#3292 = CARTESIAN_POINT('',(0.,0.,14.));
#3293 = DIRECTION('',(-0.,0.,1.));
#3294 = DIRECTION('',(0.125,-0.992156741649,0.));
#3295 = CONICAL_SURFACE('',#3296,4.,0.785398163397);
#3296 = AXIS2_PLACEMENT_3D('',#3297,#3298,#3299);
#3297 = CARTESIAN_POINT('',(0.,0.,13.7));
#3298 = DIRECTION('',(-0.,-0.,-1.));
#3299 = DIRECTION('',(0.125,-0.992156741649,0.));
#3300 = ADVANCED_FACE('',(#3301),#3337,.T.);
#3301 = FACE_BOUND('',#3302,.T.);
#3302 = EDGE_LOOP('',(#3303,#3311,#3312,#3313,#3321,#3330));
#3303 = ORIENTED_EDGE('',*,*,#3304,.T.);
#3304 = EDGE_CURVE('',#3305,#3259,#3307,.T.);
#3305 = VERTEX_POINT('',#3306);
#3306 = CARTESIAN_POINT('',(0.5,-2.95803989155,14.));
#3307 = LINE('',#3308,#3309);
#3308 = CARTESIAN_POINT('',(0.5,5.,14.));
#3309 = VECTOR('',#3310,1.);
#3310 = DIRECTION('',(0.,-1.,0.));
#3311 = ORIENTED_EDGE('',*,*,#3289,.T.);
#3312 = ORIENTED_EDGE('',*,*,#1120,.T.);
#3313 = ORIENTED_EDGE('',*,*,#3314,.T.);
#3314 = EDGE_CURVE('',#1112,#3315,#3317,.T.);
#3315 = VERTEX_POINT('',#3316);
#3316 = CARTESIAN_POINT('',(0.5,2.95803989155,14.));
#3317 = LINE('',#3318,#3319);
#3318 = CARTESIAN_POINT('',(0.5,5.,14.));
#3319 = VECTOR('',#3320,1.);
#3320 = DIRECTION('',(0.,-1.,0.));
#3321 = ORIENTED_EDGE('',*,*,#3322,.F.);
#3322 = EDGE_CURVE('',#3323,#3315,#3325,.T.);
#3323 = VERTEX_POINT('',#3324);
#3324 = CARTESIAN_POINT('',(3.,0.,14.));
#3325 = CIRCLE('',#3326,3.);
#3326 = AXIS2_PLACEMENT_3D('',#3327,#3328,#3329);
#3327 = CARTESIAN_POINT('',(0.,0.,14.));
#3328 = DIRECTION('',(0.,0.,1.));
#3329 = DIRECTION('',(1.,0.,0.));
#3330 = ORIENTED_EDGE('',*,*,#3331,.F.);
#3331 = EDGE_CURVE('',#3305,#3323,#3332,.T.);
#3332 = CIRCLE('',#3333,3.);
#3333 = AXIS2_PLACEMENT_3D('',#3334,#3335,#3336);
#3334 = CARTESIAN_POINT('',(0.,0.,14.));
#3335 = DIRECTION('',(0.,0.,1.));
#3336 = DIRECTION('',(1.,0.,0.));
#3337 = PLANE('',#3338);
#3338 = AXIS2_PLACEMENT_3D('',#3339,#3340,#3341);
#3339 = CARTESIAN_POINT('',(-2.563950248511E-16,3.49503809816E-16,14.));
#3340 = DIRECTION('',(0.,0.,1.));
#3341 = DIRECTION('',(1.,0.,0.));
#3342 = ADVANCED_FACE('',(#3343),#3362,.T.);
#3343 = FACE_BOUND('',#3344,.T.);
#3344 = EDGE_LOOP('',(#3345,#3346,#3347,#3348,#3356));
#3345 = ORIENTED_EDGE('',*,*,#3314,.F.);
#3346 = ORIENTED_EDGE('',*,*,#1111,.F.);
#3347 = ORIENTED_EDGE('',*,*,#1808,.T.);
#3348 = ORIENTED_EDGE('',*,*,#3349,.T.);
#3349 = EDGE_CURVE('',#1801,#3350,#3352,.T.);
#3350 = VERTEX_POINT('',#3351);
#3351 = CARTESIAN_POINT('',(0.5,2.95803989155,13.4));
#3352 = LINE('',#3353,#3354);
#3353 = CARTESIAN_POINT('',(0.5,5.,13.4));
#3354 = VECTOR('',#3355,1.);
#3355 = DIRECTION('',(0.,-1.,0.));
#3356 = ORIENTED_EDGE('',*,*,#3357,.F.);
#3357 = EDGE_CURVE('',#3315,#3350,#3358,.T.);
#3358 = LINE('',#3359,#3360);
#3359 = CARTESIAN_POINT('',(0.5,2.95803989155,12.));
#3360 = VECTOR('',#3361,1.);
#3361 = DIRECTION('',(-0.,-0.,-1.));
#3362 = PLANE('',#3363);
#3363 = AXIS2_PLACEMENT_3D('',#3364,#3365,#3366);
#3364 = CARTESIAN_POINT('',(0.5,5.,14.));
#3365 = DIRECTION('',(-1.,0.,0.));
#3366 = DIRECTION('',(0.,-1.,0.));
#3367 = ADVANCED_FACE('',(#3368),#3437,.T.);
#3368 = FACE_BOUND('',#3369,.T.);
#3369 = EDGE_LOOP('',(#3370,#3379,#3380,#3381,#3382,#3383,#3384,#3385,
    #3386,#3387,#3388,#3389,#3390,#3391,#3392,#3393,#3394,#3395,#3396,
    #3397,#3398,#3399,#3400,#3401,#3402,#3403,#3404,#3405,#3406,#3407,
    #3408,#3409,#3410,#3411,#3412,#3413,#3414,#3415,#3416,#3417,#3418,
    #3419,#3420,#3421,#3430));
#3370 = ORIENTED_EDGE('',*,*,#3371,.F.);
#3371 = EDGE_CURVE('',#1695,#3372,#3374,.T.);
#3372 = VERTEX_POINT('',#3373);
#3373 = CARTESIAN_POINT('',(-0.5,3.666060555965,14.));
#3374 = HYPERBOLA('',#3375,0.5,0.5);
#3375 = AXIS2_PLACEMENT_3D('',#3376,#3377,#3378);
#3376 = CARTESIAN_POINT('',(-0.5,0.,17.7));
#3377 = DIRECTION('',(-1.,-0.,-0.));
#3378 = DIRECTION('',(0.,0.,-1.));
#3379 = ORIENTED_EDGE('',*,*,#1694,.T.);
#3380 = ORIENTED_EDGE('',*,*,#1668,.T.);
#3381 = ORIENTED_EDGE('',*,*,#1636,.T.);
#3382 = ORIENTED_EDGE('',*,*,#1619,.T.);
#3383 = ORIENTED_EDGE('',*,*,#1593,.T.);
#3384 = ORIENTED_EDGE('',*,*,#1561,.T.);
#3385 = ORIENTED_EDGE('',*,*,#1544,.T.);
#3386 = ORIENTED_EDGE('',*,*,#1518,.T.);
#3387 = ORIENTED_EDGE('',*,*,#1486,.T.);
#3388 = ORIENTED_EDGE('',*,*,#1469,.T.);
#3389 = ORIENTED_EDGE('',*,*,#1443,.T.);
#3390 = ORIENTED_EDGE('',*,*,#1411,.T.);
#3391 = ORIENTED_EDGE('',*,*,#1394,.T.);
#3392 = ORIENTED_EDGE('',*,*,#1368,.T.);
#3393 = ORIENTED_EDGE('',*,*,#1336,.T.);
#3394 = ORIENTED_EDGE('',*,*,#1319,.T.);
#3395 = ORIENTED_EDGE('',*,*,#1293,.T.);
#3396 = ORIENTED_EDGE('',*,*,#1261,.T.);
#3397 = ORIENTED_EDGE('',*,*,#1244,.T.);
#3398 = ORIENTED_EDGE('',*,*,#1218,.T.);
#3399 = ORIENTED_EDGE('',*,*,#1186,.T.);
#3400 = ORIENTED_EDGE('',*,*,#1169,.T.);
#3401 = ORIENTED_EDGE('',*,*,#3243,.T.);
#3402 = ORIENTED_EDGE('',*,*,#3217,.T.);
#3403 = ORIENTED_EDGE('',*,*,#3200,.T.);
#3404 = ORIENTED_EDGE('',*,*,#3175,.T.);
#3405 = ORIENTED_EDGE('',*,*,#3142,.T.);
#3406 = ORIENTED_EDGE('',*,*,#3125,.T.);
#3407 = ORIENTED_EDGE('',*,*,#3100,.T.);
#3408 = ORIENTED_EDGE('',*,*,#3067,.T.);
#3409 = ORIENTED_EDGE('',*,*,#3050,.T.);
#3410 = ORIENTED_EDGE('',*,*,#3025,.T.);
#3411 = ORIENTED_EDGE('',*,*,#2992,.T.);
#3412 = ORIENTED_EDGE('',*,*,#2975,.T.);
#3413 = ORIENTED_EDGE('',*,*,#2950,.T.);
#3414 = ORIENTED_EDGE('',*,*,#2917,.T.);
#3415 = ORIENTED_EDGE('',*,*,#2900,.T.);
#3416 = ORIENTED_EDGE('',*,*,#2875,.T.);
#3417 = ORIENTED_EDGE('',*,*,#2842,.T.);
#3418 = ORIENTED_EDGE('',*,*,#2825,.T.);
#3419 = ORIENTED_EDGE('',*,*,#2800,.T.);
#3420 = ORIENTED_EDGE('',*,*,#2767,.T.);
#3421 = ORIENTED_EDGE('',*,*,#3422,.T.);
#3422 = EDGE_CURVE('',#2760,#3423,#3425,.T.);
#3423 = VERTEX_POINT('',#3424);
#3424 = CARTESIAN_POINT('',(-0.5,-3.666060555965,14.));
#3425 = HYPERBOLA('',#3426,0.5,0.5);
#3426 = AXIS2_PLACEMENT_3D('',#3427,#3428,#3429);
#3427 = CARTESIAN_POINT('',(-0.5,0.,17.7));
#3428 = DIRECTION('',(1.,-0.,0.));
#3429 = DIRECTION('',(0.,0.,-1.));
#3430 = ORIENTED_EDGE('',*,*,#3431,.F.);
#3431 = EDGE_CURVE('',#3372,#3423,#3432,.T.);
#3432 = CIRCLE('',#3433,3.7);
#3433 = AXIS2_PLACEMENT_3D('',#3434,#3435,#3436);
#3434 = CARTESIAN_POINT('',(0.,0.,14.));
#3435 = DIRECTION('',(0.,0.,1.));
#3436 = DIRECTION('',(-0.125,0.992156741649,0.));
#3437 = CONICAL_SURFACE('',#3438,4.,0.785398163397);
#3438 = AXIS2_PLACEMENT_3D('',#3439,#3440,#3441);
#3439 = CARTESIAN_POINT('',(0.,0.,13.7));
#3440 = DIRECTION('',(-0.,-0.,-1.));
#3441 = DIRECTION('',(-0.125,0.992156741649,0.));
#3442 = ADVANCED_FACE('',(#3443),#3466,.F.);
#3443 = FACE_BOUND('',#3444,.F.);
#3444 = EDGE_LOOP('',(#3445,#3454,#3460,#3461,#3462,#3463,#3464,#3465));
#3445 = ORIENTED_EDGE('',*,*,#3446,.F.);
#3446 = EDGE_CURVE('',#3447,#3350,#3449,.T.);
#3447 = VERTEX_POINT('',#3448);
#3448 = CARTESIAN_POINT('',(-0.5,2.95803989155,13.4));
#3449 = CIRCLE('',#3450,3.);
#3450 = AXIS2_PLACEMENT_3D('',#3451,#3452,#3453);
#3451 = CARTESIAN_POINT('',(0.,0.,13.4));
#3452 = DIRECTION('',(0.,0.,-1.));
#3453 = DIRECTION('',(1.,0.,0.));
#3454 = ORIENTED_EDGE('',*,*,#3455,.T.);
#3455 = EDGE_CURVE('',#3447,#1704,#3456,.T.);
#3456 = LINE('',#3457,#3458);
#3457 = CARTESIAN_POINT('',(-0.5,-5.,13.4));
#3458 = VECTOR('',#3459,1.);
#3459 = DIRECTION('',(0.,1.,0.));
#3460 = ORIENTED_EDGE('',*,*,#1711,.T.);
#3461 = ORIENTED_EDGE('',*,*,#1727,.T.);
#3462 = ORIENTED_EDGE('',*,*,#1758,.T.);
#3463 = ORIENTED_EDGE('',*,*,#1784,.T.);
#3464 = ORIENTED_EDGE('',*,*,#1800,.T.);
#3465 = ORIENTED_EDGE('',*,*,#3349,.T.);
#3466 = PLANE('',#3467);
#3467 = AXIS2_PLACEMENT_3D('',#3468,#3469,#3470);
#3468 = CARTESIAN_POINT('',(0.,0.,13.4));
#3469 = DIRECTION('',(-0.,-0.,-1.));
#3470 = DIRECTION('',(-1.,0.,0.));
#3471 = ADVANCED_FACE('',(#3472),#3491,.T.);
#3472 = FACE_BOUND('',#3473,.T.);
#3473 = EDGE_LOOP('',(#3474,#3475,#3483,#3489,#3490));
#3474 = ORIENTED_EDGE('',*,*,#3371,.T.);
#3475 = ORIENTED_EDGE('',*,*,#3476,.F.);
#3476 = EDGE_CURVE('',#3477,#3372,#3479,.T.);
#3477 = VERTEX_POINT('',#3478);
#3478 = CARTESIAN_POINT('',(-0.5,2.95803989155,14.));
#3479 = LINE('',#3480,#3481);
#3480 = CARTESIAN_POINT('',(-0.5,-5.,14.));
#3481 = VECTOR('',#3482,1.);
#3482 = DIRECTION('',(0.,1.,0.));
#3483 = ORIENTED_EDGE('',*,*,#3484,.T.);
#3484 = EDGE_CURVE('',#3477,#3447,#3485,.T.);
#3485 = LINE('',#3486,#3487);
#3486 = CARTESIAN_POINT('',(-0.5,2.95803989155,12.));
#3487 = VECTOR('',#3488,1.);
#3488 = DIRECTION('',(-0.,-0.,-1.));
#3489 = ORIENTED_EDGE('',*,*,#3455,.T.);
#3490 = ORIENTED_EDGE('',*,*,#1703,.T.);
#3491 = PLANE('',#3492);
#3492 = AXIS2_PLACEMENT_3D('',#3493,#3494,#3495);
#3493 = CARTESIAN_POINT('',(-0.5,-5.,14.));
#3494 = DIRECTION('',(1.,0.,0.));
#3495 = DIRECTION('',(0.,1.,0.));
#3496 = ADVANCED_FACE('',(#3497),#3544,.F.);
#3497 = FACE_BOUND('',#3498,.T.);
#3498 = EDGE_LOOP('',(#3499,#3500,#3506,#3507,#3508,#3509,#3510,#3519,
    #3527,#3536,#3542,#3543));
#3499 = ORIENTED_EDGE('',*,*,#2143,.F.);
#3500 = ORIENTED_EDGE('',*,*,#3501,.T.);
#3501 = EDGE_CURVE('',#2144,#3323,#3502,.T.);
#3502 = LINE('',#3503,#3504);
#3503 = CARTESIAN_POINT('',(3.,0.,12.));
#3504 = VECTOR('',#3505,1.);
#3505 = DIRECTION('',(0.,0.,1.));
#3506 = ORIENTED_EDGE('',*,*,#3322,.T.);
#3507 = ORIENTED_EDGE('',*,*,#3357,.T.);
#3508 = ORIENTED_EDGE('',*,*,#3446,.F.);
#3509 = ORIENTED_EDGE('',*,*,#3484,.F.);
#3510 = ORIENTED_EDGE('',*,*,#3511,.T.);
#3511 = EDGE_CURVE('',#3477,#3512,#3514,.T.);
#3512 = VERTEX_POINT('',#3513);
#3513 = CARTESIAN_POINT('',(-0.5,-2.95803989155,14.));
#3514 = CIRCLE('',#3515,3.);
#3515 = AXIS2_PLACEMENT_3D('',#3516,#3517,#3518);
#3516 = CARTESIAN_POINT('',(0.,0.,14.));
#3517 = DIRECTION('',(0.,0.,1.));
#3518 = DIRECTION('',(1.,0.,0.));
#3519 = ORIENTED_EDGE('',*,*,#3520,.T.);
#3520 = EDGE_CURVE('',#3512,#3521,#3523,.T.);
#3521 = VERTEX_POINT('',#3522);
#3522 = CARTESIAN_POINT('',(-0.5,-2.95803989155,13.4));
#3523 = LINE('',#3524,#3525);
#3524 = CARTESIAN_POINT('',(-0.5,-2.95803989155,12.));
#3525 = VECTOR('',#3526,1.);
#3526 = DIRECTION('',(-0.,-0.,-1.));
#3527 = ORIENTED_EDGE('',*,*,#3528,.F.);
#3528 = EDGE_CURVE('',#3529,#3521,#3531,.T.);
#3529 = VERTEX_POINT('',#3530);
#3530 = CARTESIAN_POINT('',(0.5,-2.95803989155,13.4));
#3531 = CIRCLE('',#3532,3.);
#3532 = AXIS2_PLACEMENT_3D('',#3533,#3534,#3535);
#3533 = CARTESIAN_POINT('',(0.,0.,13.4));
#3534 = DIRECTION('',(0.,0.,-1.));
#3535 = DIRECTION('',(1.,0.,0.));
#3536 = ORIENTED_EDGE('',*,*,#3537,.F.);
#3537 = EDGE_CURVE('',#3305,#3529,#3538,.T.);
#3538 = LINE('',#3539,#3540);
#3539 = CARTESIAN_POINT('',(0.5,-2.95803989155,12.));
#3540 = VECTOR('',#3541,1.);
#3541 = DIRECTION('',(-0.,-0.,-1.));
#3542 = ORIENTED_EDGE('',*,*,#3331,.T.);
#3543 = ORIENTED_EDGE('',*,*,#3501,.F.);
#3544 = CYLINDRICAL_SURFACE('',#3545,3.);
#3545 = AXIS2_PLACEMENT_3D('',#3546,#3547,#3548);
#3546 = CARTESIAN_POINT('',(0.,0.,12.));
#3547 = DIRECTION('',(-0.,-0.,-1.));
#3548 = DIRECTION('',(1.,0.,0.));
#3549 = ADVANCED_FACE('',(#3550),#3570,.F.);
#3550 = FACE_BOUND('',#3551,.F.);
#3551 = EDGE_LOOP('',(#3552,#3553,#3559,#3560,#3566,#3567,#3568,#3569));
#3552 = ORIENTED_EDGE('',*,*,#2751,.T.);
#3553 = ORIENTED_EDGE('',*,*,#3554,.T.);
#3554 = EDGE_CURVE('',#2752,#3521,#3555,.T.);
#3555 = LINE('',#3556,#3557);
#3556 = CARTESIAN_POINT('',(-0.5,-5.,13.4));
#3557 = VECTOR('',#3558,1.);
#3558 = DIRECTION('',(0.,1.,0.));
#3559 = ORIENTED_EDGE('',*,*,#3528,.F.);
#3560 = ORIENTED_EDGE('',*,*,#3561,.T.);
#3561 = EDGE_CURVE('',#3529,#2655,#3562,.T.);
#3562 = LINE('',#3563,#3564);
#3563 = CARTESIAN_POINT('',(0.5,5.,13.4));
#3564 = VECTOR('',#3565,1.);
#3565 = DIRECTION('',(0.,-1.,0.));
#3566 = ORIENTED_EDGE('',*,*,#2662,.T.);
#3567 = ORIENTED_EDGE('',*,*,#2678,.T.);
#3568 = ORIENTED_EDGE('',*,*,#2710,.T.);
#3569 = ORIENTED_EDGE('',*,*,#2735,.T.);
#3570 = PLANE('',#3571);
#3571 = AXIS2_PLACEMENT_3D('',#3572,#3573,#3574);
#3572 = CARTESIAN_POINT('',(0.,0.,13.4));
#3573 = DIRECTION('',(-0.,-0.,-1.));
#3574 = DIRECTION('',(-1.,0.,0.));
#3575 = ADVANCED_FACE('',(#3576),#3583,.T.);
#3576 = FACE_BOUND('',#3577,.T.);
#3577 = EDGE_LOOP('',(#3578,#3579,#3580,#3581,#3582));
#3578 = ORIENTED_EDGE('',*,*,#3258,.T.);
#3579 = ORIENTED_EDGE('',*,*,#3304,.F.);
#3580 = ORIENTED_EDGE('',*,*,#3537,.T.);
#3581 = ORIENTED_EDGE('',*,*,#3561,.T.);
#3582 = ORIENTED_EDGE('',*,*,#2654,.T.);
#3583 = PLANE('',#3584);
#3584 = AXIS2_PLACEMENT_3D('',#3585,#3586,#3587);
#3585 = CARTESIAN_POINT('',(0.5,5.,14.));
#3586 = DIRECTION('',(-1.,0.,0.));
#3587 = DIRECTION('',(0.,-1.,0.));
#3588 = ADVANCED_FACE('',(#3589),#3601,.T.);
#3589 = FACE_BOUND('',#3590,.T.);
#3590 = EDGE_LOOP('',(#3591,#3597,#3598,#3599,#3600));
#3591 = ORIENTED_EDGE('',*,*,#3592,.F.);
#3592 = EDGE_CURVE('',#3423,#3512,#3593,.T.);
#3593 = LINE('',#3594,#3595);
#3594 = CARTESIAN_POINT('',(-0.5,-5.,14.));
#3595 = VECTOR('',#3596,1.);
#3596 = DIRECTION('',(0.,1.,0.));
#3597 = ORIENTED_EDGE('',*,*,#3422,.F.);
#3598 = ORIENTED_EDGE('',*,*,#2759,.T.);
#3599 = ORIENTED_EDGE('',*,*,#3554,.T.);
#3600 = ORIENTED_EDGE('',*,*,#3520,.F.);
#3601 = PLANE('',#3602);
#3602 = AXIS2_PLACEMENT_3D('',#3603,#3604,#3605);
#3603 = CARTESIAN_POINT('',(-0.5,-5.,14.));
#3604 = DIRECTION('',(1.,0.,0.));
#3605 = DIRECTION('',(0.,1.,0.));
#3606 = ADVANCED_FACE('',(#3607),#3613,.T.);
#3607 = FACE_BOUND('',#3608,.T.);
#3608 = EDGE_LOOP('',(#3609,#3610,#3611,#3612));
#3609 = ORIENTED_EDGE('',*,*,#3476,.T.);
#3610 = ORIENTED_EDGE('',*,*,#3431,.T.);
#3611 = ORIENTED_EDGE('',*,*,#3592,.T.);
#3612 = ORIENTED_EDGE('',*,*,#3511,.F.);
#3613 = PLANE('',#3614);
#3614 = AXIS2_PLACEMENT_3D('',#3615,#3616,#3617);
#3615 = CARTESIAN_POINT('',(-2.563950248511E-16,3.49503809816E-16,14.));
#3616 = DIRECTION('',(0.,0.,1.));
#3617 = DIRECTION('',(1.,0.,0.));
#3618 = ( GEOMETRIC_REPRESENTATION_CONTEXT(3) 
GLOBAL_UNCERTAINTY_ASSIGNED_CONTEXT((#3622)) 
GLOBAL_UNIT_ASSIGNED_CONTEXT((#3619,#3620,#3621)) REPRESENTATION_CONTEXT
('Context #1','3D Context with UNIT and UNCERTAINTY') );
#3619 = ( LENGTH_UNIT() NAMED_UNIT(*) SI_UNIT(.MILLI.,.METRE.) );
#3620 = ( NAMED_UNIT(*) PLANE_ANGLE_UNIT() SI_UNIT($,.RADIAN.) );
#3621 = ( NAMED_UNIT(*) SI_UNIT($,.STERADIAN.) SOLID_ANGLE_UNIT() );
#3622 = UNCERTAINTY_MEASURE_WITH_UNIT(LENGTH_MEASURE(1.E-06),#3619,
  'distance_accuracy_value','confusion accuracy');
#3623 = PRODUCT_RELATED_PRODUCT_CATEGORY('part',$,(#7));
#3624 = SHAPE_DEFINITION_REPRESENTATION(#3625,#3631);
#3625 = PRODUCT_DEFINITION_SHAPE('','',#3626);
#3626 = PRODUCT_DEFINITION('design','',#3627,#3630);
#3627 = PRODUCT_DEFINITION_FORMATION('','',#3628);
#3628 = PRODUCT('TN','TN','',(#3629));
#3629 = PRODUCT_CONTEXT('',#2,'mechanical');
#3630 = PRODUCT_DEFINITION_CONTEXT('part definition',#2,'design');
#3631 = ADVANCED_BREP_SHAPE_REPRESENTATION('',(#11,#3632),#3984);
#3632 = MANIFOLD_SOLID_BREP('',#3633);
#3633 = CLOSED_SHELL('',(#3634,#3674,#3707,#3747,#3780,#3802,#3833,#3864
    ,#3895,#3926,#3948,#3966));
#3634 = ADVANCED_FACE('',(#3635),#3669,.T.);
#3635 = FACE_BOUND('',#3636,.T.);
#3636 = EDGE_LOOP('',(#3637,#3647,#3655,#3663));
#3637 = ORIENTED_EDGE('',*,*,#3638,.T.);
#3638 = EDGE_CURVE('',#3639,#3641,#3643,.T.);
#3639 = VERTEX_POINT('',#3640);
#3640 = CARTESIAN_POINT('',(0.5,-3.63,0.));
#3641 = VERTEX_POINT('',#3642);
#3642 = CARTESIAN_POINT('',(0.5,-3.63,-3.05));
#3643 = LINE('',#3644,#3645);
#3644 = CARTESIAN_POINT('',(0.5,-3.63,0.));
#3645 = VECTOR('',#3646,1.);
#3646 = DIRECTION('',(0.,0.,-1.));
#3647 = ORIENTED_EDGE('',*,*,#3648,.T.);
#3648 = EDGE_CURVE('',#3641,#3649,#3651,.T.);
#3649 = VERTEX_POINT('',#3650);
#3650 = CARTESIAN_POINT('',(0.5,-3.13,-3.05));
#3651 = LINE('',#3652,#3653);
#3652 = CARTESIAN_POINT('',(0.5,-3.63,-3.05));
#3653 = VECTOR('',#3654,1.);
#3654 = DIRECTION('',(0.,1.,0.));
#3655 = ORIENTED_EDGE('',*,*,#3656,.F.);
#3656 = EDGE_CURVE('',#3657,#3649,#3659,.T.);
#3657 = VERTEX_POINT('',#3658);
#3658 = CARTESIAN_POINT('',(0.5,-3.13,0.));
#3659 = LINE('',#3660,#3661);
#3660 = CARTESIAN_POINT('',(0.5,-3.13,0.));
#3661 = VECTOR('',#3662,1.);
#3662 = DIRECTION('',(0.,0.,-1.));
#3663 = ORIENTED_EDGE('',*,*,#3664,.F.);
#3664 = EDGE_CURVE('',#3639,#3657,#3665,.T.);
#3665 = LINE('',#3666,#3667);
#3666 = CARTESIAN_POINT('',(0.5,-3.63,0.));
#3667 = VECTOR('',#3668,1.);
#3668 = DIRECTION('',(0.,1.,0.));
#3669 = PLANE('',#3670);
#3670 = AXIS2_PLACEMENT_3D('',#3671,#3672,#3673);
#3671 = CARTESIAN_POINT('',(0.5,-3.63,0.));
#3672 = DIRECTION('',(1.,0.,0.));
#3673 = DIRECTION('',(0.,1.,0.));
#3674 = ADVANCED_FACE('',(#3675),#3702,.T.);
#3675 = FACE_BOUND('',#3676,.T.);
#3676 = EDGE_LOOP('',(#3677,#3686,#3694,#3701));
#3677 = ORIENTED_EDGE('',*,*,#3678,.T.);
#3678 = EDGE_CURVE('',#3641,#3679,#3681,.T.);
#3679 = VERTEX_POINT('',#3680);
#3680 = CARTESIAN_POINT('',(5.E-02,-3.63,-3.5));
#3681 = CIRCLE('',#3682,0.45);
#3682 = AXIS2_PLACEMENT_3D('',#3683,#3684,#3685);
#3683 = CARTESIAN_POINT('',(5.E-02,-3.63,-3.05));
#3684 = DIRECTION('',(0.,1.,0.));
#3685 = DIRECTION('',(0.,0.,1.));
#3686 = ORIENTED_EDGE('',*,*,#3687,.T.);
#3687 = EDGE_CURVE('',#3679,#3688,#3690,.T.);
#3688 = VERTEX_POINT('',#3689);
#3689 = CARTESIAN_POINT('',(5.E-02,-3.13,-3.5));
#3690 = LINE('',#3691,#3692);
#3691 = CARTESIAN_POINT('',(5.E-02,-3.63,-3.5));
#3692 = VECTOR('',#3693,1.);
#3693 = DIRECTION('',(0.,1.,0.));
#3694 = ORIENTED_EDGE('',*,*,#3695,.F.);
#3695 = EDGE_CURVE('',#3649,#3688,#3696,.T.);
#3696 = CIRCLE('',#3697,0.45);
#3697 = AXIS2_PLACEMENT_3D('',#3698,#3699,#3700);
#3698 = CARTESIAN_POINT('',(5.E-02,-3.13,-3.05));
#3699 = DIRECTION('',(0.,1.,0.));
#3700 = DIRECTION('',(0.,0.,1.));
#3701 = ORIENTED_EDGE('',*,*,#3648,.F.);
#3702 = CYLINDRICAL_SURFACE('',#3703,0.45);
#3703 = AXIS2_PLACEMENT_3D('',#3704,#3705,#3706);
#3704 = CARTESIAN_POINT('',(5.E-02,-3.63,-3.05));
#3705 = DIRECTION('',(0.,1.,0.));
#3706 = DIRECTION('',(1.,0.,0.));
#3707 = ADVANCED_FACE('',(#3708),#3742,.T.);
#3708 = FACE_BOUND('',#3709,.T.);
#3709 = EDGE_LOOP('',(#3710,#3720,#3728,#3736));
#3710 = ORIENTED_EDGE('',*,*,#3711,.T.);
#3711 = EDGE_CURVE('',#3712,#3714,#3716,.T.);
#3712 = VERTEX_POINT('',#3713);
#3713 = CARTESIAN_POINT('',(-0.5,-3.13,0.));
#3714 = VERTEX_POINT('',#3715);
#3715 = CARTESIAN_POINT('',(-0.5,-3.13,-3.05));
#3716 = LINE('',#3717,#3718);
#3717 = CARTESIAN_POINT('',(-0.5,-3.13,0.));
#3718 = VECTOR('',#3719,1.);
#3719 = DIRECTION('',(0.,0.,-1.));
#3720 = ORIENTED_EDGE('',*,*,#3721,.T.);
#3721 = EDGE_CURVE('',#3714,#3722,#3724,.T.);
#3722 = VERTEX_POINT('',#3723);
#3723 = CARTESIAN_POINT('',(-0.5,-3.63,-3.05));
#3724 = LINE('',#3725,#3726);
#3725 = CARTESIAN_POINT('',(-0.5,-3.13,-3.05));
#3726 = VECTOR('',#3727,1.);
#3727 = DIRECTION('',(0.,-1.,0.));
#3728 = ORIENTED_EDGE('',*,*,#3729,.F.);
#3729 = EDGE_CURVE('',#3730,#3722,#3732,.T.);
#3730 = VERTEX_POINT('',#3731);
#3731 = CARTESIAN_POINT('',(-0.5,-3.63,0.));
#3732 = LINE('',#3733,#3734);
#3733 = CARTESIAN_POINT('',(-0.5,-3.63,0.));
#3734 = VECTOR('',#3735,1.);
#3735 = DIRECTION('',(0.,0.,-1.));
#3736 = ORIENTED_EDGE('',*,*,#3737,.F.);
#3737 = EDGE_CURVE('',#3712,#3730,#3738,.T.);
#3738 = LINE('',#3739,#3740);
#3739 = CARTESIAN_POINT('',(-0.5,-3.13,0.));
#3740 = VECTOR('',#3741,1.);
#3741 = DIRECTION('',(0.,-1.,0.));
#3742 = PLANE('',#3743);
#3743 = AXIS2_PLACEMENT_3D('',#3744,#3745,#3746);
#3744 = CARTESIAN_POINT('',(-0.5,-3.13,0.));
#3745 = DIRECTION('',(-1.,-0.,-0.));
#3746 = DIRECTION('',(0.,-1.,0.));
#3747 = ADVANCED_FACE('',(#3748),#3775,.T.);
#3748 = FACE_BOUND('',#3749,.T.);
#3749 = EDGE_LOOP('',(#3750,#3759,#3767,#3774));
#3750 = ORIENTED_EDGE('',*,*,#3751,.T.);
#3751 = EDGE_CURVE('',#3714,#3752,#3754,.T.);
#3752 = VERTEX_POINT('',#3753);
#3753 = CARTESIAN_POINT('',(-5.E-02,-3.13,-3.5));
#3754 = CIRCLE('',#3755,0.45);
#3755 = AXIS2_PLACEMENT_3D('',#3756,#3757,#3758);
#3756 = CARTESIAN_POINT('',(-5.E-02,-3.13,-3.05));
#3757 = DIRECTION('',(0.,-1.,0.));
#3758 = DIRECTION('',(0.,0.,-1.));
#3759 = ORIENTED_EDGE('',*,*,#3760,.T.);
#3760 = EDGE_CURVE('',#3752,#3761,#3763,.T.);
#3761 = VERTEX_POINT('',#3762);
#3762 = CARTESIAN_POINT('',(-5.E-02,-3.63,-3.5));
#3763 = LINE('',#3764,#3765);
#3764 = CARTESIAN_POINT('',(-5.E-02,-3.13,-3.5));
#3765 = VECTOR('',#3766,1.);
#3766 = DIRECTION('',(0.,-1.,0.));
#3767 = ORIENTED_EDGE('',*,*,#3768,.F.);
#3768 = EDGE_CURVE('',#3722,#3761,#3769,.T.);
#3769 = CIRCLE('',#3770,0.45);
#3770 = AXIS2_PLACEMENT_3D('',#3771,#3772,#3773);
#3771 = CARTESIAN_POINT('',(-5.E-02,-3.63,-3.05));
#3772 = DIRECTION('',(0.,-1.,0.));
#3773 = DIRECTION('',(0.,0.,-1.));
#3774 = ORIENTED_EDGE('',*,*,#3721,.F.);
#3775 = CYLINDRICAL_SURFACE('',#3776,0.45);
#3776 = AXIS2_PLACEMENT_3D('',#3777,#3778,#3779);
#3777 = CARTESIAN_POINT('',(-5.E-02,-3.13,-3.05));
#3778 = DIRECTION('',(0.,-1.,0.));
#3779 = DIRECTION('',(-1.,0.,0.));
#3780 = ADVANCED_FACE('',(#3781),#3797,.F.);
#3781 = FACE_BOUND('',#3782,.F.);
#3782 = EDGE_LOOP('',(#3783,#3789,#3790,#3796));
#3783 = ORIENTED_EDGE('',*,*,#3784,.T.);
#3784 = EDGE_CURVE('',#3761,#3679,#3785,.T.);
#3785 = LINE('',#3786,#3787);
#3786 = CARTESIAN_POINT('',(-0.5,-3.63,-3.5));
#3787 = VECTOR('',#3788,1.);
#3788 = DIRECTION('',(1.,0.,0.));
#3789 = ORIENTED_EDGE('',*,*,#3687,.T.);
#3790 = ORIENTED_EDGE('',*,*,#3791,.T.);
#3791 = EDGE_CURVE('',#3688,#3752,#3792,.T.);
#3792 = LINE('',#3793,#3794);
#3793 = CARTESIAN_POINT('',(0.5,-3.13,-3.5));
#3794 = VECTOR('',#3795,1.);
#3795 = DIRECTION('',(-1.,0.,0.));
#3796 = ORIENTED_EDGE('',*,*,#3760,.T.);
#3797 = PLANE('',#3798);
#3798 = AXIS2_PLACEMENT_3D('',#3799,#3800,#3801);
#3799 = CARTESIAN_POINT('',(0.,-3.38,-3.5));
#3800 = DIRECTION('',(0.,0.,1.));
#3801 = DIRECTION('',(1.,0.,0.));
#3802 = ADVANCED_FACE('',(#3803),#3828,.F.);
#3803 = FACE_BOUND('',#3804,.F.);
#3804 = EDGE_LOOP('',(#3805,#3815,#3821,#3822));
#3805 = ORIENTED_EDGE('',*,*,#3806,.T.);
#3806 = EDGE_CURVE('',#3807,#3809,#3811,.T.);
#3807 = VERTEX_POINT('',#3808);
#3808 = CARTESIAN_POINT('',(-3.75,-3.13,0.));
#3809 = VERTEX_POINT('',#3810);
#3810 = CARTESIAN_POINT('',(-3.75,-3.63,0.));
#3811 = LINE('',#3812,#3813);
#3812 = CARTESIAN_POINT('',(-3.75,-3.13,0.));
#3813 = VECTOR('',#3814,1.);
#3814 = DIRECTION('',(0.,-1.,0.));
#3815 = ORIENTED_EDGE('',*,*,#3816,.T.);
#3816 = EDGE_CURVE('',#3809,#3730,#3817,.T.);
#3817 = LINE('',#3818,#3819);
#3818 = CARTESIAN_POINT('',(-3.75,-3.63,0.));
#3819 = VECTOR('',#3820,1.);
#3820 = DIRECTION('',(1.,0.,0.));
#3821 = ORIENTED_EDGE('',*,*,#3737,.F.);
#3822 = ORIENTED_EDGE('',*,*,#3823,.T.);
#3823 = EDGE_CURVE('',#3712,#3807,#3824,.T.);
#3824 = LINE('',#3825,#3826);
#3825 = CARTESIAN_POINT('',(3.75,-3.13,0.));
#3826 = VECTOR('',#3827,1.);
#3827 = DIRECTION('',(-1.,0.,0.));
#3828 = PLANE('',#3829);
#3829 = AXIS2_PLACEMENT_3D('',#3830,#3831,#3832);
#3830 = CARTESIAN_POINT('',(0.,-3.38,0.));
#3831 = DIRECTION('',(0.,0.,1.));
#3832 = DIRECTION('',(1.,0.,0.));
#3833 = ADVANCED_FACE('',(#3834),#3859,.F.);
#3834 = FACE_BOUND('',#3835,.F.);
#3835 = EDGE_LOOP('',(#3836,#3844,#3852,#3858));
#3836 = ORIENTED_EDGE('',*,*,#3837,.T.);
#3837 = EDGE_CURVE('',#3807,#3838,#3840,.T.);
#3838 = VERTEX_POINT('',#3839);
#3839 = CARTESIAN_POINT('',(-3.75,-3.13,5.));
#3840 = LINE('',#3841,#3842);
#3841 = CARTESIAN_POINT('',(-3.75,-3.13,0.));
#3842 = VECTOR('',#3843,1.);
#3843 = DIRECTION('',(0.,0.,1.));
#3844 = ORIENTED_EDGE('',*,*,#3845,.T.);
#3845 = EDGE_CURVE('',#3838,#3846,#3848,.T.);
#3846 = VERTEX_POINT('',#3847);
#3847 = CARTESIAN_POINT('',(-3.75,-3.63,5.));
#3848 = LINE('',#3849,#3850);
#3849 = CARTESIAN_POINT('',(-3.75,-3.13,5.));
#3850 = VECTOR('',#3851,1.);
#3851 = DIRECTION('',(0.,-1.,0.));
#3852 = ORIENTED_EDGE('',*,*,#3853,.F.);
#3853 = EDGE_CURVE('',#3809,#3846,#3854,.T.);
#3854 = LINE('',#3855,#3856);
#3855 = CARTESIAN_POINT('',(-3.75,-3.63,0.));
#3856 = VECTOR('',#3857,1.);
#3857 = DIRECTION('',(0.,0.,1.));
#3858 = ORIENTED_EDGE('',*,*,#3806,.F.);
#3859 = PLANE('',#3860);
#3860 = AXIS2_PLACEMENT_3D('',#3861,#3862,#3863);
#3861 = CARTESIAN_POINT('',(-3.75,-3.13,0.));
#3862 = DIRECTION('',(1.,0.,0.));
#3863 = DIRECTION('',(0.,-1.,0.));
#3864 = ADVANCED_FACE('',(#3865),#3890,.F.);
#3865 = FACE_BOUND('',#3866,.F.);
#3866 = EDGE_LOOP('',(#3867,#3868,#3876,#3884));
#3867 = ORIENTED_EDGE('',*,*,#3664,.F.);
#3868 = ORIENTED_EDGE('',*,*,#3869,.T.);
#3869 = EDGE_CURVE('',#3639,#3870,#3872,.T.);
#3870 = VERTEX_POINT('',#3871);
#3871 = CARTESIAN_POINT('',(3.75,-3.63,0.));
#3872 = LINE('',#3873,#3874);
#3873 = CARTESIAN_POINT('',(-3.75,-3.63,0.));
#3874 = VECTOR('',#3875,1.);
#3875 = DIRECTION('',(1.,0.,0.));
#3876 = ORIENTED_EDGE('',*,*,#3877,.T.);
#3877 = EDGE_CURVE('',#3870,#3878,#3880,.T.);
#3878 = VERTEX_POINT('',#3879);
#3879 = CARTESIAN_POINT('',(3.75,-3.13,0.));
#3880 = LINE('',#3881,#3882);
#3881 = CARTESIAN_POINT('',(3.75,-3.63,0.));
#3882 = VECTOR('',#3883,1.);
#3883 = DIRECTION('',(0.,1.,0.));
#3884 = ORIENTED_EDGE('',*,*,#3885,.T.);
#3885 = EDGE_CURVE('',#3878,#3657,#3886,.T.);
#3886 = LINE('',#3887,#3888);
#3887 = CARTESIAN_POINT('',(3.75,-3.13,0.));
#3888 = VECTOR('',#3889,1.);
#3889 = DIRECTION('',(-1.,0.,0.));
#3890 = PLANE('',#3891);
#3891 = AXIS2_PLACEMENT_3D('',#3892,#3893,#3894);
#3892 = CARTESIAN_POINT('',(0.,-3.38,0.));
#3893 = DIRECTION('',(0.,0.,1.));
#3894 = DIRECTION('',(1.,0.,0.));
#3895 = ADVANCED_FACE('',(#3896),#3921,.F.);
#3896 = FACE_BOUND('',#3897,.F.);
#3897 = EDGE_LOOP('',(#3898,#3906,#3914,#3920));
#3898 = ORIENTED_EDGE('',*,*,#3899,.T.);
#3899 = EDGE_CURVE('',#3870,#3900,#3902,.T.);
#3900 = VERTEX_POINT('',#3901);
#3901 = CARTESIAN_POINT('',(3.75,-3.63,5.));
#3902 = LINE('',#3903,#3904);
#3903 = CARTESIAN_POINT('',(3.75,-3.63,0.));
#3904 = VECTOR('',#3905,1.);
#3905 = DIRECTION('',(0.,0.,1.));
#3906 = ORIENTED_EDGE('',*,*,#3907,.T.);
#3907 = EDGE_CURVE('',#3900,#3908,#3910,.T.);
#3908 = VERTEX_POINT('',#3909);
#3909 = CARTESIAN_POINT('',(3.75,-3.13,5.));
#3910 = LINE('',#3911,#3912);
#3911 = CARTESIAN_POINT('',(3.75,-3.63,5.));
#3912 = VECTOR('',#3913,1.);
#3913 = DIRECTION('',(0.,1.,0.));
#3914 = ORIENTED_EDGE('',*,*,#3915,.F.);
#3915 = EDGE_CURVE('',#3878,#3908,#3916,.T.);
#3916 = LINE('',#3917,#3918);
#3917 = CARTESIAN_POINT('',(3.75,-3.13,0.));
#3918 = VECTOR('',#3919,1.);
#3919 = DIRECTION('',(0.,0.,1.));
#3920 = ORIENTED_EDGE('',*,*,#3877,.F.);
#3921 = PLANE('',#3922);
#3922 = AXIS2_PLACEMENT_3D('',#3923,#3924,#3925);
#3923 = CARTESIAN_POINT('',(3.75,-3.63,0.));
#3924 = DIRECTION('',(-1.,0.,0.));
#3925 = DIRECTION('',(0.,1.,0.));
#3926 = ADVANCED_FACE('',(#3927),#3943,.T.);
#3927 = FACE_BOUND('',#3928,.T.);
#3928 = EDGE_LOOP('',(#3929,#3935,#3936,#3942));
#3929 = ORIENTED_EDGE('',*,*,#3930,.T.);
#3930 = EDGE_CURVE('',#3846,#3900,#3931,.T.);
#3931 = LINE('',#3932,#3933);
#3932 = CARTESIAN_POINT('',(-3.75,-3.63,5.));
#3933 = VECTOR('',#3934,1.);
#3934 = DIRECTION('',(1.,0.,0.));
#3935 = ORIENTED_EDGE('',*,*,#3907,.T.);
#3936 = ORIENTED_EDGE('',*,*,#3937,.T.);
#3937 = EDGE_CURVE('',#3908,#3838,#3938,.T.);
#3938 = LINE('',#3939,#3940);
#3939 = CARTESIAN_POINT('',(3.75,-3.13,5.));
#3940 = VECTOR('',#3941,1.);
#3941 = DIRECTION('',(-1.,0.,0.));
#3942 = ORIENTED_EDGE('',*,*,#3845,.T.);
#3943 = PLANE('',#3944);
#3944 = AXIS2_PLACEMENT_3D('',#3945,#3946,#3947);
#3945 = CARTESIAN_POINT('',(0.,-3.38,5.));
#3946 = DIRECTION('',(0.,0.,1.));
#3947 = DIRECTION('',(1.,0.,0.));
#3948 = ADVANCED_FACE('',(#3949),#3961,.T.);
#3949 = FACE_BOUND('',#3950,.T.);
#3950 = EDGE_LOOP('',(#3951,#3952,#3953,#3954,#3955,#3956,#3957,#3958,
    #3959,#3960));
#3951 = ORIENTED_EDGE('',*,*,#3729,.T.);
#3952 = ORIENTED_EDGE('',*,*,#3768,.T.);
#3953 = ORIENTED_EDGE('',*,*,#3784,.T.);
#3954 = ORIENTED_EDGE('',*,*,#3678,.F.);
#3955 = ORIENTED_EDGE('',*,*,#3638,.F.);
#3956 = ORIENTED_EDGE('',*,*,#3869,.T.);
#3957 = ORIENTED_EDGE('',*,*,#3899,.T.);
#3958 = ORIENTED_EDGE('',*,*,#3930,.F.);
#3959 = ORIENTED_EDGE('',*,*,#3853,.F.);
#3960 = ORIENTED_EDGE('',*,*,#3816,.T.);
#3961 = PLANE('',#3962);
#3962 = AXIS2_PLACEMENT_3D('',#3963,#3964,#3965);
#3963 = CARTESIAN_POINT('',(0.,-3.63,1.525227090852));
#3964 = DIRECTION('',(-0.,-1.,-0.));
#3965 = DIRECTION('',(0.,0.,-1.));
#3966 = ADVANCED_FACE('',(#3967),#3979,.T.);
#3967 = FACE_BOUND('',#3968,.T.);
#3968 = EDGE_LOOP('',(#3969,#3970,#3971,#3972,#3973,#3974,#3975,#3976,
    #3977,#3978));
#3969 = ORIENTED_EDGE('',*,*,#3656,.T.);
#3970 = ORIENTED_EDGE('',*,*,#3695,.T.);
#3971 = ORIENTED_EDGE('',*,*,#3791,.T.);
#3972 = ORIENTED_EDGE('',*,*,#3751,.F.);
#3973 = ORIENTED_EDGE('',*,*,#3711,.F.);
#3974 = ORIENTED_EDGE('',*,*,#3823,.T.);
#3975 = ORIENTED_EDGE('',*,*,#3837,.T.);
#3976 = ORIENTED_EDGE('',*,*,#3937,.F.);
#3977 = ORIENTED_EDGE('',*,*,#3915,.F.);
#3978 = ORIENTED_EDGE('',*,*,#3885,.T.);
#3979 = PLANE('',#3980);
#3980 = AXIS2_PLACEMENT_3D('',#3981,#3982,#3983);
#3981 = CARTESIAN_POINT('',(0.,-3.13,1.525227090852));
#3982 = DIRECTION('',(0.,1.,0.));
#3983 = DIRECTION('',(0.,0.,1.));
#3984 = ( GEOMETRIC_REPRESENTATION_CONTEXT(3) 
GLOBAL_UNCERTAINTY_ASSIGNED_CONTEXT((#3988)) 
GLOBAL_UNIT_ASSIGNED_CONTEXT((#3985,#3986,#3987)) REPRESENTATION_CONTEXT
('Context #1','3D Context with UNIT and UNCERTAINTY') );
#3985 = ( LENGTH_UNIT() NAMED_UNIT(*) SI_UNIT(.MILLI.,.METRE.) );
#3986 = ( NAMED_UNIT(*) PLANE_ANGLE_UNIT() SI_UNIT($,.RADIAN.) );
#3987 = ( NAMED_UNIT(*) SI_UNIT($,.STERADIAN.) SOLID_ANGLE_UNIT() );
#3988 = UNCERTAINTY_MEASURE_WITH_UNIT(LENGTH_MEASURE(1.E-07),#3985,
  'distance_accuracy_value','confusion accuracy');
#3989 = PRODUCT_RELATED_PRODUCT_CATEGORY('part',$,(#3628));
#3990 = SHAPE_DEFINITION_REPRESENTATION(#3991,#3997);
#3991 = PRODUCT_DEFINITION_SHAPE('','',#3992);
#3992 = PRODUCT_DEFINITION('design','',#3993,#3996);
#3993 = PRODUCT_DEFINITION_FORMATION('','',#3994);
#3994 = PRODUCT('T','T','',(#3995));
#3995 = PRODUCT_CONTEXT('',#2,'mechanical');
#3996 = PRODUCT_DEFINITION_CONTEXT('part definition',#2,'design');
#3997 = ADVANCED_BREP_SHAPE_REPRESENTATION('',(#11,#3998),#4350);
#3998 = MANIFOLD_SOLID_BREP('',#3999);
#3999 = CLOSED_SHELL('',(#4000,#4040,#4073,#4113,#4146,#4168,#4199,#4230
    ,#4261,#4292,#4314,#4332));
#4000 = ADVANCED_FACE('',(#4001),#4035,.T.);
#4001 = FACE_BOUND('',#4002,.T.);
#4002 = EDGE_LOOP('',(#4003,#4013,#4021,#4029));
#4003 = ORIENTED_EDGE('',*,*,#4004,.T.);
#4004 = EDGE_CURVE('',#4005,#4007,#4009,.T.);
#4005 = VERTEX_POINT('',#4006);
#4006 = CARTESIAN_POINT('',(0.5,4.67,0.));
#4007 = VERTEX_POINT('',#4008);
#4008 = CARTESIAN_POINT('',(0.5,4.67,-3.05));
#4009 = LINE('',#4010,#4011);
#4010 = CARTESIAN_POINT('',(0.5,4.67,0.));
#4011 = VECTOR('',#4012,1.);
#4012 = DIRECTION('',(0.,0.,-1.));
#4013 = ORIENTED_EDGE('',*,*,#4014,.T.);
#4014 = EDGE_CURVE('',#4007,#4015,#4017,.T.);
#4015 = VERTEX_POINT('',#4016);
#4016 = CARTESIAN_POINT('',(0.5,5.17,-3.05));
#4017 = LINE('',#4018,#4019);
#4018 = CARTESIAN_POINT('',(0.5,4.67,-3.05));
#4019 = VECTOR('',#4020,1.);
#4020 = DIRECTION('',(0.,1.,0.));
#4021 = ORIENTED_EDGE('',*,*,#4022,.F.);
#4022 = EDGE_CURVE('',#4023,#4015,#4025,.T.);
#4023 = VERTEX_POINT('',#4024);
#4024 = CARTESIAN_POINT('',(0.5,5.17,0.));
#4025 = LINE('',#4026,#4027);
#4026 = CARTESIAN_POINT('',(0.5,5.17,0.));
#4027 = VECTOR('',#4028,1.);
#4028 = DIRECTION('',(0.,0.,-1.));
#4029 = ORIENTED_EDGE('',*,*,#4030,.F.);
#4030 = EDGE_CURVE('',#4005,#4023,#4031,.T.);
#4031 = LINE('',#4032,#4033);
#4032 = CARTESIAN_POINT('',(0.5,4.67,0.));
#4033 = VECTOR('',#4034,1.);
#4034 = DIRECTION('',(0.,1.,0.));
#4035 = PLANE('',#4036);
#4036 = AXIS2_PLACEMENT_3D('',#4037,#4038,#4039);
#4037 = CARTESIAN_POINT('',(0.5,4.67,0.));
#4038 = DIRECTION('',(1.,0.,0.));
#4039 = DIRECTION('',(0.,1.,0.));
#4040 = ADVANCED_FACE('',(#4041),#4068,.T.);
#4041 = FACE_BOUND('',#4042,.T.);
#4042 = EDGE_LOOP('',(#4043,#4052,#4060,#4067));
#4043 = ORIENTED_EDGE('',*,*,#4044,.T.);
#4044 = EDGE_CURVE('',#4007,#4045,#4047,.T.);
#4045 = VERTEX_POINT('',#4046);
#4046 = CARTESIAN_POINT('',(5.E-02,4.67,-3.5));
#4047 = CIRCLE('',#4048,0.45);
#4048 = AXIS2_PLACEMENT_3D('',#4049,#4050,#4051);
#4049 = CARTESIAN_POINT('',(5.E-02,4.67,-3.05));
#4050 = DIRECTION('',(0.,1.,0.));
#4051 = DIRECTION('',(0.,0.,1.));
#4052 = ORIENTED_EDGE('',*,*,#4053,.T.);
#4053 = EDGE_CURVE('',#4045,#4054,#4056,.T.);
#4054 = VERTEX_POINT('',#4055);
#4055 = CARTESIAN_POINT('',(5.E-02,5.17,-3.5));
#4056 = LINE('',#4057,#4058);
#4057 = CARTESIAN_POINT('',(5.E-02,4.67,-3.5));
#4058 = VECTOR('',#4059,1.);
#4059 = DIRECTION('',(0.,1.,0.));
#4060 = ORIENTED_EDGE('',*,*,#4061,.F.);
#4061 = EDGE_CURVE('',#4015,#4054,#4062,.T.);
#4062 = CIRCLE('',#4063,0.45);
#4063 = AXIS2_PLACEMENT_3D('',#4064,#4065,#4066);
#4064 = CARTESIAN_POINT('',(5.E-02,5.17,-3.05));
#4065 = DIRECTION('',(0.,1.,0.));
#4066 = DIRECTION('',(0.,0.,1.));
#4067 = ORIENTED_EDGE('',*,*,#4014,.F.);
#4068 = CYLINDRICAL_SURFACE('',#4069,0.45);
#4069 = AXIS2_PLACEMENT_3D('',#4070,#4071,#4072);
#4070 = CARTESIAN_POINT('',(5.E-02,4.67,-3.05));
#4071 = DIRECTION('',(0.,1.,0.));
#4072 = DIRECTION('',(1.,0.,0.));
#4073 = ADVANCED_FACE('',(#4074),#4108,.T.);
#4074 = FACE_BOUND('',#4075,.T.);
#4075 = EDGE_LOOP('',(#4076,#4086,#4094,#4102));
#4076 = ORIENTED_EDGE('',*,*,#4077,.T.);
#4077 = EDGE_CURVE('',#4078,#4080,#4082,.T.);
#4078 = VERTEX_POINT('',#4079);
#4079 = CARTESIAN_POINT('',(-0.5,5.17,0.));
#4080 = VERTEX_POINT('',#4081);
#4081 = CARTESIAN_POINT('',(-0.5,5.17,-3.05));
#4082 = LINE('',#4083,#4084);
#4083 = CARTESIAN_POINT('',(-0.5,5.17,0.));
#4084 = VECTOR('',#4085,1.);
#4085 = DIRECTION('',(0.,0.,-1.));
#4086 = ORIENTED_EDGE('',*,*,#4087,.T.);
#4087 = EDGE_CURVE('',#4080,#4088,#4090,.T.);
#4088 = VERTEX_POINT('',#4089);
#4089 = CARTESIAN_POINT('',(-0.5,4.67,-3.05));
#4090 = LINE('',#4091,#4092);
#4091 = CARTESIAN_POINT('',(-0.5,5.17,-3.05));
#4092 = VECTOR('',#4093,1.);
#4093 = DIRECTION('',(0.,-1.,0.));
#4094 = ORIENTED_EDGE('',*,*,#4095,.F.);
#4095 = EDGE_CURVE('',#4096,#4088,#4098,.T.);
#4096 = VERTEX_POINT('',#4097);
#4097 = CARTESIAN_POINT('',(-0.5,4.67,0.));
#4098 = LINE('',#4099,#4100);
#4099 = CARTESIAN_POINT('',(-0.5,4.67,0.));
#4100 = VECTOR('',#4101,1.);
#4101 = DIRECTION('',(0.,0.,-1.));
#4102 = ORIENTED_EDGE('',*,*,#4103,.F.);
#4103 = EDGE_CURVE('',#4078,#4096,#4104,.T.);
#4104 = LINE('',#4105,#4106);
#4105 = CARTESIAN_POINT('',(-0.5,5.17,0.));
#4106 = VECTOR('',#4107,1.);
#4107 = DIRECTION('',(0.,-1.,0.));
#4108 = PLANE('',#4109);
#4109 = AXIS2_PLACEMENT_3D('',#4110,#4111,#4112);
#4110 = CARTESIAN_POINT('',(-0.5,5.17,0.));
#4111 = DIRECTION('',(-1.,-0.,-0.));
#4112 = DIRECTION('',(0.,-1.,0.));
#4113 = ADVANCED_FACE('',(#4114),#4141,.T.);
#4114 = FACE_BOUND('',#4115,.T.);
#4115 = EDGE_LOOP('',(#4116,#4125,#4133,#4140));
#4116 = ORIENTED_EDGE('',*,*,#4117,.T.);
#4117 = EDGE_CURVE('',#4080,#4118,#4120,.T.);
#4118 = VERTEX_POINT('',#4119);
#4119 = CARTESIAN_POINT('',(-5.E-02,5.17,-3.5));
#4120 = CIRCLE('',#4121,0.45);
#4121 = AXIS2_PLACEMENT_3D('',#4122,#4123,#4124);
#4122 = CARTESIAN_POINT('',(-5.E-02,5.17,-3.05));
#4123 = DIRECTION('',(0.,-1.,0.));
#4124 = DIRECTION('',(0.,0.,-1.));
#4125 = ORIENTED_EDGE('',*,*,#4126,.T.);
#4126 = EDGE_CURVE('',#4118,#4127,#4129,.T.);
#4127 = VERTEX_POINT('',#4128);
#4128 = CARTESIAN_POINT('',(-5.E-02,4.67,-3.5));
#4129 = LINE('',#4130,#4131);
#4130 = CARTESIAN_POINT('',(-5.E-02,5.17,-3.5));
#4131 = VECTOR('',#4132,1.);
#4132 = DIRECTION('',(0.,-1.,0.));
#4133 = ORIENTED_EDGE('',*,*,#4134,.F.);
#4134 = EDGE_CURVE('',#4088,#4127,#4135,.T.);
#4135 = CIRCLE('',#4136,0.45);
#4136 = AXIS2_PLACEMENT_3D('',#4137,#4138,#4139);
#4137 = CARTESIAN_POINT('',(-5.E-02,4.67,-3.05));
#4138 = DIRECTION('',(0.,-1.,0.));
#4139 = DIRECTION('',(0.,0.,-1.));
#4140 = ORIENTED_EDGE('',*,*,#4087,.F.);
#4141 = CYLINDRICAL_SURFACE('',#4142,0.45);
#4142 = AXIS2_PLACEMENT_3D('',#4143,#4144,#4145);
#4143 = CARTESIAN_POINT('',(-5.E-02,5.17,-3.05));
#4144 = DIRECTION('',(0.,-1.,0.));
#4145 = DIRECTION('',(-1.,0.,0.));
#4146 = ADVANCED_FACE('',(#4147),#4163,.F.);
#4147 = FACE_BOUND('',#4148,.F.);
#4148 = EDGE_LOOP('',(#4149,#4155,#4156,#4162));
#4149 = ORIENTED_EDGE('',*,*,#4150,.T.);
#4150 = EDGE_CURVE('',#4127,#4045,#4151,.T.);
#4151 = LINE('',#4152,#4153);
#4152 = CARTESIAN_POINT('',(-0.5,4.67,-3.5));
#4153 = VECTOR('',#4154,1.);
#4154 = DIRECTION('',(1.,0.,0.));
#4155 = ORIENTED_EDGE('',*,*,#4053,.T.);
#4156 = ORIENTED_EDGE('',*,*,#4157,.T.);
#4157 = EDGE_CURVE('',#4054,#4118,#4158,.T.);
#4158 = LINE('',#4159,#4160);
#4159 = CARTESIAN_POINT('',(0.5,5.17,-3.5));
#4160 = VECTOR('',#4161,1.);
#4161 = DIRECTION('',(-1.,0.,0.));
#4162 = ORIENTED_EDGE('',*,*,#4126,.T.);
#4163 = PLANE('',#4164);
#4164 = AXIS2_PLACEMENT_3D('',#4165,#4166,#4167);
#4165 = CARTESIAN_POINT('',(0.,4.92,-3.5));
#4166 = DIRECTION('',(0.,0.,1.));
#4167 = DIRECTION('',(1.,0.,0.));
#4168 = ADVANCED_FACE('',(#4169),#4194,.F.);
#4169 = FACE_BOUND('',#4170,.F.);
#4170 = EDGE_LOOP('',(#4171,#4181,#4187,#4188));
#4171 = ORIENTED_EDGE('',*,*,#4172,.T.);
#4172 = EDGE_CURVE('',#4173,#4175,#4177,.T.);
#4173 = VERTEX_POINT('',#4174);
#4174 = CARTESIAN_POINT('',(-3.75,5.17,0.));
#4175 = VERTEX_POINT('',#4176);
#4176 = CARTESIAN_POINT('',(-3.75,4.67,0.));
#4177 = LINE('',#4178,#4179);
#4178 = CARTESIAN_POINT('',(-3.75,5.17,0.));
#4179 = VECTOR('',#4180,1.);
#4180 = DIRECTION('',(0.,-1.,0.));
#4181 = ORIENTED_EDGE('',*,*,#4182,.T.);
#4182 = EDGE_CURVE('',#4175,#4096,#4183,.T.);
#4183 = LINE('',#4184,#4185);
#4184 = CARTESIAN_POINT('',(-3.75,4.67,0.));
#4185 = VECTOR('',#4186,1.);
#4186 = DIRECTION('',(1.,0.,0.));
#4187 = ORIENTED_EDGE('',*,*,#4103,.F.);
#4188 = ORIENTED_EDGE('',*,*,#4189,.T.);
#4189 = EDGE_CURVE('',#4078,#4173,#4190,.T.);
#4190 = LINE('',#4191,#4192);
#4191 = CARTESIAN_POINT('',(3.75,5.17,0.));
#4192 = VECTOR('',#4193,1.);
#4193 = DIRECTION('',(-1.,0.,0.));
#4194 = PLANE('',#4195);
#4195 = AXIS2_PLACEMENT_3D('',#4196,#4197,#4198);
#4196 = CARTESIAN_POINT('',(0.,4.92,0.));
#4197 = DIRECTION('',(0.,0.,1.));
#4198 = DIRECTION('',(1.,0.,0.));
#4199 = ADVANCED_FACE('',(#4200),#4225,.F.);
#4200 = FACE_BOUND('',#4201,.F.);
#4201 = EDGE_LOOP('',(#4202,#4210,#4218,#4224));
#4202 = ORIENTED_EDGE('',*,*,#4203,.T.);
#4203 = EDGE_CURVE('',#4173,#4204,#4206,.T.);
#4204 = VERTEX_POINT('',#4205);
#4205 = CARTESIAN_POINT('',(-3.75,5.17,5.));
#4206 = LINE('',#4207,#4208);
#4207 = CARTESIAN_POINT('',(-3.75,5.17,0.));
#4208 = VECTOR('',#4209,1.);
#4209 = DIRECTION('',(0.,0.,1.));
#4210 = ORIENTED_EDGE('',*,*,#4211,.T.);
#4211 = EDGE_CURVE('',#4204,#4212,#4214,.T.);
#4212 = VERTEX_POINT('',#4213);
#4213 = CARTESIAN_POINT('',(-3.75,4.67,5.));
#4214 = LINE('',#4215,#4216);
#4215 = CARTESIAN_POINT('',(-3.75,5.17,5.));
#4216 = VECTOR('',#4217,1.);
#4217 = DIRECTION('',(0.,-1.,0.));
#4218 = ORIENTED_EDGE('',*,*,#4219,.F.);
#4219 = EDGE_CURVE('',#4175,#4212,#4220,.T.);
#4220 = LINE('',#4221,#4222);
#4221 = CARTESIAN_POINT('',(-3.75,4.67,0.));
#4222 = VECTOR('',#4223,1.);
#4223 = DIRECTION('',(0.,0.,1.));
#4224 = ORIENTED_EDGE('',*,*,#4172,.F.);
#4225 = PLANE('',#4226);
#4226 = AXIS2_PLACEMENT_3D('',#4227,#4228,#4229);
#4227 = CARTESIAN_POINT('',(-3.75,5.17,0.));
#4228 = DIRECTION('',(1.,0.,0.));
#4229 = DIRECTION('',(0.,-1.,0.));
#4230 = ADVANCED_FACE('',(#4231),#4256,.F.);
#4231 = FACE_BOUND('',#4232,.F.);
#4232 = EDGE_LOOP('',(#4233,#4234,#4242,#4250));
#4233 = ORIENTED_EDGE('',*,*,#4030,.F.);
#4234 = ORIENTED_EDGE('',*,*,#4235,.T.);
#4235 = EDGE_CURVE('',#4005,#4236,#4238,.T.);
#4236 = VERTEX_POINT('',#4237);
#4237 = CARTESIAN_POINT('',(3.75,4.67,0.));
#4238 = LINE('',#4239,#4240);
#4239 = CARTESIAN_POINT('',(-3.75,4.67,0.));
#4240 = VECTOR('',#4241,1.);
#4241 = DIRECTION('',(1.,0.,0.));
#4242 = ORIENTED_EDGE('',*,*,#4243,.T.);
#4243 = EDGE_CURVE('',#4236,#4244,#4246,.T.);
#4244 = VERTEX_POINT('',#4245);
#4245 = CARTESIAN_POINT('',(3.75,5.17,0.));
#4246 = LINE('',#4247,#4248);
#4247 = CARTESIAN_POINT('',(3.75,4.67,0.));
#4248 = VECTOR('',#4249,1.);
#4249 = DIRECTION('',(0.,1.,0.));
#4250 = ORIENTED_EDGE('',*,*,#4251,.T.);
#4251 = EDGE_CURVE('',#4244,#4023,#4252,.T.);
#4252 = LINE('',#4253,#4254);
#4253 = CARTESIAN_POINT('',(3.75,5.17,0.));
#4254 = VECTOR('',#4255,1.);
#4255 = DIRECTION('',(-1.,0.,0.));
#4256 = PLANE('',#4257);
#4257 = AXIS2_PLACEMENT_3D('',#4258,#4259,#4260);
#4258 = CARTESIAN_POINT('',(0.,4.92,0.));
#4259 = DIRECTION('',(0.,0.,1.));
#4260 = DIRECTION('',(1.,0.,0.));
#4261 = ADVANCED_FACE('',(#4262),#4287,.F.);
#4262 = FACE_BOUND('',#4263,.F.);
#4263 = EDGE_LOOP('',(#4264,#4272,#4280,#4286));
#4264 = ORIENTED_EDGE('',*,*,#4265,.T.);
#4265 = EDGE_CURVE('',#4236,#4266,#4268,.T.);
#4266 = VERTEX_POINT('',#4267);
#4267 = CARTESIAN_POINT('',(3.75,4.67,5.));
#4268 = LINE('',#4269,#4270);
#4269 = CARTESIAN_POINT('',(3.75,4.67,0.));
#4270 = VECTOR('',#4271,1.);
#4271 = DIRECTION('',(0.,0.,1.));
#4272 = ORIENTED_EDGE('',*,*,#4273,.T.);
#4273 = EDGE_CURVE('',#4266,#4274,#4276,.T.);
#4274 = VERTEX_POINT('',#4275);
#4275 = CARTESIAN_POINT('',(3.75,5.17,5.));
#4276 = LINE('',#4277,#4278);
#4277 = CARTESIAN_POINT('',(3.75,4.67,5.));
#4278 = VECTOR('',#4279,1.);
#4279 = DIRECTION('',(0.,1.,0.));
#4280 = ORIENTED_EDGE('',*,*,#4281,.F.);
#4281 = EDGE_CURVE('',#4244,#4274,#4282,.T.);
#4282 = LINE('',#4283,#4284);
#4283 = CARTESIAN_POINT('',(3.75,5.17,0.));
#4284 = VECTOR('',#4285,1.);
#4285 = DIRECTION('',(0.,0.,1.));
#4286 = ORIENTED_EDGE('',*,*,#4243,.F.);
#4287 = PLANE('',#4288);
#4288 = AXIS2_PLACEMENT_3D('',#4289,#4290,#4291);
#4289 = CARTESIAN_POINT('',(3.75,4.67,0.));
#4290 = DIRECTION('',(-1.,0.,0.));
#4291 = DIRECTION('',(0.,1.,0.));
#4292 = ADVANCED_FACE('',(#4293),#4309,.T.);
#4293 = FACE_BOUND('',#4294,.T.);
#4294 = EDGE_LOOP('',(#4295,#4301,#4302,#4308));
#4295 = ORIENTED_EDGE('',*,*,#4296,.T.);
#4296 = EDGE_CURVE('',#4212,#4266,#4297,.T.);
#4297 = LINE('',#4298,#4299);
#4298 = CARTESIAN_POINT('',(-3.75,4.67,5.));
#4299 = VECTOR('',#4300,1.);
#4300 = DIRECTION('',(1.,0.,0.));
#4301 = ORIENTED_EDGE('',*,*,#4273,.T.);
#4302 = ORIENTED_EDGE('',*,*,#4303,.T.);
#4303 = EDGE_CURVE('',#4274,#4204,#4304,.T.);
#4304 = LINE('',#4305,#4306);
#4305 = CARTESIAN_POINT('',(3.75,5.17,5.));
#4306 = VECTOR('',#4307,1.);
#4307 = DIRECTION('',(-1.,0.,0.));
#4308 = ORIENTED_EDGE('',*,*,#4211,.T.);
#4309 = PLANE('',#4310);
#4310 = AXIS2_PLACEMENT_3D('',#4311,#4312,#4313);
#4311 = CARTESIAN_POINT('',(0.,4.92,5.));
#4312 = DIRECTION('',(0.,0.,1.));
#4313 = DIRECTION('',(1.,0.,0.));
#4314 = ADVANCED_FACE('',(#4315),#4327,.T.);
#4315 = FACE_BOUND('',#4316,.T.);
#4316 = EDGE_LOOP('',(#4317,#4318,#4319,#4320,#4321,#4322,#4323,#4324,
    #4325,#4326));
#4317 = ORIENTED_EDGE('',*,*,#4095,.T.);
#4318 = ORIENTED_EDGE('',*,*,#4134,.T.);
#4319 = ORIENTED_EDGE('',*,*,#4150,.T.);
#4320 = ORIENTED_EDGE('',*,*,#4044,.F.);
#4321 = ORIENTED_EDGE('',*,*,#4004,.F.);
#4322 = ORIENTED_EDGE('',*,*,#4235,.T.);
#4323 = ORIENTED_EDGE('',*,*,#4265,.T.);
#4324 = ORIENTED_EDGE('',*,*,#4296,.F.);
#4325 = ORIENTED_EDGE('',*,*,#4219,.F.);
#4326 = ORIENTED_EDGE('',*,*,#4182,.T.);
#4327 = PLANE('',#4328);
#4328 = AXIS2_PLACEMENT_3D('',#4329,#4330,#4331);
#4329 = CARTESIAN_POINT('',(0.,4.67,1.525227090852));
#4330 = DIRECTION('',(-0.,-1.,-0.));
#4331 = DIRECTION('',(0.,0.,-1.));
#4332 = ADVANCED_FACE('',(#4333),#4345,.T.);
#4333 = FACE_BOUND('',#4334,.T.);
#4334 = EDGE_LOOP('',(#4335,#4336,#4337,#4338,#4339,#4340,#4341,#4342,
    #4343,#4344));
#4335 = ORIENTED_EDGE('',*,*,#4022,.T.);
#4336 = ORIENTED_EDGE('',*,*,#4061,.T.);
#4337 = ORIENTED_EDGE('',*,*,#4157,.T.);
#4338 = ORIENTED_EDGE('',*,*,#4117,.F.);
#4339 = ORIENTED_EDGE('',*,*,#4077,.F.);
#4340 = ORIENTED_EDGE('',*,*,#4189,.T.);
#4341 = ORIENTED_EDGE('',*,*,#4203,.T.);
#4342 = ORIENTED_EDGE('',*,*,#4303,.F.);
#4343 = ORIENTED_EDGE('',*,*,#4281,.F.);
#4344 = ORIENTED_EDGE('',*,*,#4251,.T.);
#4345 = PLANE('',#4346);
#4346 = AXIS2_PLACEMENT_3D('',#4347,#4348,#4349);
#4347 = CARTESIAN_POINT('',(0.,5.17,1.525227090852));
#4348 = DIRECTION('',(0.,1.,0.));
#4349 = DIRECTION('',(0.,0.,1.));
#4350 = ( GEOMETRIC_REPRESENTATION_CONTEXT(3) 
GLOBAL_UNCERTAINTY_ASSIGNED_CONTEXT((#4354)) 
GLOBAL_UNIT_ASSIGNED_CONTEXT((#4351,#4352,#4353)) REPRESENTATION_CONTEXT
('Context #1','3D Context with UNIT and UNCERTAINTY') );
#4351 = ( LENGTH_UNIT() NAMED_UNIT(*) SI_UNIT(.MILLI.,.METRE.) );
#4352 = ( NAMED_UNIT(*) PLANE_ANGLE_UNIT() SI_UNIT($,.RADIAN.) );
#4353 = ( NAMED_UNIT(*) SI_UNIT($,.STERADIAN.) SOLID_ANGLE_UNIT() );
#4354 = UNCERTAINTY_MEASURE_WITH_UNIT(LENGTH_MEASURE(1.E-07),#4351,
  'distance_accuracy_value','confusion accuracy');
#4355 = PRODUCT_RELATED_PRODUCT_CATEGORY('part',$,(#3994));
#4356 = SHAPE_DEFINITION_REPRESENTATION(#4357,#4363);
#4357 = PRODUCT_DEFINITION_SHAPE('','',#4358);
#4358 = PRODUCT_DEFINITION('design','',#4359,#4362);
#4359 = PRODUCT_DEFINITION_FORMATION('','',#4360);
#4360 = PRODUCT('Hole','Hole','',(#4361));
#4361 = PRODUCT_CONTEXT('',#2,'mechanical');
#4362 = PRODUCT_DEFINITION_CONTEXT('part definition',#2,'design');
#4363 = ADVANCED_BREP_SHAPE_REPRESENTATION('',(#11,#4364),#7237);
#4364 = MANIFOLD_SOLID_BREP('',#4365);
#4365 = CLOSED_SHELL('',(#4366,#4399,#4424,#4503,#4589,#4620,#4645,#4670
    ,#4694,#4718,#4743,#4768,#4785,#4930,#5003,#5187,#5204,#5231,#5375,
    #5570,#5587,#5612,#5756,#5951,#5968,#6045,#6189,#6384,#6401,#6461,
    #6558,#6728,#6739,#6883,#7070,#7087,#7175));
#4366 = ADVANCED_FACE('',(#4367),#4394,.F.);
#4367 = FACE_BOUND('',#4368,.F.);
#4368 = EDGE_LOOP('',(#4369,#4379,#4386,#4387));
#4369 = ORIENTED_EDGE('',*,*,#4370,.T.);
#4370 = EDGE_CURVE('',#4371,#4373,#4375,.T.);
#4371 = VERTEX_POINT('',#4372);
#4372 = CARTESIAN_POINT('',(1.8,0.,15.2));
#4373 = VERTEX_POINT('',#4374);
#4374 = CARTESIAN_POINT('',(1.8,0.,9.5));
#4375 = LINE('',#4376,#4377);
#4376 = CARTESIAN_POINT('',(1.8,0.,15.5));
#4377 = VECTOR('',#4378,1.);
#4378 = DIRECTION('',(0.,0.,-1.));
#4379 = ORIENTED_EDGE('',*,*,#4380,.T.);
#4380 = EDGE_CURVE('',#4373,#4373,#4381,.T.);
#4381 = CIRCLE('',#4382,1.8);
#4382 = AXIS2_PLACEMENT_3D('',#4383,#4384,#4385);
#4383 = CARTESIAN_POINT('',(0.,0.,9.5));
#4384 = DIRECTION('',(0.,0.,1.));
#4385 = DIRECTION('',(1.,0.,0.));
#4386 = ORIENTED_EDGE('',*,*,#4370,.F.);
#4387 = ORIENTED_EDGE('',*,*,#4388,.F.);
#4388 = EDGE_CURVE('',#4371,#4371,#4389,.T.);
#4389 = CIRCLE('',#4390,1.8);
#4390 = AXIS2_PLACEMENT_3D('',#4391,#4392,#4393);
#4391 = CARTESIAN_POINT('',(0.,0.,15.2));
#4392 = DIRECTION('',(0.,0.,1.));
#4393 = DIRECTION('',(1.,0.,0.));
#4394 = CYLINDRICAL_SURFACE('',#4395,1.8);
#4395 = AXIS2_PLACEMENT_3D('',#4396,#4397,#4398);
#4396 = CARTESIAN_POINT('',(0.,0.,15.5));
#4397 = DIRECTION('',(0.,0.,1.));
#4398 = DIRECTION('',(1.,0.,0.));
#4399 = ADVANCED_FACE('',(#4400),#4419,.F.);
#4400 = FACE_BOUND('',#4401,.F.);
#4401 = EDGE_LOOP('',(#4402,#4410,#4411,#4412));
#4402 = ORIENTED_EDGE('',*,*,#4403,.F.);
#4403 = EDGE_CURVE('',#4371,#4404,#4406,.T.);
#4404 = VERTEX_POINT('',#4405);
#4405 = CARTESIAN_POINT('',(2.1,0.,15.5));
#4406 = LINE('',#4407,#4408);
#4407 = CARTESIAN_POINT('',(1.8,0.,15.2));
#4408 = VECTOR('',#4409,1.);
#4409 = DIRECTION('',(0.707106781187,0.,0.707106781187));
#4410 = ORIENTED_EDGE('',*,*,#4388,.T.);
#4411 = ORIENTED_EDGE('',*,*,#4403,.T.);
#4412 = ORIENTED_EDGE('',*,*,#4413,.F.);
#4413 = EDGE_CURVE('',#4404,#4404,#4414,.T.);
#4414 = CIRCLE('',#4415,2.1);
#4415 = AXIS2_PLACEMENT_3D('',#4416,#4417,#4418);
#4416 = CARTESIAN_POINT('',(0.,0.,15.5));
#4417 = DIRECTION('',(0.,0.,1.));
#4418 = DIRECTION('',(1.,0.,0.));
#4419 = CONICAL_SURFACE('',#4420,1.8,0.785398163397);
#4420 = AXIS2_PLACEMENT_3D('',#4421,#4422,#4423);
#4421 = CARTESIAN_POINT('',(0.,0.,15.2));
#4422 = DIRECTION('',(0.,0.,1.));
#4423 = DIRECTION('',(1.,0.,0.));
#4424 = ADVANCED_FACE('',(#4425,#4495),#4498,.T.);
#4425 = FACE_BOUND('',#4426,.T.);
#4426 = EDGE_LOOP('',(#4427,#4437,#4446,#4454,#4463,#4471,#4480,#4488));
#4427 = ORIENTED_EDGE('',*,*,#4428,.T.);
#4428 = EDGE_CURVE('',#4429,#4431,#4433,.T.);
#4429 = VERTEX_POINT('',#4430);
#4430 = CARTESIAN_POINT('',(-2.5,3.,9.5));
#4431 = VERTEX_POINT('',#4432);
#4432 = CARTESIAN_POINT('',(2.5,3.,9.5));
#4433 = LINE('',#4434,#4435);
#4434 = CARTESIAN_POINT('',(-2.9,3.,9.5));
#4435 = VECTOR('',#4436,1.);
#4436 = DIRECTION('',(1.,0.,0.));
#4437 = ORIENTED_EDGE('',*,*,#4438,.T.);
#4438 = EDGE_CURVE('',#4431,#4439,#4441,.T.);
#4439 = VERTEX_POINT('',#4440);
#4440 = CARTESIAN_POINT('',(2.9,2.6,9.5));
#4441 = CIRCLE('',#4442,0.4);
#4442 = AXIS2_PLACEMENT_3D('',#4443,#4444,#4445);
#4443 = CARTESIAN_POINT('',(2.5,2.6,9.5));
#4444 = DIRECTION('',(-0.,-0.,-1.));
#4445 = DIRECTION('',(0.,-1.,0.));
#4446 = ORIENTED_EDGE('',*,*,#4447,.T.);
#4447 = EDGE_CURVE('',#4439,#4448,#4450,.T.);
#4448 = VERTEX_POINT('',#4449);
#4449 = CARTESIAN_POINT('',(2.9,-2.6,9.5));
#4450 = LINE('',#4451,#4452);
#4451 = CARTESIAN_POINT('',(2.9,3.,9.5));
#4452 = VECTOR('',#4453,1.);
#4453 = DIRECTION('',(0.,-1.,0.));
#4454 = ORIENTED_EDGE('',*,*,#4455,.T.);
#4455 = EDGE_CURVE('',#4448,#4456,#4458,.T.);
#4456 = VERTEX_POINT('',#4457);
#4457 = CARTESIAN_POINT('',(2.5,-3.,9.5));
#4458 = CIRCLE('',#4459,0.4);
#4459 = AXIS2_PLACEMENT_3D('',#4460,#4461,#4462);
#4460 = CARTESIAN_POINT('',(2.5,-2.6,9.5));
#4461 = DIRECTION('',(-0.,-0.,-1.));
#4462 = DIRECTION('',(0.,-1.,0.));
#4463 = ORIENTED_EDGE('',*,*,#4464,.T.);
#4464 = EDGE_CURVE('',#4456,#4465,#4467,.T.);
#4465 = VERTEX_POINT('',#4466);
#4466 = CARTESIAN_POINT('',(-2.5,-3.,9.5));
#4467 = LINE('',#4468,#4469);
#4468 = CARTESIAN_POINT('',(2.9,-3.,9.5));
#4469 = VECTOR('',#4470,1.);
#4470 = DIRECTION('',(-1.,0.,0.));
#4471 = ORIENTED_EDGE('',*,*,#4472,.T.);
#4472 = EDGE_CURVE('',#4465,#4473,#4475,.T.);
#4473 = VERTEX_POINT('',#4474);
#4474 = CARTESIAN_POINT('',(-2.9,-2.6,9.5));
#4475 = CIRCLE('',#4476,0.4);
#4476 = AXIS2_PLACEMENT_3D('',#4477,#4478,#4479);
#4477 = CARTESIAN_POINT('',(-2.5,-2.6,9.5));
#4478 = DIRECTION('',(-0.,-0.,-1.));
#4479 = DIRECTION('',(0.,-1.,0.));
#4480 = ORIENTED_EDGE('',*,*,#4481,.T.);
#4481 = EDGE_CURVE('',#4473,#4482,#4484,.T.);
#4482 = VERTEX_POINT('',#4483);
#4483 = CARTESIAN_POINT('',(-2.9,2.6,9.5));
#4484 = LINE('',#4485,#4486);
#4485 = CARTESIAN_POINT('',(-2.9,-3.,9.5));
#4486 = VECTOR('',#4487,1.);
#4487 = DIRECTION('',(0.,1.,0.));
#4488 = ORIENTED_EDGE('',*,*,#4489,.F.);
#4489 = EDGE_CURVE('',#4429,#4482,#4490,.T.);
#4490 = CIRCLE('',#4491,0.4);
#4491 = AXIS2_PLACEMENT_3D('',#4492,#4493,#4494);
#4492 = CARTESIAN_POINT('',(-2.5,2.6,9.5));
#4493 = DIRECTION('',(-0.,0.,1.));
#4494 = DIRECTION('',(0.,-1.,0.));
#4495 = FACE_BOUND('',#4496,.T.);
#4496 = EDGE_LOOP('',(#4497));
#4497 = ORIENTED_EDGE('',*,*,#4380,.T.);
#4498 = PLANE('',#4499);
#4499 = AXIS2_PLACEMENT_3D('',#4500,#4501,#4502);
#4500 = CARTESIAN_POINT('',(0.,0.,9.5));
#4501 = DIRECTION('',(-0.,-0.,-1.));
#4502 = DIRECTION('',(-1.,0.,0.));
#4503 = ADVANCED_FACE('',(#4504,#4507),#4584,.T.);
#4504 = FACE_BOUND('',#4505,.T.);
#4505 = EDGE_LOOP('',(#4506));
#4506 = ORIENTED_EDGE('',*,*,#4413,.F.);
#4507 = FACE_BOUND('',#4508,.T.);
#4508 = EDGE_LOOP('',(#4509,#4543,#4552,#4569));
#4509 = ORIENTED_EDGE('',*,*,#4510,.T.);
#4510 = EDGE_CURVE('',#4511,#4513,#4515,.T.);
#4511 = VERTEX_POINT('',#4512);
#4512 = CARTESIAN_POINT('',(0.909964323228,2.51321192813,15.5));
#4513 = VERTEX_POINT('',#4514);
#4514 = CARTESIAN_POINT('',(-2.971807053029,-0.410320410855,15.5));
#4515 = B_SPLINE_CURVE_WITH_KNOTS('',6,(#4516,#4517,#4518,#4519,#4520,
    #4521,#4522,#4523,#4524,#4525,#4526,#4527,#4528,#4529,#4530,#4531,
    #4532,#4533,#4534,#4535,#4536,#4537,#4538,#4539,#4540,#4541,#4542),
  .UNSPECIFIED.,.F.,.F.,(7,5,5,5,5,7),(0.,0.222968977149,0.462619565137,
    0.719882523766,0.856739482847,1.),.UNSPECIFIED.);
#4516 = CARTESIAN_POINT('',(0.909964323228,2.51321192813,15.5));
#4517 = CARTESIAN_POINT('',(0.665277732436,2.618649245185,15.5));
#4518 = CARTESIAN_POINT('',(0.407680763919,2.69488448268,15.5));
#4519 = CARTESIAN_POINT('',(0.141764357565,2.740105941685,15.5));
#4520 = CARTESIAN_POINT('',(-0.127814661659,2.753617499229,15.5));
#4521 = CARTESIAN_POINT('',(-0.396435066987,2.735469679296,15.5));
#4522 = CARTESIAN_POINT('',(-0.942294166981,2.634307132309,15.5));
#4523 = CARTESIAN_POINT('',(-1.21883459772,2.546510693484,15.5));
#4524 = CARTESIAN_POINT('',(-1.483468721865,2.424553936315,15.5));
#4525 = CARTESIAN_POINT('',(-1.731230249308,2.270853563419,15.5));
#4526 = CARTESIAN_POINT('',(-1.957694855016,2.088536970535,15.5));
#4527 = CARTESIAN_POINT('',(-2.375482924072,1.65970391232,15.5));
#4528 = CARTESIAN_POINT('',(-2.563145705517,1.409304164586,15.5));
#4529 = CARTESIAN_POINT('',(-2.717572721363,1.135530876706,15.5));
#4530 = CARTESIAN_POINT('',(-2.835722889373,0.844068799732,15.5));
#4531 = CARTESIAN_POINT('',(-2.915571045366,0.540906509494,15.5));
#4532 = CARTESIAN_POINT('',(-2.978346306299,6.840662556335E-02,15.5));
#4533 = CARTESIAN_POINT('',(-2.989149270548,-9.719600749833E-02,15.5));
#4534 = CARTESIAN_POINT('',(-2.988867304833,-0.263390387728,15.5));
#4535 = CARTESIAN_POINT('',(-2.977516365217,-0.4292532606,15.5));
#4536 = CARTESIAN_POINT('',(-2.955213453069,-0.593877377783,15.5));
#4537 = CARTESIAN_POINT('',(-2.887585210025,-0.926473944276,15.5));
#4538 = CARTESIAN_POINT('',(-2.84122955462,-1.094251872855,15.5));
#4539 = CARTESIAN_POINT('',(-2.783351886693,-1.258689107987,15.5));
#4540 = CARTESIAN_POINT('',(-2.71430775023,-1.418821289043,15.5));
#4541 = CARTESIAN_POINT('',(-2.634556026079,-1.573739618059,15.5));
#4542 = CARTESIAN_POINT('',(-2.544653246611,-1.722592066081,15.5));
#4543 = ORIENTED_EDGE('',*,*,#4544,.T.);
#4544 = EDGE_CURVE('',#4513,#4545,#4547,.T.);
#4545 = VERTEX_POINT('',#4546);
#4546 = CARTESIAN_POINT('',(2.020238386255,-2.217800005118,15.5));
#4547 = CIRCLE('',#4548,3.);
#4548 = AXIS2_PLACEMENT_3D('',#4549,#4550,#4551);
#4549 = CARTESIAN_POINT('',(0.,0.,15.5));
#4550 = DIRECTION('',(0.,0.,1.));
#4551 = DIRECTION('',(1.,0.,0.));
#4552 = ORIENTED_EDGE('',*,*,#4553,.T.);
#4553 = EDGE_CURVE('',#4545,#4554,#4556,.T.);
#4554 = VERTEX_POINT('',#4555);
#4555 = CARTESIAN_POINT('',(2.867588292423,-9.2595351E-08,15.5));
#4556 = B_SPLINE_CURVE_WITH_KNOTS('',6,(#4557,#4558,#4559,#4560,#4561,
    #4562,#4563,#4564,#4565,#4566,#4567,#4568),.UNSPECIFIED.,.F.,.F.,(7,
    5,7),(0.,0.51819996609,1.),.UNSPECIFIED.);
#4557 = CARTESIAN_POINT('',(0.851950636359,-2.952416747411,15.5));
#4558 = CARTESIAN_POINT('',(1.166202388987,-2.843836455025,15.5));
#4559 = CARTESIAN_POINT('',(1.466269971734,-2.694422319678,15.5));
#4560 = CARTESIAN_POINT('',(1.745092435894,-2.506269013697,15.5));
#4561 = CARTESIAN_POINT('',(1.996494570572,-2.283045175551,15.5));
#4562 = CARTESIAN_POINT('',(2.214887176383,-2.029487713772,15.5));
#4563 = CARTESIAN_POINT('',(2.564104019476,-1.493935339846,15.5));
#4564 = CARTESIAN_POINT('',(2.700123628543,-1.215003636349,15.5));
#4565 = CARTESIAN_POINT('',(2.800264109601,-0.920256662188,15.5));
#4566 = CARTESIAN_POINT('',(2.86221727652,-0.615366447165,15.5));
#4567 = CARTESIAN_POINT('',(2.884595128421,-0.306421772023,15.5));
#4568 = CARTESIAN_POINT('',(2.867588292423,-9.259535139E-08,15.5));
#4569 = ORIENTED_EDGE('',*,*,#4570,.T.);
#4570 = EDGE_CURVE('',#4554,#4511,#4571,.T.);
#4571 = B_SPLINE_CURVE_WITH_KNOTS('',6,(#4572,#4573,#4574,#4575,#4576,
    #4577,#4578,#4579,#4580,#4581,#4582,#4583),.UNSPECIFIED.,.F.,.F.,(7,
    5,7),(0.,0.517178329957,1.),.UNSPECIFIED.);
#4572 = CARTESIAN_POINT('',(2.867588292423,-9.259536697E-08,15.5));
#4573 = CARTESIAN_POINT('',(2.851308982546,0.293312179012,15.5));
#4574 = CARTESIAN_POINT('',(2.798931014674,0.584501183964,15.5));
#4575 = CARTESIAN_POINT('',(2.710508915439,0.867759949736,15.5));
#4576 = CARTESIAN_POINT('',(2.587417863945,1.137563727111,15.5));
#4577 = CARTESIAN_POINT('',(2.43195341643,1.388579201475,15.5));
#4578 = CARTESIAN_POINT('',(2.075921190836,1.828200049816,15.5));
#4579 = CARTESIAN_POINT('',(1.878937039366,2.019966176041,15.5));
#4580 = CARTESIAN_POINT('',(1.659842492317,2.187229613297,15.5));
#4581 = CARTESIAN_POINT('',(1.422352365669,2.326778212019,15.5));
#4582 = CARTESIAN_POINT('',(1.170729513743,2.435987723665,15.5));
#4583 = CARTESIAN_POINT('',(0.909964323228,2.51321192813,15.5));
#4584 = PLANE('',#4585);
#4585 = AXIS2_PLACEMENT_3D('',#4586,#4587,#4588);
#4586 = CARTESIAN_POINT('',(-1.7E-16,-1.E-17,15.5));
#4587 = DIRECTION('',(0.,0.,1.));
#4588 = DIRECTION('',(0.,1.,0.));
#4589 = ADVANCED_FACE('',(#4590),#4615,.T.);
#4590 = FACE_BOUND('',#4591,.T.);
#4591 = EDGE_LOOP('',(#4592,#4593,#4601,#4609));
#4592 = ORIENTED_EDGE('',*,*,#4428,.F.);
#4593 = ORIENTED_EDGE('',*,*,#4594,.T.);
#4594 = EDGE_CURVE('',#4429,#4595,#4597,.T.);
#4595 = VERTEX_POINT('',#4596);
#4596 = CARTESIAN_POINT('',(-2.5,3.,10.));
#4597 = LINE('',#4598,#4599);
#4598 = CARTESIAN_POINT('',(-2.5,3.,9.5));
#4599 = VECTOR('',#4600,1.);
#4600 = DIRECTION('',(0.,0.,1.));
#4601 = ORIENTED_EDGE('',*,*,#4602,.T.);
#4602 = EDGE_CURVE('',#4595,#4603,#4605,.T.);
#4603 = VERTEX_POINT('',#4604);
#4604 = CARTESIAN_POINT('',(2.5,3.,10.));
#4605 = LINE('',#4606,#4607);
#4606 = CARTESIAN_POINT('',(-2.9,3.,10.));
#4607 = VECTOR('',#4608,1.);
#4608 = DIRECTION('',(1.,0.,0.));
#4609 = ORIENTED_EDGE('',*,*,#4610,.F.);
#4610 = EDGE_CURVE('',#4431,#4603,#4611,.T.);
#4611 = LINE('',#4612,#4613);
#4612 = CARTESIAN_POINT('',(2.5,3.,9.5));
#4613 = VECTOR('',#4614,1.);
#4614 = DIRECTION('',(0.,0.,1.));
#4615 = PLANE('',#4616);
#4616 = AXIS2_PLACEMENT_3D('',#4617,#4618,#4619);
#4617 = CARTESIAN_POINT('',(-2.9,3.,9.5));
#4618 = DIRECTION('',(0.,1.,0.));
#4619 = DIRECTION('',(1.,0.,0.));
#4620 = ADVANCED_FACE('',(#4621),#4640,.T.);
#4621 = FACE_BOUND('',#4622,.T.);
#4622 = EDGE_LOOP('',(#4623,#4624,#4632,#4639));
#4623 = ORIENTED_EDGE('',*,*,#4489,.T.);
#4624 = ORIENTED_EDGE('',*,*,#4625,.T.);
#4625 = EDGE_CURVE('',#4482,#4626,#4628,.T.);
#4626 = VERTEX_POINT('',#4627);
#4627 = CARTESIAN_POINT('',(-2.9,2.6,10.));
#4628 = LINE('',#4629,#4630);
#4629 = CARTESIAN_POINT('',(-2.9,2.6,9.5));
#4630 = VECTOR('',#4631,1.);
#4631 = DIRECTION('',(0.,0.,1.));
#4632 = ORIENTED_EDGE('',*,*,#4633,.F.);
#4633 = EDGE_CURVE('',#4595,#4626,#4634,.T.);
#4634 = CIRCLE('',#4635,0.4);
#4635 = AXIS2_PLACEMENT_3D('',#4636,#4637,#4638);
#4636 = CARTESIAN_POINT('',(-2.5,2.6,10.));
#4637 = DIRECTION('',(-0.,0.,1.));
#4638 = DIRECTION('',(0.,-1.,0.));
#4639 = ORIENTED_EDGE('',*,*,#4594,.F.);
#4640 = CYLINDRICAL_SURFACE('',#4641,0.4);
#4641 = AXIS2_PLACEMENT_3D('',#4642,#4643,#4644);
#4642 = CARTESIAN_POINT('',(-2.5,2.6,9.5));
#4643 = DIRECTION('',(0.,0.,1.));
#4644 = DIRECTION('',(0.,1.,0.));
#4645 = ADVANCED_FACE('',(#4646),#4665,.T.);
#4646 = FACE_BOUND('',#4647,.F.);
#4647 = EDGE_LOOP('',(#4648,#4649,#4657,#4664));
#4648 = ORIENTED_EDGE('',*,*,#4438,.T.);
#4649 = ORIENTED_EDGE('',*,*,#4650,.T.);
#4650 = EDGE_CURVE('',#4439,#4651,#4653,.T.);
#4651 = VERTEX_POINT('',#4652);
#4652 = CARTESIAN_POINT('',(2.9,2.6,10.));
#4653 = LINE('',#4654,#4655);
#4654 = CARTESIAN_POINT('',(2.9,2.6,9.5));
#4655 = VECTOR('',#4656,1.);
#4656 = DIRECTION('',(0.,0.,1.));
#4657 = ORIENTED_EDGE('',*,*,#4658,.F.);
#4658 = EDGE_CURVE('',#4603,#4651,#4659,.T.);
#4659 = CIRCLE('',#4660,0.4);
#4660 = AXIS2_PLACEMENT_3D('',#4661,#4662,#4663);
#4661 = CARTESIAN_POINT('',(2.5,2.6,10.));
#4662 = DIRECTION('',(-0.,-0.,-1.));
#4663 = DIRECTION('',(0.,-1.,0.));
#4664 = ORIENTED_EDGE('',*,*,#4610,.F.);
#4665 = CYLINDRICAL_SURFACE('',#4666,0.4);
#4666 = AXIS2_PLACEMENT_3D('',#4667,#4668,#4669);
#4667 = CARTESIAN_POINT('',(2.5,2.6,9.5));
#4668 = DIRECTION('',(0.,0.,1.));
#4669 = DIRECTION('',(0.,1.,0.));
#4670 = ADVANCED_FACE('',(#4671),#4689,.T.);
#4671 = FACE_BOUND('',#4672,.T.);
#4672 = EDGE_LOOP('',(#4673,#4674,#4682,#4688));
#4673 = ORIENTED_EDGE('',*,*,#4481,.F.);
#4674 = ORIENTED_EDGE('',*,*,#4675,.T.);
#4675 = EDGE_CURVE('',#4473,#4676,#4678,.T.);
#4676 = VERTEX_POINT('',#4677);
#4677 = CARTESIAN_POINT('',(-2.9,-2.6,10.));
#4678 = LINE('',#4679,#4680);
#4679 = CARTESIAN_POINT('',(-2.9,-2.6,9.5));
#4680 = VECTOR('',#4681,1.);
#4681 = DIRECTION('',(0.,0.,1.));
#4682 = ORIENTED_EDGE('',*,*,#4683,.T.);
#4683 = EDGE_CURVE('',#4676,#4626,#4684,.T.);
#4684 = LINE('',#4685,#4686);
#4685 = CARTESIAN_POINT('',(-2.9,-3.,10.));
#4686 = VECTOR('',#4687,1.);
#4687 = DIRECTION('',(0.,1.,0.));
#4688 = ORIENTED_EDGE('',*,*,#4625,.F.);
#4689 = PLANE('',#4690);
#4690 = AXIS2_PLACEMENT_3D('',#4691,#4692,#4693);
#4691 = CARTESIAN_POINT('',(-2.9,-3.,9.5));
#4692 = DIRECTION('',(-1.,0.,0.));
#4693 = DIRECTION('',(0.,1.,0.));
#4694 = ADVANCED_FACE('',(#4695),#4713,.T.);
#4695 = FACE_BOUND('',#4696,.T.);
#4696 = EDGE_LOOP('',(#4697,#4698,#4699,#4707));
#4697 = ORIENTED_EDGE('',*,*,#4447,.F.);
#4698 = ORIENTED_EDGE('',*,*,#4650,.T.);
#4699 = ORIENTED_EDGE('',*,*,#4700,.T.);
#4700 = EDGE_CURVE('',#4651,#4701,#4703,.T.);
#4701 = VERTEX_POINT('',#4702);
#4702 = CARTESIAN_POINT('',(2.9,-2.6,10.));
#4703 = LINE('',#4704,#4705);
#4704 = CARTESIAN_POINT('',(2.9,3.,10.));
#4705 = VECTOR('',#4706,1.);
#4706 = DIRECTION('',(0.,-1.,0.));
#4707 = ORIENTED_EDGE('',*,*,#4708,.F.);
#4708 = EDGE_CURVE('',#4448,#4701,#4709,.T.);
#4709 = LINE('',#4710,#4711);
#4710 = CARTESIAN_POINT('',(2.9,-2.6,9.5));
#4711 = VECTOR('',#4712,1.);
#4712 = DIRECTION('',(0.,0.,1.));
#4713 = PLANE('',#4714);
#4714 = AXIS2_PLACEMENT_3D('',#4715,#4716,#4717);
#4715 = CARTESIAN_POINT('',(2.9,3.,9.5));
#4716 = DIRECTION('',(1.,0.,0.));
#4717 = DIRECTION('',(0.,-1.,0.));
#4718 = ADVANCED_FACE('',(#4719),#4738,.T.);
#4719 = FACE_BOUND('',#4720,.F.);
#4720 = EDGE_LOOP('',(#4721,#4722,#4723,#4732));
#4721 = ORIENTED_EDGE('',*,*,#4472,.T.);
#4722 = ORIENTED_EDGE('',*,*,#4675,.T.);
#4723 = ORIENTED_EDGE('',*,*,#4724,.F.);
#4724 = EDGE_CURVE('',#4725,#4676,#4727,.T.);
#4725 = VERTEX_POINT('',#4726);
#4726 = CARTESIAN_POINT('',(-2.5,-3.,10.));
#4727 = CIRCLE('',#4728,0.4);
#4728 = AXIS2_PLACEMENT_3D('',#4729,#4730,#4731);
#4729 = CARTESIAN_POINT('',(-2.5,-2.6,10.));
#4730 = DIRECTION('',(-0.,-0.,-1.));
#4731 = DIRECTION('',(0.,-1.,0.));
#4732 = ORIENTED_EDGE('',*,*,#4733,.F.);
#4733 = EDGE_CURVE('',#4465,#4725,#4734,.T.);
#4734 = LINE('',#4735,#4736);
#4735 = CARTESIAN_POINT('',(-2.5,-3.,9.5));
#4736 = VECTOR('',#4737,1.);
#4737 = DIRECTION('',(0.,0.,1.));
#4738 = CYLINDRICAL_SURFACE('',#4739,0.4);
#4739 = AXIS2_PLACEMENT_3D('',#4740,#4741,#4742);
#4740 = CARTESIAN_POINT('',(-2.5,-2.6,9.5));
#4741 = DIRECTION('',(0.,0.,1.));
#4742 = DIRECTION('',(0.,-1.,0.));
#4743 = ADVANCED_FACE('',(#4744),#4763,.T.);
#4744 = FACE_BOUND('',#4745,.F.);
#4745 = EDGE_LOOP('',(#4746,#4747,#4755,#4762));
#4746 = ORIENTED_EDGE('',*,*,#4455,.T.);
#4747 = ORIENTED_EDGE('',*,*,#4748,.T.);
#4748 = EDGE_CURVE('',#4456,#4749,#4751,.T.);
#4749 = VERTEX_POINT('',#4750);
#4750 = CARTESIAN_POINT('',(2.5,-3.,10.));
#4751 = LINE('',#4752,#4753);
#4752 = CARTESIAN_POINT('',(2.5,-3.,9.5));
#4753 = VECTOR('',#4754,1.);
#4754 = DIRECTION('',(0.,0.,1.));
#4755 = ORIENTED_EDGE('',*,*,#4756,.F.);
#4756 = EDGE_CURVE('',#4701,#4749,#4757,.T.);
#4757 = CIRCLE('',#4758,0.4);
#4758 = AXIS2_PLACEMENT_3D('',#4759,#4760,#4761);
#4759 = CARTESIAN_POINT('',(2.5,-2.6,10.));
#4760 = DIRECTION('',(-0.,-0.,-1.));
#4761 = DIRECTION('',(0.,-1.,0.));
#4762 = ORIENTED_EDGE('',*,*,#4708,.F.);
#4763 = CYLINDRICAL_SURFACE('',#4764,0.4);
#4764 = AXIS2_PLACEMENT_3D('',#4765,#4766,#4767);
#4765 = CARTESIAN_POINT('',(2.5,-2.6,9.5));
#4766 = DIRECTION('',(0.,0.,1.));
#4767 = DIRECTION('',(1.,0.,0.));
#4768 = ADVANCED_FACE('',(#4769),#4780,.T.);
#4769 = FACE_BOUND('',#4770,.T.);
#4770 = EDGE_LOOP('',(#4771,#4772,#4773,#4779));
#4771 = ORIENTED_EDGE('',*,*,#4464,.F.);
#4772 = ORIENTED_EDGE('',*,*,#4748,.T.);
#4773 = ORIENTED_EDGE('',*,*,#4774,.T.);
#4774 = EDGE_CURVE('',#4749,#4725,#4775,.T.);
#4775 = LINE('',#4776,#4777);
#4776 = CARTESIAN_POINT('',(2.9,-3.,10.));
#4777 = VECTOR('',#4778,1.);
#4778 = DIRECTION('',(-1.,0.,0.));
#4779 = ORIENTED_EDGE('',*,*,#4733,.F.);
#4780 = PLANE('',#4781);
#4781 = AXIS2_PLACEMENT_3D('',#4782,#4783,#4784);
#4782 = CARTESIAN_POINT('',(2.9,-3.,9.5));
#4783 = DIRECTION('',(0.,-1.,0.));
#4784 = DIRECTION('',(-1.,0.,0.));
#4785 = ADVANCED_FACE('',(#4786),#4875,.F.);
#4786 = FACE_BOUND('',#4787,.F.);
#4787 = EDGE_LOOP('',(#4788,#4837,#4844,#4874));
#4788 = ORIENTED_EDGE('',*,*,#4789,.F.);
#4789 = EDGE_CURVE('',#4790,#4513,#4792,.T.);
#4790 = VERTEX_POINT('',#4791);
#4791 = CARTESIAN_POINT('',(3.,-1.346895E-09,15.108624749446));
#4792 = B_SPLINE_CURVE_WITH_KNOTS('',7,(#4793,#4794,#4795,#4796,#4797,
    #4798,#4799,#4800,#4801,#4802,#4803,#4804,#4805,#4806,#4807,#4808,
    #4809,#4810,#4811,#4812,#4813,#4814,#4815,#4816,#4817,#4818,#4819,
    #4820,#4821,#4822,#4823,#4824,#4825,#4826,#4827,#4828,#4829,#4830,
    #4831,#4832,#4833,#4834,#4835,#4836),.UNSPECIFIED.,.F.,.F.,(8,6,6,6,
    6,6,6,8),(0.,8.475751054452E-02,0.256558584426,0.413586939941,
    0.50898200839,0.719778093116,0.959289787831,1.),.UNSPECIFIED.);
#4793 = CARTESIAN_POINT('',(3.,-2.69380551E-09,15.108624749446));
#4794 = CARTESIAN_POINT('',(2.999999994141,0.119090623569,
    15.113363190427));
#4795 = CARTESIAN_POINT('',(2.994484478943,0.23818235631,15.11810255828)
  );
#4796 = CARTESIAN_POINT('',(2.983453543886,0.356966693814,
    15.122842091609));
#4797 = CARTESIAN_POINT('',(2.966928489695,0.475137438219,
    15.127581445612));
#4798 = CARTESIAN_POINT('',(2.944951759031,0.592391124613,
    15.132320531004));
#4799 = CARTESIAN_POINT('',(2.917586867166,0.70842745014,15.137059352934
    ));
#4800 = CARTESIAN_POINT('',(2.818700138288,1.055083067029,
    15.151402649099));
#4801 = CARTESIAN_POINT('',(2.730679145466,1.281039151969,
    15.161007883467));
#4802 = CARTESIAN_POINT('',(2.621563260537,1.498289392187,
    15.170611181205));
#4803 = CARTESIAN_POINT('',(2.492417355207,1.704500161736,
    15.180214011392));
#4804 = CARTESIAN_POINT('',(2.344595410147,1.897509499524,
    15.189818331308));
#4805 = CARTESIAN_POINT('',(2.179732001948,2.075340731129,
    15.199424302472));
#4806 = CARTESIAN_POINT('',(1.835326730673,2.383328825729,
    15.217807959405));
#4807 = CARTESIAN_POINT('',(1.65822149343,2.516310088198,15.226588167423
    ));
#4808 = CARTESIAN_POINT('',(1.469959977593,2.633860855076,
    15.235367797322));
#4809 = CARTESIAN_POINT('',(1.272164494406,2.734886253778,
    15.244146922161));
#4810 = CARTESIAN_POINT('',(1.066569620317,2.818500343319,
    15.252926365241));
#4811 = CARTESIAN_POINT('',(0.855013393774,2.884030609585,
    15.261706384205));
#4812 = CARTESIAN_POINT('',(0.508490265491,2.959628964434,
    15.275818452931));
#4813 = CARTESIAN_POINT('',(0.376042030402,2.981372950399,
    15.281151677587));
#4814 = CARTESIAN_POINT('',(0.242533030402,2.996197304451,
    15.286484808483));
#4815 = CARTESIAN_POINT('',(0.108397009037,3.004042385662,
    15.291817886828));
#4816 = CARTESIAN_POINT('',(-2.59298902202E-02,3.004882683425,
    15.297151010011));
#4817 = CARTESIAN_POINT('',(-0.16000993089,2.998726863909,
    15.302484216903));
#4818 = CARTESIAN_POINT('',(-0.588169009642,2.956650534368,
    15.319602138081));
#4819 = CARTESIAN_POINT('',(-0.879707178572,2.893720291879,
    15.331391472685));
#4820 = CARTESIAN_POINT('',(-1.163121783829,2.797264636788,
    15.343177432886));
#4821 = CARTESIAN_POINT('',(-1.433851182141,2.668634920885,
    15.354962378685));
#4822 = CARTESIAN_POINT('',(-1.687650694707,2.509848006287,
    15.366748543968));
#4823 = CARTESIAN_POINT('',(-1.920591348612,2.323586438179,
    15.37853804667));
#4824 = CARTESIAN_POINT('',(-2.366312433714,1.8745183589,15.40371295831)
  );
#4825 = CARTESIAN_POINT('',(-2.572271457527,1.60449093212,
    15.417111004247));
#4826 = CARTESIAN_POINT('',(-2.74190964531,1.308404778398,
    15.430501564418));
#4827 = CARTESIAN_POINT('',(-2.871506872213,0.992189455915,
    15.443889954346));
#4828 = CARTESIAN_POINT('',(-2.958453265571,0.662212946747,
    15.457280441822));
#4829 = CARTESIAN_POINT('',(-3.001237570509,0.325310149248,
    15.470678423837));
#4830 = CARTESIAN_POINT('',(-2.999765103399,-6.841977476772E-02,
    15.486344566705));
#4831 = CARTESIAN_POINT('',(-2.998278770984,-0.125615556499,
    15.488620536158));
#4832 = CARTESIAN_POINT('',(-2.995520152801,-0.182772592268,
    15.490896521124));
#4833 = CARTESIAN_POINT('',(-2.99149050888,-0.239856922629,
    15.493172520909));
#4834 = CARTESIAN_POINT('',(-2.986192230427,-0.29683467223,
    15.49544853467));
#4835 = CARTESIAN_POINT('',(-2.979628839811,-0.353672049811,
    15.497724561414));
#4836 = CARTESIAN_POINT('',(-2.971804990576,-0.410335348208,15.5000006)
  );
#4837 = ORIENTED_EDGE('',*,*,#4838,.T.);
#4838 = EDGE_CURVE('',#4790,#4839,#4841,.T.);
#4839 = VERTEX_POINT('',#4840);
#4840 = CARTESIAN_POINT('',(2.672877399445,-2.06901454E-07,
    15.353967022026));
#4841 = B_SPLINE_CURVE_WITH_KNOTS('',1,(#4842,#4843),.UNSPECIFIED.,.F.,
  .F.,(2,2),(0.,0.5),.PIECEWISE_BEZIER_KNOTS.);
#4842 = CARTESIAN_POINT('',(3.072877210356,4.280011234E-08,
    15.053966769907));
#4843 = CARTESIAN_POINT('',(2.672877399445,-2.0690143732E-07,
    15.353967022026));
#4844 = ORIENTED_EDGE('',*,*,#4845,.T.);
#4845 = EDGE_CURVE('',#4839,#4511,#4846,.T.);
#4846 = B_SPLINE_CURVE_WITH_KNOTS('',8,(#4847,#4848,#4849,#4850,#4851,
    #4852,#4853,#4854,#4855,#4856,#4857,#4858,#4859,#4860,#4861,#4862,
    #4863,#4864,#4865,#4866,#4867,#4868,#4869,#4870,#4871,#4872,#4873),
  .UNSPECIFIED.,.F.,.F.,(9,6,6,6,9),(0.,1.581947328539,3.163894657078,
    4.745841985618,6.327789314157),.UNSPECIFIED.);
#4847 = CARTESIAN_POINT('',(2.672877399445,-2.0690145286E-07,
    15.353967022026));
#4848 = CARTESIAN_POINT('',(2.672877003081,0.524831774715,
    15.377404118186));
#4849 = CARTESIAN_POINT('',(2.555127528587,1.049615127164,
    15.400838990217));
#4850 = CARTESIAN_POINT('',(2.319571694944,1.543623067632,
    15.424280575889));
#4851 = CARTESIAN_POINT('',(1.975932121551,1.975955846084,
    15.447717519504));
#4852 = CARTESIAN_POINT('',(1.543616698111,2.319569176632,
    15.471154359525));
#4853 = CARTESIAN_POINT('',(1.04963752903,2.555106980654,15.494591342203
    ));
#4854 = CARTESIAN_POINT('',(6.60142376685E-06,2.790645050728,
    15.541466087521));
#4855 = CARTESIAN_POINT('',(-1.049636960456,2.555108644459,
    15.588341645096));
#4856 = CARTESIAN_POINT('',(-1.543628660488,2.319571378476,
    15.611779475669));
#4857 = CARTESIAN_POINT('',(-1.975953728021,1.975946634758,
    15.635216810957));
#4858 = CARTESIAN_POINT('',(-2.31957179277,1.543623561794,
    15.658653980711));
#4859 = CARTESIAN_POINT('',(-2.555106150919,1.04963776855,
    15.682091443092));
#4860 = CARTESIAN_POINT('',(-2.790640978113,2.1747355654E-07,
    15.728966553213));
#4861 = CARTESIAN_POINT('',(-2.555106542772,-1.049637421534,
    15.775841663335));
#4862 = CARTESIAN_POINT('',(-2.319572211432,-1.543623339863,
    15.799279125716));
#4863 = CARTESIAN_POINT('',(-1.975953300435,-1.975946206848,
    15.82271629547));
#4864 = CARTESIAN_POINT('',(-1.543628612772,-2.319570290915,
    15.846153630757));
#4865 = CARTESIAN_POINT('',(-1.049637266809,-2.555108329702,
    15.869591461332));
#4866 = CARTESIAN_POINT('',(6.1898953677E-06,-2.790646033498,
    15.916467018905));
#4867 = CARTESIAN_POINT('',(1.049637222678,-2.555107603304,
    15.963341764224));
#4868 = CARTESIAN_POINT('',(1.543616355562,-2.319569493353,
    15.986778746895));
#4869 = CARTESIAN_POINT('',(1.975930911099,-1.975951677215,
    16.01021558694));
#4870 = CARTESIAN_POINT('',(2.319567594732,-1.543625774257,
    16.033652530519));
#4871 = CARTESIAN_POINT('',(2.555132882671,-1.049615683152,
    16.057094116218));
#4872 = CARTESIAN_POINT('',(2.672876788565,-0.524832151211,
    16.080528988241));
#4873 = CARTESIAN_POINT('',(2.672876384879,-1.69594504E-07,
    16.103966084401));
#4874 = ORIENTED_EDGE('',*,*,#4510,.T.);
#4875 = B_SPLINE_SURFACE_WITH_KNOTS('',1,8,(
    (#4876,#4877,#4878,#4879,#4880,#4881,#4882,#4883,#4884,#4885,#4886
      ,#4887,#4888,#4889,#4890,#4891,#4892,#4893,#4894,#4895,#4896,#4897
      ,#4898,#4899,#4900,#4901,#4902)
    ,(#4903,#4904,#4905,#4906,#4907,#4908,#4909,#4910,#4911,#4912,#4913
      ,#4914,#4915,#4916,#4917,#4918,#4919,#4920,#4921,#4922,#4923,#4924
      ,#4925,#4926,#4927,#4928,#4929
    )),.UNSPECIFIED.,.F.,.F.,.F.,(2,2),(9,6,6,6,9),(0.,0.5),(0.,
    1.581947328539,3.163894657078,4.745841985618,6.327789314157),
  .UNSPECIFIED.);
#4876 = CARTESIAN_POINT('',(3.072877210356,4.280009636E-08,
    15.053966769907));
#4877 = CARTESIAN_POINT('',(3.072877135331,0.603354975635,
    15.077404359875));
#4878 = CARTESIAN_POINT('',(2.937513288197,1.206714875853,15.10084244534
    ));
#4879 = CARTESIAN_POINT('',(2.66667848316,1.774633524289,15.124279035122
    ));
#4880 = CARTESIAN_POINT('',(2.271644864918,2.27164961598,15.14771665908)
  );
#4881 = CARTESIAN_POINT('',(1.774621925274,2.666698506926,
    15.171154306108));
#4882 = CARTESIAN_POINT('',(1.206717520406,2.937483169728,
    15.194591921359));
#4883 = CARTESIAN_POINT('',(6.12780472342E-06,3.208269955074,
    15.241466978098));
#4884 = CARTESIAN_POINT('',(-1.206715914171,2.937484573509,
    15.28834185388));
#4885 = CARTESIAN_POINT('',(-1.774632232091,2.666699055897,
    15.311779280235));
#4886 = CARTESIAN_POINT('',(-2.271658530813,2.271651558283,
    15.335216816929));
#4887 = CARTESIAN_POINT('',(-2.666701161969,1.774626389841,
    15.358654390502));
#4888 = CARTESIAN_POINT('',(-2.937482801655,1.206714960074,
    15.382091898883));
#4889 = CARTESIAN_POINT('',(-3.208265001581,-3.715579364E-08,
    15.42896687435));
#4890 = CARTESIAN_POINT('',(-2.937482808506,-1.206715035923,
    15.475841849817));
#4891 = CARTESIAN_POINT('',(-2.666701148015,-1.774626472892,
    15.499279358197));
#4892 = CARTESIAN_POINT('',(-2.27165836605,-2.271651592614,
    15.522716931771));
#4893 = CARTESIAN_POINT('',(-1.774632107928,-2.666698967869,
    15.546154468465));
#4894 = CARTESIAN_POINT('',(-1.206715832122,-2.937484578413,
    15.56959189482));
#4895 = CARTESIAN_POINT('',(6.2056869901E-06,-3.20827010491,
    15.616466770602));
#4896 = CARTESIAN_POINT('',(1.206717602455,-2.937483211766,
    15.663341827341));
#4897 = CARTESIAN_POINT('',(1.774621989935,-2.666698477428,
    15.686779442589));
#4898 = CARTESIAN_POINT('',(2.271644779938,-2.271648880806,
    15.710217089623));
#4899 = CARTESIAN_POINT('',(2.666677935815,-1.774633820069,
    15.733654713573));
#4900 = CARTESIAN_POINT('',(2.937514157398,-1.206714831862,
    15.757091303361));
#4901 = CARTESIAN_POINT('',(3.072877129066,-0.603354898346,
    15.780529388824));
#4902 = CARTESIAN_POINT('',(3.072877055672,3.448879671E-08,
    15.803966978793));
#4903 = CARTESIAN_POINT('',(2.672877399445,-2.0690145286E-07,
    15.353967022026));
#4904 = CARTESIAN_POINT('',(2.672877003081,0.524831774715,
    15.377404118186));
#4905 = CARTESIAN_POINT('',(2.555127528587,1.049615127164,
    15.400838990217));
#4906 = CARTESIAN_POINT('',(2.319571694944,1.543623067632,
    15.424280575889));
#4907 = CARTESIAN_POINT('',(1.975932121551,1.975955846084,
    15.447717519504));
#4908 = CARTESIAN_POINT('',(1.543616698111,2.319569176632,
    15.471154359525));
#4909 = CARTESIAN_POINT('',(1.04963752903,2.555106980654,15.494591342203
    ));
#4910 = CARTESIAN_POINT('',(6.60142376685E-06,2.790645050728,
    15.541466087521));
#4911 = CARTESIAN_POINT('',(-1.049636960456,2.555108644459,
    15.588341645096));
#4912 = CARTESIAN_POINT('',(-1.543628660488,2.319571378476,
    15.611779475669));
#4913 = CARTESIAN_POINT('',(-1.975953728021,1.975946634758,
    15.635216810957));
#4914 = CARTESIAN_POINT('',(-2.31957179277,1.543623561794,
    15.658653980711));
#4915 = CARTESIAN_POINT('',(-2.555106150919,1.04963776855,
    15.682091443092));
#4916 = CARTESIAN_POINT('',(-2.790640978113,2.1747355654E-07,
    15.728966553213));
#4917 = CARTESIAN_POINT('',(-2.555106542772,-1.049637421534,
    15.775841663335));
#4918 = CARTESIAN_POINT('',(-2.319572211432,-1.543623339863,
    15.799279125716));
#4919 = CARTESIAN_POINT('',(-1.975953300435,-1.975946206848,
    15.82271629547));
#4920 = CARTESIAN_POINT('',(-1.543628612772,-2.319570290915,
    15.846153630757));
#4921 = CARTESIAN_POINT('',(-1.049637266809,-2.555108329702,
    15.869591461332));
#4922 = CARTESIAN_POINT('',(6.1898953677E-06,-2.790646033498,
    15.916467018905));
#4923 = CARTESIAN_POINT('',(1.049637222678,-2.555107603304,
    15.963341764224));
#4924 = CARTESIAN_POINT('',(1.543616355562,-2.319569493353,
    15.986778746895));
#4925 = CARTESIAN_POINT('',(1.975930911099,-1.975951677215,
    16.01021558694));
#4926 = CARTESIAN_POINT('',(2.319567594732,-1.543625774257,
    16.033652530519));
#4927 = CARTESIAN_POINT('',(2.555132882671,-1.049615683152,
    16.057094116218));
#4928 = CARTESIAN_POINT('',(2.672876788565,-0.524832151211,
    16.080528988241));
#4929 = CARTESIAN_POINT('',(2.672876384879,-1.69594504E-07,
    16.103966084401));
#4930 = ADVANCED_FACE('',(#4931),#4940,.F.);
#4931 = FACE_BOUND('',#4932,.F.);
#4932 = EDGE_LOOP('',(#4933,#4934,#4939));
#4933 = ORIENTED_EDGE('',*,*,#4845,.F.);
#4934 = ORIENTED_EDGE('',*,*,#4935,.T.);
#4935 = EDGE_CURVE('',#4839,#4554,#4936,.T.);
#4936 = B_SPLINE_CURVE_WITH_KNOTS('',1,(#4937,#4938),.UNSPECIFIED.,.F.,
  .F.,(2,2),(0.,0.5),.PIECEWISE_BEZIER_KNOTS.);
#4937 = CARTESIAN_POINT('',(2.672877399445,-2.0690143721E-07,
    15.353967022026));
#4938 = CARTESIAN_POINT('',(3.072877588534,2.792084387E-08,
    15.653966769907));
#4939 = ORIENTED_EDGE('',*,*,#4570,.T.);
#4940 = B_SPLINE_SURFACE_WITH_KNOTS('',1,9,(
    (#4941,#4942,#4943,#4944,#4945,#4946,#4947,#4948,#4949,#4950,#4951
      ,#4952,#4953,#4954,#4955,#4956,#4957,#4958,#4959,#4960,#4961,#4962
      ,#4963,#4964,#4965,#4966,#4967,#4968,#4969,#4970,#4971)
    ,(#4972,#4973,#4974,#4975,#4976,#4977,#4978,#4979,#4980,#4981,#4982
      ,#4983,#4984,#4985,#4986,#4987,#4988,#4989,#4990,#4991,#4992,#4993
      ,#4994,#4995,#4996,#4997,#4998,#4999,#5000,#5001,#5002
  )),.UNSPECIFIED.,.F.,.F.,.F.,(2,2),(10,7,7,7,10),(0.,0.5),(0.,
    1.581947328539,3.163894657078,4.745841985618,6.327789314157),
  .UNSPECIFIED.);
#4941 = CARTESIAN_POINT('',(2.672877399445,-2.069014533E-07,
    15.353967022026));
#4942 = CARTESIAN_POINT('',(2.672877047122,0.466517110091,15.37479999639
    ));
#4943 = CARTESIAN_POINT('',(2.581294078475,0.932996604398,
    15.395631240877));
#4944 = CARTESIAN_POINT('',(2.398090306158,1.378953754143,
    15.416466713998));
#4945 = CARTESIAN_POINT('',(2.128660820837,1.78380794455,15.43730110012)
  );
#4946 = CARTESIAN_POINT('',(1.783791933355,2.128672881883,
    15.458133892846));
#4947 = CARTESIAN_POINT('',(1.378956975084,2.398081777972,
    15.478966687085));
#4948 = CARTESIAN_POINT('',(0.933011870407,2.581277877329,
    15.499799647238));
#4949 = CARTESIAN_POINT('',(5.89951973619E-06,2.764474246487,
    15.541466132647));
#4950 = CARTESIAN_POINT('',(-0.933009898025,2.581279356267,
    15.58313324981));
#4951 = CARTESIAN_POINT('',(-1.378964760478,2.398083800471,
    15.603966865478));
#4952 = CARTESIAN_POINT('',(-1.783809253562,2.128668743078,
    15.624800217496));
#4953 = CARTESIAN_POINT('',(-2.12867286791,1.783803046774,
    15.645633330848));
#4954 = CARTESIAN_POINT('',(-2.398083245486,1.378961630713,
    15.666466468171));
#4955 = CARTESIAN_POINT('',(-2.581276687274,0.933011373986,
    15.687299788661));
#4956 = CARTESIAN_POINT('',(-2.764470463527,2.1258853312E-07,
    15.728966553213));
#4957 = CARTESIAN_POINT('',(-2.581277035587,-0.933011017199,
    15.770633317766));
#4958 = CARTESIAN_POINT('',(-2.398083655212,-1.378961367086,
    15.791466638255));
#4959 = CARTESIAN_POINT('',(-2.128672816434,-1.78380271041,
    15.81229977558));
#4960 = CARTESIAN_POINT('',(-1.783808994807,-2.128668021989,
    15.83313288893));
#4961 = CARTESIAN_POINT('',(-1.378964830785,-2.398082970511,
    15.853966240949));
#4962 = CARTESIAN_POINT('',(-0.933010216064,-2.58127918568,
    15.874799856617));
#4963 = CARTESIAN_POINT('',(5.49967755249E-06,-2.764475137165,
    15.91646697378));
#4964 = CARTESIAN_POINT('',(0.933011552369,-2.581278539992,
    15.958133459188));
#4965 = CARTESIAN_POINT('',(1.378956851282,-2.398082874649,
    15.978966419376));
#4966 = CARTESIAN_POINT('',(1.783790577171,-2.128668963234,
    15.999799213491));
#4967 = CARTESIAN_POINT('',(2.128658857514,-1.783808574831,
    16.020632006403));
#4968 = CARTESIAN_POINT('',(2.398089150697,-1.37895506591,
    16.041466392382));
#4969 = CARTESIAN_POINT('',(2.581298195092,-0.932997120499,
    16.062301865557));
#4970 = CARTESIAN_POINT('',(2.672876743712,-0.466517486587,
    16.083133110037));
#4971 = CARTESIAN_POINT('',(2.672876384879,-1.6959450377E-07,
    16.103966084401));
#4972 = CARTESIAN_POINT('',(3.072877588535,2.792082832E-08,
    15.653966769907));
#4973 = CARTESIAN_POINT('',(3.07287686603,0.536315439719,15.674800183212
    ));
#4974 = CARTESIAN_POINT('',(2.967590082724,1.072634586245,
    15.695633981906));
#4975 = CARTESIAN_POINT('',(2.756956966509,1.585325646164,
    15.716466838519));
#4976 = CARTESIAN_POINT('',(2.447216889697,2.050754439419,
    15.737299937324));
#4977 = CARTESIAN_POINT('',(2.050745915855,2.447228563876,
    15.758133391097));
#4978 = CARTESIAN_POINT('',(1.585320215625,2.756959431096,
    15.778966844523));
#4979 = CARTESIAN_POINT('',(1.072638284397,2.967569669685,
    15.799800260996));
#4980 = CARTESIAN_POINT('',(5.56041385849E-06,3.178181359372,
    15.841466968043));
#4981 = CARTESIAN_POINT('',(-1.072635543379,2.967571411319,
    15.883133534349));
#4982 = CARTESIAN_POINT('',(-1.585326757623,2.756961009396,
    15.903966804783));
#4983 = CARTESIAN_POINT('',(-2.050758093709,2.447228248386,
    15.924800133954));
#4984 = CARTESIAN_POINT('',(-2.447232896572,2.050751204749,
    15.945633516295));
#4985 = CARTESIAN_POINT('',(-2.756961086036,1.585322281899,
    15.966466893296));
#4986 = CARTESIAN_POINT('',(-2.967569058542,1.072635356393,
    15.98730022949));
#4987 = CARTESIAN_POINT('',(-3.178177592647,8.47215619E-09,
    16.02896687435));
#4988 = CARTESIAN_POINT('',(-2.96756944267,-1.072635414871,
    16.070633519209));
#4989 = CARTESIAN_POINT('',(-2.756961459642,-1.585322461564,
    16.091466855403));
#4990 = CARTESIAN_POINT('',(-2.447232305531,-2.050751175125,
    16.112300232405));
#4991 = CARTESIAN_POINT('',(-2.050757023828,-2.447227412084,
    16.133133614744));
#4992 = CARTESIAN_POINT('',(-1.585326220794,-2.756959859392,
    16.153966943916));
#4993 = CARTESIAN_POINT('',(-1.072635413313,-2.96757135555,
    16.174800214351));
#4994 = CARTESIAN_POINT('',(5.59027736758E-06,-3.178183004936,
    16.216466780655));
#4995 = CARTESIAN_POINT('',(1.072638414463,-2.967570634582,
    16.258133487703));
#4996 = CARTESIAN_POINT('',(1.585321377126,-2.75695825498,
    16.278966904175));
#4997 = CARTESIAN_POINT('',(2.050742141625,-2.447228076639,16.2998003576
    ));
#4998 = CARTESIAN_POINT('',(2.447215618754,-2.05074776351,
    16.320633811389));
#4999 = CARTESIAN_POINT('',(2.756954491645,-1.585330221887,
    16.341466910157));
#5000 = CARTESIAN_POINT('',(2.967597947753,-1.072634822097,
    16.362299766804));
#5001 = CARTESIAN_POINT('',(3.072876435139,-0.536315392189,
    16.383133565487));
#5002 = CARTESIAN_POINT('',(3.072875714085,1.960956242E-08,
    16.403966978791));
#5003 = ADVANCED_FACE('',(#5004),#5124,.F.);
#5004 = FACE_BOUND('',#5005,.F.);
#5005 = EDGE_LOOP('',(#5006,#5038,#5045,#5122,#5123));
#5006 = ORIENTED_EDGE('',*,*,#5007,.F.);
#5007 = EDGE_CURVE('',#5008,#4839,#5010,.T.);
#5008 = VERTEX_POINT('',#5009);
#5009 = CARTESIAN_POINT('',(2.672878414016,-2.44208335E-07,
    14.60396795965));
#5010 = B_SPLINE_CURVE_WITH_KNOTS('',8,(#5011,#5012,#5013,#5014,#5015,
    #5016,#5017,#5018,#5019,#5020,#5021,#5022,#5023,#5024,#5025,#5026,
    #5027,#5028,#5029,#5030,#5031,#5032,#5033,#5034,#5035,#5036,#5037),
  .UNSPECIFIED.,.F.,.F.,(9,6,6,6,9),(0.,1.581947328539,3.163894657078,
    4.745841985618,6.327789314157),.UNSPECIFIED.);
#5011 = CARTESIAN_POINT('',(2.672878414016,-2.4420833644E-07,
    14.60396795965));
#5012 = CARTESIAN_POINT('',(2.672878024974,0.524831936576,14.62740505581
    ));
#5013 = CARTESIAN_POINT('',(2.555128513117,1.04961548997,14.65083992785)
  );
#5014 = CARTESIAN_POINT('',(2.319572596907,1.543623621192,
    14.674281513509));
#5015 = CARTESIAN_POINT('',(1.975932899184,1.975956568517,
    14.697718457125));
#5016 = CARTESIAN_POINT('',(1.543617316413,2.319570035551,
    14.721155297149));
#5017 = CARTESIAN_POINT('',(1.049637963115,2.555107935869,
    14.744592279828));
#5018 = CARTESIAN_POINT('',(6.64037403564E-06,2.790646109998,
    14.791467025147));
#5019 = CARTESIAN_POINT('',(-1.04963732321,2.555109628976,
    14.838342582721));
#5020 = CARTESIAN_POINT('',(-1.543629214035,2.319572280485,
    14.861780413292));
#5021 = CARTESIAN_POINT('',(-1.975954450474,1.975947412371,
    14.885217748582));
#5022 = CARTESIAN_POINT('',(-2.31957265169,1.54362418009,14.908654918336
    ));
#5023 = CARTESIAN_POINT('',(-2.555107106136,1.049638202628,
    14.932092380717));
#5024 = CARTESIAN_POINT('',(-2.790642037382,2.5642435018E-07,
    14.978967490838));
#5025 = CARTESIAN_POINT('',(-2.555107527289,-1.049637784284,
    15.02584260096));
#5026 = CARTESIAN_POINT('',(-2.319573113443,-1.543623893407,
    15.04928006334));
#5027 = CARTESIAN_POINT('',(-1.975954078046,-1.9759469293,
    15.072717233095));
#5028 = CARTESIAN_POINT('',(-1.543629231069,-2.319571149831,
    15.096154568384));
#5029 = CARTESIAN_POINT('',(-1.049637700889,-2.555109284918,
    15.119592398957));
#5030 = CARTESIAN_POINT('',(6.15094395972E-06,-2.79064709277,
    15.166467956529));
#5031 = CARTESIAN_POINT('',(1.049637585436,-2.555108587821,
    15.213342701848));
#5032 = CARTESIAN_POINT('',(1.543616909113,-2.319570395364,
    15.236779684522));
#5033 = CARTESIAN_POINT('',(1.97593163357,-1.975952454797,
    15.260216524565));
#5034 = CARTESIAN_POINT('',(2.319568453595,-1.543626392571,
    15.283653468151));
#5035 = CARTESIAN_POINT('',(2.555133837911,-1.049616117287,
    15.307095053834));
#5036 = CARTESIAN_POINT('',(2.67287779581,-0.524832387686,
    15.330529925867));
#5037 = CARTESIAN_POINT('',(2.672877399445,-2.0690143732E-07,
    15.353967022026));
#5038 = ORIENTED_EDGE('',*,*,#5039,.T.);
#5039 = EDGE_CURVE('',#5008,#5040,#5042,.T.);
#5040 = VERTEX_POINT('',#5041);
#5041 = CARTESIAN_POINT('',(3.,-7.431709E-09,14.849307361945));
#5042 = B_SPLINE_CURVE_WITH_KNOTS('',1,(#5043,#5044),.UNSPECIFIED.,.F.,
  .F.,(2,2),(0.,0.5),.PIECEWISE_BEZIER_KNOTS.);
#5043 = CARTESIAN_POINT('',(2.672878414016,-2.4420829126E-07,
    14.60396795965));
#5044 = CARTESIAN_POINT('',(3.072879462987,3.623235713E-08,
    14.903966561016));
#5045 = ORIENTED_EDGE('',*,*,#5046,.T.);
#5046 = EDGE_CURVE('',#5040,#4545,#5047,.T.);
#5047 = B_SPLINE_CURVE_WITH_KNOTS('',7,(#5048,#5049,#5050,#5051,#5052,
    #5053,#5054,#5055,#5056,#5057,#5058,#5059,#5060,#5061,#5062,#5063,
    #5064,#5065,#5066,#5067,#5068,#5069,#5070,#5071,#5072,#5073,#5074,
    #5075,#5076,#5077,#5078,#5079,#5080,#5081,#5082,#5083,#5084,#5085,
    #5086,#5087,#5088,#5089,#5090,#5091,#5092,#5093,#5094,#5095,#5096,
    #5097,#5098,#5099,#5100,#5101,#5102,#5103,#5104,#5105,#5106,#5107,
    #5108,#5109,#5110,#5111,#5112,#5113,#5114,#5115,#5116,#5117,#5118,
    #5119,#5120,#5121),.UNSPECIFIED.,.F.,.F.,(8,6,6,6,6,6,6,6,6,6,6,6,8)
  ,(0.,4.998116155421E-02,0.153723132247,0.236708683344,0.297917902449,
    0.429545451254,0.558075569813,0.57830112006,0.663598111201,
    0.717774335656,0.83070555657,0.895255715677,1.),.UNSPECIFIED.);
#5048 = CARTESIAN_POINT('',(3.,0.,14.849307362536));
#5049 = CARTESIAN_POINT('',(3.,0.116760580191,14.85395322973));
#5050 = CARTESIAN_POINT('',(2.994698195944,0.233522256221,14.85859841717
    ));
#5051 = CARTESIAN_POINT('',(2.984094673347,0.34999427953,14.863243395798
    ));
#5052 = CARTESIAN_POINT('',(2.968209114801,0.465888028704,
    14.867888467258));
#5053 = CARTESIAN_POINT('',(2.947080743169,0.580917382476,14.8725337829)
  );
#5054 = CARTESIAN_POINT('',(2.920768264784,0.69479909272,14.877179362788
    ));
#5055 = CARTESIAN_POINT('',(2.824136999638,1.040665225625,
    14.891467937008));
#5056 = CARTESIAN_POINT('',(2.736914493762,1.267970735933,
    14.901113294492));
#5057 = CARTESIAN_POINT('',(2.628384781058,1.486606610955,
    14.910758070378));
#5058 = CARTESIAN_POINT('',(2.499614176421,1.694206276931,
    14.920401797699));
#5059 = CARTESIAN_POINT('',(2.351963290982,1.888576086369,
    14.930045626974));
#5060 = CARTESIAN_POINT('',(2.187078476054,2.067709266536,
    14.939690292564));
#5061 = CARTESIAN_POINT('',(1.862850792874,2.359527353449,
    14.957046559871));
#5062 = CARTESIAN_POINT('',(1.70896983115,2.478363061154,14.964760417452
    ));
#5063 = CARTESIAN_POINT('',(1.546299777782,2.585441149516,
    14.972473814263));
#5064 = CARTESIAN_POINT('',(1.375924294711,2.679996502379,
    14.980186996269));
#5065 = CARTESIAN_POINT('',(1.198998673002,2.76138796222,14.987900520021
    ));
#5066 = CARTESIAN_POINT('',(1.016745487596,2.829100737486,
    14.995614528374));
#5067 = CARTESIAN_POINT('',(0.693057063716,2.922348048901,
    15.009017498522));
#5068 = CARTESIAN_POINT('',(0.553450704454,2.954290583501,
    15.014707076522));
#5069 = CARTESIAN_POINT('',(0.412155116905,2.978445151572,
    15.020396600484));
#5070 = CARTESIAN_POINT('',(0.26969168631,2.994707627062,15.026086079214
    ));
#5071 = CARTESIAN_POINT('',(0.126587388294,3.003017849546,
    15.031775593445));
#5072 = CARTESIAN_POINT('',(-1.662633163593E-02,3.003359753775,
    15.037465151951));
#5073 = CARTESIAN_POINT('',(-0.466474307584,2.979421809943,
    15.055389325765));
#5074 = CARTESIAN_POINT('',(-0.77171333727,2.92635608352,15.067629184593
    ));
#5075 = CARTESIAN_POINT('',(-1.069617150332,2.836803455928,
    15.079864365965));
#5076 = CARTESIAN_POINT('',(-1.355025894624,2.712091335378,
    15.092097905777));
#5077 = CARTESIAN_POINT('',(-1.623122793744,2.554324525714,
    15.104332927341));
#5078 = CARTESIAN_POINT('',(-1.86942846724,2.366387485651,
    15.116572683657));
#5079 = CARTESIAN_POINT('',(-2.30542257901,1.942982665493,
    15.140754428799));
#5080 = CARTESIAN_POINT('',(-2.496483439622,1.708566097683,
    15.152706440857));
#5081 = CARTESIAN_POINT('',(-2.659491778707,1.452453755997,
    15.164655006248));
#5082 = CARTESIAN_POINT('',(-2.791619965458,1.178718126799,
    15.17660252041));
#5083 = CARTESIAN_POINT('',(-2.890740021593,0.891767817849,
    15.188551251735));
#5084 = CARTESIAN_POINT('',(-2.955422376458,0.596350153898,
    15.200503560902));
#5085 = CARTESIAN_POINT('',(-2.989891903699,0.250557073452,
    15.214330768664));
#5086 = CARTESIAN_POINT('',(-2.993714660009,0.203455222934,
    15.216210774028));
#5087 = CARTESIAN_POINT('',(-2.996671625854,0.156286314636,
    15.218090769483));
#5088 = CARTESIAN_POINT('',(-2.998761427726,0.109069444404,
    15.219970754783));
#5089 = CARTESIAN_POINT('',(-2.999983219418,6.18237342162E-02,
    15.221850729735));
#5090 = CARTESIAN_POINT('',(-3.000336682023,1.456833218572E-02,
    15.223730694193));
#5091 = CARTESIAN_POINT('',(-2.997651562023,-0.231927285891,
    15.23353895689));
#5092 = CARTESIAN_POINT('',(-2.980040927431,-0.43102438246,
    15.241467698357));
#5093 = CARTESIAN_POINT('',(-2.947001900456,-0.628505297643,
    15.249395816801));
#5094 = CARTESIAN_POINT('',(-2.898724844928,-0.822941904812,
    15.257323537881));
#5095 = CARTESIAN_POINT('',(-2.835555511157,-1.01294169625,
    15.265251505021));
#5096 = CARTESIAN_POINT('',(-2.757993648562,-1.19715336576,
    15.273179941963));
#5097 = CARTESIAN_POINT('',(-2.608736966502,-1.486778066086,
    15.286143231977));
#5098 = CARTESIAN_POINT('',(-2.545222656068,-1.596426173072,
    15.291178714614));
#5099 = CARTESIAN_POINT('',(-2.476340397471,-1.702892763135,
    15.296214194379));
#5100 = CARTESIAN_POINT('',(-2.402282685721,-1.805863622558,
    15.301249697925));
#5101 = CARTESIAN_POINT('',(-2.32326426265,-1.905040172172,
    15.306285289189));
#5102 = CARTESIAN_POINT('',(-2.239521769534,-2.000139949959,
    15.31132098507));
#5103 = CARTESIAN_POINT('',(-1.967441618349,-2.280081835583,
    15.326853640475));
#5104 = CARTESIAN_POINT('',(-1.764116498494,-2.450446857932,
    15.337353271887));
#5105 = CARTESIAN_POINT('',(-1.543724642602,-2.5995057749,
    15.347851293673));
#5106 = CARTESIAN_POINT('',(-1.308966515899,-2.725274861838,
    15.358348174792));
#5107 = CARTESIAN_POINT('',(-1.062777363545,-2.826181442819,
    15.36884605805));
#5108 = CARTESIAN_POINT('',(-0.808304558433,-2.901076235121,
    15.379345565333));
#5109 = CARTESIAN_POINT('',(-0.400692433731,-2.976942167814,
    15.395842384978));
#5110 = CARTESIAN_POINT('',(-0.250821703025,-2.995841377363,
    15.401842401762));
#5111 = CARTESIAN_POINT('',(-9.99473361433E-02,-3.005932631829,
    15.407842271384));
#5112 = CARTESIAN_POINT('',(5.130979497839E-02,-3.007156089448,
    15.413842058617));
#5113 = CARTESIAN_POINT('',(0.202327618446,-2.999506723664,
    15.419841936635));
#5114 = CARTESIAN_POINT('',(0.352484385746,-2.983034332635,
    15.425841976842));
#5115 = CARTESIAN_POINT('',(0.742413531416,-2.916966955003,
    15.441577959803));
#5116 = CARTESIAN_POINT('',(0.979819739572,-2.853125844123,
    15.451315857134));
#5117 = CARTESIAN_POINT('',(1.210677891373,-2.766763786159,
    15.461052767266));
#5118 = CARTESIAN_POINT('',(1.432452125611,-2.658722198232,
    15.470789176698));
#5119 = CARTESIAN_POINT('',(1.642753965447,-2.530164669159,
    15.48052644617));
#5120 = CARTESIAN_POINT('',(1.839357800574,-2.382569412818,
    15.490264631364));
#5121 = CARTESIAN_POINT('',(2.020249534123,-2.217789850251,15.5000006));
#5122 = ORIENTED_EDGE('',*,*,#4553,.T.);
#5123 = ORIENTED_EDGE('',*,*,#4935,.F.);
#5124 = B_SPLINE_SURFACE_WITH_KNOTS('',1,9,(
    (#5125,#5126,#5127,#5128,#5129,#5130,#5131,#5132,#5133,#5134,#5135
      ,#5136,#5137,#5138,#5139,#5140,#5141,#5142,#5143,#5144,#5145,#5146
      ,#5147,#5148,#5149,#5150,#5151,#5152,#5153,#5154,#5155)
    ,(#5156,#5157,#5158,#5159,#5160,#5161,#5162,#5163,#5164,#5165,#5166
      ,#5167,#5168,#5169,#5170,#5171,#5172,#5173,#5174,#5175,#5176,#5177
      ,#5178,#5179,#5180,#5181,#5182,#5183,#5184,#5185,#5186
  )),.UNSPECIFIED.,.F.,.F.,.F.,(2,2),(10,7,7,7,10),(0.,0.5),(0.,
    1.581947328539,3.163894657078,4.745841985618,6.327789314157),
  .UNSPECIFIED.);
#5125 = CARTESIAN_POINT('',(2.672878414016,-2.44208336E-07,
    14.60396795965));
#5126 = CARTESIAN_POINT('',(2.672878068201,0.466517249822,
    14.624800934015));
#5127 = CARTESIAN_POINT('',(2.581295071307,0.932996922549,
    14.645632178508));
#5128 = CARTESIAN_POINT('',(2.398091235644,1.378954244118,
    14.666467651621));
#5129 = CARTESIAN_POINT('',(2.128661653728,1.783808591928,
    14.687302037742));
#5130 = CARTESIAN_POINT('',(1.783792640175,2.128673664977,
    14.708134830468));
#5131 = CARTESIAN_POINT('',(1.37895753198,2.39808266899,14.72896762471)
  );
#5132 = CARTESIAN_POINT('',(0.933012260588,2.581278844105,
    14.749800584864));
#5133 = CARTESIAN_POINT('',(5.93810494392E-06,2.764475295823,
    14.791467070273));
#5134 = CARTESIAN_POINT('',(-0.933010216146,2.581280349089,
    14.833134187435));
#5135 = CARTESIAN_POINT('',(-1.378965250427,2.398084729982,
    14.853967803102));
#5136 = CARTESIAN_POINT('',(-1.783809900946,2.128669575977,
    14.87480115512));
#5137 = CARTESIAN_POINT('',(-2.128673651015,1.783803753579,
    14.895634268472));
#5138 = CARTESIAN_POINT('',(-2.398084136505,1.378962187603,
    14.916467405796));
#5139 = CARTESIAN_POINT('',(-2.581277654052,0.933011764161,
    14.937300726286));
#5140 = CARTESIAN_POINT('',(-2.764471512863,2.5117410762E-07,
    14.978967490838));
#5141 = CARTESIAN_POINT('',(-2.581278028411,-0.933011335317,
    15.020634255391));
#5142 = CARTESIAN_POINT('',(-2.398084584725,-1.378961857033,
    15.041467575879));
#5143 = CARTESIAN_POINT('',(-2.128673649334,-1.783803357793,
    15.062300713207));
#5144 = CARTESIAN_POINT('',(-1.783809701612,-2.128668805091,
    15.083133826555));
#5145 = CARTESIAN_POINT('',(-1.378965387676,-2.398083861527,
    15.103967178576));
#5146 = CARTESIAN_POINT('',(-0.933010606241,-2.581280152457,
    15.124800794242));
#5147 = CARTESIAN_POINT('',(5.46109162677E-06,-2.764476186504,
    15.166467911403));
#5148 = CARTESIAN_POINT('',(0.933011870493,-2.581279532815,
    15.208134396813));
#5149 = CARTESIAN_POINT('',(1.378957341238,-2.398083804156,
    15.228967356999));
#5150 = CARTESIAN_POINT('',(1.783791224562,-2.128669796133,
    15.249800151122));
#5151 = CARTESIAN_POINT('',(2.128659640608,-1.783809281613,
    15.270632944027));
#5152 = CARTESIAN_POINT('',(2.398090041684,-1.378955622836,
    15.291467330011));
#5153 = CARTESIAN_POINT('',(2.581299161889,-0.932997510709,
    15.312302803174));
#5154 = CARTESIAN_POINT('',(2.67287775177,-0.466517700932,
    15.333134047662));
#5155 = CARTESIAN_POINT('',(2.672877399445,-2.0690143721E-07,
    15.353967022026));
#5156 = CARTESIAN_POINT('',(3.072879462987,3.623231315E-08,
    14.903966561016));
#5157 = CARTESIAN_POINT('',(3.072878739031,0.536315775114,
    14.924799974324));
#5158 = CARTESIAN_POINT('',(2.967591890066,1.072635248633,14.94563377303
    ));
#5159 = CARTESIAN_POINT('',(2.756958643916,1.585326620709,
    14.966466629631));
#5160 = CARTESIAN_POINT('',(2.447218376942,2.05075569698,14.98729972843)
  );
#5161 = CARTESIAN_POINT('',(2.050747160217,2.447230062211,
    15.008133182206));
#5162 = CARTESIAN_POINT('',(1.585321175215,2.756961117132,
    15.028966635634));
#5163 = CARTESIAN_POINT('',(1.072638930679,2.967571482801,15.04980005211
    ));
#5164 = CARTESIAN_POINT('',(5.55181724678E-06,3.17818329806,
    15.091466759158));
#5165 = CARTESIAN_POINT('',(-1.072636205709,2.967573218634,
    15.133133325461));
#5166 = CARTESIAN_POINT('',(-1.585327732117,2.756962686853,
    15.153966595893));
#5167 = CARTESIAN_POINT('',(-2.050759351283,2.447229735651,
    15.174799925065));
#5168 = CARTESIAN_POINT('',(-2.447234394932,2.050752449085,
    15.195633307406));
#5169 = CARTESIAN_POINT('',(-2.756962772072,1.585323241477,
    15.216466684409));
#5170 = CARTESIAN_POINT('',(-2.96757087166,1.072636002664,
    15.237300020603));
#5171 = CARTESIAN_POINT('',(-3.178179531333,-1.2381577E-10,
    15.278966665462));
#5172 = CARTESIAN_POINT('',(-2.967571249986,-1.072636077195,
    15.320633310321));
#5173 = CARTESIAN_POINT('',(-2.756963137102,-1.585323436055,
    15.341466646514));
#5174 = CARTESIAN_POINT('',(-2.447233792798,-2.050752432699,
    15.36230002352));
#5175 = CARTESIAN_POINT('',(-2.050758268164,-2.447228910442,
    15.383133405857));
#5176 = CARTESIAN_POINT('',(-1.585327180376,-2.756961545426,
    15.403966735031));
#5177 = CARTESIAN_POINT('',(-1.07263605959,-2.967573168667,
    15.424800005463));
#5178 = CARTESIAN_POINT('',(5.59887274045E-06,-3.178184943623,
    15.466466571765));
#5179 = CARTESIAN_POINT('',(1.072639076798,-2.967572441896,
    15.508133278814));
#5180 = CARTESIAN_POINT('',(1.585322351633,-2.75695993243,
    15.528966695287));
#5181 = CARTESIAN_POINT('',(2.050743399216,-2.447229563905,
    15.549800148718));
#5182 = CARTESIAN_POINT('',(2.447217117102,-2.05074900781,
    15.570633602506));
#5183 = CARTESIAN_POINT('',(2.756956177626,-1.585331181527,
    15.591466701272));
#5184 = CARTESIAN_POINT('',(2.967599760896,-1.072635468431,
    15.612299557905));
#5185 = CARTESIAN_POINT('',(3.072878311041,-0.536315710961,
    15.633133356601));
#5186 = CARTESIAN_POINT('',(3.072877588534,2.792084387E-08,
    15.653966769907));
#5187 = ADVANCED_FACE('',(#5188),#5199,.T.);
#5188 = FACE_BOUND('',#5189,.F.);
#5189 = EDGE_LOOP('',(#5190,#5191,#5197,#5198));
#5190 = ORIENTED_EDGE('',*,*,#5046,.F.);
#5191 = ORIENTED_EDGE('',*,*,#5192,.T.);
#5192 = EDGE_CURVE('',#5040,#4790,#5193,.T.);
#5193 = LINE('',#5194,#5195);
#5194 = CARTESIAN_POINT('',(3.,0.,11.));
#5195 = VECTOR('',#5196,1.);
#5196 = DIRECTION('',(0.,0.,1.));
#5197 = ORIENTED_EDGE('',*,*,#4789,.T.);
#5198 = ORIENTED_EDGE('',*,*,#4544,.T.);
#5199 = CYLINDRICAL_SURFACE('',#5200,3.);
#5200 = AXIS2_PLACEMENT_3D('',#5201,#5202,#5203);
#5201 = CARTESIAN_POINT('',(0.,0.,11.));
#5202 = DIRECTION('',(-0.,-0.,-1.));
#5203 = DIRECTION('',(1.,0.,0.));
#5204 = ADVANCED_FACE('',(#5205,#5215),#5226,.F.);
#5205 = FACE_BOUND('',#5206,.F.);
#5206 = EDGE_LOOP('',(#5207,#5208,#5209,#5210,#5211,#5212,#5213,#5214));
#5207 = ORIENTED_EDGE('',*,*,#4602,.T.);
#5208 = ORIENTED_EDGE('',*,*,#4658,.T.);
#5209 = ORIENTED_EDGE('',*,*,#4700,.T.);
#5210 = ORIENTED_EDGE('',*,*,#4756,.T.);
#5211 = ORIENTED_EDGE('',*,*,#4774,.T.);
#5212 = ORIENTED_EDGE('',*,*,#4724,.T.);
#5213 = ORIENTED_EDGE('',*,*,#4683,.T.);
#5214 = ORIENTED_EDGE('',*,*,#4633,.F.);
#5215 = FACE_BOUND('',#5216,.F.);
#5216 = EDGE_LOOP('',(#5217));
#5217 = ORIENTED_EDGE('',*,*,#5218,.T.);
#5218 = EDGE_CURVE('',#5219,#5219,#5221,.T.);
#5219 = VERTEX_POINT('',#5220);
#5220 = CARTESIAN_POINT('',(2.5,0.,10.));
#5221 = CIRCLE('',#5222,2.5);
#5222 = AXIS2_PLACEMENT_3D('',#5223,#5224,#5225);
#5223 = CARTESIAN_POINT('',(0.,0.,10.));
#5224 = DIRECTION('',(0.,0.,1.));
#5225 = DIRECTION('',(1.,0.,0.));
#5226 = PLANE('',#5227);
#5227 = AXIS2_PLACEMENT_3D('',#5228,#5229,#5230);
#5228 = CARTESIAN_POINT('',(0.,0.,10.));
#5229 = DIRECTION('',(-0.,-0.,-1.));
#5230 = DIRECTION('',(-1.,0.,0.));
#5231 = ADVANCED_FACE('',(#5232),#5320,.F.);
#5232 = FACE_BOUND('',#5233,.F.);
#5233 = EDGE_LOOP('',(#5234,#5313,#5318,#5319));
#5234 = ORIENTED_EDGE('',*,*,#5235,.F.);
#5235 = EDGE_CURVE('',#5236,#4790,#5238,.T.);
#5236 = VERTEX_POINT('',#5237);
#5237 = CARTESIAN_POINT('',(3.,-1.346987E-09,14.358624982959));
#5238 = B_SPLINE_CURVE_WITH_KNOTS('',7,(#5239,#5240,#5241,#5242,#5243,
    #5244,#5245,#5246,#5247,#5248,#5249,#5250,#5251,#5252,#5253,#5254,
    #5255,#5256,#5257,#5258,#5259,#5260,#5261,#5262,#5263,#5264,#5265,
    #5266,#5267,#5268,#5269,#5270,#5271,#5272,#5273,#5274,#5275,#5276,
    #5277,#5278,#5279,#5280,#5281,#5282,#5283,#5284,#5285,#5286,#5287,
    #5288,#5289,#5290,#5291,#5292,#5293,#5294,#5295,#5296,#5297,#5298,
    #5299,#5300,#5301,#5302,#5303,#5304,#5305,#5306,#5307,#5308,#5309,
    #5310,#5311,#5312),.UNSPECIFIED.,.F.,.F.,(8,6,6,6,6,6,6,6,6,6,6,6,8)
  ,(0.,4.422967670582E-02,0.133882071519,0.215825457004,0.265606399983,
    0.375600043008,0.500586318518,0.625035511508,0.731690716543,
    0.78246917756,0.867115483546,0.954289706022,1.),.UNSPECIFIED.);
#5239 = CARTESIAN_POINT('',(3.,-2.69401701E-09,14.358624982959));
#5240 = CARTESIAN_POINT('',(2.999999994141,0.119090615432,
    14.363363423616));
#5241 = CARTESIAN_POINT('',(2.994484479697,0.238182340037,14.36810279115
    ));
#5242 = CARTESIAN_POINT('',(2.983453546147,0.356966669468,
    14.372842324161));
#5243 = CARTESIAN_POINT('',(2.966928494211,0.475137405925,
    14.377581677846));
#5244 = CARTESIAN_POINT('',(2.944951766538,0.592391084559,
    14.382320762918));
#5245 = CARTESIAN_POINT('',(2.917586878383,0.708427402574,
    14.387059584526));
#5246 = CARTESIAN_POINT('',(2.818700094494,1.055083237261,
    14.401402889626));
#5247 = CARTESIAN_POINT('',(2.730679000073,1.281039535824,
    14.411008133251));
#5248 = CARTESIAN_POINT('',(2.621562973369,1.498289970806,
    14.420611440234));
#5249 = CARTESIAN_POINT('',(2.492416889512,1.704500909648,
    14.430214279668));
#5250 = CARTESIAN_POINT('',(2.344594733633,1.897510385348,14.43981860884
    ));
#5251 = CARTESIAN_POINT('',(2.17973108778,2.075341718343,14.449424589269
    ));
#5252 = CARTESIAN_POINT('',(1.835325399093,2.383329861392,
    14.467808259873));
#5253 = CARTESIAN_POINT('',(1.658219996873,2.516311090756,
    14.476588472304));
#5254 = CARTESIAN_POINT('',(1.469958313689,2.633861802505,
    14.485368106614));
#5255 = CARTESIAN_POINT('',(1.272162663887,2.734887123373,
    14.494147235862));
#5256 = CARTESIAN_POINT('',(1.066567627108,2.818501112175,14.50292668335
    ));
#5257 = CARTESIAN_POINT('',(0.85501124505,2.884031255079,14.511706706724
    ));
#5258 = CARTESIAN_POINT('',(0.508487469095,2.959629467142,
    14.525818799414));
#5259 = CARTESIAN_POINT('',(0.376038725746,2.98137340417,14.53115204363)
  );
#5260 = CARTESIAN_POINT('',(0.242529216705,2.996197657356,
    14.536485194084));
#5261 = CARTESIAN_POINT('',(0.108392690356,3.004042585578,
    14.541818291987));
#5262 = CARTESIAN_POINT('',(-2.593470499496E-02,3.004882678539,
    14.54715143473));
#5263 = CARTESIAN_POINT('',(-0.160015228059,2.998726603223,
    14.552484661183));
#5264 = CARTESIAN_POINT('',(-0.58815397649,2.956651437476,
    14.569601772799));
#5265 = CARTESIAN_POINT('',(-0.879671716342,2.893727451702,
    14.581390276708));
#5266 = CARTESIAN_POINT('',(-1.163067322161,2.797282763893,
    14.593175407489));
#5267 = CARTESIAN_POINT('',(-1.433780101091,2.668668375747,
    14.604959524161));
#5268 = CARTESIAN_POINT('',(-1.687566222131,2.509900630359,
    14.616744860047));
#5269 = CARTESIAN_POINT('',(-1.920497463954,2.323661380504,
    14.628533532161));
#5270 = CARTESIAN_POINT('',(-2.366224849374,1.874628916343,
    14.65370761493));
#5271 = CARTESIAN_POINT('',(-2.572196489235,1.604611112759,
    14.667105661033));
#5272 = CARTESIAN_POINT('',(-2.74184851063,1.308532885282,
    14.680496221334));
#5273 = CARTESIAN_POINT('',(-2.871460511687,0.992323618267,
    14.693884611238));
#5274 = CARTESIAN_POINT('',(-2.958422322211,0.662351171828,
    14.70727509863));
#5275 = CARTESIAN_POINT('',(-3.001222367984,0.325450373706,
    14.720673080444));
#5276 = CARTESIAN_POINT('',(-2.998742056797,-0.346162511192,
    14.747395919615));
#5277 = CARTESIAN_POINT('',(-2.953837904165,-0.681288819004,
    14.760737213219));
#5278 = CARTESIAN_POINT('',(-2.865204067372,-1.009254762208,
    14.774072219037));
#5279 = CARTESIAN_POINT('',(-2.734374564046,-1.323323535662,
    14.787405440306));
#5280 = CARTESIAN_POINT('',(-2.563962013801,-1.617223400436,
    14.800740362795));
#5281 = CARTESIAN_POINT('',(-2.357668704089,-1.885120862221,
    14.814081567752));
#5282 = CARTESIAN_POINT('',(-1.917525976428,-2.32498672862,
    14.838840550357));
#5283 = CARTESIAN_POINT('',(-1.691660493088,-2.505368048857,
    14.850270270841));
#5284 = CARTESIAN_POINT('',(-1.446195766104,-2.65994444713,
    14.861696971708));
#5285 = CARTESIAN_POINT('',(-1.184696747224,-2.786266462444,
    14.873121893971));
#5286 = CARTESIAN_POINT('',(-0.911031487647,-2.882465351291,
    14.88454874404));
#5287 = CARTESIAN_POINT('',(-0.629334378381,-2.94727114214,
    14.895978594674));
#5288 = CARTESIAN_POINT('',(-0.208233874275,-2.995885833728,
    14.912844919547));
#5289 = CARTESIAN_POINT('',(-7.157665253133E-02,-3.004344402723,
    14.918285094486));
#5290 = CARTESIAN_POINT('',(6.545183162084E-02,-3.005527999272,
    14.923725234258));
#5291 = CARTESIAN_POINT('',(0.202387158091,-2.999420265125,
    14.929165348625));
#5292 = CARTESIAN_POINT('',(0.338766106031,-2.986041863478,
    14.934605503594));
#5293 = CARTESIAN_POINT('',(0.474127552508,-2.965450440069,
    14.940045701462));
#5294 = CARTESIAN_POINT('',(0.831197369818,-2.891549012375,
    14.954554191155));
#5295 = CARTESIAN_POINT('',(1.050317007908,-2.82556969654,
    14.963623687357));
#5296 = CARTESIAN_POINT('',(1.263212945679,-2.74024019573,
    14.972692115798));
#5297 = CARTESIAN_POINT('',(1.467854479249,-2.636290297369,
    14.981759799975));
#5298 = CARTESIAN_POINT('',(1.662327486291,-2.514692291258,
    14.990827990822));
#5299 = CARTESIAN_POINT('',(1.844844917368,-2.376655643235,
    14.999897231608));
#5300 = CARTESIAN_POINT('',(2.187759899072,-2.066107542361,
    15.01830482581));
#5301 = CARTESIAN_POINT('',(2.347384014359,-1.892644379881,
    15.027645775435));
#5302 = CARTESIAN_POINT('',(2.490858335362,-1.704886410062,
    15.036986176443));
#5303 = CARTESIAN_POINT('',(2.616683443693,-1.504653002848,
    15.046326630775));
#5304 = CARTESIAN_POINT('',(2.723611596439,-1.293929780955,
    15.055668013737));
#5305 = CARTESIAN_POINT('',(2.810654067856,-1.074856932789,
    15.065009757751));
#5306 = CARTESIAN_POINT('',(2.912000111543,-0.731712581865,
    15.079246142619));
#5307 = CARTESIAN_POINT('',(2.941212323451,-0.61200609278,
    15.084143001659));
#5308 = CARTESIAN_POINT('',(2.964678838653,-0.49095645238,15.0890394909)
  );
#5309 = CARTESIAN_POINT('',(2.98232721419,-0.368894682579,
    15.093935610304));
#5310 = CARTESIAN_POINT('',(2.994109033078,-0.246155546217,
    15.098831538275));
#5311 = CARTESIAN_POINT('',(2.999999993834,-0.123077059209,
    15.103727685611));
#5312 = CARTESIAN_POINT('',(3.,-2.69379052E-09,15.108624749446));
#5313 = ORIENTED_EDGE('',*,*,#5314,.T.);
#5314 = EDGE_CURVE('',#5236,#5008,#5315,.T.);
#5315 = B_SPLINE_CURVE_WITH_KNOTS('',1,(#5316,#5317),.UNSPECIFIED.,.F.,
  .F.,(2,2),(0.,0.5),.PIECEWISE_BEZIER_KNOTS.);
#5316 = CARTESIAN_POINT('',(3.072877365039,5.111148615E-08,
    14.30396656102));
#5317 = CARTESIAN_POINT('',(2.672878414016,-2.4420829137E-07,
    14.60396795965));
#5318 = ORIENTED_EDGE('',*,*,#5007,.T.);
#5319 = ORIENTED_EDGE('',*,*,#4838,.F.);
#5320 = B_SPLINE_SURFACE_WITH_KNOTS('',1,8,(
    (#5321,#5322,#5323,#5324,#5325,#5326,#5327,#5328,#5329,#5330,#5331
      ,#5332,#5333,#5334,#5335,#5336,#5337,#5338,#5339,#5340,#5341,#5342
      ,#5343,#5344,#5345,#5346,#5347)
    ,(#5348,#5349,#5350,#5351,#5352,#5353,#5354,#5355,#5356,#5357,#5358
      ,#5359,#5360,#5361,#5362,#5363,#5364,#5365,#5366,#5367,#5368,#5369
      ,#5370,#5371,#5372,#5373,#5374
    )),.UNSPECIFIED.,.F.,.F.,.F.,(2,2),(9,6,6,6,9),(0.,0.5),(0.,
    1.581947328539,3.163894657078,4.745841985618,6.327789314157),
  .UNSPECIFIED.);
#5321 = CARTESIAN_POINT('',(3.072877365039,5.111144175E-08,
    14.30396656102));
#5322 = CARTESIAN_POINT('',(3.072877288383,0.603355014312,
    14.327404150989));
#5323 = CARTESIAN_POINT('',(2.937513432806,1.20671494455,14.350842236455
    ));
#5324 = CARTESIAN_POINT('',(2.666678612589,1.774633620835,
    14.374278826235));
#5325 = CARTESIAN_POINT('',(2.271644973129,2.271649736471,
    14.397716450193));
#5326 = CARTESIAN_POINT('',(1.774622007393,2.666698645964,
    14.421154097222));
#5327 = CARTESIAN_POINT('',(1.206717573206,2.93748332086,14.444591712473
    ));
#5328 = CARTESIAN_POINT('',(6.11912713713E-06,3.208270116574,
    14.491466769211));
#5329 = CARTESIAN_POINT('',(-1.20671598286,2.937484718114,
    14.538341644994));
#5330 = CARTESIAN_POINT('',(-1.774632328634,2.666699185335,
    14.561779071347));
#5331 = CARTESIAN_POINT('',(-2.271658651309,2.271651666491,
    14.585216608043));
#5332 = CARTESIAN_POINT('',(-2.666701301007,1.774626471959,
    14.608654181615));
#5333 = CARTESIAN_POINT('',(-2.937482952788,1.206715012872,
    14.632091689997));
#5334 = CARTESIAN_POINT('',(-3.20826516308,-4.583332573E-08,
    14.678966665463));
#5335 = CARTESIAN_POINT('',(-2.937482953111,-1.206715104611,
    14.72584164093));
#5336 = CARTESIAN_POINT('',(-2.666701277453,-1.774626569436,
    14.74927914931));
#5337 = CARTESIAN_POINT('',(-2.271658474258,-2.27165171311,
    14.772716722885));
#5338 = CARTESIAN_POINT('',(-1.774632190047,-2.666699106907,
    14.796154259578));
#5339 = CARTESIAN_POINT('',(-1.206715884921,-2.937484729545,
    14.819591685933));
#5340 = CARTESIAN_POINT('',(6.21436442544E-06,-3.208270266409,
    14.866466561715));
#5341 = CARTESIAN_POINT('',(1.206717671145,-2.93748335637,
    14.913341618454));
#5342 = CARTESIAN_POINT('',(1.77462208648,-2.666698606866,
    14.936779233704));
#5343 = CARTESIAN_POINT('',(2.271644900436,-2.271648989012,
    14.960216880736));
#5344 = CARTESIAN_POINT('',(2.666678074847,-1.774633902189,
    14.983654504689));
#5345 = CARTESIAN_POINT('',(2.937514308531,-1.206714884668,
    15.007091094473));
#5346 = CARTESIAN_POINT('',(3.072877285381,-0.603354920401,
    15.030529179938));
#5347 = CARTESIAN_POINT('',(3.072877210356,4.280011234E-08,
    15.053966769907));
#5348 = CARTESIAN_POINT('',(2.672878414016,-2.4420833644E-07,
    14.60396795965));
#5349 = CARTESIAN_POINT('',(2.672878024974,0.524831936576,14.62740505581
    ));
#5350 = CARTESIAN_POINT('',(2.555128513117,1.04961548997,14.65083992785)
  );
#5351 = CARTESIAN_POINT('',(2.319572596907,1.543623621192,
    14.674281513509));
#5352 = CARTESIAN_POINT('',(1.975932899184,1.975956568517,
    14.697718457125));
#5353 = CARTESIAN_POINT('',(1.543617316413,2.319570035551,
    14.721155297149));
#5354 = CARTESIAN_POINT('',(1.049637963115,2.555107935869,
    14.744592279828));
#5355 = CARTESIAN_POINT('',(6.64037403564E-06,2.790646109998,
    14.791467025147));
#5356 = CARTESIAN_POINT('',(-1.04963732321,2.555109628976,
    14.838342582721));
#5357 = CARTESIAN_POINT('',(-1.543629214035,2.319572280485,
    14.861780413292));
#5358 = CARTESIAN_POINT('',(-1.975954450474,1.975947412371,
    14.885217748582));
#5359 = CARTESIAN_POINT('',(-2.31957265169,1.54362418009,14.908654918336
    ));
#5360 = CARTESIAN_POINT('',(-2.555107106136,1.049638202628,
    14.932092380717));
#5361 = CARTESIAN_POINT('',(-2.790642037382,2.5642435018E-07,
    14.978967490838));
#5362 = CARTESIAN_POINT('',(-2.555107527289,-1.049637784284,
    15.02584260096));
#5363 = CARTESIAN_POINT('',(-2.319573113443,-1.543623893407,
    15.04928006334));
#5364 = CARTESIAN_POINT('',(-1.975954078046,-1.9759469293,
    15.072717233095));
#5365 = CARTESIAN_POINT('',(-1.543629231069,-2.319571149831,
    15.096154568384));
#5366 = CARTESIAN_POINT('',(-1.049637700889,-2.555109284918,
    15.119592398957));
#5367 = CARTESIAN_POINT('',(6.15094395972E-06,-2.79064709277,
    15.166467956529));
#5368 = CARTESIAN_POINT('',(1.049637585436,-2.555108587821,
    15.213342701848));
#5369 = CARTESIAN_POINT('',(1.543616909113,-2.319570395364,
    15.236779684522));
#5370 = CARTESIAN_POINT('',(1.97593163357,-1.975952454797,
    15.260216524565));
#5371 = CARTESIAN_POINT('',(2.319568453595,-1.543626392571,
    15.283653468151));
#5372 = CARTESIAN_POINT('',(2.555133837911,-1.049616117287,
    15.307095053834));
#5373 = CARTESIAN_POINT('',(2.67287779581,-0.524832387686,
    15.330529925867));
#5374 = CARTESIAN_POINT('',(2.672877399445,-2.0690143732E-07,
    15.353967022026));
#5375 = ADVANCED_FACE('',(#5376),#5507,.F.);
#5376 = FACE_BOUND('',#5377,.F.);
#5377 = EDGE_LOOP('',(#5378,#5410,#5417,#5506));
#5378 = ORIENTED_EDGE('',*,*,#5379,.F.);
#5379 = EDGE_CURVE('',#5380,#5008,#5382,.T.);
#5380 = VERTEX_POINT('',#5381);
#5381 = CARTESIAN_POINT('',(2.67287942859,-2.81515113E-07,
    13.853968897272));
#5382 = B_SPLINE_CURVE_WITH_KNOTS('',8,(#5383,#5384,#5385,#5386,#5387,
    #5388,#5389,#5390,#5391,#5392,#5393,#5394,#5395,#5396,#5397,#5398,
    #5399,#5400,#5401,#5402,#5403,#5404,#5405,#5406,#5407,#5408,#5409),
  .UNSPECIFIED.,.F.,.F.,(9,6,6,6,9),(0.,1.581947328539,3.163894657078,
    4.745841985618,6.327789314157),.UNSPECIFIED.);
#5383 = CARTESIAN_POINT('',(2.67287942859,-2.8151511322E-07,
    13.853968897272));
#5384 = CARTESIAN_POINT('',(2.67287904687,0.524832098437,13.877405993433
    ));
#5385 = CARTESIAN_POINT('',(2.555129497651,1.049615852777,
    13.900840865481));
#5386 = CARTESIAN_POINT('',(2.319573498875,1.543624174753,
    13.924282451127));
#5387 = CARTESIAN_POINT('',(1.97593367682,1.975957290953,13.947719394746
    ));
#5388 = CARTESIAN_POINT('',(1.543617934718,2.319570894475,
    13.971156234771));
#5389 = CARTESIAN_POINT('',(1.049638397201,2.555108891087,
    13.994593217452));
#5390 = CARTESIAN_POINT('',(6.67932411615E-06,2.790647169271,
    14.041467962772));
#5391 = CARTESIAN_POINT('',(-1.049637685967,2.555110613496,
    14.088343520343));
#5392 = CARTESIAN_POINT('',(-1.543629767584,2.319573182498,
    14.111781350914));
#5393 = CARTESIAN_POINT('',(-1.97595517293,1.975948189986,
    14.135218686204));
#5394 = CARTESIAN_POINT('',(-2.319573510613,1.543624798388,
    14.158655855959));
#5395 = CARTESIAN_POINT('',(-2.555108061356,1.049638636707,
    14.18209331834));
#5396 = CARTESIAN_POINT('',(-2.790643096656,2.9537500308E-07,
    14.228968428461));
#5397 = CARTESIAN_POINT('',(-2.555108511811,-1.049638147037,
    14.275843538583));
#5398 = CARTESIAN_POINT('',(-2.319574015457,-1.543624446954,
    14.299281000963));
#5399 = CARTESIAN_POINT('',(-1.975954855659,-1.975947651756,
    14.32271817072));
#5400 = CARTESIAN_POINT('',(-1.543629849369,-2.319572008751,
    14.346155506008));
#5401 = CARTESIAN_POINT('',(-1.049638134972,-2.555110240137,
    14.36959333658));
#5402 = CARTESIAN_POINT('',(6.11199272332E-06,-2.790648152047,
    14.41646889415));
#5403 = CARTESIAN_POINT('',(1.049637948196,-2.555109572341,
    14.46334363947));
#5404 = CARTESIAN_POINT('',(1.543617462667,-2.319571297378,
    14.486780622146));
#5405 = CARTESIAN_POINT('',(1.975932356046,-1.975953232382,
    14.510217462191));
#5406 = CARTESIAN_POINT('',(2.319569312461,-1.543627010887,
    14.533654405778));
#5407 = CARTESIAN_POINT('',(2.555134793155,-1.049616551422,
    14.557095991449));
#5408 = CARTESIAN_POINT('',(2.672878803059,-0.52483262416,14.58053086349
    ));
#5409 = CARTESIAN_POINT('',(2.672878414016,-2.4420829137E-07,
    14.60396795965));
#5410 = ORIENTED_EDGE('',*,*,#5411,.T.);
#5411 = EDGE_CURVE('',#5380,#5412,#5414,.T.);
#5412 = VERTEX_POINT('',#5413);
#5413 = CARTESIAN_POINT('',(3.,-7.432362E-09,14.09930607362));
#5414 = B_SPLINE_CURVE_WITH_KNOTS('',1,(#5415,#5416),.UNSPECIFIED.,.F.,
  .F.,(2,2),(0.,0.5),.PIECEWISE_BEZIER_KNOTS.);
#5415 = CARTESIAN_POINT('',(2.67287942859,-2.8151507847E-07,
    13.853968897272));
#5416 = CARTESIAN_POINT('',(3.072881337441,4.454405601E-08,
    14.15396635212));
#5417 = ORIENTED_EDGE('',*,*,#5418,.T.);
#5418 = EDGE_CURVE('',#5412,#5040,#5419,.T.);
#5419 = B_SPLINE_CURVE_WITH_KNOTS('',7,(#5420,#5421,#5422,#5423,#5424,
    #5425,#5426,#5427,#5428,#5429,#5430,#5431,#5432,#5433,#5434,#5435,
    #5436,#5437,#5438,#5439,#5440,#5441,#5442,#5443,#5444,#5445,#5446,
    #5447,#5448,#5449,#5450,#5451,#5452,#5453,#5454,#5455,#5456,#5457,
    #5458,#5459,#5460,#5461,#5462,#5463,#5464,#5465,#5466,#5467,#5468,
    #5469,#5470,#5471,#5472,#5473,#5474,#5475,#5476,#5477,#5478,#5479,
    #5480,#5481,#5482,#5483,#5484,#5485,#5486,#5487,#5488,#5489,#5490,
    #5491,#5492,#5493,#5494,#5495,#5496,#5497,#5498,#5499,#5500,#5501,
    #5502,#5503,#5504,#5505),.UNSPECIFIED.,.F.,.F.,(8,6,6,6,6,6,6,6,6,6,
    6,6,6,6,8),(0.,4.336299358744E-02,0.133368311896,0.205365547904,
    0.258461301659,0.372806619413,0.484583790126,0.501592031028,
    0.590592633253,0.622594493226,0.720034734382,0.77595957883,
    0.867081002362,0.955385510371,1.),.UNSPECIFIED.);
#5420 = CARTESIAN_POINT('',(3.,0.,14.099306074212));
#5421 = CARTESIAN_POINT('',(3.,0.116760599974,14.103951942192));
#5422 = CARTESIAN_POINT('',(2.994698194147,0.233522295788,
    14.108597130422));
#5423 = CARTESIAN_POINT('',(2.984094667957,0.349994338734,
    14.113242109842));
#5424 = CARTESIAN_POINT('',(2.968209104034,0.465888107251,
    14.117887182092));
#5425 = CARTESIAN_POINT('',(2.94708072527,0.580917479926,14.122532498524
    ));
#5426 = CARTESIAN_POINT('',(2.920768238034,0.694799208494,
    14.127178079201));
#5427 = CARTESIAN_POINT('',(2.824136825373,1.040665807785,
    14.141466672873));
#5428 = CARTESIAN_POINT('',(2.736914097506,1.267971742455,
    14.151112049036));
#5429 = CARTESIAN_POINT('',(2.628384082031,1.486608002255,
    14.160756843588));
#5430 = CARTESIAN_POINT('',(2.499613100934,1.69420800004,14.170400589564
    ));
#5431 = CARTESIAN_POINT('',(2.351961774552,1.888578076389,14.1800444375)
  );
#5432 = CARTESIAN_POINT('',(2.187076465422,2.067711448223,
    14.189689121766));
#5433 = CARTESIAN_POINT('',(1.862847933451,2.359529629442,14.20704541668
    ));
#5434 = CARTESIAN_POINT('',(1.708966646251,2.478365286847,14.21475928321
    ));
#5435 = CARTESIAN_POINT('',(1.546296261593,2.58544328654,14.222472688971
    ));
#5436 = CARTESIAN_POINT('',(1.37592044618,2.679998511096,14.230185879925
    ));
#5437 = CARTESIAN_POINT('',(1.198994495994,2.761389802383,
    14.237899412627));
#5438 = CARTESIAN_POINT('',(1.016740991022,2.829102368907,
    14.245613429933));
#5439 = CARTESIAN_POINT('',(0.693074304648,2.922342834338,
    14.259015493567));
#5440 = CARTESIAN_POINT('',(0.55349071161,2.954281225556,14.264704156));
#5441 = CARTESIAN_POINT('',(0.41221836388,2.97843417736,14.270392764453)
  );
#5442 = CARTESIAN_POINT('',(0.269778393433,2.994697607903,
    14.276081327722));
#5443 = CARTESIAN_POINT('',(0.126697520031,3.003011372523,
    14.281769926467));
#5444 = CARTESIAN_POINT('',(-1.649306828459E-02,3.003359393223,
    14.287458569447));
#5445 = CARTESIAN_POINT('',(-0.466714624813,2.979425057305,
    14.305397579076));
#5446 = CARTESIAN_POINT('',(-0.772347549386,2.92625954071,
    14.317653222551));
#5447 = CARTESIAN_POINT('',(-1.070621001278,2.836512844697,
    14.329904158681));
#5448 = CARTESIAN_POINT('',(-1.356355360331,2.711518849109,
    14.342153445908));
#5449 = CARTESIAN_POINT('',(-1.624716162968,2.553392450977,
    14.354404222918));
#5450 = CARTESIAN_POINT('',(-1.871208230614,2.365031902215,
    14.366659766028));
#5451 = CARTESIAN_POINT('',(-2.307630291377,1.940471137544,
    14.390885784033));
#5452 = CARTESIAN_POINT('',(-2.498884450835,1.705267162237,
    14.402866372522));
#5453 = CARTESIAN_POINT('',(-2.66192372892,1.448296727425,
    14.414843468221));
#5454 = CARTESIAN_POINT('',(-2.793905872669,1.173665776599,
    14.42681949907));
#5455 = CARTESIAN_POINT('',(-2.892695269606,0.885818100718,
    14.438796755045));
#5456 = CARTESIAN_POINT('',(-2.956861597085,0.589538219867,
    14.450777631304));
#5457 = CARTESIAN_POINT('',(-2.990379706502,0.244390200205,
    14.464575578583));
#5458 = CARTESIAN_POINT('',(-2.993994507098,0.198728852968,
    14.466397816416));
#5459 = CARTESIAN_POINT('',(-2.99679580139,0.153006024468,
    14.468220044954));
#5460 = CARTESIAN_POINT('',(-2.998782368075,0.10723910685,
    14.470042263943));
#5461 = CARTESIAN_POINT('',(-2.999953451434,6.144551563683E-02,
    14.471864473144));
#5462 = CARTESIAN_POINT('',(-3.000308761338,1.564268972978E-02,
    14.473686672339));
#5463 = CARTESIAN_POINT('',(-2.99743988096,-0.269785557531,
    14.485043998908));
#5464 = CARTESIAN_POINT('',(-2.972697989525,-0.509233764691,
    14.494580399907));
#5465 = CARTESIAN_POINT('',(-2.925636320399,-0.745928383822,
    14.504115434309));
#5466 = CARTESIAN_POINT('',(-2.85665236422,-0.977391573977,
    14.513649627061));
#5467 = CARTESIAN_POINT('',(-2.766458990701,-1.201231446544,
    14.523184536796));
#5468 = CARTESIAN_POINT('',(-2.656080040671,-1.415156842296,
    14.53272067374));
#5469 = CARTESIAN_POINT('',(-2.480464590421,-1.689591827316,
    14.545683869491));
#5470 = CARTESIAN_POINT('',(-2.431586727584,-1.760616238478,
    14.549112307112));
#5471 = CARTESIAN_POINT('',(-2.380339388746,-1.829986259427,
    14.552540771227));
#5472 = CARTESIAN_POINT('',(-2.32679002888,-1.897607303082,
    14.555969262249));
#5473 = CARTESIAN_POINT('',(-2.27101068093,-1.963388407772,
    14.559397779453));
#5474 = CARTESIAN_POINT('',(-2.213077955804,-2.02724223724,
    14.562826320978));
#5475 = CARTESIAN_POINT('',(-1.970368248376,-2.277386060022,
    14.576694276741));
#5476 = CARTESIAN_POINT('',(-1.768407761097,-2.447088888638,
    14.587136275945));
#5477 = CARTESIAN_POINT('',(-1.549536628177,-2.595746754881,
    14.597576709792));
#5478 = CARTESIAN_POINT('',(-1.316407285765,-2.721403485666,
    14.608016036984));
#5479 = CARTESIAN_POINT('',(-1.071903120299,-2.822504897321,
    14.618456337436));
#5480 = CARTESIAN_POINT('',(-0.819116362983,-2.897910751945,
    14.628898207598));
#5481 = CARTESIAN_POINT('',(-0.413455310693,-2.975185799286,
    14.645329121483));
#5482 = CARTESIAN_POINT('',(-0.263876442648,-2.994702064426,
    14.651320789703));
#5483 = CARTESIAN_POINT('',(-0.113258814283,-3.005439337258,
    14.657312310702));
#5484 = CARTESIAN_POINT('',(3.777954654421E-02,-3.007335340689,
    14.663303747726));
#5485 = CARTESIAN_POINT('',(0.188619191059,-3.000382307359,
    14.669295272606));
#5486 = CARTESIAN_POINT('',(0.338640755052,-2.984626989049,
    14.675286956907));
#5487 = CARTESIAN_POINT('',(0.729325329052,-2.920322634625,
    14.691041016394));
#5488 = CARTESIAN_POINT('',(0.96766524353,-2.857367168402,
    14.700805365764));
#5489 = CARTESIAN_POINT('',(1.199520718089,-2.771738583263,
    14.71056871283));
#5490 = CARTESIAN_POINT('',(1.422331514988,-2.66427435398,
    14.720331553997));
#5491 = CARTESIAN_POINT('',(1.633685052271,-2.536138082728,
    14.730095276094));
#5492 = CARTESIAN_POINT('',(1.831332132075,-2.38881192249,
    14.739859942473));
#5493 = CARTESIAN_POINT('',(2.189516503098,-2.064595063625,
    14.759083002224));
#5494 = CARTESIAN_POINT('',(2.351070396514,-1.88870640147,
    14.768544587795));
#5495 = CARTESIAN_POINT('',(2.496031121593,-1.698166181764,
    14.77800447224));
#5496 = CARTESIAN_POINT('',(2.622843388485,-1.494868715175,
    14.78746286213));
#5497 = CARTESIAN_POINT('',(2.730216933087,-1.280882344309,
    14.796921727477));
#5498 = CARTESIAN_POINT('',(2.817134420832,-1.058436969138,
    14.806382615332));
#5499 = CARTESIAN_POINT('',(2.916147350495,-0.714503958643,
    14.820623276463));
#5500 = CARTESIAN_POINT('',(2.943988333106,-0.597508487701,
    14.825403574888));
#5501 = CARTESIAN_POINT('',(2.966348928465,-0.47926364847,
    14.830184204791));
#5502 = CARTESIAN_POINT('',(2.983163380601,-0.360077580948,
    14.834965177662));
#5503 = CARTESIAN_POINT('',(2.994387752922,-0.240261713752,
    14.839746388302));
#5504 = CARTESIAN_POINT('',(2.999999993441,-0.120130310278,
    14.844527422037));
#5505 = CARTESIAN_POINT('',(3.,-1.48634185E-08,14.849307361945));
#5506 = ORIENTED_EDGE('',*,*,#5039,.F.);
#5507 = B_SPLINE_SURFACE_WITH_KNOTS('',1,9,(
    (#5508,#5509,#5510,#5511,#5512,#5513,#5514,#5515,#5516,#5517,#5518
      ,#5519,#5520,#5521,#5522,#5523,#5524,#5525,#5526,#5527,#5528,#5529
      ,#5530,#5531,#5532,#5533,#5534,#5535,#5536,#5537,#5538)
    ,(#5539,#5540,#5541,#5542,#5543,#5544,#5545,#5546,#5547,#5548,#5549
      ,#5550,#5551,#5552,#5553,#5554,#5555,#5556,#5557,#5558,#5559,#5560
      ,#5561,#5562,#5563,#5564,#5565,#5566,#5567,#5568,#5569
  )),.UNSPECIFIED.,.F.,.F.,.F.,(2,2),(10,7,7,7,10),(0.,0.5),(0.,
    1.581947328539,3.163894657078,4.745841985618,6.327789314157),
  .UNSPECIFIED.);
#5508 = CARTESIAN_POINT('',(2.67287942859,-2.8151511389E-07,
    13.853968897272));
#5509 = CARTESIAN_POINT('',(2.672879089283,0.466517389553,
    13.874801871637));
#5510 = CARTESIAN_POINT('',(2.581296064144,0.932997240702,
    13.895633116137));
#5511 = CARTESIAN_POINT('',(2.398092165133,1.378954734094,
    13.916468589245));
#5512 = CARTESIAN_POINT('',(2.128662486622,1.783809239309,13.93730297536
    ));
#5513 = CARTESIAN_POINT('',(1.783793346997,2.128674448074,13.95813576809
    ));
#5514 = CARTESIAN_POINT('',(1.378958088879,2.398083560012,
    13.978968562332));
#5515 = CARTESIAN_POINT('',(0.93301265077,2.581279810885,13.999801522488
    ));
#5516 = CARTESIAN_POINT('',(5.97668999647E-06,2.764476345163,
    14.041468007897));
#5517 = CARTESIAN_POINT('',(-0.933010534268,2.581281341916,
    14.083135125058));
#5518 = CARTESIAN_POINT('',(-1.378965740378,2.398085659497,
    14.103968740724));
#5519 = CARTESIAN_POINT('',(-1.783810548332,2.12867040888,
    14.124802092741));
#5520 = CARTESIAN_POINT('',(-2.128674434123,1.783804460387,
    14.145635206095));
#5521 = CARTESIAN_POINT('',(-2.398085027528,1.378962744494,
    14.166468343419));
#5522 = CARTESIAN_POINT('',(-2.581278620834,0.933012154337,
    14.187301663909));
#5523 = CARTESIAN_POINT('',(-2.764472562204,2.8975946115E-07,
    14.228968428461));
#5524 = CARTESIAN_POINT('',(-2.581279021238,-0.933011653436,
    14.270635193014));
#5525 = CARTESIAN_POINT('',(-2.398085514241,-1.378962346982,
    14.291468513501));
#5526 = CARTESIAN_POINT('',(-2.128674482236,-1.783804005178,
    14.31230165083));
#5527 = CARTESIAN_POINT('',(-1.783810408419,-2.128669588198,
    14.333134764178));
#5528 = CARTESIAN_POINT('',(-1.37896594457,-2.398084752547,14.3539681162
    ));
#5529 = CARTESIAN_POINT('',(-0.93301099642,-2.581281119238,
    14.374801731865));
#5530 = CARTESIAN_POINT('',(5.42250593521E-06,-2.764477235846,
    14.416468849025));
#5531 = CARTESIAN_POINT('',(0.933012188618,-2.581280525642,
    14.458135334435));
#5532 = CARTESIAN_POINT('',(1.378957831195,-2.398084733667,
    14.478968294623));
#5533 = CARTESIAN_POINT('',(1.783791871956,-2.128670629035,
    14.499801088747));
#5534 = CARTESIAN_POINT('',(2.128660423708,-1.783809988396,
    14.520633881654));
#5535 = CARTESIAN_POINT('',(2.398090932674,-1.378956179764,
    14.541468267634));
#5536 = CARTESIAN_POINT('',(2.581300128689,-0.93299790092,
    14.562303740791));
#5537 = CARTESIAN_POINT('',(2.672878759832,-0.466517915277,
    14.583134985286));
#5538 = CARTESIAN_POINT('',(2.672878414016,-2.4420829126E-07,
    14.60396795965));
#5539 = CARTESIAN_POINT('',(3.072881337441,4.454402136E-08,
    14.15396635212));
#5540 = CARTESIAN_POINT('',(3.072880612034,0.536316110509,14.17479976543
    ));
#5541 = CARTESIAN_POINT('',(2.96759369741,1.072635911022,14.195633564148
    ));
#5542 = CARTESIAN_POINT('',(2.756960321325,1.585327595255,
    14.216466420737));
#5543 = CARTESIAN_POINT('',(2.447219864187,2.050756954543,
    14.237299519529));
#5544 = CARTESIAN_POINT('',(2.050748404581,2.447231560547,
    14.258132973309));
#5545 = CARTESIAN_POINT('',(1.585322134805,2.756962803169,14.27896642674
    ));
#5546 = CARTESIAN_POINT('',(1.072639576962,2.967573295919,
    14.299799843218));
#5547 = CARTESIAN_POINT('',(5.5432203058E-06,3.17818523675,
    14.341466550267));
#5548 = CARTESIAN_POINT('',(-1.072636868039,2.96757502595,
    14.383133116568));
#5549 = CARTESIAN_POINT('',(-1.585328706613,2.756964364311,
    14.403966386999));
#5550 = CARTESIAN_POINT('',(-2.050760608859,2.447231222916,
    14.424799716169));
#5551 = CARTESIAN_POINT('',(-2.447235893293,2.050753693422,
    14.445633098513));
#5552 = CARTESIAN_POINT('',(-2.756964458111,1.585324201055,
    14.466466475515));
#5553 = CARTESIAN_POINT('',(-2.96757268478,1.072636648936,
    14.487299811711));
#5554 = CARTESIAN_POINT('',(-3.178181470021,-8.7201997E-09,
    14.528966456568));
#5555 = CARTESIAN_POINT('',(-2.967573057303,-1.07263673952,
    14.570633101428));
#5556 = CARTESIAN_POINT('',(-2.756964814565,-1.585324410547,
    14.59146643762));
#5557 = CARTESIAN_POINT('',(-2.447235280065,-2.050753690274,
    14.612299814628));
#5558 = CARTESIAN_POINT('',(-2.050759512502,-2.447230408802,
    14.633133196965));
#5559 = CARTESIAN_POINT('',(-1.585328139958,-2.75696323146,
    14.65396652614));
#5560 = CARTESIAN_POINT('',(-1.072636705867,-2.967574981785,
    14.67479979657));
#5561 = CARTESIAN_POINT('',(5.60746850305E-06,-3.178186882312,
    14.71646636287));
#5562 = CARTESIAN_POINT('',(1.072639739134,-2.967574249211,
    14.758133069919));
#5563 = CARTESIAN_POINT('',(1.585323326142,-2.756961609882,
    14.778966486395));
#5564 = CARTESIAN_POINT('',(2.050744656806,-2.447231051174,
    14.799799939829));
#5565 = CARTESIAN_POINT('',(2.447218615454,-2.05075025211,
    14.820633393619));
#5566 = CARTESIAN_POINT('',(2.756957863607,-1.585332141169,
    14.84146649238));
#5567 = CARTESIAN_POINT('',(2.967601574041,-1.072636114766,14.862299349)
  );
#5568 = CARTESIAN_POINT('',(3.072880186944,-0.536316029733,
    14.883133147708));
#5569 = CARTESIAN_POINT('',(3.072879462987,3.623235713E-08,
    14.903966561016));
#5570 = ADVANCED_FACE('',(#5571),#5582,.T.);
#5571 = FACE_BOUND('',#5572,.F.);
#5572 = EDGE_LOOP('',(#5573,#5574,#5580,#5581));
#5573 = ORIENTED_EDGE('',*,*,#5418,.F.);
#5574 = ORIENTED_EDGE('',*,*,#5575,.T.);
#5575 = EDGE_CURVE('',#5412,#5236,#5576,.T.);
#5576 = LINE('',#5577,#5578);
#5577 = CARTESIAN_POINT('',(3.,0.,11.));
#5578 = VECTOR('',#5579,1.);
#5579 = DIRECTION('',(0.,0.,1.));
#5580 = ORIENTED_EDGE('',*,*,#5235,.T.);
#5581 = ORIENTED_EDGE('',*,*,#5192,.F.);
#5582 = CYLINDRICAL_SURFACE('',#5583,3.);
#5583 = AXIS2_PLACEMENT_3D('',#5584,#5585,#5586);
#5584 = CARTESIAN_POINT('',(0.,0.,11.));
#5585 = DIRECTION('',(-0.,-0.,-1.));
#5586 = DIRECTION('',(1.,0.,0.));
#5587 = ADVANCED_FACE('',(#5588),#5607,.T.);
#5588 = FACE_BOUND('',#5589,.F.);
#5589 = EDGE_LOOP('',(#5590,#5598,#5605,#5606));
#5590 = ORIENTED_EDGE('',*,*,#5591,.T.);
#5591 = EDGE_CURVE('',#5219,#5592,#5594,.T.);
#5592 = VERTEX_POINT('',#5593);
#5593 = CARTESIAN_POINT('',(2.5,0.,11.));
#5594 = LINE('',#5595,#5596);
#5595 = CARTESIAN_POINT('',(2.5,0.,10.));
#5596 = VECTOR('',#5597,1.);
#5597 = DIRECTION('',(0.,0.,1.));
#5598 = ORIENTED_EDGE('',*,*,#5599,.T.);
#5599 = EDGE_CURVE('',#5592,#5592,#5600,.T.);
#5600 = CIRCLE('',#5601,2.5);
#5601 = AXIS2_PLACEMENT_3D('',#5602,#5603,#5604);
#5602 = CARTESIAN_POINT('',(0.,0.,11.));
#5603 = DIRECTION('',(0.,0.,1.));
#5604 = DIRECTION('',(1.,0.,0.));
#5605 = ORIENTED_EDGE('',*,*,#5591,.F.);
#5606 = ORIENTED_EDGE('',*,*,#5218,.F.);
#5607 = CYLINDRICAL_SURFACE('',#5608,2.5);
#5608 = AXIS2_PLACEMENT_3D('',#5609,#5610,#5611);
#5609 = CARTESIAN_POINT('',(0.,0.,10.));
#5610 = DIRECTION('',(-0.,-0.,-1.));
#5611 = DIRECTION('',(1.,0.,0.));
#5612 = ADVANCED_FACE('',(#5613),#5701,.F.);
#5613 = FACE_BOUND('',#5614,.F.);
#5614 = EDGE_LOOP('',(#5615,#5694,#5699,#5700));
#5615 = ORIENTED_EDGE('',*,*,#5616,.F.);
#5616 = EDGE_CURVE('',#5617,#5236,#5619,.T.);
#5617 = VERTEX_POINT('',#5618);
#5618 = CARTESIAN_POINT('',(3.,-1.347113E-09,13.608625216474));
#5619 = B_SPLINE_CURVE_WITH_KNOTS('',7,(#5620,#5621,#5622,#5623,#5624,
    #5625,#5626,#5627,#5628,#5629,#5630,#5631,#5632,#5633,#5634,#5635,
    #5636,#5637,#5638,#5639,#5640,#5641,#5642,#5643,#5644,#5645,#5646,
    #5647,#5648,#5649,#5650,#5651,#5652,#5653,#5654,#5655,#5656,#5657,
    #5658,#5659,#5660,#5661,#5662,#5663,#5664,#5665,#5666,#5667,#5668,
    #5669,#5670,#5671,#5672,#5673,#5674,#5675,#5676,#5677,#5678,#5679,
    #5680,#5681,#5682,#5683,#5684,#5685,#5686,#5687,#5688,#5689,#5690,
    #5691,#5692,#5693),.UNSPECIFIED.,.F.,.F.,(8,6,6,6,6,6,6,6,6,6,6,6,8)
  ,(0.,4.422964939643E-02,0.133882050805,0.21582541675,0.265606454328,
    0.375592964586,0.500579169304,0.625005953416,0.730226204005,
    0.782952784587,0.867734892946,0.954299720517,1.),.UNSPECIFIED.);
#5620 = CARTESIAN_POINT('',(3.,-2.6942617E-09,13.608625216474));
#5621 = CARTESIAN_POINT('',(2.999999994141,0.119090609604,
    13.613363656899));
#5622 = CARTESIAN_POINT('',(2.994484480237,0.23818232838,13.618103024206
    ));
#5623 = CARTESIAN_POINT('',(2.983453547766,0.356966652027,
    13.622842556991));
#5624 = CARTESIAN_POINT('',(2.966928497446,0.475137382791,
    13.627581910449));
#5625 = CARTESIAN_POINT('',(2.944951771916,0.592391055866,
    13.632320995293));
#5626 = CARTESIAN_POINT('',(2.917586886419,0.708427368501,
    13.637059816671));
#5627 = CARTESIAN_POINT('',(2.818700066325,1.055083347976,
    13.651403127706));
#5628 = CARTESIAN_POINT('',(2.730678904439,1.281039788926,
    13.661008377496));
#5629 = CARTESIAN_POINT('',(2.6215627835,1.498290353756,13.670611690635)
  );
#5630 = CARTESIAN_POINT('',(2.492416580912,1.704501405496,
    13.680214536225));
#5631 = CARTESIAN_POINT('',(2.34459428478,1.897510973206,13.689818871562
    ));
#5632 = CARTESIAN_POINT('',(2.179730480783,2.0753423739,13.699424858163)
  );
#5633 = CARTESIAN_POINT('',(1.83532451505,2.383330548906,13.717808537834
    ));
#5634 = CARTESIAN_POINT('',(1.658219003888,2.516311755866,
    13.726588753167));
#5635 = CARTESIAN_POINT('',(1.469957210259,2.63386243069,13.735368390379
    ));
#5636 = CARTESIAN_POINT('',(1.272161450555,2.734887699673,
    13.744147522526));
#5637 = CARTESIAN_POINT('',(1.066566306516,2.818501621501,
    13.752926972913));
#5638 = CARTESIAN_POINT('',(0.855009821981,2.884031682538,
    13.761706999185));
#5639 = CARTESIAN_POINT('',(0.508485612402,2.959629801122,
    13.775819107939));
#5640 = CARTESIAN_POINT('',(0.376036527106,2.981373706358,
    13.781152365321));
#5641 = CARTESIAN_POINT('',(0.242526675532,2.996197892805,
    13.786485528941));
#5642 = CARTESIAN_POINT('',(0.108389809321,3.004042719207,
    13.791818640009));
#5643 = CARTESIAN_POINT('',(-2.593791996829E-02,3.004882675472,
    13.797151795918));
#5644 = CARTESIAN_POINT('',(-0.16001876781,2.998726429127,
    13.802485035539));
#5645 = CARTESIAN_POINT('',(-0.588138845553,2.956652540522,
    13.819601402868));
#5646 = CARTESIAN_POINT('',(-0.879637951763,2.893734408181,
    13.831389147879));
#5647 = CARTESIAN_POINT('',(-1.163016245734,2.797299873146,
    13.843173520928));
#5648 = CARTESIAN_POINT('',(-1.43371390212,2.668699615084,
    13.854956880137));
#5649 = CARTESIAN_POINT('',(-1.687487863452,2.509949501115,
    13.866741458316));
#5650 = CARTESIAN_POINT('',(-1.920410593703,2.323730749414,
    13.878529371644));
#5651 = CARTESIAN_POINT('',(-2.366143944926,1.874731032351,
    13.903702697184));
#5652 = CARTESIAN_POINT('',(-2.572127237573,1.604722118039,
    13.917100743439));
#5653 = CARTESIAN_POINT('',(-2.741792036463,1.308651212446,
    13.930491303861));
#5654 = CARTESIAN_POINT('',(-2.871417683851,0.992447539357,
    13.943879693742));
#5655 = CARTESIAN_POINT('',(-2.958393734726,0.662478846215,
    13.957270181055));
#5656 = CARTESIAN_POINT('',(-3.001208319902,0.325579895532,
    13.970668162683));
#5657 = CARTESIAN_POINT('',(-2.998757212684,-0.345972948892,
    13.997388608332));
#5658 = CARTESIAN_POINT('',(-2.953883418454,-0.681040922908,
    14.010727501138));
#5659 = CARTESIAN_POINT('',(-2.865295386681,-1.008954312177,
    14.02406011247));
#5660 = CARTESIAN_POINT('',(-2.734525686973,-1.322979831852,
    14.037390940439));
#5661 = CARTESIAN_POINT('',(-2.564184831102,-1.616848805244,
    14.050723468987));
#5662 = CARTESIAN_POINT('',(-2.357972300568,-1.884730407102,
    14.064062274127));
#5663 = CARTESIAN_POINT('',(-1.920685174595,-2.321902998307,
    14.088665139554));
#5664 = CARTESIAN_POINT('',(-1.698195487972,-2.500196083928,
    14.099940908045));
#5665 = CARTESIAN_POINT('',(-1.456584857481,-2.653420760537,
    14.111213840377));
#5666 = CARTESIAN_POINT('',(-1.199268666374,-2.779215043805,
    14.122485101072));
#5667 = CARTESIAN_POINT('',(-0.929952391257,-2.875767271529,
    14.133758162344));
#5668 = CARTESIAN_POINT('',(-0.652597497605,-2.94183300618,
    14.145034033677));
#5669 = CARTESIAN_POINT('',(-0.230590727067,-2.994492124347,
    14.161955329755));
#5670 = CARTESIAN_POINT('',(-8.87410393508E-02,-3.004293377516,
    14.167604235884));
#5671 = CARTESIAN_POINT('',(5.356188406012E-02,-3.006252338361,
    14.173253098226));
#5672 = CARTESIAN_POINT('',(0.195798108733,-3.000347492742,
    14.178901929063));
#5673 = CARTESIAN_POINT('',(0.337448954894,-2.986600380952,
    14.18455080913));
#5674 = CARTESIAN_POINT('',(0.477998090353,-2.965075544132,
    14.190199743349));
#5675 = CARTESIAN_POINT('',(0.840333468068,-2.888936029134,
    14.20493150467));
#5676 = CARTESIAN_POINT('',(1.059596755779,-2.822152687522,
    14.214015565474));
#5677 = CARTESIAN_POINT('',(1.272553891323,-2.735976700643,
    14.223098550751));
#5678 = CARTESIAN_POINT('',(1.477166773319,-2.631148088986,
    14.23218078908));
#5679 = CARTESIAN_POINT('',(1.671515439048,-2.508650489996,
    14.241263543915));
#5680 = CARTESIAN_POINT('',(1.853808628818,-2.369705749917,
    14.250347364042));
#5681 = CARTESIAN_POINT('',(2.194571256469,-2.058684854464,
    14.268704276943));
#5682 = CARTESIAN_POINT('',(2.352507830201,-1.885929033008,
    14.277979923006));
#5683 = CARTESIAN_POINT('',(2.494477420785,-1.69912850072,
    14.287255051901));
#5684 = CARTESIAN_POINT('',(2.619016829698,-1.500068690373,
    14.296530238442));
#5685 = CARTESIAN_POINT('',(2.724908144918,-1.290696298314,
    14.305806315674));
#5686 = CARTESIAN_POINT('',(2.811185784474,-1.073108002936,
    14.315082722728));
#5687 = CARTESIAN_POINT('',(2.912038239304,-0.731556322964,
    14.329252768241));
#5688 = CARTESIAN_POINT('',(2.941237848056,-0.611874413573,
    14.334148561628));
#5689 = CARTESIAN_POINT('',(2.96469419586,-0.490850225621,
    14.339043985367));
#5690 = CARTESIAN_POINT('',(2.982334902738,-0.368814571858,
    14.343939039357));
#5691 = CARTESIAN_POINT('',(2.994111595261,-0.246101997644,
    14.348833901998));
#5692 = CARTESIAN_POINT('',(2.999999993836,-0.123050292672,
    14.353728984127));
#5693 = CARTESIAN_POINT('',(3.,-2.69397349E-09,14.358624982959));
#5694 = ORIENTED_EDGE('',*,*,#5695,.T.);
#5695 = EDGE_CURVE('',#5617,#5380,#5696,.T.);
#5696 = B_SPLINE_CURVE_WITH_KNOTS('',1,(#5697,#5698),.UNSPECIFIED.,.F.,
  .F.,(2,2),(0.,0.5),.PIECEWISE_BEZIER_KNOTS.);
#5697 = CARTESIAN_POINT('',(3.072877519722,5.942284576E-08,
    13.553966352132));
#5698 = CARTESIAN_POINT('',(2.67287942859,-2.8151507903E-07,
    13.853968897272));
#5699 = ORIENTED_EDGE('',*,*,#5379,.T.);
#5700 = ORIENTED_EDGE('',*,*,#5314,.F.);
#5701 = B_SPLINE_SURFACE_WITH_KNOTS('',1,8,(
    (#5702,#5703,#5704,#5705,#5706,#5707,#5708,#5709,#5710,#5711,#5712
      ,#5713,#5714,#5715,#5716,#5717,#5718,#5719,#5720,#5721,#5722,#5723
      ,#5724,#5725,#5726,#5727,#5728)
    ,(#5729,#5730,#5731,#5732,#5733,#5734,#5735,#5736,#5737,#5738,#5739
      ,#5740,#5741,#5742,#5743,#5744,#5745,#5746,#5747,#5748,#5749,#5750
      ,#5751,#5752,#5753,#5754,#5755
    )),.UNSPECIFIED.,.F.,.F.,.F.,(2,2),(9,6,6,6,9),(0.,0.5),(0.,
    1.581947328539,3.163894657078,4.745841985618,6.327789314157),
  .UNSPECIFIED.);
#5702 = CARTESIAN_POINT('',(3.072877519723,5.942281067E-08,
    13.553966352132));
#5703 = CARTESIAN_POINT('',(3.072877441435,0.603355052989,
    13.577403942102));
#5704 = CARTESIAN_POINT('',(2.937513577414,1.206715013247,13.60084202757
    ));
#5705 = CARTESIAN_POINT('',(2.666678742018,1.774633717381,
    13.624278617347));
#5706 = CARTESIAN_POINT('',(2.271645081339,2.271649856962,
    13.647716241306));
#5707 = CARTESIAN_POINT('',(1.774622089512,2.666698785001,
    13.671153888334));
#5708 = CARTESIAN_POINT('',(1.206717626005,2.937483471992,
    13.694591503586));
#5709 = CARTESIAN_POINT('',(6.11044948713E-06,3.208270278073,
    13.741466560324));
#5710 = CARTESIAN_POINT('',(-1.206716051549,2.937484862718,
    13.788341436107));
#5711 = CARTESIAN_POINT('',(-1.774632425178,2.666699314772,
    13.81177886246));
#5712 = CARTESIAN_POINT('',(-2.271658771805,2.271651774698,
    13.835216399156));
#5713 = CARTESIAN_POINT('',(-2.666701440044,1.774626554078,
    13.858653972728));
#5714 = CARTESIAN_POINT('',(-2.93748310392,1.20671506567,13.88209148111)
  );
#5715 = CARTESIAN_POINT('',(-3.208265324579,-5.451087768E-08,
    13.928966456576));
#5716 = CARTESIAN_POINT('',(-2.937483097715,-1.2067151733,
    13.975841432043));
#5717 = CARTESIAN_POINT('',(-2.666701406891,-1.77462666598,
    13.999278940423));
#5718 = CARTESIAN_POINT('',(-2.271658582466,-2.271651833606,
    14.022716513998));
#5719 = CARTESIAN_POINT('',(-1.774632272165,-2.666699245944,
    14.046154050692));
#5720 = CARTESIAN_POINT('',(-1.206715937719,-2.937484880677,
    14.069591477046));
#5721 = CARTESIAN_POINT('',(6.22304188941E-06,-3.208270427908,
    14.116466352828));
#5722 = CARTESIAN_POINT('',(1.206717739834,-2.937483500974,
    14.163341409567));
#5723 = CARTESIAN_POINT('',(1.774622183025,-2.666698736304,
    14.186779024817));
#5724 = CARTESIAN_POINT('',(2.271645020935,-2.271649097216,
    14.21021667185));
#5725 = CARTESIAN_POINT('',(2.666678213878,-1.774633984309,
    14.233654295802));
#5726 = CARTESIAN_POINT('',(2.937514459665,-1.206714937475,
    14.257090885584));
#5727 = CARTESIAN_POINT('',(3.072877441696,-0.603354942455,
    14.280528971051));
#5728 = CARTESIAN_POINT('',(3.072877365039,5.111148615E-08,
    14.30396656102));
#5729 = CARTESIAN_POINT('',(2.67287942859,-2.8151511322E-07,
    13.853968897272));
#5730 = CARTESIAN_POINT('',(2.67287904687,0.524832098437,13.877405993433
    ));
#5731 = CARTESIAN_POINT('',(2.555129497651,1.049615852777,
    13.900840865481));
#5732 = CARTESIAN_POINT('',(2.319573498875,1.543624174753,
    13.924282451127));
#5733 = CARTESIAN_POINT('',(1.97593367682,1.975957290953,13.947719394746
    ));
#5734 = CARTESIAN_POINT('',(1.543617934718,2.319570894475,
    13.971156234771));
#5735 = CARTESIAN_POINT('',(1.049638397201,2.555108891087,
    13.994593217452));
#5736 = CARTESIAN_POINT('',(6.67932411615E-06,2.790647169271,
    14.041467962772));
#5737 = CARTESIAN_POINT('',(-1.049637685967,2.555110613496,
    14.088343520343));
#5738 = CARTESIAN_POINT('',(-1.543629767584,2.319573182498,
    14.111781350914));
#5739 = CARTESIAN_POINT('',(-1.97595517293,1.975948189986,
    14.135218686204));
#5740 = CARTESIAN_POINT('',(-2.319573510613,1.543624798388,
    14.158655855959));
#5741 = CARTESIAN_POINT('',(-2.555108061356,1.049638636707,
    14.18209331834));
#5742 = CARTESIAN_POINT('',(-2.790643096656,2.9537500308E-07,
    14.228968428461));
#5743 = CARTESIAN_POINT('',(-2.555108511811,-1.049638147037,
    14.275843538583));
#5744 = CARTESIAN_POINT('',(-2.319574015457,-1.543624446954,
    14.299281000963));
#5745 = CARTESIAN_POINT('',(-1.975954855659,-1.975947651756,
    14.32271817072));
#5746 = CARTESIAN_POINT('',(-1.543629849369,-2.319572008751,
    14.346155506008));
#5747 = CARTESIAN_POINT('',(-1.049638134972,-2.555110240137,
    14.36959333658));
#5748 = CARTESIAN_POINT('',(6.11199272332E-06,-2.790648152047,
    14.41646889415));
#5749 = CARTESIAN_POINT('',(1.049637948196,-2.555109572341,
    14.46334363947));
#5750 = CARTESIAN_POINT('',(1.543617462667,-2.319571297378,
    14.486780622146));
#5751 = CARTESIAN_POINT('',(1.975932356046,-1.975953232382,
    14.510217462191));
#5752 = CARTESIAN_POINT('',(2.319569312461,-1.543627010887,
    14.533654405778));
#5753 = CARTESIAN_POINT('',(2.555134793155,-1.049616551422,
    14.557095991449));
#5754 = CARTESIAN_POINT('',(2.672878803059,-0.52483262416,14.58053086349
    ));
#5755 = CARTESIAN_POINT('',(2.672878414016,-2.4420829137E-07,
    14.60396795965));
#5756 = ADVANCED_FACE('',(#5757),#5888,.F.);
#5757 = FACE_BOUND('',#5758,.F.);
#5758 = EDGE_LOOP('',(#5759,#5791,#5798,#5887));
#5759 = ORIENTED_EDGE('',*,*,#5760,.F.);
#5760 = EDGE_CURVE('',#5761,#5380,#5763,.T.);
#5761 = VERTEX_POINT('',#5762);
#5762 = CARTESIAN_POINT('',(2.672880443167,-3.18821764E-07,
    13.103969834891));
#5763 = B_SPLINE_CURVE_WITH_KNOTS('',8,(#5764,#5765,#5766,#5767,#5768,
    #5769,#5770,#5771,#5772,#5773,#5774,#5775,#5776,#5777,#5778,#5779,
    #5780,#5781,#5782,#5783,#5784,#5785,#5786,#5787,#5788,#5789,#5790),
  .UNSPECIFIED.,.F.,.F.,(9,6,6,6,9),(0.,1.581947328539,3.163894657078,
    4.745841985618,6.327789314157),.UNSPECIFIED.);
#5764 = CARTESIAN_POINT('',(2.672880443167,-3.1882176676E-07,
    13.103969834891));
#5765 = CARTESIAN_POINT('',(2.672880068769,0.524832260299,
    13.127406931053));
#5766 = CARTESIAN_POINT('',(2.555130482187,1.049616215586,
    13.150841803109));
#5767 = CARTESIAN_POINT('',(2.319574400844,1.543624728317,
    13.174283388743));
#5768 = CARTESIAN_POINT('',(1.975934454457,1.975958013392,
    13.197720332363));
#5769 = CARTESIAN_POINT('',(1.543618553024,2.319571753401,
    13.221157172391));
#5770 = CARTESIAN_POINT('',(1.049638831287,2.555109846308,
    13.244594155073));
#5771 = CARTESIAN_POINT('',(6.71827401972E-06,2.790648228548,
    13.291468900394));
#5772 = CARTESIAN_POINT('',(-1.049638048724,2.555111598019,
    13.338344457963));
#5773 = CARTESIAN_POINT('',(-1.543630321135,2.319574084512,
    13.361782288533));
#5774 = CARTESIAN_POINT('',(-1.975955895389,1.975948967603,
    13.385219623823));
#5775 = CARTESIAN_POINT('',(-2.319574369539,1.543625416688,
    13.40865679358));
#5776 = CARTESIAN_POINT('',(-2.555109016579,1.049639070787,
    13.432094255961));
#5777 = CARTESIAN_POINT('',(-2.790644155933,3.343254772E-07,
    13.478969366082));
#5778 = CARTESIAN_POINT('',(-2.555109496335,-1.049638509791,
    13.525844476203));
#5779 = CARTESIAN_POINT('',(-2.319574917473,-1.543625000503,
    13.549281938583));
#5780 = CARTESIAN_POINT('',(-1.975955633274,-1.975948374214,
    13.572719108341));
#5781 = CARTESIAN_POINT('',(-1.54363046767,-2.319572867674,
    13.59615644363));
#5782 = CARTESIAN_POINT('',(-1.049638569055,-2.55511119536,
    13.619594274201));
#5783 = CARTESIAN_POINT('',(6.07304165685E-06,-2.790649211326,
    13.666469831769));
#5784 = CARTESIAN_POINT('',(1.049638310957,-2.555110556865,
    13.71334457709));
#5785 = CARTESIAN_POINT('',(1.543618016222,-2.319572199394,
    13.736781559767));
#5786 = CARTESIAN_POINT('',(1.975933078524,-1.97595400997,
    13.760218399815));
#5787 = CARTESIAN_POINT('',(2.319570171329,-1.543627629204,
    13.783655343404));
#5788 = CARTESIAN_POINT('',(2.555135748402,-1.049616985559,
    13.807096929062));
#5789 = CARTESIAN_POINT('',(2.67287981031,-0.524832860636,
    13.830531801111));
#5790 = CARTESIAN_POINT('',(2.67287942859,-2.8151507903E-07,
    13.853968897272));
#5791 = ORIENTED_EDGE('',*,*,#5792,.T.);
#5792 = EDGE_CURVE('',#5761,#5793,#5795,.T.);
#5793 = VERTEX_POINT('',#5794);
#5794 = CARTESIAN_POINT('',(3.,-7.433127E-09,13.349304785307));
#5795 = B_SPLINE_CURVE_WITH_KNOTS('',1,(#5796,#5797),.UNSPECIFIED.,.F.,
  .F.,(2,2),(0.,0.5),.PIECEWISE_BEZIER_KNOTS.);
#5796 = CARTESIAN_POINT('',(2.672880443167,-3.1882175999E-07,
    13.103969834891));
#5797 = CARTESIAN_POINT('',(3.072883211894,5.285593742E-08,
    13.403966143219));
#5798 = ORIENTED_EDGE('',*,*,#5799,.T.);
#5799 = EDGE_CURVE('',#5793,#5412,#5800,.T.);
#5800 = B_SPLINE_CURVE_WITH_KNOTS('',7,(#5801,#5802,#5803,#5804,#5805,
    #5806,#5807,#5808,#5809,#5810,#5811,#5812,#5813,#5814,#5815,#5816,
    #5817,#5818,#5819,#5820,#5821,#5822,#5823,#5824,#5825,#5826,#5827,
    #5828,#5829,#5830,#5831,#5832,#5833,#5834,#5835,#5836,#5837,#5838,
    #5839,#5840,#5841,#5842,#5843,#5844,#5845,#5846,#5847,#5848,#5849,
    #5850,#5851,#5852,#5853,#5854,#5855,#5856,#5857,#5858,#5859,#5860,
    #5861,#5862,#5863,#5864,#5865,#5866,#5867,#5868,#5869,#5870,#5871,
    #5872,#5873,#5874,#5875,#5876,#5877,#5878,#5879,#5880,#5881,#5882,
    #5883,#5884,#5885,#5886),.UNSPECIFIED.,.F.,.F.,(8,6,6,6,6,6,6,6,6,6,
    6,6,6,6,8),(0.,4.336287707318E-02,0.133368267146,0.205365451748,
    0.25844327068,0.371887586208,0.484780020536,0.502491609142,
    0.574494063478,0.623496571846,0.721147183964,0.776413744608,
    0.867157320503,0.955208393214,1.),.UNSPECIFIED.);
#5801 = CARTESIAN_POINT('',(3.,0.,13.349304785898));
#5802 = CARTESIAN_POINT('',(3.,0.116760635443,13.353950655289));
#5803 = CARTESIAN_POINT('',(2.994698190926,0.233522366726,
    13.358595844933));
#5804 = CARTESIAN_POINT('',(2.984094658294,0.349994444877,
    13.363240825768));
#5805 = CARTESIAN_POINT('',(2.968209084732,0.465888248072,
    13.367885899433));
#5806 = CARTESIAN_POINT('',(2.947080693179,0.580917654638,
    13.372531217279));
#5807 = CARTESIAN_POINT('',(2.920768190076,0.694799416056,
    13.377176799369));
#5808 = CARTESIAN_POINT('',(2.824136492216,1.040666925691,
    13.391465430981));
#5809 = CARTESIAN_POINT('',(2.736913331627,1.26797369152,13.401110843705
    ));
#5810 = CARTESIAN_POINT('',(2.628382725269,1.486610705171,
    13.410755674793));
#5811 = CARTESIAN_POINT('',(2.499611008993,1.694211353301,
    13.420399457286));
#5812 = CARTESIAN_POINT('',(2.351958821137,1.888581953123,
    13.430043341747));
#5813 = CARTESIAN_POINT('',(2.187072546182,2.067715701308,
    13.439688062562));
#5814 = CARTESIAN_POINT('',(1.862842354335,2.359534070406,
    13.457044411556));
#5815 = CARTESIAN_POINT('',(1.708960429973,2.478369631257,
    13.464758295652));
#5816 = CARTESIAN_POINT('',(1.546289396574,2.585447459209,
    13.472471718976));
#5817 = CARTESIAN_POINT('',(1.375912930177,2.680002434332,
    13.480184927493));
#5818 = CARTESIAN_POINT('',(1.198986336408,2.76139339728,13.487898477763
    ));
#5819 = CARTESIAN_POINT('',(1.016732205149,2.829105556659,13.49561251264
    ));
#5820 = CARTESIAN_POINT('',(0.693110785147,2.922331840993,
    13.509012689368));
#5821 = CARTESIAN_POINT('',(0.553574559901,2.954261640853,
    13.514699447113));
#5822 = CARTESIAN_POINT('',(0.412350563428,2.978411257565,
    13.520386150999));
#5823 = CARTESIAN_POINT('',(0.269959401075,2.9946767011,13.5260728098));
#5824 = CARTESIAN_POINT('',(0.126927260568,3.002997859495,
    13.531759504027));
#5825 = CARTESIAN_POINT('',(-1.621520539778E-02,3.003358628173,
    13.537446242405));
#5826 = CARTESIAN_POINT('',(-0.463969808175,2.979604126413,
    13.555286854207));
#5827 = CARTESIAN_POINT('',(-0.76721224269,2.927178181151,
    13.567445802695));
#5828 = CARTESIAN_POINT('',(-1.063258347006,2.838743594433,
    13.579600224078));
#5829 = CARTESIAN_POINT('',(-1.347048259882,2.715592821988,
    13.591753040678));
#5830 = CARTESIAN_POINT('',(-1.613854384275,2.559777479855,
    13.603907296772));
#5831 = CARTESIAN_POINT('',(-1.859276640419,2.374110157929,
    13.616066129809));
#5832 = CARTESIAN_POINT('',(-2.298558719856,1.951673854836,
    13.640315138899));
#5833 = CARTESIAN_POINT('',(-2.492846719864,1.714981759977,
    13.652415476895));
#5834 = CARTESIAN_POINT('',(-2.658442510349,1.455956558821,
    13.664512130341));
#5835 = CARTESIAN_POINT('',(-2.792402526368,1.178819003216,
    13.67660768363));
#5836 = CARTESIAN_POINT('',(-2.8925164512,0.888141787502,13.688704510641
    ));
#5837 = CARTESIAN_POINT('',(-2.957305269238,0.588853614888,
    13.700805156948));
#5838 = CARTESIAN_POINT('',(-2.99086181543,0.238788663598,
    13.714797985172));
#5839 = CARTESIAN_POINT('',(-2.994532054818,0.191230920243,
    13.716695583597));
#5840 = CARTESIAN_POINT('',(-2.997319952095,0.143608380654,
    13.718593171955));
#5841 = CARTESIAN_POINT('',(-2.999224173803,9.59406943054E-02,
    13.720490749765));
#5842 = CARTESIAN_POINT('',(-3.000243934412,4.82475317114E-02,
    13.722388316718));
#5843 = CARTESIAN_POINT('',(-3.00037899633,5.48584428867E-04,
    13.724285872685));
#5844 = CARTESIAN_POINT('',(-2.996583452878,-0.240989087364,
    13.733897457482));
#5845 = CARTESIAN_POINT('',(-2.978921199452,-0.43462566686,
    13.741611862008));
#5846 = CARTESIAN_POINT('',(-2.946660528284,-0.626699530854,
    13.749325712297));
#5847 = CARTESIAN_POINT('',(-2.899978416726,-0.815895672755,
    13.757039207741));
#5848 = CARTESIAN_POINT('',(-2.839191461904,-1.000930974619,
    13.764752912809));
#5849 = CARTESIAN_POINT('',(-2.764754687881,-1.180559037089,
    13.772467026042));
#5850 = CARTESIAN_POINT('',(-2.617745746632,-1.471331696672,
    13.785430325306));
#5851 = CARTESIAN_POINT('',(-2.552169469332,-1.586030663697,
    13.790680086253));
#5852 = CARTESIAN_POINT('',(-2.480739829076,-1.697301563928,
    13.795929836696));
#5853 = CARTESIAN_POINT('',(-2.403673343684,-1.804787287633,
    13.801179608731));
#5854 = CARTESIAN_POINT('',(-2.321212853889,-1.908149142354,
    13.806429480501));
#5855 = CARTESIAN_POINT('',(-2.233627090469,-2.007067456135,
    13.811679472646));
#5856 = CARTESIAN_POINT('',(-1.957044936716,-2.288910522881,
    13.827391419176));
#5857 = CARTESIAN_POINT('',(-1.753646354932,-2.457791316806,
    13.837856025293));
#5858 = CARTESIAN_POINT('',(-1.533388984859,-2.605434770574,
    13.848319041211));
#5859 = CARTESIAN_POINT('',(-1.298954432789,-2.729888195725,
    13.858780929819));
#5860 = CARTESIAN_POINT('',(-1.053254688605,-2.829605691896,
    13.869243796123));
#5861 = CARTESIAN_POINT('',(-0.799409658492,-2.903460094081,
    13.879708248181));
#5862 = CARTESIAN_POINT('',(-0.394403753276,-2.977682145634,
    13.896091209744));
#5863 = CARTESIAN_POINT('',(-0.246472692891,-2.996036470428,
    13.902012355909));
#5864 = CARTESIAN_POINT('',(-9.75800153522E-02,-3.005811634677,
    13.907933363221));
#5865 = CARTESIAN_POINT('',(5.167752193893E-02,-3.006951091233,
    13.913854293394));
#5866 = CARTESIAN_POINT('',(0.200702055261,-2.999450279122,
    13.919775309625));
#5867 = CARTESIAN_POINT('',(0.348896033381,-2.98335663462,
    13.925696479471));
#5868 = CARTESIAN_POINT('',(0.736645108069,-2.918399526704,
    13.941339580019));
#5869 = CARTESIAN_POINT('',(0.973832901732,-2.855123944722,
    13.951063445081));
#5870 = CARTESIAN_POINT('',(1.204537149507,-2.769379525999,
    13.960786331221));
#5871 = CARTESIAN_POINT('',(1.426231184422,-2.661998746331,
    13.970508722304));
#5872 = CARTESIAN_POINT('',(1.636534212476,-2.534134776508,
    13.980231972744));
#5873 = CARTESIAN_POINT('',(1.833226686118,-2.387254028149,
    13.989956140731));
#5874 = CARTESIAN_POINT('',(2.189997393062,-2.064006531548,
    14.009111612716));
#5875 = CARTESIAN_POINT('',(2.351046103306,-1.888592165803,
    14.01854604849));
#5876 = CARTESIAN_POINT('',(2.495595159451,-1.698613277864,
    14.027978801627));
#5877 = CARTESIAN_POINT('',(2.622102662258,-1.495947895008,
    14.037410077337));
#5878 = CARTESIAN_POINT('',(2.729288759334,-1.282646193135,
    14.046841819086));
#5879 = CARTESIAN_POINT('',(2.816143442383,-1.06091823665,
    14.056275554249));
#5880 = CARTESIAN_POINT('',(2.915482461077,-0.71729225431,
    14.070508049793));
#5881 = CARTESIAN_POINT('',(2.943543319271,-0.599856986011,
    14.075307330941));
#5882 = CARTESIAN_POINT('',(2.966081216567,-0.481157469972,
    14.080106946139));
#5883 = CARTESIAN_POINT('',(2.983029347987,-0.361505482134,
    14.084906908862));
#5884 = CARTESIAN_POINT('',(2.994343075084,-0.24121615483,
    14.089707114879));
#5885 = CARTESIAN_POINT('',(2.999999993415,-0.120607513741,
    14.094507145965));
#5886 = CARTESIAN_POINT('',(3.,-1.486472545E-08,14.09930607362));
#5887 = ORIENTED_EDGE('',*,*,#5411,.F.);
#5888 = B_SPLINE_SURFACE_WITH_KNOTS('',1,9,(
    (#5889,#5890,#5891,#5892,#5893,#5894,#5895,#5896,#5897,#5898,#5899
      ,#5900,#5901,#5902,#5903,#5904,#5905,#5906,#5907,#5908,#5909,#5910
      ,#5911,#5912,#5913,#5914,#5915,#5916,#5917,#5918,#5919)
    ,(#5920,#5921,#5922,#5923,#5924,#5925,#5926,#5927,#5928,#5929,#5930
      ,#5931,#5932,#5933,#5934,#5935,#5936,#5937,#5938,#5939,#5940,#5941
      ,#5942,#5943,#5944,#5945,#5946,#5947,#5948,#5949,#5950
  )),.UNSPECIFIED.,.F.,.F.,.F.,(2,2),(10,7,7,7,10),(0.,0.5),(0.,
    1.581947328539,3.163894657078,4.745841985618,6.327789314157),
  .UNSPECIFIED.);
#5889 = CARTESIAN_POINT('',(2.672880443167,-3.1882176676E-07,
    13.103969834891));
#5890 = CARTESIAN_POINT('',(2.672880110369,0.466517529285,
    13.124802809257));
#5891 = CARTESIAN_POINT('',(2.581297056983,0.932997558856,
    13.145634053764));
#5892 = CARTESIAN_POINT('',(2.398093094625,1.378955224073,
    13.166469526864));
#5893 = CARTESIAN_POINT('',(2.128663319518,1.783809886692,
    13.187303912978));
#5894 = CARTESIAN_POINT('',(1.78379405382,2.128675231173,13.208136705707
    ));
#5895 = CARTESIAN_POINT('',(1.378958645779,2.398084451037,
    13.228969499952));
#5896 = CARTESIAN_POINT('',(0.933013040953,2.581280777668,
    13.249802460108));
#5897 = CARTESIAN_POINT('',(6.01527488362E-06,2.764477394506,
    13.291468945519));
#5898 = CARTESIAN_POINT('',(-0.933010852391,2.581282334745,
    13.333136062678));
#5899 = CARTESIAN_POINT('',(-1.378966230331,2.398086589015,
    13.353969678343));
#5900 = CARTESIAN_POINT('',(-1.78381119572,2.128671241785,
    13.374803030361));
#5901 = CARTESIAN_POINT('',(-2.128675217233,1.783805167196,
    13.395636143715));
#5902 = CARTESIAN_POINT('',(-2.398085918553,1.378963301388,
    13.41646928104));
#5903 = CARTESIAN_POINT('',(-2.581279587619,0.933012544513,
    13.43730260153));
#5904 = CARTESIAN_POINT('',(-2.764473611547,3.283446539E-07,
    13.478969366081));
#5905 = CARTESIAN_POINT('',(-2.581280014068,-0.933011971556,
    13.520636130634));
#5906 = CARTESIAN_POINT('',(-2.39808644376,-1.378962836932,
    13.541469451121));
#5907 = CARTESIAN_POINT('',(-2.128675315141,-1.783804652565,
    13.562302588451));
#5908 = CARTESIAN_POINT('',(-1.783811115227,-2.128670371307,
    13.5831357018));
#5909 = CARTESIAN_POINT('',(-1.378966501465,-2.398085643569,
    13.603969053822));
#5910 = CARTESIAN_POINT('',(-0.9330113866,-2.581282086023,
    13.624802669486));
#5911 = CARTESIAN_POINT('',(5.38392041197E-06,-2.764478285191,
    13.666469786644));
#5912 = CARTESIAN_POINT('',(0.933012506744,-2.581281518471,
    13.708136272055));
#5913 = CARTESIAN_POINT('',(1.378958321155,-2.39808566318,
    13.728969232243));
#5914 = CARTESIAN_POINT('',(1.783792519351,-2.128671461938,
    13.74980202637));
#5915 = CARTESIAN_POINT('',(2.12866120681,-1.783810695182,
    13.770634819278));
#5916 = CARTESIAN_POINT('',(2.398091823666,-1.378956736694,
    13.791469205255));
#5917 = CARTESIAN_POINT('',(2.581301095492,-0.932998291132,
    13.812304678405));
#5918 = CARTESIAN_POINT('',(2.672879767897,-0.466518129622,
    13.833135922906));
#5919 = CARTESIAN_POINT('',(2.67287942859,-2.8151507847E-07,
    13.853968897272));
#5920 = CARTESIAN_POINT('',(3.072883211894,5.285593074E-08,
    13.403966143219));
#5921 = CARTESIAN_POINT('',(3.072882485037,0.536316445904,
    13.424799556531));
#5922 = CARTESIAN_POINT('',(2.967595504754,1.072636573411,
    13.445633355261));
#5923 = CARTESIAN_POINT('',(2.756961998733,1.585328569802,
    13.466466211837));
#5924 = CARTESIAN_POINT('',(2.447221351433,2.050758212106,
    13.487299310624));
#5925 = CARTESIAN_POINT('',(2.050749648943,2.447233058883,
    13.508132764407));
#5926 = CARTESIAN_POINT('',(1.585323094395,2.756964489207,
    13.528966217841));
#5927 = CARTESIAN_POINT('',(1.072640223244,2.967575109037,
    13.549799634321));
#5928 = CARTESIAN_POINT('',(5.53462303856E-06,3.17818717544,
    13.591466341371));
#5929 = CARTESIAN_POINT('',(-1.07263753037,2.967576833266,
    13.633132907669));
#5930 = CARTESIAN_POINT('',(-1.585329681109,2.756966041769,
    13.653966178098));
#5931 = CARTESIAN_POINT('',(-2.050761866435,2.447232710182,
    13.674799507269));
#5932 = CARTESIAN_POINT('',(-2.447237391654,2.050754937758,
    13.695632889614));
#5933 = CARTESIAN_POINT('',(-2.756966144149,1.585325160633,
    13.716466266617));
#5934 = CARTESIAN_POINT('',(-2.9675744979,1.072637295207,13.737299602813
    ));
#5935 = CARTESIAN_POINT('',(-3.178183408709,-1.731686873E-08,
    13.77896624767));
#5936 = CARTESIAN_POINT('',(-2.96757486462,-1.072637401845,
    13.820632892529));
#5937 = CARTESIAN_POINT('',(-2.756966492026,-1.585325385039,
    13.841466228722));
#5938 = CARTESIAN_POINT('',(-2.447236767333,-2.05075494785,
    13.862299605729));
#5939 = CARTESIAN_POINT('',(-2.050760756839,-2.447231907162,
    13.88313298807));
#5940 = CARTESIAN_POINT('',(-1.585329099539,-2.756964917495,
    13.903966317243));
#5941 = CARTESIAN_POINT('',(-1.072637352144,-2.967576794904,
    13.924799587672));
#5942 = CARTESIAN_POINT('',(5.61606463027E-06,-3.178188821002,
    13.966466153968));
#5943 = CARTESIAN_POINT('',(1.072640401471,-2.967576056526,
    14.00813286102));
#5944 = CARTESIAN_POINT('',(1.58532430065,-2.756963287333,
    14.028966277497));
#5945 = CARTESIAN_POINT('',(2.050745914396,-2.447232538441,
    14.049799730935));
#5946 = CARTESIAN_POINT('',(2.447220113807,-2.05075149641,
    14.070633184727));
#5947 = CARTESIAN_POINT('',(2.756959549588,-1.58533310081,
    14.091466283482));
#5948 = CARTESIAN_POINT('',(2.967603387185,-1.072636761101,
    14.11229914009));
#5949 = CARTESIAN_POINT('',(3.072882062848,-0.536316348504,
    14.13313293881));
#5950 = CARTESIAN_POINT('',(3.072881337441,4.454405601E-08,
    14.15396635212));
#5951 = ADVANCED_FACE('',(#5952),#5963,.T.);
#5952 = FACE_BOUND('',#5953,.F.);
#5953 = EDGE_LOOP('',(#5954,#5955,#5961,#5962));
#5954 = ORIENTED_EDGE('',*,*,#5799,.F.);
#5955 = ORIENTED_EDGE('',*,*,#5956,.T.);
#5956 = EDGE_CURVE('',#5793,#5617,#5957,.T.);
#5957 = LINE('',#5958,#5959);
#5958 = CARTESIAN_POINT('',(3.,0.,11.));
#5959 = VECTOR('',#5960,1.);
#5960 = DIRECTION('',(0.,0.,1.));
#5961 = ORIENTED_EDGE('',*,*,#5616,.T.);
#5962 = ORIENTED_EDGE('',*,*,#5575,.F.);
#5963 = CYLINDRICAL_SURFACE('',#5964,3.);
#5964 = AXIS2_PLACEMENT_3D('',#5965,#5966,#5967);
#5965 = CARTESIAN_POINT('',(0.,0.,11.));
#5966 = DIRECTION('',(-0.,-0.,-1.));
#5967 = DIRECTION('',(1.,0.,0.));
#5968 = ADVANCED_FACE('',(#5969,#6037),#6040,.F.);
#5969 = FACE_BOUND('',#5970,.F.);
#5970 = EDGE_LOOP('',(#5971,#5982,#5990,#6007));
#5971 = ORIENTED_EDGE('',*,*,#5972,.T.);
#5972 = EDGE_CURVE('',#5973,#5975,#5977,.T.);
#5973 = VERTEX_POINT('',#5974);
#5974 = CARTESIAN_POINT('',(-2.971811868659,-0.410285531425,11.));
#5975 = VERTEX_POINT('',#5976);
#5976 = CARTESIAN_POINT('',(3.,0.,11.));
#5977 = CIRCLE('',#5978,3.);
#5978 = AXIS2_PLACEMENT_3D('',#5979,#5980,#5981);
#5979 = CARTESIAN_POINT('',(0.,0.,11.));
#5980 = DIRECTION('',(0.,0.,1.));
#5981 = DIRECTION('',(1.,0.,0.));
#5982 = ORIENTED_EDGE('',*,*,#5983,.T.);
#5983 = EDGE_CURVE('',#5975,#5984,#5986,.T.);
#5984 = VERTEX_POINT('',#5985);
#5985 = CARTESIAN_POINT('',(2.867593855042,-1.83202273E-07,11.));
#5986 = LINE('',#5987,#5988);
#5987 = CARTESIAN_POINT('',(1.473941743437,-1.98091461154E-06,11.));
#5988 = VECTOR('',#5989,1.);
#5989 = DIRECTION('',(-0.999999999999,-1.28992904592E-06,0.));
#5990 = ORIENTED_EDGE('',*,*,#5991,.T.);
#5991 = EDGE_CURVE('',#5984,#5992,#5994,.T.);
#5992 = VERTEX_POINT('',#5993);
#5993 = CARTESIAN_POINT('',(0.910085053296,2.513174686027,11.));
#5994 = B_SPLINE_CURVE_WITH_KNOTS('',6,(#5995,#5996,#5997,#5998,#5999,
    #6000,#6001,#6002,#6003,#6004,#6005,#6006),.UNSPECIFIED.,.F.,.F.,(7,
    5,7),(0.,0.517186231004,1.),.UNSPECIFIED.);
#5995 = CARTESIAN_POINT('',(2.867593855042,-1.8320227287E-07,11.));
#5996 = CARTESIAN_POINT('',(2.851314347103,0.293305872793,11.));
#5997 = CARTESIAN_POINT('',(2.798937774735,0.584488674825,11.));
#5998 = CARTESIAN_POINT('',(2.710518666815,0.867741649135,11.));
#5999 = CARTESIAN_POINT('',(2.587432079221,1.137540406738,11.));
#6000 = CARTESIAN_POINT('',(2.431973376318,1.388551970377,11.));
#6001 = CARTESIAN_POINT('',(2.075959555856,1.828161222147,11.));
#6002 = CARTESIAN_POINT('',(1.878989546587,2.019920762126,11.));
#6003 = CARTESIAN_POINT('',(1.659911042695,2.187180724353,11.));
#6004 = CARTESIAN_POINT('',(1.422438172306,2.326729376441,11.));
#6005 = CARTESIAN_POINT('',(1.170833015054,2.43594275825,11.));
#6006 = CARTESIAN_POINT('',(0.910085053296,2.513174686027,11.));
#6007 = ORIENTED_EDGE('',*,*,#6008,.T.);
#6008 = EDGE_CURVE('',#5992,#5973,#6009,.T.);
#6009 = B_SPLINE_CURVE_WITH_KNOTS('',6,(#6010,#6011,#6012,#6013,#6014,
    #6015,#6016,#6017,#6018,#6019,#6020,#6021,#6022,#6023,#6024,#6025,
    #6026,#6027,#6028,#6029,#6030,#6031,#6032,#6033,#6034,#6035,#6036),
  .UNSPECIFIED.,.F.,.F.,(7,5,5,5,5,7),(0.,0.2229691248,0.462619770885,
    0.719882685209,0.85673957989,1.),.UNSPECIFIED.);
#6010 = CARTESIAN_POINT('',(0.910085053296,2.513174686027,11.));
#6011 = CARTESIAN_POINT('',(0.665397109588,2.61862562745,11.));
#6012 = CARTESIAN_POINT('',(0.407796869238,2.694873683323,11.));
#6013 = CARTESIAN_POINT('',(0.141875514549,2.74010681194,11.));
#6014 = CARTESIAN_POINT('',(-0.127709831472,2.753628652758,11.));
#6015 = CARTESIAN_POINT('',(-0.396337615419,2.735489555341,11.));
#6016 = CARTESIAN_POINT('',(-0.942213332631,2.634341739145,11.));
#6017 = CARTESIAN_POINT('',(-1.218763133828,2.546551086274,11.));
#6018 = CARTESIAN_POINT('',(-1.483407004754,2.42459815812,11.));
#6019 = CARTESIAN_POINT('',(-1.731178245082,2.270899692751,11.));
#6020 = CARTESIAN_POINT('',(-1.957652142872,2.088583193883,11.));
#6021 = CARTESIAN_POINT('',(-2.37545781171,1.659747135447,11.));
#6022 = CARTESIAN_POINT('',(-2.563128828284,1.40934406043,11.));
#6023 = CARTESIAN_POINT('',(-2.71756282447,1.135565891756,11.));
#6024 = CARTESIAN_POINT('',(-2.835718437425,0.844097736005,11.));
#6025 = CARTESIAN_POINT('',(-2.915570298126,0.540928562665,11.));
#6026 = CARTESIAN_POINT('',(-2.9783484625,6.8417653466E-02,11.));
#6027 = CARTESIAN_POINT('',(-2.989151927076,-9.718887744697E-02,11.));
#6028 = CARTESIAN_POINT('',(-2.988869947899,-0.263387192458,11.));
#6029 = CARTESIAN_POINT('',(-2.977518480516,-0.429253973405,11.));
#6030 = CARTESIAN_POINT('',(-2.955214535089,-0.593881909412,11.));
#6031 = CARTESIAN_POINT('',(-2.887583185974,-0.926485949249,11.));
#6032 = CARTESIAN_POINT('',(-2.841225415671,-1.094267519951,11.));
#6033 = CARTESIAN_POINT('',(-2.78334512339,-1.258708165007,11.));
#6034 = CARTESIAN_POINT('',(-2.714297883231,-1.418843459658,11.));
#6035 = CARTESIAN_POINT('',(-2.634542615375,-1.573764547291,11.));
#6036 = CARTESIAN_POINT('',(-2.544635900231,-1.722619345994,11.));
#6037 = FACE_BOUND('',#6038,.F.);
#6038 = EDGE_LOOP('',(#6039));
#6039 = ORIENTED_EDGE('',*,*,#5599,.F.);
#6040 = PLANE('',#6041);
#6041 = AXIS2_PLACEMENT_3D('',#6042,#6043,#6044);
#6042 = CARTESIAN_POINT('',(-1.7E-16,-1.E-17,11.));
#6043 = DIRECTION('',(0.,0.,1.));
#6044 = DIRECTION('',(0.,1.,0.));
#6045 = ADVANCED_FACE('',(#6046),#6134,.F.);
#6046 = FACE_BOUND('',#6047,.F.);
#6047 = EDGE_LOOP('',(#6048,#6127,#6132,#6133));
#6048 = ORIENTED_EDGE('',*,*,#6049,.F.);
#6049 = EDGE_CURVE('',#6050,#5617,#6052,.T.);
#6050 = VERTEX_POINT('',#6051);
#6051 = CARTESIAN_POINT('',(3.,-1.347271E-09,12.858625449991));
#6052 = B_SPLINE_CURVE_WITH_KNOTS('',7,(#6053,#6054,#6055,#6056,#6057,
    #6058,#6059,#6060,#6061,#6062,#6063,#6064,#6065,#6066,#6067,#6068,
    #6069,#6070,#6071,#6072,#6073,#6074,#6075,#6076,#6077,#6078,#6079,
    #6080,#6081,#6082,#6083,#6084,#6085,#6086,#6087,#6088,#6089,#6090,
    #6091,#6092,#6093,#6094,#6095,#6096,#6097,#6098,#6099,#6100,#6101,
    #6102,#6103,#6104,#6105,#6106,#6107,#6108,#6109,#6110,#6111,#6112,
    #6113,#6114,#6115,#6116,#6117,#6118,#6119,#6120,#6121,#6122,#6123,
    #6124,#6125,#6126),.UNSPECIFIED.,.F.,.F.,(8,6,6,6,6,6,6,6,6,6,6,6,8)
  ,(0.,4.422966482652E-02,0.133882129592,0.215825540499,0.265606664596,
    0.37558912286,0.500575374523,0.624989105635,0.730208386232,
    0.781917039227,0.867911975512,0.954739804138,1.),.UNSPECIFIED.);
#6053 = CARTESIAN_POINT('',(3.,-2.69454947E-09,12.858625449991));
#6054 = CARTESIAN_POINT('',(2.999999994141,0.119090606569,
    12.863363890295));
#6055 = CARTESIAN_POINT('',(2.994484480518,0.238182322311,
    12.868103257486));
#6056 = CARTESIAN_POINT('',(2.983453548609,0.356966642947,
    12.872842790157));
#6057 = CARTESIAN_POINT('',(2.966928499131,0.475137370746,
    12.877582143499));
#6058 = CARTESIAN_POINT('',(2.944951774716,0.592391040927,
    12.882321228226));
#6059 = CARTESIAN_POINT('',(2.917586890602,0.70842735076,12.887060049485
    ));
#6060 = CARTESIAN_POINT('',(2.818700051788,1.055083405168,
    12.901403363592));
#6061 = CARTESIAN_POINT('',(2.73067885499,1.281039919826,12.911008616569
    ));
#6062 = CARTESIAN_POINT('',(2.621562685281,1.498290551872,12.92061193289
    ));
#6063 = CARTESIAN_POINT('',(2.492416421243,1.704501662057,
    12.930214781662));
#6064 = CARTESIAN_POINT('',(2.34459405252,1.897511277401,12.939819120188
    ));
#6065 = CARTESIAN_POINT('',(2.179730166671,2.075342713143,
    12.949425109982));
#6066 = CARTESIAN_POINT('',(1.835324056966,2.383330905222,
    12.967808794378));
#6067 = CARTESIAN_POINT('',(1.658218488752,2.51631210101,12.976589011245
    ));
#6068 = CARTESIAN_POINT('',(1.46995663722,2.633862757033,12.985368649991
    ));
#6069 = CARTESIAN_POINT('',(1.272160819837,2.734887999347,
    12.994147783671));
#6070 = CARTESIAN_POINT('',(1.066565619449,2.818501886566,13.00292723559
    ));
#6071 = CARTESIAN_POINT('',(0.855009081024,2.884031905148,
    13.011707263394));
#6072 = CARTESIAN_POINT('',(0.50848463487,2.959629977347,13.02581938095)
  );
#6073 = CARTESIAN_POINT('',(0.37603536105,2.981373867172,13.031152645605
    ));
#6074 = CARTESIAN_POINT('',(0.242525320515,2.996198018921,
    13.036485816497));
#6075 = CARTESIAN_POINT('',(0.108388266706,3.004042791258,
    13.041818934837));
#6076 = CARTESIAN_POINT('',(-2.593964702361E-02,3.004882674197,
    13.047152098018));
#6077 = CARTESIAN_POINT('',(-0.160020674359,2.998726335559,
    13.052485344912));
#6078 = CARTESIAN_POINT('',(-0.588129936473,2.956653208835,
    13.069601281002));
#6079 = CARTESIAN_POINT('',(-0.879618258287,2.893738479834,
    13.081388586665));
#6080 = CARTESIAN_POINT('',(-1.162986534723,2.797309836622,
    13.093172521042));
#6081 = CARTESIAN_POINT('',(-1.43367544253,2.668717772224,
    13.104955441734));
#6082 = CARTESIAN_POINT('',(-1.68744237194,2.509977878029,
    13.116739581256));
#6083 = CARTESIAN_POINT('',(-1.920360183486,2.323771004661,
    13.128527055302));
#6084 = CARTESIAN_POINT('',(-2.366097010249,1.874790268232,
    13.15369994246));
#6085 = CARTESIAN_POINT('',(-2.572087062498,1.604786510815,
    13.167097988802));
#6086 = CARTESIAN_POINT('',(-2.741759273466,1.308719852899,
    13.180488549291));
#6087 = CARTESIAN_POINT('',(-2.871392836979,0.992519425114,
    13.193876939156));
#6088 = CARTESIAN_POINT('',(-2.958377148604,0.662552909543,
    13.207267426421));
#6089 = CARTESIAN_POINT('',(-3.00120016805,0.325655030845,
    13.220665407939));
#6090 = CARTESIAN_POINT('',(-2.998766001052,-0.34586260325,
    13.247384449975));
#6091 = CARTESIAN_POINT('',(-2.953909914559,-0.680896355923,
    13.260721934905));
#6092 = CARTESIAN_POINT('',(-2.865348649559,-1.008778900054,
    13.27405314206));
#6093 = CARTESIAN_POINT('',(-2.734613928827,-1.322779015072,
    13.287382566549));
#6094 = CARTESIAN_POINT('',(-2.564315030289,-1.616629820409,
    13.300713691238));
#6095 = CARTESIAN_POINT('',(-2.358149792322,-1.884502056744,
    13.314051089072));
#6096 = CARTESIAN_POINT('',(-1.920936491395,-2.321694753659,
    13.338652443553));
#6097 = CARTESIAN_POINT('',(-1.698468257301,-2.500010279655,
    13.349928106648));
#6098 = CARTESIAN_POINT('',(-1.456876726103,-2.653259943617,
    13.361200932869));
#6099 = CARTESIAN_POINT('',(-1.199576911777,-2.779081450448,
    13.372472087469));
#6100 = CARTESIAN_POINT('',(-0.93027401201,-2.875662792142,
    13.383745041823));
#6101 = CARTESIAN_POINT('',(-0.652929273084,-2.941759132244,
    13.395020804038));
#6102 = CARTESIAN_POINT('',(-0.233650830438,-2.994126206427,
    13.411832940077));
#6103 = CARTESIAN_POINT('',(-9.455935686727E-02,-3.003901302829,
    13.417372780524));
#6104 = CARTESIAN_POINT('',(4.497855179471E-02,-3.006135241136,
    13.422912582997));
#6105 = CARTESIAN_POINT('',(0.184472568231,-3.000806892579,
    13.428452358279));
#6106 = CARTESIAN_POINT('',(0.323433412274,-2.987934955283,
    13.433992179596));
#6107 = CARTESIAN_POINT('',(0.461373835353,-2.967577906336,
    13.439532050977));
#6108 = CARTESIAN_POINT('',(0.824711383142,-2.893693911759,
    13.454284706929));
#6109 = CARTESIAN_POINT('',(1.047490647859,-2.827115761169,
    13.463498798651));
#6110 = CARTESIAN_POINT('',(1.26387970605,-2.740550374638,
    13.472711745446));
#6111 = CARTESIAN_POINT('',(1.471748205605,-2.634761004059,
    13.48192389364));
#6112 = CARTESIAN_POINT('',(1.669089839227,-2.510768686089,
    13.491136593389));
#6113 = CARTESIAN_POINT('',(1.854033750767,-2.369846456377,
    13.500350429315));
#6114 = CARTESIAN_POINT('',(2.19738225182,-2.055764620442,
    13.518865460178));
#6115 = CARTESIAN_POINT('',(2.355562675878,-1.88226005471,
    13.528169310637));
#6116 = CARTESIAN_POINT('',(2.497657778265,-1.694648014776,
    13.537472632045));
#6117 = CARTESIAN_POINT('',(2.622193837166,-1.494732654751,
    13.546776006932));
#6118 = CARTESIAN_POINT('',(2.727945617348,-1.284480851206,
    13.556080274359));
#6119 = CARTESIAN_POINT('',(2.813943506278,-1.06601071777,
    13.565384859902));
#6120 = CARTESIAN_POINT('',(2.913717426711,-0.724639155271,
    13.579535884068));
#6121 = CARTESIAN_POINT('',(2.942361893947,-0.606046074831,
    13.584384512858));
#6122 = CARTESIAN_POINT('',(2.965370465318,-0.486148935742,
    13.589232780015));
#6123 = CARTESIAN_POINT('',(2.982673502264,-0.365269219707,
    13.594080689242));
#6124 = CARTESIAN_POINT('',(2.994224464389,-0.243731968586,
    13.598928417273));
#6125 = CARTESIAN_POINT('',(2.999999993895,-0.121865313294,
    13.603776366313));
#6126 = CARTESIAN_POINT('',(3.,-2.69422573E-09,13.608625216474));
#6127 = ORIENTED_EDGE('',*,*,#6128,.T.);
#6128 = EDGE_CURVE('',#6050,#5761,#6129,.T.);
#6129 = B_SPLINE_CURVE_WITH_KNOTS('',1,(#6130,#6131),.UNSPECIFIED.,.F.,
  .F.,(2,2),(0.,0.5),.PIECEWISE_BEZIER_KNOTS.);
#6130 = CARTESIAN_POINT('',(3.072877674405,6.773419248E-08,
    12.803966143245));
#6131 = CARTESIAN_POINT('',(2.672880443167,-3.188217601E-07,
    13.103969834891));
#6132 = ORIENTED_EDGE('',*,*,#5760,.T.);
#6133 = ORIENTED_EDGE('',*,*,#5695,.F.);
#6134 = B_SPLINE_SURFACE_WITH_KNOTS('',1,8,(
    (#6135,#6136,#6137,#6138,#6139,#6140,#6141,#6142,#6143,#6144,#6145
      ,#6146,#6147,#6148,#6149,#6150,#6151,#6152,#6153,#6154,#6155,#6156
      ,#6157,#6158,#6159,#6160,#6161)
    ,(#6162,#6163,#6164,#6165,#6166,#6167,#6168,#6169,#6170,#6171,#6172
      ,#6173,#6174,#6175,#6176,#6177,#6178,#6179,#6180,#6181,#6182,#6183
      ,#6184,#6185,#6186,#6187,#6188
    )),.UNSPECIFIED.,.F.,.F.,.F.,(2,2),(9,6,6,6,9),(0.,0.5),(0.,
    1.581947328539,3.163894657078,4.745841985618,6.327789314157),
  .UNSPECIFIED.);
#6135 = CARTESIAN_POINT('',(3.072877674405,6.773418493E-08,
    12.803966143245));
#6136 = CARTESIAN_POINT('',(3.072877594486,0.603355091666,
    12.827403733214));
#6137 = CARTESIAN_POINT('',(2.937513722022,1.206715081944,
    12.850841818683));
#6138 = CARTESIAN_POINT('',(2.666678871446,1.774633813927,
    12.874278408458));
#6139 = CARTESIAN_POINT('',(2.271645189549,2.271649977453,
    12.897716032418));
#6140 = CARTESIAN_POINT('',(1.77462217163,2.666698924038,12.921153679446
    ));
#6141 = CARTESIAN_POINT('',(1.206717678804,2.937483623124,
    12.944591294698));
#6142 = CARTESIAN_POINT('',(6.10177180995E-06,3.208270439571,
    12.991466351437));
#6143 = CARTESIAN_POINT('',(-1.206716120237,2.937485007322,
    13.038341227219));
#6144 = CARTESIAN_POINT('',(-1.774632521721,2.666699444209,
    13.061778653572));
#6145 = CARTESIAN_POINT('',(-2.2716588923,2.271651882905,13.085216190268
    ));
#6146 = CARTESIAN_POINT('',(-2.666701579082,1.774626636195,
    13.108653763841));
#6147 = CARTESIAN_POINT('',(-2.937483255051,1.206715118468,
    13.132091272222));
#6148 = CARTESIAN_POINT('',(-3.208265486077,-6.318846736E-08,
    13.178966247688));
#6149 = CARTESIAN_POINT('',(-2.937483242319,-1.206715241988,
    13.225841223155));
#6150 = CARTESIAN_POINT('',(-2.666701536328,-1.774626762523,
    13.249278731536));
#6151 = CARTESIAN_POINT('',(-2.271658690673,-2.271651954102,
    13.27271630511));
#6152 = CARTESIAN_POINT('',(-1.774632354283,-2.666699384981,
    13.296153841804));
#6153 = CARTESIAN_POINT('',(-1.206715990518,-2.937485031809,
    13.319591268158));
#6154 = CARTESIAN_POINT('',(6.23171939556E-06,-3.208270589406,
    13.36646614394));
#6155 = CARTESIAN_POINT('',(1.206717808523,-2.937483645578,
    13.413341200679));
#6156 = CARTESIAN_POINT('',(1.774622279569,-2.666698865741,
    13.43677881593));
#6157 = CARTESIAN_POINT('',(2.271645141434,-2.27164920542,
    13.460216462962));
#6158 = CARTESIAN_POINT('',(2.666678352909,-1.774634066429,
    13.483654086915));
#6159 = CARTESIAN_POINT('',(2.937514610798,-1.206714990281,
    13.507090676695));
#6160 = CARTESIAN_POINT('',(3.07287759801,-0.603354964509,
    13.530528762163));
#6161 = CARTESIAN_POINT('',(3.072877519722,5.942284576E-08,
    13.553966352132));
#6162 = CARTESIAN_POINT('',(2.672880443167,-3.1882176676E-07,
    13.103969834891));
#6163 = CARTESIAN_POINT('',(2.672880068769,0.524832260299,
    13.127406931053));
#6164 = CARTESIAN_POINT('',(2.555130482187,1.049616215586,
    13.150841803109));
#6165 = CARTESIAN_POINT('',(2.319574400844,1.543624728317,
    13.174283388743));
#6166 = CARTESIAN_POINT('',(1.975934454457,1.975958013392,
    13.197720332363));
#6167 = CARTESIAN_POINT('',(1.543618553024,2.319571753401,
    13.221157172391));
#6168 = CARTESIAN_POINT('',(1.049638831287,2.555109846308,
    13.244594155073));
#6169 = CARTESIAN_POINT('',(6.71827401972E-06,2.790648228548,
    13.291468900394));
#6170 = CARTESIAN_POINT('',(-1.049638048724,2.555111598019,
    13.338344457963));
#6171 = CARTESIAN_POINT('',(-1.543630321135,2.319574084512,
    13.361782288533));
#6172 = CARTESIAN_POINT('',(-1.975955895389,1.975948967603,
    13.385219623823));
#6173 = CARTESIAN_POINT('',(-2.319574369539,1.543625416688,
    13.40865679358));
#6174 = CARTESIAN_POINT('',(-2.555109016579,1.049639070787,
    13.432094255961));
#6175 = CARTESIAN_POINT('',(-2.790644155933,3.343254772E-07,
    13.478969366082));
#6176 = CARTESIAN_POINT('',(-2.555109496335,-1.049638509791,
    13.525844476203));
#6177 = CARTESIAN_POINT('',(-2.319574917473,-1.543625000503,
    13.549281938583));
#6178 = CARTESIAN_POINT('',(-1.975955633274,-1.975948374214,
    13.572719108341));
#6179 = CARTESIAN_POINT('',(-1.54363046767,-2.319572867674,
    13.59615644363));
#6180 = CARTESIAN_POINT('',(-1.049638569055,-2.55511119536,
    13.619594274201));
#6181 = CARTESIAN_POINT('',(6.07304165685E-06,-2.790649211326,
    13.666469831769));
#6182 = CARTESIAN_POINT('',(1.049638310957,-2.555110556865,
    13.71334457709));
#6183 = CARTESIAN_POINT('',(1.543618016222,-2.319572199394,
    13.736781559767));
#6184 = CARTESIAN_POINT('',(1.975933078524,-1.97595400997,
    13.760218399815));
#6185 = CARTESIAN_POINT('',(2.319570171329,-1.543627629204,
    13.783655343404));
#6186 = CARTESIAN_POINT('',(2.555135748402,-1.049616985559,
    13.807096929062));
#6187 = CARTESIAN_POINT('',(2.67287981031,-0.524832860636,
    13.830531801111));
#6188 = CARTESIAN_POINT('',(2.67287942859,-2.8151507903E-07,
    13.853968897272));
#6189 = ADVANCED_FACE('',(#6190),#6321,.F.);
#6190 = FACE_BOUND('',#6191,.F.);
#6191 = EDGE_LOOP('',(#6192,#6224,#6231,#6320));
#6192 = ORIENTED_EDGE('',*,*,#6193,.F.);
#6193 = EDGE_CURVE('',#6194,#5761,#6196,.T.);
#6194 = VERTEX_POINT('',#6195);
#6195 = CARTESIAN_POINT('',(2.672881457746,-3.56128338E-07,
    12.353970772507));
#6196 = B_SPLINE_CURVE_WITH_KNOTS('',8,(#6197,#6198,#6199,#6200,#6201,
    #6202,#6203,#6204,#6205,#6206,#6207,#6208,#6209,#6210,#6211,#6212,
    #6213,#6214,#6215,#6216,#6217,#6218,#6219,#6220,#6221,#6222,#6223),
  .UNSPECIFIED.,.F.,.F.,(9,6,6,6,9),(0.,1.581947328539,3.163894657078,
    4.745841985618,6.327789314157),.UNSPECIFIED.);
#6197 = CARTESIAN_POINT('',(2.672881457746,-3.5612833904E-07,
    12.353970772507));
#6198 = CARTESIAN_POINT('',(2.67288109067,0.524832422161,12.37740786867)
  );
#6199 = CARTESIAN_POINT('',(2.555131466726,1.049616578396,
    12.400842740734));
#6200 = CARTESIAN_POINT('',(2.319575302816,1.543625281882,
    12.424284326356));
#6201 = CARTESIAN_POINT('',(1.975935232097,1.975958735832,
    12.447721269977));
#6202 = CARTESIAN_POINT('',(1.543619171332,2.319572612329,
    12.471158110007));
#6203 = CARTESIAN_POINT('',(1.049639265375,2.555110801532,
    12.494595092691));
#6204 = CARTESIAN_POINT('',(6.75722383942E-06,2.790649287828,
    12.541469838013));
#6205 = CARTESIAN_POINT('',(-1.049638411483,2.555112582545,
    12.58834539558));
#6206 = CARTESIAN_POINT('',(-1.543630874687,2.319574986529,
    12.611783226149));
#6207 = CARTESIAN_POINT('',(-1.975956617849,1.975949745222,
    12.63522056144));
#6208 = CARTESIAN_POINT('',(-2.319575228467,1.543626034989,
    12.658657731197));
#6209 = CARTESIAN_POINT('',(-2.555109971805,1.049639504867,
    12.682095193579));
#6210 = CARTESIAN_POINT('',(-2.790645215213,3.7327585452E-07,
    12.728970303699));
#6211 = CARTESIAN_POINT('',(-2.555110480861,-1.049638872546,
    12.77584541382));
#6212 = CARTESIAN_POINT('',(-2.319575819491,-1.543625554054,
    12.7992828762));
#6213 = CARTESIAN_POINT('',(-1.975956410892,-1.975949096673,
    12.822720045959));
#6214 = CARTESIAN_POINT('',(-1.543631085972,-2.319573726599,
    12.846157381248));
#6215 = CARTESIAN_POINT('',(-1.049639003139,-2.555112150585,
    12.869595211818));
#6216 = CARTESIAN_POINT('',(6.0340906861E-06,-2.790650270608,
    12.916470769385));
#6217 = CARTESIAN_POINT('',(1.049638673719,-2.55511154139,
    12.963345514707));
#6218 = CARTESIAN_POINT('',(1.543618569778,-2.319573101413,
    12.986782497386));
#6219 = CARTESIAN_POINT('',(1.975933801005,-1.975954787559,
    13.010219337435));
#6220 = CARTESIAN_POINT('',(2.319571030199,-1.543628247522,
    13.033656281026));
#6221 = CARTESIAN_POINT('',(2.555136703651,-1.049617419697,
    13.057097866671));
#6222 = CARTESIAN_POINT('',(2.672880817564,-0.524833097111,
    13.080532738728));
#6223 = CARTESIAN_POINT('',(2.672880443167,-3.188217601E-07,
    13.103969834891));
#6224 = ORIENTED_EDGE('',*,*,#6225,.T.);
#6225 = EDGE_CURVE('',#6194,#6226,#6228,.T.);
#6226 = VERTEX_POINT('',#6227);
#6227 = CARTESIAN_POINT('',(3.,-7.433972E-09,12.599303497004));
#6228 = B_SPLINE_CURVE_WITH_KNOTS('',1,(#6229,#6230),.UNSPECIFIED.,.F.,
  .F.,(2,2),(0.,0.5),.PIECEWISE_BEZIER_KNOTS.);
#6229 = CARTESIAN_POINT('',(2.672881457746,-3.5612832361E-07,
    12.353970772507));
#6230 = CARTESIAN_POINT('',(3.072885086346,6.116807684E-08,
    12.653965934312));
#6231 = ORIENTED_EDGE('',*,*,#6232,.T.);
#6232 = EDGE_CURVE('',#6226,#5793,#6233,.T.);
#6233 = B_SPLINE_CURVE_WITH_KNOTS('',7,(#6234,#6235,#6236,#6237,#6238,
    #6239,#6240,#6241,#6242,#6243,#6244,#6245,#6246,#6247,#6248,#6249,
    #6250,#6251,#6252,#6253,#6254,#6255,#6256,#6257,#6258,#6259,#6260,
    #6261,#6262,#6263,#6264,#6265,#6266,#6267,#6268,#6269,#6270,#6271,
    #6272,#6273,#6274,#6275,#6276,#6277,#6278,#6279,#6280,#6281,#6282,
    #6283,#6284,#6285,#6286,#6287,#6288,#6289,#6290,#6291,#6292,#6293,
    #6294,#6295,#6296,#6297,#6298,#6299,#6300,#6301,#6302,#6303,#6304,
    #6305,#6306,#6307,#6308,#6309,#6310,#6311,#6312,#6313,#6314,#6315,
    #6316,#6317,#6318,#6319),.UNSPECIFIED.,.F.,.F.,(8,6,6,6,6,6,6,6,6,6,
    6,6,6,6,8),(0.,4.33630386573E-02,0.133369030307,0.205366602995,
    0.258429716694,0.371827711847,0.484689985024,0.502213638333,
    0.596213143167,0.624935463058,0.720170943341,0.776394042624,
    0.867873988763,0.955320041708,1.),.UNSPECIFIED.);
#6234 = CARTESIAN_POINT('',(3.,0.,12.599303497596));
#6235 = CARTESIAN_POINT('',(3.,0.11676066644,12.603949368218));
#6236 = CARTESIAN_POINT('',(2.994698188111,0.233522428722,
    12.608594559099));
#6237 = CARTESIAN_POINT('',(2.984094649849,0.349994537639,
    12.613239541171));
#6238 = CARTESIAN_POINT('',(2.968209067863,0.46588837114,12.617884616073
    ));
#6239 = CARTESIAN_POINT('',(2.947080665134,0.580917807326,
    12.622529935155));
#6240 = CARTESIAN_POINT('',(2.920768148164,0.694799597453,12.62717551848
    ));
#6241 = CARTESIAN_POINT('',(2.824136206771,1.040667882226,
    12.641464182404));
#6242 = CARTESIAN_POINT('',(2.736912677579,1.267975355049,
    12.651109626234));
#6243 = CARTESIAN_POINT('',(2.62838156807,1.486613009878,12.660754488407
    ));
#6244 = CARTESIAN_POINT('',(2.499609225894,1.694214211083,
    12.670398301967));
#6245 = CARTESIAN_POINT('',(2.351956304712,1.888585256,12.680042217503)
  );
#6246 = CARTESIAN_POINT('',(2.187069207676,2.067719324071,
    12.689686969415));
#6247 = CARTESIAN_POINT('',(1.86283760412,2.359537851406,12.707043364363
    ));
#6248 = CARTESIAN_POINT('',(1.708955138671,2.478373328987,
    12.714757263345));
#6249 = CARTESIAN_POINT('',(1.546283554483,2.58545100987,12.722470701554
    ));
#6250 = CARTESIAN_POINT('',(1.375906535514,2.680005772009,
    12.730183924955));
#6251 = CARTESIAN_POINT('',(1.198979395568,2.761396455043,
    12.737897490112));
#6252 = CARTESIAN_POINT('',(1.016724732919,2.829108267672,
    12.745611539881));
#6253 = CARTESIAN_POINT('',(0.693141219204,2.922322662171,
    12.759010136345));
#6254 = CARTESIAN_POINT('',(0.553644666687,2.954245259191,
    12.764695298758));
#6255 = CARTESIAN_POINT('',(0.412461166862,2.978392074155,
    12.770380407414));
#6256 = CARTESIAN_POINT('',(0.270110884259,2.994659193931,
    12.776065471067));
#6257 = CARTESIAN_POINT('',(0.127119561259,3.002986533971,
    12.781750570105));
#6258 = CARTESIAN_POINT('',(-1.598259756483E-02,3.00335796752,
    12.787435713223));
#6259 = CARTESIAN_POINT('',(-0.463573715497,2.979652885117,
    12.805269725473));
#6260 = CARTESIAN_POINT('',(-0.766696615812,2.92729097134,12.81742365908
    ));
#6261 = CARTESIAN_POINT('',(-1.062634645736,2.838949377745,
    12.829573074758));
#6262 = CARTESIAN_POINT('',(-1.346333993829,2.71591800547,
    12.841720887903));
#6263 = CARTESIAN_POINT('',(-1.613072393615,2.560244829298,
    12.853870137699));
#6264 = CARTESIAN_POINT('',(-1.858454429708,2.374737663427,
    12.866023954936));
#6265 = CARTESIAN_POINT('',(-2.297748870585,1.952614437737,
    12.890264683289));
#6266 = CARTESIAN_POINT('',(-2.492081889558,1.716068201565,
    12.902361739578));
#6267 = CARTESIAN_POINT('',(-2.657747906728,1.457188944405,
    12.914455117046));
#6268 = CARTESIAN_POINT('',(-2.791803876543,1.180192652425,
    12.926547396643));
#6269 = CARTESIAN_POINT('',(-2.892039076279,0.889647261445,
    12.938640949491));
#6270 = CARTESIAN_POINT('',(-2.956973167481,0.590476682035,
    12.950738317048));
#6271 = CARTESIAN_POINT('',(-2.99067504998,0.241016894928,
    12.964707732254));
#6272 = CARTESIAN_POINT('',(-2.994342706046,0.193966942086,
    12.966585189236));
#6273 = CARTESIAN_POINT('',(-2.997146707852,0.146852858574,
    12.968462636397));
#6274 = CARTESIAN_POINT('',(-2.999085747445,9.969367158957E-02,
    12.970340073341));
#6275 = CARTESIAN_POINT('',(-3.000159041865,5.250843194026E-02,
    12.972217499734));
#6276 = CARTESIAN_POINT('',(-3.000366333146,5.316214038445E-03,
    12.974094915305));
#6277 = CARTESIAN_POINT('',(-2.996175891464,-0.294945007344,
    12.986042999389));
#6278 = CARTESIAN_POINT('',(-2.967732226751,-0.5477296842,
    12.996115383703));
#6279 = CARTESIAN_POINT('',(-2.91440234618,-0.79718247399,
    13.006186032653));
#6280 = CARTESIAN_POINT('',(-2.83669366562,-1.040389331321,
    13.016255621524));
#6281 = CARTESIAN_POINT('',(-2.735501180865,-1.274549186133,
    13.026326177291));
#6282 = CARTESIAN_POINT('',(-2.612101160487,-1.496993666161,
    13.036398353022));
#6283 = CARTESIAN_POINT('',(-2.424272792882,-1.768864798153,
    13.049545829931));
#6284 = CARTESIAN_POINT('',(-2.378398840648,-1.831172606996,
    13.052622940225));
#6285 = CARTESIAN_POINT('',(-2.330658947573,-1.892089092712,
    13.055700072396));
#6286 = CARTESIAN_POINT('',(-2.28110391647,-1.951547381833,
    13.058777226571));
#6287 = CARTESIAN_POINT('',(-2.229787464161,-2.009483023056,
    13.061854401927));
#6288 = CARTESIAN_POINT('',(-2.176766221473,-2.065833987242,
    13.064931596688));
#6289 = CARTESIAN_POINT('',(-1.940840375302,-2.301933291027,
    13.078212012837));
#6290 = CARTESIAN_POINT('',(-1.741453012399,-2.465288492757,
    13.088417555107));
#6291 = CARTESIAN_POINT('',(-1.526157964351,-2.608358507007,
    13.098621695703));
#6292 = CARTESIAN_POINT('',(-1.297450154856,-2.729343396704,
    13.108824837356));
#6293 = CARTESIAN_POINT('',(-1.058032796371,-2.826813161629,
    13.119028835447));
#6294 = CARTESIAN_POINT('',(-0.810797755472,-2.899718140283,
    13.129234224158));
#6295 = CARTESIAN_POINT('',(-0.410114570373,-2.975688886096,
    13.145460867478));
#6296 = CARTESIAN_POINT('',(-0.259712467153,-2.995133797221,
    13.15148448659));
#6297 = CARTESIAN_POINT('',(-0.10827143111,-3.00570431947,
    13.157507955407));
#6298 = CARTESIAN_POINT('',(4.358047683318E-02,-3.007338005746,
    13.16353133906));
#6299 = CARTESIAN_POINT('',(0.195213830642,-3.0000280915,13.169554813624
    ));
#6300 = CARTESIAN_POINT('',(0.345999392896,-2.98382350515,13.17557845192
    ));
#6301 = CARTESIAN_POINT('',(0.73825066868,-2.918160414325,
    13.191402868981));
#6302 = CARTESIAN_POINT('',(0.977340022182,-2.854212709998,
    13.201205662339));
#6303 = CARTESIAN_POINT('',(1.209820454105,-2.767432719824,
    13.211007430799));
#6304 = CARTESIAN_POINT('',(1.433104236276,-2.658676672562,
    13.220808677802));
#6305 = CARTESIAN_POINT('',(1.644754754295,-2.529131381664,
    13.230610812364));
#6306 = CARTESIAN_POINT('',(1.842502551836,-2.380306422349,
    13.24041389664));
#6307 = CARTESIAN_POINT('',(2.19807280819,-2.055217079807,
    13.259583322977));
#6308 = CARTESIAN_POINT('',(2.357327862361,-1.880400373389,
    13.268952841962));
#6309 = CARTESIAN_POINT('',(2.500257492182,-1.691280922294,
    13.27832071804));
#6310 = CARTESIAN_POINT('',(2.625357667297,-1.489703262738,
    13.287687162416));
#6311 = CARTESIAN_POINT('',(2.731380016218,-1.277678922819,
    13.297054068623));
#6312 = CARTESIAN_POINT('',(2.817339258234,-1.057374472254,
    13.306422924717));
#6313 = CARTESIAN_POINT('',(2.915902069748,-0.715533910038,
    13.320578615694));
#6314 = CARTESIAN_POINT('',(2.943824167007,-0.598375961714,
    13.325365925557));
#6315 = CARTESIAN_POINT('',(2.966250169851,-0.479963162939,
    13.330153567842));
#6316 = CARTESIAN_POINT('',(2.98311393635,-0.360604992865,
    13.334941554792));
#6317 = CARTESIAN_POINT('',(2.994371271474,-0.240614244778,
    13.339729781558));
#6318 = CARTESIAN_POINT('',(2.999999993431,-0.120306568843,
    13.344517832138));
#6319 = CARTESIAN_POINT('',(3.,-1.486625445E-08,13.349304785307));
#6320 = ORIENTED_EDGE('',*,*,#5792,.F.);
#6321 = B_SPLINE_SURFACE_WITH_KNOTS('',1,9,(
    (#6322,#6323,#6324,#6325,#6326,#6327,#6328,#6329,#6330,#6331,#6332
      ,#6333,#6334,#6335,#6336,#6337,#6338,#6339,#6340,#6341,#6342,#6343
      ,#6344,#6345,#6346,#6347,#6348,#6349,#6350,#6351,#6352)
    ,(#6353,#6354,#6355,#6356,#6357,#6358,#6359,#6360,#6361,#6362,#6363
      ,#6364,#6365,#6366,#6367,#6368,#6369,#6370,#6371,#6372,#6373,#6374
      ,#6375,#6376,#6377,#6378,#6379,#6380,#6381,#6382,#6383
  )),.UNSPECIFIED.,.F.,.F.,.F.,(2,2),(10,7,7,7,10),(0.,0.5),(0.,
    1.581947328539,3.163894657078,4.745841985618,6.327789314157),
  .UNSPECIFIED.);
#6322 = CARTESIAN_POINT('',(2.672881457746,-3.561283386E-07,
    12.353970772507));
#6323 = CARTESIAN_POINT('',(2.672881131457,0.466517669018,
    12.374803746874));
#6324 = CARTESIAN_POINT('',(2.581298049825,0.93299787701,12.395634991387
    ));
#6325 = CARTESIAN_POINT('',(2.398094024119,1.378955714053,12.41647046448
    ));
#6326 = CARTESIAN_POINT('',(2.128664152417,1.783810534077,
    12.437304850592));
#6327 = CARTESIAN_POINT('',(1.783794760646,2.128676014275,
    12.458137643322));
#6328 = CARTESIAN_POINT('',(1.37895920268,2.398085342063,12.478970437569
    ));
#6329 = CARTESIAN_POINT('',(0.933013431136,2.581281744454,
    12.499803397726));
#6330 = CARTESIAN_POINT('',(6.05385968449E-06,2.764478443851,
    12.541469883137));
#6331 = CARTESIAN_POINT('',(-0.933011170515,2.581283327576,
    12.583137000295));
#6332 = CARTESIAN_POINT('',(-1.378966720286,2.398087518534,
    12.60397061596));
#6333 = CARTESIAN_POINT('',(-1.783811843111,2.128672074692,
    12.624803967977));
#6334 = CARTESIAN_POINT('',(-2.128676000346,1.783805874007,
    12.645637081332));
#6335 = CARTESIAN_POINT('',(-2.39808680958,1.378963858282,
    12.666470218657));
#6336 = CARTESIAN_POINT('',(-2.581280554406,0.933012934691,
    12.687303539148));
#6337 = CARTESIAN_POINT('',(-2.764474660893,3.6692976274E-07,
    12.728970303699));
#6338 = CARTESIAN_POINT('',(-2.5812810069,-0.933012289677,
    12.770637068251));
#6339 = CARTESIAN_POINT('',(-2.398087373281,-1.378963326885,
    12.791470388739));
#6340 = CARTESIAN_POINT('',(-2.128676148047,-1.783805299954,
    12.812303526068));
#6341 = CARTESIAN_POINT('',(-1.783811822038,-2.128671154418,
    12.833136639419));
#6342 = CARTESIAN_POINT('',(-1.378967058361,-2.398086534594,
    12.853969991439));
#6343 = CARTESIAN_POINT('',(-0.93301177678,-2.581283052809,
    12.874803607103));
#6344 = CARTESIAN_POINT('',(5.345335018E-06,-2.764479334539,
    12.91647072426));
#6345 = CARTESIAN_POINT('',(0.933012824872,-2.581282511303,
    12.958137209671));
#6346 = CARTESIAN_POINT('',(1.378958811116,-2.398086592695,
    12.978970169861));
#6347 = CARTESIAN_POINT('',(1.783793166747,-2.128672294844,
    12.999802963989));
#6348 = CARTESIAN_POINT('',(2.128661989915,-1.78381140197,
    13.020635756899));
#6349 = CARTESIAN_POINT('',(2.398092714659,-1.378957293624,
    13.041470142873));
#6350 = CARTESIAN_POINT('',(2.581302062299,-0.932998681344,
    13.062305616016));
#6351 = CARTESIAN_POINT('',(2.672880775965,-0.466518343968,
    13.083136860524));
#6352 = CARTESIAN_POINT('',(2.672880443167,-3.1882175999E-07,
    13.103969834891));
#6353 = CARTESIAN_POINT('',(3.072885086346,6.116806084E-08,
    12.653965934312));
#6354 = CARTESIAN_POINT('',(3.072884358038,0.536316781299,
    12.674799347627));
#6355 = CARTESIAN_POINT('',(2.967597312097,1.0726372358,12.695633146368)
  );
#6356 = CARTESIAN_POINT('',(2.75696367614,1.585329544348,12.716466002933
    ));
#6357 = CARTESIAN_POINT('',(2.447222838677,2.050759469668,
    12.737299101713));
#6358 = CARTESIAN_POINT('',(2.050750893305,2.447234557218,
    12.758132555499));
#6359 = CARTESIAN_POINT('',(1.585324053984,2.756966175244,
    12.778966008936));
#6360 = CARTESIAN_POINT('',(1.072640869526,2.967576922154,
    12.799799425418));
#6361 = CARTESIAN_POINT('',(5.5260255842E-06,3.178189114128,
    12.84146613247));
#6362 = CARTESIAN_POINT('',(-1.0726381927,2.967578640581,12.883132698765
    ));
#6363 = CARTESIAN_POINT('',(-1.585330655605,2.756967719227,
    12.903965969193));
#6364 = CARTESIAN_POINT('',(-2.05076312401,2.447234197447,
    12.924799298363));
#6365 = CARTESIAN_POINT('',(-2.447238890015,2.050756182094,
    12.945632680709));
#6366 = CARTESIAN_POINT('',(-2.756967830186,1.58532612021,
    12.966466057714));
#6367 = CARTESIAN_POINT('',(-2.967576311019,1.072637941477,
    12.987299393909));
#6368 = CARTESIAN_POINT('',(-3.178185347396,-2.591372295E-08,
    13.028966038766));
#6369 = CARTESIAN_POINT('',(-2.967576671937,-1.072638064169,
    13.070632683624));
#6370 = CARTESIAN_POINT('',(-2.756968169488,-1.585326359531,
    13.091466019817));
#6371 = CARTESIAN_POINT('',(-2.447238254599,-2.050756205425,
    13.112299396826));
#6372 = CARTESIAN_POINT('',(-2.050762001176,-2.447233405522,
    13.133132779167));
#6373 = CARTESIAN_POINT('',(-1.58533005912,-2.756966603529,
    13.153966108341));
#6374 = CARTESIAN_POINT('',(-1.07263799842,-2.967578608022,
    13.174799378768));
#6375 = CARTESIAN_POINT('',(5.62466091511E-06,-3.17819075969,
    13.216465945062));
#6376 = CARTESIAN_POINT('',(1.072641063807,-2.96757786384,
    13.258132652114));
#6377 = CARTESIAN_POINT('',(1.585325275159,-2.756964964784,
    13.278966068594));
#6378 = CARTESIAN_POINT('',(2.050747171985,-2.447234025707,
    13.299799522034));
#6379 = CARTESIAN_POINT('',(2.44722161216,-2.050752740711,
    13.320632975831));
#6380 = CARTESIAN_POINT('',(2.756961235568,-1.58533406045,
    13.341466074579));
#6381 = CARTESIAN_POINT('',(2.967605200329,-1.072637407435,
    13.362298931175));
#6382 = CARTESIAN_POINT('',(3.072883938751,-0.536316667276,
    13.383132729907));
#6383 = CARTESIAN_POINT('',(3.072883211894,5.285593742E-08,
    13.403966143219));
#6384 = ADVANCED_FACE('',(#6385),#6396,.T.);
#6385 = FACE_BOUND('',#6386,.F.);
#6386 = EDGE_LOOP('',(#6387,#6388,#6394,#6395));
#6387 = ORIENTED_EDGE('',*,*,#6232,.F.);
#6388 = ORIENTED_EDGE('',*,*,#6389,.T.);
#6389 = EDGE_CURVE('',#6226,#6050,#6390,.T.);
#6390 = LINE('',#6391,#6392);
#6391 = CARTESIAN_POINT('',(3.,0.,11.));
#6392 = VECTOR('',#6393,1.);
#6393 = DIRECTION('',(0.,0.,1.));
#6394 = ORIENTED_EDGE('',*,*,#6049,.T.);
#6395 = ORIENTED_EDGE('',*,*,#5956,.F.);
#6396 = CYLINDRICAL_SURFACE('',#6397,3.);
#6397 = AXIS2_PLACEMENT_3D('',#6398,#6399,#6400);
#6398 = CARTESIAN_POINT('',(0.,0.,11.));
#6399 = DIRECTION('',(-0.,-0.,-1.));
#6400 = DIRECTION('',(1.,0.,0.));
#6401 = ADVANCED_FACE('',(#6402),#6456,.T.);
#6402 = FACE_BOUND('',#6403,.F.);
#6403 = EDGE_LOOP('',(#6404,#6412,#6413,#6450));
#6404 = ORIENTED_EDGE('',*,*,#6405,.F.);
#6405 = EDGE_CURVE('',#5975,#6406,#6408,.T.);
#6406 = VERTEX_POINT('',#6407);
#6407 = CARTESIAN_POINT('',(3.,-7.43597E-09,11.09930092043));
#6408 = LINE('',#6409,#6410);
#6409 = CARTESIAN_POINT('',(3.,0.,11.));
#6410 = VECTOR('',#6411,1.);
#6411 = DIRECTION('',(0.,0.,1.));
#6412 = ORIENTED_EDGE('',*,*,#5972,.F.);
#6413 = ORIENTED_EDGE('',*,*,#6414,.T.);
#6414 = EDGE_CURVE('',#5973,#6415,#6417,.T.);
#6415 = VERTEX_POINT('',#6416);
#6416 = CARTESIAN_POINT('',(3.,-1.347583E-09,11.358625917031));
#6417 = B_SPLINE_CURVE_WITH_KNOTS('',6,(#6418,#6419,#6420,#6421,#6422,
    #6423,#6424,#6425,#6426,#6427,#6428,#6429,#6430,#6431,#6432,#6433,
    #6434,#6435,#6436,#6437,#6438,#6439,#6440,#6441,#6442,#6443,#6444,
    #6445,#6446,#6447,#6448,#6449),.UNSPECIFIED.,.F.,.F.,(7,5,5,5,5,5,7)
  ,(0.,0.215610158573,0.437136141542,0.545528259401,0.722106286007,
    0.904372842259,1.),.UNSPECIFIED.);
#6418 = CARTESIAN_POINT('',(-2.971813930862,-0.410270594038,10.9999994)
  );
#6419 = CARTESIAN_POINT('',(-2.927522425604,-0.731098151435,
    11.012886290071));
#6420 = CARTESIAN_POINT('',(-2.841652285703,-1.046300122596,
    11.025777993979));
#6421 = CARTESIAN_POINT('',(-2.715118018356,-1.348882162601,
    11.038664745771));
#6422 = CARTESIAN_POINT('',(-2.550422868382,-1.632505685523,
    11.051551312754));
#6423 = CARTESIAN_POINT('',(-2.351105979486,-1.891346804191,
    11.064442540931));
#6424 = CARTESIAN_POINT('',(-1.886990662687,-2.355842362378,
    11.090568950976));
#6425 = CARTESIAN_POINT('',(-1.620369246483,-2.560019038834,
    11.103813546459));
#6426 = CARTESIAN_POINT('',(-1.327701331499,-2.727516525126,
    11.11705186378));
#6427 = CARTESIAN_POINT('',(-1.015331328845,-2.854539662895,
    11.130290343717));
#6428 = CARTESIAN_POINT('',(-0.690159451725,-2.938436133708,
    11.143535086904));
#6429 = CARTESIAN_POINT('',(-0.198162979987,-2.997872714125,
    11.163253300426));
#6430 = CARTESIAN_POINT('',(-3.52459113674E-02,-3.00687310099,
    11.169731773896));
#6431 = CARTESIAN_POINT('',(0.128081787189,-3.005242418125,
    11.176210127539));
#6432 = CARTESIAN_POINT('',(0.290955931899,-2.992970551733,
    11.182688494557));
#6433 = CARTESIAN_POINT('',(0.452516351153,-2.970141125087,
    11.189166999512));
#6434 = CARTESIAN_POINT('',(0.871573975413,-2.882830362034,
    11.206198871038));
#6435 = CARTESIAN_POINT('',(1.125538796775,-2.801171478936,
    11.216753919598));
#6436 = CARTESIAN_POINT('',(1.370055575843,-2.692719713083,
    11.227306752299));
#6437 = CARTESIAN_POINT('',(1.601672623788,-2.558914635726,
    11.237859345908));
#6438 = CARTESIAN_POINT('',(1.817194210233,-2.401698851777,
    11.248414052149));
#6439 = CARTESIAN_POINT('',(2.216728619202,-2.039870647831,
    11.269861093015));
#6440 = CARTESIAN_POINT('',(2.399572326081,-1.833831408161,
    11.280757042064));
#6441 = CARTESIAN_POINT('',(2.5591885183,-1.608350412902,11.291651423694
    ));
#6442 = CARTESIAN_POINT('',(2.693126339175,-1.366731664395,
    11.302546975247));
#6443 = CARTESIAN_POINT('',(2.799471882538,-1.112616357356,
    11.313444020167));
#6444 = CARTESIAN_POINT('',(2.917750208353,-0.712296927113,
    11.330053006282));
#6445 = CARTESIAN_POINT('',(2.950536843854,-0.572200881913,
    11.335768049524));
#6446 = CARTESIAN_POINT('',(2.975239964617,-0.430336863686,
    11.341482530935));
#6447 = CARTESIAN_POINT('',(2.99174659187,-0.287287254379,
    11.347196523154));
#6448 = CARTESIAN_POINT('',(2.999999992804,-0.143642619367,
    11.352910578339));
#6449 = CARTESIAN_POINT('',(3.,-2.6951672E-09,11.358625917031));
#6450 = ORIENTED_EDGE('',*,*,#6451,.F.);
#6451 = EDGE_CURVE('',#6406,#6415,#6452,.T.);
#6452 = LINE('',#6453,#6454);
#6453 = CARTESIAN_POINT('',(3.,0.,11.));
#6454 = VECTOR('',#6455,1.);
#6455 = DIRECTION('',(0.,0.,1.));
#6456 = CYLINDRICAL_SURFACE('',#6457,3.);
#6457 = AXIS2_PLACEMENT_3D('',#6458,#6459,#6460);
#6458 = CARTESIAN_POINT('',(0.,0.,11.));
#6459 = DIRECTION('',(-0.,-0.,-1.));
#6460 = DIRECTION('',(1.,0.,0.));
#6461 = ADVANCED_FACE('',(#6462),#6503,.F.);
#6462 = FACE_BOUND('',#6463,.F.);
#6463 = EDGE_LOOP('',(#6464,#6471,#6472,#6473));
#6464 = ORIENTED_EDGE('',*,*,#6465,.F.);
#6465 = EDGE_CURVE('',#6415,#6466,#6468,.T.);
#6466 = VERTEX_POINT('',#6467);
#6467 = CARTESIAN_POINT('',(2.672882472328,-3.93434777E-07,
    11.603971710119));
#6468 = B_SPLINE_CURVE_WITH_KNOTS('',1,(#6469,#6470),.UNSPECIFIED.,.F.,
  .F.,(2,2),(0.,0.5),.PIECEWISE_BEZIER_KNOTS.);
#6469 = CARTESIAN_POINT('',(3.072877983768,8.435706578E-08,
    11.303965725468));
#6470 = CARTESIAN_POINT('',(2.672882472328,-3.934347248E-07,
    11.603971710119));
#6471 = ORIENTED_EDGE('',*,*,#6414,.F.);
#6472 = ORIENTED_EDGE('',*,*,#6008,.F.);
#6473 = ORIENTED_EDGE('',*,*,#6474,.T.);
#6474 = EDGE_CURVE('',#5992,#6466,#6475,.T.);
#6475 = B_SPLINE_CURVE_WITH_KNOTS('',8,(#6476,#6477,#6478,#6479,#6480,
    #6481,#6482,#6483,#6484,#6485,#6486,#6487,#6488,#6489,#6490,#6491,
    #6492,#6493,#6494,#6495,#6496,#6497,#6498,#6499,#6500,#6501,#6502),
  .UNSPECIFIED.,.F.,.F.,(9,6,6,6,9),(0.,1.581947328539,3.163894657078,
    4.745841985618,6.327789314157),.UNSPECIFIED.);
#6476 = CARTESIAN_POINT('',(2.672883486912,-4.307410939E-07,
    10.853972647729));
#6477 = CARTESIAN_POINT('',(2.672883134481,0.524832745888,
    10.877409743896));
#6478 = CARTESIAN_POINT('',(2.555133435811,1.049617304019,
    10.900844615976));
#6479 = CARTESIAN_POINT('',(2.319577106766,1.543626389017,
    10.924286201572));
#6480 = CARTESIAN_POINT('',(1.975936787382,1.97596018072,10.947723145197
    ));
#6481 = CARTESIAN_POINT('',(1.543620407951,2.319574330192,
    10.971159985231));
#6482 = CARTESIAN_POINT('',(1.049640133553,2.555112711987,
    10.994596967918));
#6483 = CARTESIAN_POINT('',(6.83512309526E-06,2.790651406395,
    11.041471713241));
#6484 = CARTESIAN_POINT('',(-1.049639137003,2.555114551604,
    11.088347270806));
#6485 = CARTESIAN_POINT('',(-1.543631981797,2.31957679057,
    11.111785101372));
#6486 = CARTESIAN_POINT('',(-1.975958062776,1.975951300465,
    11.135222436664));
#6487 = CARTESIAN_POINT('',(-2.319576946331,1.543627271596,
    11.158659606423));
#6488 = CARTESIAN_POINT('',(-2.555111882264,1.049640373032,
    11.182097068805));
#6489 = CARTESIAN_POINT('',(-2.79064733378,4.5117624953E-07,
    11.228972178925));
#6490 = CARTESIAN_POINT('',(-2.555112449922,-1.049639598059,
    11.275847289045));
#6491 = CARTESIAN_POINT('',(-2.319577623535,-1.54362666116,
    11.299284751426));
#6492 = CARTESIAN_POINT('',(-1.975957966132,-1.975950541599,
    11.322721921186));
#6493 = CARTESIAN_POINT('',(-1.543632322581,-2.319575444455,
    11.346159256477));
#6494 = CARTESIAN_POINT('',(-1.04963987131,-2.555114061042,
    11.369597087045));
#6495 = CARTESIAN_POINT('',(5.95618910474E-06,-2.79065238918,
    11.416472644608));
#6496 = CARTESIAN_POINT('',(1.049639399247,-2.555113510449,
    11.463347389931));
#6497 = CARTESIAN_POINT('',(1.543619676896,-2.319574905456,
    11.486784372613));
#6498 = CARTESIAN_POINT('',(1.975935245972,-1.975956342743,
    11.510221212667));
#6499 = CARTESIAN_POINT('',(2.319572747948,-1.543629484163,
    11.533658156261));
#6500 = CARTESIAN_POINT('',(2.555138614157,-1.049618287975,
    11.557099741881));
#6501 = CARTESIAN_POINT('',(2.672882832081,-0.524833570064,
    11.580534613954));
#6502 = CARTESIAN_POINT('',(2.672882472328,-3.934347248E-07,
    11.603971710119));
#6503 = B_SPLINE_SURFACE_WITH_KNOTS('',1,8,(
    (#6504,#6505,#6506,#6507,#6508,#6509,#6510,#6511,#6512,#6513,#6514
      ,#6515,#6516,#6517,#6518,#6519,#6520,#6521,#6522,#6523,#6524,#6525
      ,#6526,#6527,#6528,#6529,#6530)
    ,(#6531,#6532,#6533,#6534,#6535,#6536,#6537,#6538,#6539,#6540,#6541
      ,#6542,#6543,#6544,#6545,#6546,#6547,#6548,#6549,#6550,#6551,#6552
      ,#6553,#6554,#6555,#6556,#6557
    )),.UNSPECIFIED.,.F.,.F.,.F.,(2,2),(9,6,6,6,9),(0.,0.5),(0.,
    1.581947328539,3.163894657078,4.745841985618,6.327789314157),
  .UNSPECIFIED.);
#6504 = CARTESIAN_POINT('',(3.072878138449,9.266844536E-08,
    10.553965516578));
#6505 = CARTESIAN_POINT('',(3.072878053636,0.603355207695,
    10.577403106548));
#6506 = CARTESIAN_POINT('',(2.937514155841,1.206715288033,
    10.600841192021));
#6507 = CARTESIAN_POINT('',(2.666679259727,1.774634103563,
    10.624277781791));
#6508 = CARTESIAN_POINT('',(2.271645514176,2.271650338922,
    10.647715405751));
#6509 = CARTESIAN_POINT('',(1.774622417984,2.666699341147,10.67115305278
    ));
#6510 = CARTESIAN_POINT('',(1.206717837199,2.937484076515,
    10.694590668033));
#6511 = CARTESIAN_POINT('',(6.07573867836E-06,3.208270924063,
    10.741465724772));
#6512 = CARTESIAN_POINT('',(-1.206716326302,2.937485441129,
    10.788340600553));
#6513 = CARTESIAN_POINT('',(-1.774632811349,2.666699832515,
    10.811778026906));
#6514 = CARTESIAN_POINT('',(-2.271659253783,2.271652207523,
    10.835215563602));
#6515 = CARTESIAN_POINT('',(-2.66670199619,1.774626882546,
    10.858653137175));
#6516 = CARTESIAN_POINT('',(-2.937483708442,1.20671527686,
    10.882090645557));
#6517 = CARTESIAN_POINT('',(-3.208265970567,-8.922133136E-08,
    10.928965621023));
#6518 = CARTESIAN_POINT('',(-2.937483676127,-1.206715448051,
    10.97584059649));
#6519 = CARTESIAN_POINT('',(-2.666701924637,-1.774627052151,
    10.99927810487));
#6520 = CARTESIAN_POINT('',(-2.271659015291,-2.271652315586,
    11.022715678445));
#6521 = CARTESIAN_POINT('',(-1.774632600635,-2.666699802089,
    11.046153215139));
#6522 = CARTESIAN_POINT('',(-1.206716148911,-2.937485485199,
    11.069590641493));
#6523 = CARTESIAN_POINT('',(6.25775198453E-06,-3.208271073896,
    11.116465517274));
#6524 = CARTESIAN_POINT('',(1.206718014589,-2.937484079384,
    11.163340574013));
#6525 = CARTESIAN_POINT('',(1.774622569199,-2.66669925405,
    11.186778189265));
#6526 = CARTESIAN_POINT('',(2.271645502928,-2.271649530031,
    11.210215836298));
#6527 = CARTESIAN_POINT('',(2.666678769997,-1.774634312786,
    11.233653460252));
#6528 = CARTESIAN_POINT('',(2.937515064194,-1.206715148697,
    11.257090050026));
#6529 = CARTESIAN_POINT('',(3.07287806695,-0.60335503067,11.280528135498
    ));
#6530 = CARTESIAN_POINT('',(3.072877983768,8.435706578E-08,
    11.303965725468));
#6531 = CARTESIAN_POINT('',(2.672883486912,-4.307410939E-07,
    10.853972647729));
#6532 = CARTESIAN_POINT('',(2.672883134481,0.524832745888,
    10.877409743896));
#6533 = CARTESIAN_POINT('',(2.555133435811,1.049617304019,
    10.900844615976));
#6534 = CARTESIAN_POINT('',(2.319577106766,1.543626389017,
    10.924286201572));
#6535 = CARTESIAN_POINT('',(1.975936787382,1.97596018072,10.947723145197
    ));
#6536 = CARTESIAN_POINT('',(1.543620407951,2.319574330192,
    10.971159985231));
#6537 = CARTESIAN_POINT('',(1.049640133553,2.555112711987,
    10.994596967918));
#6538 = CARTESIAN_POINT('',(6.83512309526E-06,2.790651406395,
    11.041471713241));
#6539 = CARTESIAN_POINT('',(-1.049639137003,2.555114551604,
    11.088347270806));
#6540 = CARTESIAN_POINT('',(-1.543631981797,2.31957679057,
    11.111785101372));
#6541 = CARTESIAN_POINT('',(-1.975958062776,1.975951300465,
    11.135222436664));
#6542 = CARTESIAN_POINT('',(-2.319576946331,1.543627271596,
    11.158659606423));
#6543 = CARTESIAN_POINT('',(-2.555111882264,1.049640373032,
    11.182097068805));
#6544 = CARTESIAN_POINT('',(-2.79064733378,4.5117624953E-07,
    11.228972178925));
#6545 = CARTESIAN_POINT('',(-2.555112449922,-1.049639598059,
    11.275847289045));
#6546 = CARTESIAN_POINT('',(-2.319577623535,-1.54362666116,
    11.299284751426));
#6547 = CARTESIAN_POINT('',(-1.975957966132,-1.975950541599,
    11.322721921186));
#6548 = CARTESIAN_POINT('',(-1.543632322581,-2.319575444455,
    11.346159256477));
#6549 = CARTESIAN_POINT('',(-1.04963987131,-2.555114061042,
    11.369597087045));
#6550 = CARTESIAN_POINT('',(5.95618910474E-06,-2.79065238918,
    11.416472644608));
#6551 = CARTESIAN_POINT('',(1.049639399247,-2.555113510449,
    11.463347389931));
#6552 = CARTESIAN_POINT('',(1.543619676896,-2.319574905456,
    11.486784372613));
#6553 = CARTESIAN_POINT('',(1.975935245972,-1.975956342743,
    11.510221212667));
#6554 = CARTESIAN_POINT('',(2.319572747948,-1.543629484163,
    11.533658156261));
#6555 = CARTESIAN_POINT('',(2.555138614157,-1.049618287975,
    11.557099741881));
#6556 = CARTESIAN_POINT('',(2.672882832081,-0.524833570064,
    11.580534613954));
#6557 = CARTESIAN_POINT('',(2.672882472328,-3.934347248E-07,
    11.603971710119));
#6558 = ADVANCED_FACE('',(#6559),#6665,.F.);
#6559 = FACE_BOUND('',#6560,.F.);
#6560 = EDGE_LOOP('',(#6561,#6562,#6563,#6569,#6660));
#6561 = ORIENTED_EDGE('',*,*,#6474,.F.);
#6562 = ORIENTED_EDGE('',*,*,#5991,.F.);
#6563 = ORIENTED_EDGE('',*,*,#6564,.T.);
#6564 = EDGE_CURVE('',#5984,#6406,#6565,.T.);
#6565 = LINE('',#6566,#6567);
#6566 = CARTESIAN_POINT('',(2.672883486912,-4.3074109391E-07,
    10.853972647729));
#6567 = VECTOR('',#6568,1.);
#6568 = DIRECTION('',(0.80001069667,1.01706810266E-06,0.599985737507));
#6569 = ORIENTED_EDGE('',*,*,#6570,.T.);
#6570 = EDGE_CURVE('',#6406,#6571,#6573,.T.);
#6571 = VERTEX_POINT('',#6572);
#6572 = CARTESIAN_POINT('',(3.,-7.434898E-09,11.849302208712));
#6573 = B_SPLINE_CURVE_WITH_KNOTS('',7,(#6574,#6575,#6576,#6577,#6578,
    #6579,#6580,#6581,#6582,#6583,#6584,#6585,#6586,#6587,#6588,#6589,
    #6590,#6591,#6592,#6593,#6594,#6595,#6596,#6597,#6598,#6599,#6600,
    #6601,#6602,#6603,#6604,#6605,#6606,#6607,#6608,#6609,#6610,#6611,
    #6612,#6613,#6614,#6615,#6616,#6617,#6618,#6619,#6620,#6621,#6622,
    #6623,#6624,#6625,#6626,#6627,#6628,#6629,#6630,#6631,#6632,#6633,
    #6634,#6635,#6636,#6637,#6638,#6639,#6640,#6641,#6642,#6643,#6644,
    #6645,#6646,#6647,#6648,#6649,#6650,#6651,#6652,#6653,#6654,#6655,
    #6656,#6657,#6658,#6659),.UNSPECIFIED.,.F.,.F.,(8,6,6,6,6,6,6,6,6,6,
    6,6,6,6,8),(0.,4.336292138194E-02,0.133369213228,0.205366836718,
    0.258399195293,0.37348934315,0.484417132692,0.501287499382,
    0.575289816795,0.623292284876,0.720232955335,0.776612689833,
    0.867881108218,0.955341397976,1.),.UNSPECIFIED.);
#6574 = CARTESIAN_POINT('',(3.,0.,11.099300921021));
#6575 = CARTESIAN_POINT('',(3.,0.116760729305,11.103946794144));
#6576 = CARTESIAN_POINT('',(2.994698182402,0.233522554455,
    11.108591987532));
#6577 = CARTESIAN_POINT('',(2.984094632721,0.349994725771,
    11.113236972113));
#6578 = CARTESIAN_POINT('',(2.968209033651,0.465888620735,
    11.117882049524));
#6579 = CARTESIAN_POINT('',(2.947080608255,0.580918116991,
    11.122527371112));
#6580 = CARTESIAN_POINT('',(2.920768063163,0.694799965344,
    11.127172956941));
#6581 = CARTESIAN_POINT('',(2.82413562513,1.04066983194,11.141461686801)
  );
#6582 = CARTESIAN_POINT('',(2.7369113438,1.267978747878,11.151107194121)
  );
#6583 = CARTESIAN_POINT('',(2.628379207523,1.486617711506,
    11.160752119742));
#6584 = CARTESIAN_POINT('',(2.499605588026,1.694220041698,
    11.170395996712));
#6585 = CARTESIAN_POINT('',(2.351951170241,1.888591995225,
    11.180039975677));
#6586 = CARTESIAN_POINT('',(2.187062395434,2.067726716358,
    11.189684791059));
#6587 = CARTESIAN_POINT('',(1.862827909238,2.359545568305,
    11.207041279882));
#6588 = CARTESIAN_POINT('',(1.708944337799,2.478380877187,
    11.214755209327));
#6589 = CARTESIAN_POINT('',(1.546271627633,2.585458258902,
    11.222468677998));
#6590 = CARTESIAN_POINT('',(1.375893478898,2.680012587069,
    11.230181931859));
#6591 = CARTESIAN_POINT('',(1.198965222131,2.761402699231,
    11.237895527483));
#6592 = CARTESIAN_POINT('',(1.016709472768,2.82911380427,11.245609607727
    ));
#6593 = CARTESIAN_POINT('',(0.693203827787,2.922303786325,
    11.259004958077));
#6594 = CARTESIAN_POINT('',(0.553788766543,2.954211589506,
    11.264686843542));
#6595 = CARTESIAN_POINT('',(0.412688449744,2.978352646938,
    11.270368675458));
#6596 = CARTESIAN_POINT('',(0.270422137224,2.994623203322,
    11.276050462539));
#6597 = CARTESIAN_POINT('',(0.127514657377,3.002963230448,
    11.281732284919));
#6598 = CARTESIAN_POINT('',(-1.550470491937E-02,3.003356556147,
    11.287414151235));
#6599 = CARTESIAN_POINT('',(-0.467569015965,2.979499112667,
    11.305426218241));
#6600 = CARTESIAN_POINT('',(-0.775205006738,2.925864122412,
    11.317761866055));
#6601 = CARTESIAN_POINT('',(-1.075362300627,2.835167308034,
    11.33009265281));
#6602 = CARTESIAN_POINT('',(-1.362760151671,2.708775067179,
    11.342421753497));
#6603 = CARTESIAN_POINT('',(-1.632473576816,2.548853411338,
    11.354752384724));
#6604 = CARTESIAN_POINT('',(-1.879926466315,2.358370653565,
    11.367087943933));
#6605 = CARTESIAN_POINT('',(-2.314319469276,1.932133587774,
    11.391302853744));
#6606 = CARTESIAN_POINT('',(-2.503299050802,1.698094489715,
    11.403192306212));
#6607 = CARTESIAN_POINT('',(-2.664427890942,1.442711486942,
    11.415078406221));
#6608 = CARTESIAN_POINT('',(-2.794938772558,1.170004151377,
    11.426963468317));
#6609 = CARTESIAN_POINT('',(-2.892751297641,0.884319513869,
    11.438849719404));
#6610 = CARTESIAN_POINT('',(-2.956470944674,0.590334122553,
    11.450739445201));
#6611 = CARTESIAN_POINT('',(-2.990087967426,0.247865792706,
    11.464431659456));
#6612 = CARTESIAN_POINT('',(-2.99372704555,0.20257886138,11.466239131033
    ));
#6613 = CARTESIAN_POINT('',(-2.996565825698,0.157230472941,
    11.468046593407));
#6614 = CARTESIAN_POINT('',(-2.998603094883,0.111837597241,
    11.469854046374));
#6615 = CARTESIAN_POINT('',(-2.99983809053,6.64172260482E-02,
    11.471661489806));
#6616 = CARTESIAN_POINT('',(-3.000270500477,2.098637304793E-02,
    11.473468923652));
#6617 = CARTESIAN_POINT('',(-2.998277283523,-0.223692836838,
    11.483204663185));
#6618 = CARTESIAN_POINT('',(-2.98121357013,-0.422837555562,
    11.491133411096));
#6619 = CARTESIAN_POINT('',(-2.948717083017,-0.620408475904,
    11.499061534217));
#6620 = CARTESIAN_POINT('',(-2.900974262657,-0.814976953685,
    11.506989258122));
#6621 = CARTESIAN_POINT('',(-2.838327033271,-1.005149536681,
    11.514917226274));
#6622 = CARTESIAN_POINT('',(-2.761271430804,-1.189573551017,
    11.522845662236));
#6623 = CARTESIAN_POINT('',(-2.611583871319,-1.482004082274,
    11.535916082301));
#6624 = CARTESIAN_POINT('',(-2.546905477504,-1.594101274996,
    11.541058704906));
#6625 = CARTESIAN_POINT('',(-2.476622949772,-1.702888186437,
    11.546201321257));
#6626 = CARTESIAN_POINT('',(-2.400940953764,-1.808029852018,
    11.551343960557));
#6627 = CARTESIAN_POINT('',(-2.320088356166,-1.909208318209,
    11.556486693478));
#6628 = CARTESIAN_POINT('',(-2.23431783592,-2.006123182216,
    11.561629538617));
#6629 = CARTESIAN_POINT('',(-1.961318364933,-2.285030621167,
    11.577158281226));
#6630 = CARTESIAN_POINT('',(-1.759753771389,-2.453077156929,
    11.587546737274));
#6631 = CARTESIAN_POINT('',(-1.54153085442,-2.600233485727,
    11.597933664963));
#6632 = CARTESIAN_POINT('',(-1.309267925206,-2.724582375151,
    11.608319509798));
#6633 = CARTESIAN_POINT('',(-1.065808559049,-2.824601407262,
    11.618706299207));
#6634 = CARTESIAN_POINT('',(-0.814200045007,-2.899174539205,
    11.629094615481));
#6635 = CARTESIAN_POINT('',(-0.408560375251,-2.975924190627,
    11.645520791883));
#6636 = CARTESIAN_POINT('',(-0.257726519346,-2.995341116632,
    11.651561218189));
#6637 = CARTESIAN_POINT('',(-0.105853098361,-3.005833334528,
    11.657601492625));
#6638 = CARTESIAN_POINT('',(4.642650539625E-02,-3.007338270294,
    11.66364168113));
#6639 = CARTESIAN_POINT('',(0.198477576998,-2.999849658702,
    11.669681962082));
#6640 = CARTESIAN_POINT('',(0.349665645122,-2.983417551879,
    11.675722409106));
#6641 = CARTESIAN_POINT('',(0.741682537358,-2.917242102773,
    11.69154101327));
#6642 = CARTESIAN_POINT('',(0.98014112893,-2.853169302892,
    11.701321166749));
#6643 = CARTESIAN_POINT('',(1.211996607125,-2.766377568446,
    11.711100309061));
#6644 = CARTESIAN_POINT('',(1.434679993553,-2.657719690836,
    11.720878936216));
#6645 = CARTESIAN_POINT('',(1.645772342921,-2.528375987502,
    11.730658439373));
#6646 = CARTESIAN_POINT('',(1.843020582002,-2.379846565008,
    11.740438878613));
#6647 = CARTESIAN_POINT('',(2.198186782989,-2.055099677735,
    11.759587245063));
#6648 = CARTESIAN_POINT('',(2.357458769496,-1.88024454437,
    11.768958327955));
#6649 = CARTESIAN_POINT('',(2.500398983731,-1.691082839928,
    11.778327766898));
#6650 = CARTESIAN_POINT('',(2.625502766858,-1.489460129497,
    11.787695773341));
#6651 = CARTESIAN_POINT('',(2.731521297825,-1.277389057313,
    11.797064242643));
#6652 = CARTESIAN_POINT('',(2.817469030898,-1.057037385059,
    11.806434664199));
#6653 = CARTESIAN_POINT('',(2.915981452114,-0.715200749268,
    11.820589652594));
#6654 = CARTESIAN_POINT('',(2.943877297731,-0.598095354893,
    11.825374694383));
#6655 = CARTESIAN_POINT('',(2.96628213218,-0.479736885152,
    11.830160068285));
#6656 = CARTESIAN_POINT('',(2.98312993856,-0.360434385598,
    11.834945786298));
#6657 = CARTESIAN_POINT('',(2.994376605558,-0.240500207663,
    11.839731743459));
#6658 = CARTESIAN_POINT('',(2.999999993434,-0.120249552505,
    11.844517524204));
#6659 = CARTESIAN_POINT('',(3.,-1.486979606E-08,11.849302208712));
#6660 = ORIENTED_EDGE('',*,*,#6661,.F.);
#6661 = EDGE_CURVE('',#6466,#6571,#6662,.T.);
#6662 = B_SPLINE_CURVE_WITH_KNOTS('',1,(#6663,#6664),.UNSPECIFIED.,.F.,
  .F.,(2,2),(0.,0.5),.PIECEWISE_BEZIER_KNOTS.);
#6663 = CARTESIAN_POINT('',(2.672882472328,-3.9343472491E-07,
    11.603971710119));
#6664 = CARTESIAN_POINT('',(3.072886960797,6.948046007E-08,11.9039657254
    ));
#6665 = B_SPLINE_SURFACE_WITH_KNOTS('',1,9,(
    (#6666,#6667,#6668,#6669,#6670,#6671,#6672,#6673,#6674,#6675,#6676
      ,#6677,#6678,#6679,#6680,#6681,#6682,#6683,#6684,#6685,#6686,#6687
      ,#6688,#6689,#6690,#6691,#6692,#6693,#6694,#6695,#6696)
    ,(#6697,#6698,#6699,#6700,#6701,#6702,#6703,#6704,#6705,#6706,#6707
      ,#6708,#6709,#6710,#6711,#6712,#6713,#6714,#6715,#6716,#6717,#6718
      ,#6719,#6720,#6721,#6722,#6723,#6724,#6725,#6726,#6727
  )),.UNSPECIFIED.,.F.,.F.,.F.,(2,2),(10,7,7,7,10),(0.,0.5),(0.,
    1.581947328539,3.163894657078,4.745841985618,6.327789314157),
  .UNSPECIFIED.);
#6666 = CARTESIAN_POINT('',(2.672883486912,-4.307410939E-07,
    10.853972647729));
#6667 = CARTESIAN_POINT('',(2.67288317364,0.466517948485,10.874805622099
    ));
#6668 = CARTESIAN_POINT('',(2.581300035516,0.932998513324,
    10.895636866625));
#6669 = CARTESIAN_POINT('',(2.398095883114,1.378956694018,
    10.916472339706));
#6670 = CARTESIAN_POINT('',(2.128665818219,1.783811828852,
    10.937306725809));
#6671 = CARTESIAN_POINT('',(1.783796174302,2.128677580485,
    10.958139518545));
#6672 = CARTESIAN_POINT('',(1.378960316486,2.398087124124,
    10.978972312794));
#6673 = CARTESIAN_POINT('',(0.933014211506,2.581283678033,
    10.999805272954));
#6674 = CARTESIAN_POINT('',(6.13102889297E-06,2.764480542551,
    11.041471758366));
#6675 = CARTESIAN_POINT('',(-0.933011806767,2.581285313247,
    11.083138875521));
#6676 = CARTESIAN_POINT('',(-1.378967700199,2.398089377581,
    11.103972491183));
#6677 = CARTESIAN_POINT('',(-1.783813137896,2.128673740512,
    11.124805843201));
#6678 = CARTESIAN_POINT('',(-2.128677566578,1.783807287634,
    11.145638956557));
#6679 = CARTESIAN_POINT('',(-2.398088591642,1.378964972075,
    11.166472093884));
#6680 = CARTESIAN_POINT('',(-2.581282487988,0.933013715048,
    11.187305414374));
#6681 = CARTESIAN_POINT('',(-2.764476759593,4.4409961887E-07,
    11.228972178925));
#6682 = CARTESIAN_POINT('',(-2.581282992573,-0.933012925922,
    11.270638943476));
#6683 = CARTESIAN_POINT('',(-2.39808923233,-1.378964306793,
    11.291472263964));
#6684 = CARTESIAN_POINT('',(-2.128677813867,-1.783806594737,
    11.312305401294));
#6685 = CARTESIAN_POINT('',(-1.783813235664,-2.128672720646,
    11.333138514647));
#6686 = CARTESIAN_POINT('',(-1.378968172157,-2.398088316651,
    11.353971866667));
#6687 = CARTESIAN_POINT('',(-0.933012557143,-2.581284986391,
    11.374805482329));
#6688 = CARTESIAN_POINT('',(5.26816452981E-06,-2.764481433243,
    11.416472599483));
#6689 = CARTESIAN_POINT('',(0.93301346113,-2.581284496975,
    11.458139084895));
#6690 = CARTESIAN_POINT('',(1.378959791042,-2.398088451732,
    11.478972045087));
#6691 = CARTESIAN_POINT('',(1.783794461547,-2.128673960661,
    11.499804839219));
#6692 = CARTESIAN_POINT('',(2.12866355613,-1.78381281555,11.520637632132
    ));
#6693 = CARTESIAN_POINT('',(2.398094496656,-1.378958407489,11.5414720181
    ));
#6694 = CARTESIAN_POINT('',(2.581303995918,-0.932999461772,
    11.56230749123));
#6695 = CARTESIAN_POINT('',(2.672882792108,-0.466518772661,
    11.583138735751));
#6696 = CARTESIAN_POINT('',(2.672882472328,-3.9343472491E-07,
    11.603971710119));
#6697 = CARTESIAN_POINT('',(3.072888835247,7.779295785E-08,
    11.153965516483));
#6698 = CARTESIAN_POINT('',(3.07288810404,0.53631745209,11.174798929801)
  );
#6699 = CARTESIAN_POINT('',(2.967600926781,1.072638560577,
    11.195632728567));
#6700 = CARTESIAN_POINT('',(2.756967030953,1.585331493441,
    11.216465585106));
#6701 = CARTESIAN_POINT('',(2.447225813164,2.050761984792,
    11.237298683876));
#6702 = CARTESIAN_POINT('',(2.050753382027,2.447237553888,
    11.258132137667));
#6703 = CARTESIAN_POINT('',(1.58532597316,2.756969547315,11.278965591111
    ));
#6704 = CARTESIAN_POINT('',(1.072642162088,2.967580548387,
    11.299799007597));
#6705 = CARTESIAN_POINT('',(5.50883000231E-06,3.178192991504,
    11.341465714651));
#6706 = CARTESIAN_POINT('',(-1.072639517361,2.967582255208,
    11.383132280941));
#6707 = CARTESIAN_POINT('',(-1.585332604596,2.756971074139,
    11.403965551365));
#6708 = CARTESIAN_POINT('',(-2.05076563916,2.447237171974,
    11.424798880535));
#6709 = CARTESIAN_POINT('',(-2.447241886735,2.050758670763,
    11.445632262884));
#6710 = CARTESIAN_POINT('',(-2.75697120226,1.585328039362,
    11.466465639891));
#6711 = CARTESIAN_POINT('',(-2.967579937256,1.072639234016,
    11.487298976086));
#6712 = CARTESIAN_POINT('',(-3.178189224767,-4.31081639E-08,
    11.528965620942));
#6713 = CARTESIAN_POINT('',(-2.967580286567,-1.072639388819,
    11.570632265799));
#6714 = CARTESIAN_POINT('',(-2.756971524408,-1.585328308515,
    11.591465601992));
#6715 = CARTESIAN_POINT('',(-2.44724122913,-2.050758720574,
    11.612298979003));
#6716 = CARTESIAN_POINT('',(-2.050764489847,-2.447236402239,
    11.633132361347));
#6717 = CARTESIAN_POINT('',(-1.585331978281,-2.756969975596,
    11.65396569052));
#6718 = CARTESIAN_POINT('',(-1.072639290971,-2.967582234256,
    11.674798960944));
#6719 = CARTESIAN_POINT('',(5.64185416449E-06,-3.178194637064,
    11.716465527233));
#6720 = CARTESIAN_POINT('',(1.072642388479,-2.967581478465,
    11.758132234287));
#6721 = CARTESIAN_POINT('',(1.585327224176,-2.756968319683,
    11.778965650772));
#6722 = CARTESIAN_POINT('',(2.050749687164,-2.447237000239,
    11.799799104217));
#6723 = CARTESIAN_POINT('',(2.447224608862,-2.050755229309,
    11.820632558021));
#6724 = CARTESIAN_POINT('',(2.756964607526,-1.585335979729,
    11.841465656756));
#6725 = CARTESIAN_POINT('',(2.967608826615,-1.072638700102,
    11.862298513329));
#6726 = CARTESIAN_POINT('',(3.072887690554,-0.536317304817,
    11.883132312084));
#6727 = CARTESIAN_POINT('',(3.072886960797,6.948046007E-08,11.9039657254
    ));
#6728 = ADVANCED_FACE('',(#6729),#6734,.T.);
#6729 = FACE_BOUND('',#6730,.T.);
#6730 = EDGE_LOOP('',(#6731,#6732,#6733));
#6731 = ORIENTED_EDGE('',*,*,#6564,.T.);
#6732 = ORIENTED_EDGE('',*,*,#6405,.F.);
#6733 = ORIENTED_EDGE('',*,*,#5983,.T.);
#6734 = PLANE('',#6735);
#6735 = AXIS2_PLACEMENT_3D('',#6736,#6737,#6738);
#6736 = CARTESIAN_POINT('',(2.947883486868,-7.601048471E-08,
    10.85396774503));
#6737 = DIRECTION('',(-1.28992904592E-06,0.999999999999,2.481547644E-08)
  );
#6738 = DIRECTION('',(0.999999999999,1.28992904592E-06,
    2.209891605575E-30));
#6739 = ADVANCED_FACE('',(#6740),#6828,.F.);
#6740 = FACE_BOUND('',#6741,.F.);
#6741 = EDGE_LOOP('',(#6742,#6821,#6826,#6827));
#6742 = ORIENTED_EDGE('',*,*,#6743,.F.);
#6743 = EDGE_CURVE('',#6744,#6050,#6746,.T.);
#6744 = VERTEX_POINT('',#6745);
#6745 = CARTESIAN_POINT('',(3.,-1.347425E-09,12.10862568351));
#6746 = B_SPLINE_CURVE_WITH_KNOTS('',7,(#6747,#6748,#6749,#6750,#6751,
    #6752,#6753,#6754,#6755,#6756,#6757,#6758,#6759,#6760,#6761,#6762,
    #6763,#6764,#6765,#6766,#6767,#6768,#6769,#6770,#6771,#6772,#6773,
    #6774,#6775,#6776,#6777,#6778,#6779,#6780,#6781,#6782,#6783,#6784,
    #6785,#6786,#6787,#6788,#6789,#6790,#6791,#6792,#6793,#6794,#6795,
    #6796,#6797,#6798,#6799,#6800,#6801,#6802,#6803,#6804,#6805,#6806,
    #6807,#6808,#6809,#6810,#6811,#6812,#6813,#6814,#6815,#6816,#6817,
    #6818,#6819,#6820),.UNSPECIFIED.,.F.,.F.,(8,6,6,6,6,6,6,6,6,6,6,6,8)
  ,(0.,4.422966885888E-02,0.133882196945,0.215825643067,0.265606885632,
    0.375582612598,0.500568881081,0.624960827499,0.730578115018,
    0.782450783269,0.867352084429,0.955033673631,1.),.UNSPECIFIED.);
#6747 = CARTESIAN_POINT('',(3.,-2.69486389E-09,12.10862568351));
#6748 = CARTESIAN_POINT('',(2.999999994141,0.119090601647,
    12.113364123618));
#6749 = CARTESIAN_POINT('',(2.994484480974,0.238182312465,
    12.118103490618));
#6750 = CARTESIAN_POINT('',(2.983453549977,0.356966628216,
    12.122843023099));
#6751 = CARTESIAN_POINT('',(2.966928501863,0.475137351207,
    12.127582376251));
#6752 = CARTESIAN_POINT('',(2.944951779258,0.592391016693,
    12.132321460785));
#6753 = CARTESIAN_POINT('',(2.917586897389,0.708427321981,12.13706028185
    ));
#6754 = CARTESIAN_POINT('',(2.818700025912,1.055083505986,
    12.151403601273));
#6755 = CARTESIAN_POINT('',(2.730678768674,1.28104014783,12.161008859758
    ));
#6756 = CARTESIAN_POINT('',(2.621562514607,1.498290895839,
    12.170612181578));
#6757 = CARTESIAN_POINT('',(2.49241614433,1.704502106828,12.180215035851
    ));
#6758 = CARTESIAN_POINT('',(2.344593650142,1.897511804298,
    12.189819379886));
#6759 = CARTESIAN_POINT('',(2.179729622851,2.075343300428,
    12.199425375195));
#6760 = CARTESIAN_POINT('',(1.835323264982,2.383331521175,
    12.217809067715));
#6761 = CARTESIAN_POINT('',(1.658217598887,2.516312697096,
    12.226589287196));
#6762 = CARTESIAN_POINT('',(1.469955648094,2.633863320197,
    12.235368928554));
#6763 = CARTESIAN_POINT('',(1.272159731908,2.73488851613,12.244148064846
    ));
#6764 = CARTESIAN_POINT('',(1.066564435068,2.818502343394,
    12.252927519376));
#6765 = CARTESIAN_POINT('',(0.855007804465,2.884032288618,
    12.261707549791));
#6766 = CARTESIAN_POINT('',(0.508482964794,2.959630277919,
    12.275819681941));
#6767 = CARTESIAN_POINT('',(0.376033379856,2.9813741397,12.28115295858)
  );
#6768 = CARTESIAN_POINT('',(0.242523027624,2.9961982316,12.286486141457)
  );
#6769 = CARTESIAN_POINT('',(0.1083856645,3.00404291216,12.291819271781)
  );
#6770 = CARTESIAN_POINT('',(-2.594255319855E-02,3.004882671575,
    12.297152446946));
#6771 = CARTESIAN_POINT('',(-0.160023876212,2.998726178161,
    12.302485705827));
#6772 = CARTESIAN_POINT('',(-0.588115312439,2.956654298593,
    12.319600931199));
#6773 = CARTESIAN_POINT('',(-0.879585859445,2.893745172598,
    12.33138751278));
#6774 = CARTESIAN_POINT('',(-1.162937624143,2.797326233567,
    12.343170724188));
#6775 = CARTESIAN_POINT('',(-1.433612110743,2.668747667072,
    12.354952922168));
#6776 = CARTESIAN_POINT('',(-1.687367447278,2.510024610202,
    12.366736338744));
#6777 = CARTESIAN_POINT('',(-1.920277147867,2.323837308004,
    12.378523088816));
#6778 = CARTESIAN_POINT('',(-2.366019692198,1.874887844082,
    12.403695253485));
#6779 = CARTESIAN_POINT('',(-2.572020879162,1.604892581914,
    12.417093299972));
#6780 = CARTESIAN_POINT('',(-2.741705299709,1.308832921537,
    12.430483860577));
#6781 = CARTESIAN_POINT('',(-2.87135190316,0.992637840131,
    12.443872250419));
#6782 = CARTESIAN_POINT('',(-2.958349822484,0.662674912087,
    12.457262737609));
#6783 = CARTESIAN_POINT('',(-3.00118673552,0.325778799718,12.47066071895
    ));
#6784 = CARTESIAN_POINT('',(-2.998780472201,-0.34568023308,
    12.497377425004));
#6785 = CARTESIAN_POINT('',(-2.953953707678,-0.68065701191,
    12.51071256686));
#6786 = CARTESIAN_POINT('',(-2.865436842426,-1.008488180391,
    12.524041437089));
#6787 = CARTESIAN_POINT('',(-2.7347601935,-1.322445953257,
    12.537368525808));
#6788 = CARTESIAN_POINT('',(-2.564530988927,-1.616266439666,
    12.5506973141));
#6789 = CARTESIAN_POINT('',(-2.358444336197,-1.884122987558,
    12.564032369803));
#6790 = CARTESIAN_POINT('',(-1.920592884744,-2.322109998933,
    12.588674027956));
#6791 = CARTESIAN_POINT('',(-1.697230243731,-2.501057048451,
    12.599992396067));
#6792 = CARTESIAN_POINT('',(-1.454606287033,-2.654739556291,
    12.611307875857));
#6793 = CARTESIAN_POINT('',(-1.196176490634,-2.780770332428,
    12.622621654861));
#6794 = CARTESIAN_POINT('',(-0.925690292446,-2.877320746132,
    12.633937266971));
#6795 = CARTESIAN_POINT('',(-0.647156181802,-2.943137898398,
    12.645255735071));
#6796 = CARTESIAN_POINT('',(-0.226255107408,-2.994714719047,
    12.66212808989));
#6797 = CARTESIAN_POINT('',(-8.669709664227E-02,-3.00417278574,
    12.667685504914));
#6798 = CARTESIAN_POINT('',(5.32909802211E-02,-3.006040565108,
    12.673242880571));
#6799 = CARTESIAN_POINT('',(0.193214062538,-3.00029800429,12.67880022789
    ));
#6800 = CARTESIAN_POINT('',(0.332578253727,-2.986965380132,
    12.684357620962));
#6801 = CARTESIAN_POINT('',(0.470891826748,-2.966103251152,
    12.689915063686));
#6802 = CARTESIAN_POINT('',(0.831528335742,-2.891508077218,
    12.704568117493));
#6803 = CARTESIAN_POINT('',(1.051304179509,-2.825296005941,
    12.713664962023));
#6804 = CARTESIAN_POINT('',(1.26481443003,-2.739617451787,
    12.722760724613));
#6805 = CARTESIAN_POINT('',(1.470010172058,-2.635209564005,
    12.731855733219));
#6806 = CARTESIAN_POINT('',(1.664960594476,-2.513054770873,
    12.74095125746));
#6807 = CARTESIAN_POINT('',(1.847863645701,-2.374375358867,
    12.750047848556));
#6808 = CARTESIAN_POINT('',(2.19183703298,-2.061937802735,
    12.768537153759));
#6809 = CARTESIAN_POINT('',(2.352047321115,-1.887133251879,
    12.777932520218));
#6810 = CARTESIAN_POINT('',(2.495887016459,-1.697900712511,
    12.787327315174));
#6811 = CARTESIAN_POINT('',(2.621834804019,-1.496095307586,
    12.796722156147));
#6812 = CARTESIAN_POINT('',(2.728627234793,-1.283741398464,
    12.806117934925));
#6813 = CARTESIAN_POINT('',(2.815266288346,-1.0630205621,12.815514061605
    ));
#6814 = CARTESIAN_POINT('',(2.914829895043,-0.720017768508,
    12.829725027438));
#6815 = CARTESIAN_POINT('',(2.943106529056,-0.602152843485,
    12.834542159545));
#6816 = CARTESIAN_POINT('',(2.965818445914,-0.483008980076,
    12.839358935299));
#6817 = CARTESIAN_POINT('',(2.98289779422,-0.362901524353,
    12.844175360882));
#6818 = CARTESIAN_POINT('',(2.99429922924,-0.242149267349,
    12.848991612072));
#6819 = CARTESIAN_POINT('',(2.999999993935,-0.121073989101,
    12.853808085513));
#6820 = CARTESIAN_POINT('',(3.,-2.69454237E-09,12.858625449991));
#6821 = ORIENTED_EDGE('',*,*,#6822,.T.);
#6822 = EDGE_CURVE('',#6744,#6194,#6823,.T.);
#6823 = B_SPLINE_CURVE_WITH_KNOTS('',1,(#6824,#6825),.UNSPECIFIED.,.F.,
  .F.,(2,2),(0.,0.5),.PIECEWISE_BEZIER_KNOTS.);
#6824 = CARTESIAN_POINT('',(3.072877829087,7.604560937E-08,
    12.053965934356));
#6825 = CARTESIAN_POINT('',(2.672881457746,-3.5612832416E-07,
    12.353970772507));
#6826 = ORIENTED_EDGE('',*,*,#6193,.T.);
#6827 = ORIENTED_EDGE('',*,*,#6128,.F.);
#6828 = B_SPLINE_SURFACE_WITH_KNOTS('',1,8,(
    (#6829,#6830,#6831,#6832,#6833,#6834,#6835,#6836,#6837,#6838,#6839
      ,#6840,#6841,#6842,#6843,#6844,#6845,#6846,#6847,#6848,#6849,#6850
      ,#6851,#6852,#6853,#6854,#6855)
    ,(#6856,#6857,#6858,#6859,#6860,#6861,#6862,#6863,#6864,#6865,#6866
      ,#6867,#6868,#6869,#6870,#6871,#6872,#6873,#6874,#6875,#6876,#6877
      ,#6878,#6879,#6880,#6881,#6882
    )),.UNSPECIFIED.,.F.,.F.,.F.,(2,2),(9,6,6,6,9),(0.,0.5),(0.,
    1.581947328539,3.163894657078,4.745841985618,6.327789314157),
  .UNSPECIFIED.);
#6829 = CARTESIAN_POINT('',(3.072877829087,7.604559471E-08,
    12.053965934356));
#6830 = CARTESIAN_POINT('',(3.072877747536,0.603355130343,
    12.077403524326));
#6831 = CARTESIAN_POINT('',(2.937513866629,1.20671515064,12.100841609796
    ));
#6832 = CARTESIAN_POINT('',(2.666679000874,1.774633910473,12.12427819957
    ));
#6833 = CARTESIAN_POINT('',(2.271645297759,2.271650097943,
    12.147715823529));
#6834 = CARTESIAN_POINT('',(1.774622253749,2.666699063075,
    12.171153470558));
#6835 = CARTESIAN_POINT('',(1.206717731602,2.937483774255,12.19459108581
    ));
#6836 = CARTESIAN_POINT('',(6.0930941176E-06,3.208270601069,
    12.241466142549));
#6837 = CARTESIAN_POINT('',(-1.206716188926,2.937485151925,
    12.288341018331));
#6838 = CARTESIAN_POINT('',(-1.774632618264,2.666699573645,
    12.311778444684));
#6839 = CARTESIAN_POINT('',(-2.271659012795,2.271651991112,
    12.33521598138));
#6840 = CARTESIAN_POINT('',(-2.666701718118,1.774626718313,
    12.358653554953));
#6841 = CARTESIAN_POINT('',(-2.937483406182,1.206715171265,
    12.382091063334));
#6842 = CARTESIAN_POINT('',(-3.208265647574,-7.186606762E-08,
    12.4289660388));
#6843 = CARTESIAN_POINT('',(-2.937483386922,-1.206715310676,
    12.475841014267));
#6844 = CARTESIAN_POINT('',(-2.666701665765,-1.774626859066,
    12.499278522648));
#6845 = CARTESIAN_POINT('',(-2.271658798879,-2.271652074597,
    12.522716096222));
#6846 = CARTESIAN_POINT('',(-1.774632436401,-2.666699524018,
    12.546153632916));
#6847 = CARTESIAN_POINT('',(-1.206716043316,-2.937485182939,
    12.56959105927));
#6848 = CARTESIAN_POINT('',(6.24039691016E-06,-3.208270750903,
    12.616465935052));
#6849 = CARTESIAN_POINT('',(1.206717877212,-2.937483790181,
    12.663340991791));
#6850 = CARTESIAN_POINT('',(1.774622376112,-2.666698995178,
    12.686778607042));
#6851 = CARTESIAN_POINT('',(2.271645261932,-2.271649313625,
    12.710216254074));
#6852 = CARTESIAN_POINT('',(2.666678491938,-1.774634148548,
    12.733653878028));
#6853 = CARTESIAN_POINT('',(2.937514761931,-1.206715043086,
    12.757090467806));
#6854 = CARTESIAN_POINT('',(3.072877754324,-0.603354986563,
    12.780528553275));
#6855 = CARTESIAN_POINT('',(3.072877674405,6.773419248E-08,
    12.803966143245));
#6856 = CARTESIAN_POINT('',(2.672881457746,-3.5612833904E-07,
    12.353970772507));
#6857 = CARTESIAN_POINT('',(2.67288109067,0.524832422161,12.37740786867)
  );
#6858 = CARTESIAN_POINT('',(2.555131466726,1.049616578396,
    12.400842740734));
#6859 = CARTESIAN_POINT('',(2.319575302816,1.543625281882,
    12.424284326356));
#6860 = CARTESIAN_POINT('',(1.975935232097,1.975958735832,
    12.447721269977));
#6861 = CARTESIAN_POINT('',(1.543619171332,2.319572612329,
    12.471158110007));
#6862 = CARTESIAN_POINT('',(1.049639265375,2.555110801532,
    12.494595092691));
#6863 = CARTESIAN_POINT('',(6.75722383942E-06,2.790649287828,
    12.541469838013));
#6864 = CARTESIAN_POINT('',(-1.049638411483,2.555112582545,
    12.58834539558));
#6865 = CARTESIAN_POINT('',(-1.543630874687,2.319574986529,
    12.611783226149));
#6866 = CARTESIAN_POINT('',(-1.975956617849,1.975949745222,
    12.63522056144));
#6867 = CARTESIAN_POINT('',(-2.319575228467,1.543626034989,
    12.658657731197));
#6868 = CARTESIAN_POINT('',(-2.555109971805,1.049639504867,
    12.682095193579));
#6869 = CARTESIAN_POINT('',(-2.790645215213,3.7327585452E-07,
    12.728970303699));
#6870 = CARTESIAN_POINT('',(-2.555110480861,-1.049638872546,
    12.77584541382));
#6871 = CARTESIAN_POINT('',(-2.319575819491,-1.543625554054,
    12.7992828762));
#6872 = CARTESIAN_POINT('',(-1.975956410892,-1.975949096673,
    12.822720045959));
#6873 = CARTESIAN_POINT('',(-1.543631085972,-2.319573726599,
    12.846157381248));
#6874 = CARTESIAN_POINT('',(-1.049639003139,-2.555112150585,
    12.869595211818));
#6875 = CARTESIAN_POINT('',(6.0340906861E-06,-2.790650270608,
    12.916470769385));
#6876 = CARTESIAN_POINT('',(1.049638673719,-2.55511154139,
    12.963345514707));
#6877 = CARTESIAN_POINT('',(1.543618569778,-2.319573101413,
    12.986782497386));
#6878 = CARTESIAN_POINT('',(1.975933801005,-1.975954787559,
    13.010219337435));
#6879 = CARTESIAN_POINT('',(2.319571030199,-1.543628247522,
    13.033656281026));
#6880 = CARTESIAN_POINT('',(2.555136703651,-1.049617419697,
    13.057097866671));
#6881 = CARTESIAN_POINT('',(2.672880817564,-0.524833097111,
    13.080532738728));
#6882 = CARTESIAN_POINT('',(2.672880443167,-3.188217601E-07,
    13.103969834891));
#6883 = ADVANCED_FACE('',(#6884),#7007,.F.);
#6884 = FACE_BOUND('',#6885,.F.);
#6885 = EDGE_LOOP('',(#6886,#6916,#6917,#7006));
#6886 = ORIENTED_EDGE('',*,*,#6887,.F.);
#6887 = EDGE_CURVE('',#6466,#6194,#6888,.T.);
#6888 = B_SPLINE_CURVE_WITH_KNOTS('',8,(#6889,#6890,#6891,#6892,#6893,
    #6894,#6895,#6896,#6897,#6898,#6899,#6900,#6901,#6902,#6903,#6904,
    #6905,#6906,#6907,#6908,#6909,#6910,#6911,#6912,#6913,#6914,#6915),
  .UNSPECIFIED.,.F.,.F.,(9,6,6,6,9),(0.,1.581947328539,3.163894657078,
    4.745841985618,6.327789314157),.UNSPECIFIED.);
#6889 = CARTESIAN_POINT('',(2.672882472328,-3.9343477876E-07,
    11.603971710119));
#6890 = CARTESIAN_POINT('',(2.672882112575,0.524832584024,
    11.627408806284));
#6891 = CARTESIAN_POINT('',(2.555132451267,1.049616941207,
    11.650843678357));
#6892 = CARTESIAN_POINT('',(2.31957620479,1.543625835449,11.674285263965
    ));
#6893 = CARTESIAN_POINT('',(1.975936009739,1.975959458275,
    11.697722207589));
#6894 = CARTESIAN_POINT('',(1.543619789641,2.319573471259,11.72115904762
    ));
#6895 = CARTESIAN_POINT('',(1.049639699464,2.555111756758,
    11.744596030306));
#6896 = CARTESIAN_POINT('',(6.79617354813E-06,2.79065034711,
    11.791470775628));
#6897 = CARTESIAN_POINT('',(-1.049638774242,2.555113567073,
    11.838346333195));
#6898 = CARTESIAN_POINT('',(-1.543631428241,2.319575888548,
    11.861784163762));
#6899 = CARTESIAN_POINT('',(-1.975957340311,1.975950522842,
    11.885221499053));
#6900 = CARTESIAN_POINT('',(-2.319576087398,1.543626653292,
    11.908658668812));
#6901 = CARTESIAN_POINT('',(-2.555110927034,1.049639938949,
    11.932096131193));
#6902 = CARTESIAN_POINT('',(-2.790646274495,4.1222612099E-07,
    11.978971241313));
#6903 = CARTESIAN_POINT('',(-2.55511146539,-1.049639235302,
    12.025846351434));
#6904 = CARTESIAN_POINT('',(-2.319576721512,-1.543626107606,
    12.049283813814));
#6905 = CARTESIAN_POINT('',(-1.975957188511,-1.975949819135,
    12.072720983574));
#6906 = CARTESIAN_POINT('',(-1.543631704276,-2.319574585526,
    12.096158318864));
#6907 = CARTESIAN_POINT('',(-1.049639437224,-2.555113105812,
    12.119596149433));
#6908 = CARTESIAN_POINT('',(5.99513982109E-06,-2.790651329893,
    12.166471706998));
#6909 = CARTESIAN_POINT('',(1.049639036483,-2.555112525918,
    12.21334645232));
#6910 = CARTESIAN_POINT('',(1.543619123336,-2.319574003433,
    12.236783435001));
#6911 = CARTESIAN_POINT('',(1.975934523488,-1.97595556515,
    12.260220275052));
#6912 = CARTESIAN_POINT('',(2.319571889072,-1.543628865842,
    12.283657218645));
#6913 = CARTESIAN_POINT('',(2.555137658903,-1.049617853835,
    12.307098804278));
#6914 = CARTESIAN_POINT('',(2.672881824821,-0.524833333587,
    12.330533676343));
#6915 = CARTESIAN_POINT('',(2.672881457746,-3.5612832416E-07,
    12.353970772507));
#6916 = ORIENTED_EDGE('',*,*,#6661,.T.);
#6917 = ORIENTED_EDGE('',*,*,#6918,.T.);
#6918 = EDGE_CURVE('',#6571,#6226,#6919,.T.);
#6919 = B_SPLINE_CURVE_WITH_KNOTS('',7,(#6920,#6921,#6922,#6923,#6924,
    #6925,#6926,#6927,#6928,#6929,#6930,#6931,#6932,#6933,#6934,#6935,
    #6936,#6937,#6938,#6939,#6940,#6941,#6942,#6943,#6944,#6945,#6946,
    #6947,#6948,#6949,#6950,#6951,#6952,#6953,#6954,#6955,#6956,#6957,
    #6958,#6959,#6960,#6961,#6962,#6963,#6964,#6965,#6966,#6967,#6968,
    #6969,#6970,#6971,#6972,#6973,#6974,#6975,#6976,#6977,#6978,#6979,
    #6980,#6981,#6982,#6983,#6984,#6985,#6986,#6987,#6988,#6989,#6990,
    #6991,#6992,#6993,#6994,#6995,#6996,#6997,#6998,#6999,#7000,#7001,
    #7002,#7003,#7004,#7005),.UNSPECIFIED.,.F.,.F.,(8,6,6,6,6,6,6,6,6,6,
    6,6,6,6,8),(0.,4.336290206318E-02,0.133368882692,0.205366351861,
    0.258413918976,0.3717618701,0.484572862583,0.501770173203,
    0.575772491805,0.622774926218,0.72065272394,0.776361485861,
    0.867897862709,0.955394297387,1.),.UNSPECIFIED.);
#6920 = CARTESIAN_POINT('',(3.,0.,11.849302209303));
#6921 = CARTESIAN_POINT('',(3.,0.116760697945,11.853948081179));
#6922 = CARTESIAN_POINT('',(2.99469818525,0.233522491733,11.858593273316
    ));
#6923 = CARTESIAN_POINT('',(2.984094641265,0.349994631922,
    11.863238256645));
#6924 = CARTESIAN_POINT('',(2.968209050718,0.465888496225,
    11.867883332805));
#6925 = CARTESIAN_POINT('',(2.947080636629,0.580917962516,
    11.872528653142));
#6926 = CARTESIAN_POINT('',(2.920768105565,0.694799781822,
    11.877174237722));
#6927 = CARTESIAN_POINT('',(2.824135915233,1.040668859497,
    11.891462934697));
#6928 = CARTESIAN_POINT('',(2.736912009028,1.267977055698,
    11.901108410352));
#6929 = CARTESIAN_POINT('',(2.628380384845,1.486615366579,11.91075330433
    ));
#6930 = CARTESIAN_POINT('',(2.499607402402,1.694217133704,
    11.920397149675));
#6931 = CARTESIAN_POINT('',(2.351953731035,1.888588634074,
    11.930041097005));
#6932 = CARTESIAN_POINT('',(2.187065793001,2.067723029504,
    11.939685880732));
#6933 = CARTESIAN_POINT('',(1.862832744096,2.359541719921,
    11.957042322757));
#6934 = CARTESIAN_POINT('',(1.708949723805,2.478377113244,
    11.964756237031));
#6935 = CARTESIAN_POINT('',(1.546277574709,2.585454644401,11.97246969053
    ));
#6936 = CARTESIAN_POINT('',(1.375899988896,2.68000918917,11.980182929222
    ));
#6937 = CARTESIAN_POINT('',(1.198972288568,2.761399586131,
    11.987896509672));
#6938 = CARTESIAN_POINT('',(1.016717080612,2.829111044075,
    11.995610574738));
#6939 = CARTESIAN_POINT('',(0.693172689432,2.922313175094,12.00900754032
    ));
#6940 = CARTESIAN_POINT('',(0.553717078988,2.954228340842,
    12.014691056373));
#6941 = CARTESIAN_POINT('',(0.412575371209,2.97837226511,12.020374518774
    ));
#6942 = CARTESIAN_POINT('',(0.270267275968,2.994641114076,
    12.026057936256));
#6943 = CARTESIAN_POINT('',(0.12731807632,3.002974831487,12.03174138908)
  );
#6944 = CARTESIAN_POINT('',(-1.57424853553E-02,3.003357267743,
    12.037424885911));
#6945 = CARTESIAN_POINT('',(-0.46316098732,2.979703369719,
    12.055251932249));
#6946 = CARTESIAN_POINT('',(-0.766156665253,2.927408637458,12.067400535)
  );
#6947 = CARTESIAN_POINT('',(-1.061979541389,2.839165020419,
    12.07954462956));
#6948 = CARTESIAN_POINT('',(-1.345582234071,2.716259722517,
    12.091687123981));
#6949 = CARTESIAN_POINT('',(-1.612248145316,2.560736865995,
    12.103831052038));
#6950 = CARTESIAN_POINT('',(-1.857586823308,2.375399207451,
    12.115979537449));
#6951 = CARTESIAN_POINT('',(-2.296857259708,1.953641847047,
    12.140209490089));
#6952 = CARTESIAN_POINT('',(-2.491209646391,1.717292983109,
    12.152301080452));
#6953 = CARTESIAN_POINT('',(-2.656931764205,1.458617986014,
    12.164389001387));
#6954 = CARTESIAN_POINT('',(-2.791082424505,1.181825599989,
    12.176475827694));
#6955 = CARTESIAN_POINT('',(-2.891451305544,0.891476358759,
    12.188563926081));
#6956 = CARTESIAN_POINT('',(-2.956557025817,0.592486540056,
    12.200655831219));
#6957 = CARTESIAN_POINT('',(-2.990414339731,0.2440621587,12.214584838411
    ));
#6958 = CARTESIAN_POINT('',(-2.99406296776,0.197892418865,
    12.216427338246));
#6959 = CARTESIAN_POINT('',(-2.996879882286,0.151659971393,
    12.218269828556));
#6960 = CARTESIAN_POINT('',(-2.998863825029,0.105382796563,
    12.220112309031));
#6961 = CARTESIAN_POINT('',(-3.000014024363,5.90788968298E-02,
    12.22195477946));
#6962 = CARTESIAN_POINT('',(-3.000330195315,1.276629681722E-02,
    12.223797239726));
#6963 = CARTESIAN_POINT('',(-2.997584997917,-0.232786024937,
    12.233567997969));
#6964 = CARTESIAN_POINT('',(-2.979917327975,-0.431878068091,
    12.241496738774));
#6965 = CARTESIAN_POINT('',(-2.946821729319,-0.629349510082,
    12.249424856745));
#6966 = CARTESIAN_POINT('',(-2.898488974897,-0.823772278882,
    12.257352577548));
#6967 = CARTESIAN_POINT('',(-2.835265213923,-1.013753965891,
    12.265280544601));
#6968 = CARTESIAN_POINT('',(-2.757650582909,-1.197943408144,
    12.273208981665));
#6969 = CARTESIAN_POINT('',(-2.608310937369,-1.487525338343,
    12.286172272136));
#6970 = CARTESIAN_POINT('',(-2.544765218253,-1.597155245753,
    12.291207755019));
#6971 = CARTESIAN_POINT('',(-2.475852462606,-1.703602098596,
    12.296243235084));
#6972 = CARTESIAN_POINT('',(-2.40176525544,-1.806551738313,
    12.301278738963));
#6973 = CARTESIAN_POINT('',(-2.322718424113,-1.905705647268,
    12.306314330576));
#6974 = CARTESIAN_POINT('',(-2.238948690806,-2.000781431242,
    12.311350026796));
#6975 = CARTESIAN_POINT('',(-1.966975216292,-2.280453211059,
    12.326872018645));
#6976 = CARTESIAN_POINT('',(-1.763827801465,-2.450605915634,
    12.337360972817));
#6977 = CARTESIAN_POINT('',(-1.543651993701,-2.59949351032,
    12.347848325792));
#6978 = CARTESIAN_POINT('',(-1.309140198728,-2.725138584732,
    12.358334543854));
#6979 = CARTESIAN_POINT('',(-1.063218672955,-2.825973174317,12.368821759
    ));
#6980 = CARTESIAN_POINT('',(-0.809025004031,-2.900851041922,
    12.379310589998));
#6981 = CARTESIAN_POINT('',(-0.402480188703,-2.976661002413,
    12.395765254059));
#6982 = CARTESIAN_POINT('',(-0.25341099147,-2.99555696496,12.40173377666
    ));
#6983 = CARTESIAN_POINT('',(-0.103342492135,-3.005738123756,
    12.407702155156));
#6984 = CARTESIAN_POINT('',(4.711422341655E-02,-3.00714508668,
    12.413670452696));
#6985 = CARTESIAN_POINT('',(0.197346833958,-2.999772133417,
    12.419638838296));
#6986 = CARTESIAN_POINT('',(0.346743263494,-2.983667225449,
    12.425607381993));
#6987 = CARTESIAN_POINT('',(0.737793119198,-2.91828901179,
    12.441382780152));
#6988 = CARTESIAN_POINT('',(0.977041599553,-2.85433710175,
    12.451191649611));
#6989 = CARTESIAN_POINT('',(1.209676005006,-2.767523481529,
    12.460999490924));
#6990 = CARTESIAN_POINT('',(1.433103684261,-2.658705720122,
    12.470806808763));
#6991 = CARTESIAN_POINT('',(1.64488345575,-2.529072761966,12.48061501682
    ));
#6992 = CARTESIAN_POINT('',(1.842741701897,-2.380137082357,
    12.49042417821));
#6993 = CARTESIAN_POINT('',(2.19847706593,-2.054800256942,
    12.509605095977));
#6994 = CARTESIAN_POINT('',(2.357790069489,-1.879849562461,
    12.518980039236));
#6995 = CARTESIAN_POINT('',(2.500755562537,-1.690582922531,
    12.528353335946));
#6996 = CARTESIAN_POINT('',(2.625867342435,-1.488848450284,
    12.537725198163));
#6997 = CARTESIAN_POINT('',(2.731875487122,-1.276661552368,
    12.547097525805));
#6998 = CARTESIAN_POINT('',(2.817793806475,-1.056192938953,
    12.556471811626));
#6999 = CARTESIAN_POINT('',(2.916179844879,-0.714367394747,
    12.570624991424));
#7000 = CARTESIAN_POINT('',(2.944010081415,-0.59739346915,
    12.575404360216));
#7001 = CARTESIAN_POINT('',(2.966362011696,-0.479170900952,
    12.580184060353));
#7002 = CARTESIAN_POINT('',(2.983169930803,-0.36000765287,
    12.584964103226));
#7003 = CARTESIAN_POINT('',(2.994389936324,-0.240214972869,
    12.589744383591));
#7004 = CARTESIAN_POINT('',(2.999999993442,-0.12010694077,
    12.594524486963));
#7005 = CARTESIAN_POINT('',(3.,-1.486794421E-08,12.599303497004));
#7006 = ORIENTED_EDGE('',*,*,#6225,.F.);
#7007 = B_SPLINE_SURFACE_WITH_KNOTS('',1,9,(
    (#7008,#7009,#7010,#7011,#7012,#7013,#7014,#7015,#7016,#7017,#7018
      ,#7019,#7020,#7021,#7022,#7023,#7024,#7025,#7026,#7027,#7028,#7029
      ,#7030,#7031,#7032,#7033,#7034,#7035,#7036,#7037,#7038)
    ,(#7039,#7040,#7041,#7042,#7043,#7044,#7045,#7046,#7047,#7048,#7049
      ,#7050,#7051,#7052,#7053,#7054,#7055,#7056,#7057,#7058,#7059,#7060
      ,#7061,#7062,#7063,#7064,#7065,#7066,#7067,#7068,#7069
  )),.UNSPECIFIED.,.F.,.F.,.F.,(2,2),(10,7,7,7,10),(0.,0.5),(0.,
    1.581947328539,3.163894657078,4.745841985618,6.327789314157),
  .UNSPECIFIED.);
#7008 = CARTESIAN_POINT('',(2.672882472328,-3.934347792E-07,
    11.603971710119));
#7009 = CARTESIAN_POINT('',(2.672882152547,0.466517808751,
    11.624804684488));
#7010 = CARTESIAN_POINT('',(2.581299042669,0.932998195167,
    11.645635929007));
#7011 = CARTESIAN_POINT('',(2.398094953615,1.378956204035,
    11.666471402095));
#7012 = CARTESIAN_POINT('',(2.128664985317,1.783811181463,
    11.687305788201));
#7013 = CARTESIAN_POINT('',(1.783795467473,2.128676797379,
    11.708138580936));
#7014 = CARTESIAN_POINT('',(1.378959759582,2.398086233092,
    11.728971375183));
#7015 = CARTESIAN_POINT('',(0.93301382132,2.581282711242,11.749804335342
    ));
#7016 = CARTESIAN_POINT('',(6.09244436842E-06,2.7644794932,
    11.791470820753));
#7017 = CARTESIAN_POINT('',(-0.93301148864,2.581284320411,
    11.833137937909));
#7018 = CARTESIAN_POINT('',(-1.378967210242,2.398088448057,
    11.853971553573));
#7019 = CARTESIAN_POINT('',(-1.783812490502,2.128672907601,
    11.87480490559));
#7020 = CARTESIAN_POINT('',(-2.128676783461,1.78380658082,
    11.895638018947));
#7021 = CARTESIAN_POINT('',(-2.39808770061,1.378964415178,
    11.916471156272));
#7022 = CARTESIAN_POINT('',(-2.581281521196,0.933013324869,
    11.937304476762));
#7023 = CARTESIAN_POINT('',(-2.764475710241,4.0551476747E-07,
    11.978971241313));
#7024 = CARTESIAN_POINT('',(-2.581281999735,-0.933012607799,
    12.020638005865));
#7025 = CARTESIAN_POINT('',(-2.398088302804,-1.378963816838,
    12.041471326353));
#7026 = CARTESIAN_POINT('',(-2.128676980956,-1.783805947345,
    12.062304463682));
#7027 = CARTESIAN_POINT('',(-1.78381252885,-2.128671937531,
    12.083137577035));
#7028 = CARTESIAN_POINT('',(-1.378967615259,-2.398087425621,
    12.103970929054));
#7029 = CARTESIAN_POINT('',(-0.933012166961,-2.581284019599,
    12.124804544718));
#7030 = CARTESIAN_POINT('',(5.30674970349E-06,-2.76448038389,
    12.166471661873));
#7031 = CARTESIAN_POINT('',(0.933013143,-2.581283504138,12.208138147285)
  );
#7032 = CARTESIAN_POINT('',(1.378959301078,-2.398087522212,
    12.228971107476));
#7033 = CARTESIAN_POINT('',(1.783793814145,-2.128673127752,
    12.249803901605));
#7034 = CARTESIAN_POINT('',(2.128662773022,-1.783812108759,
    12.270636694518));
#7035 = CARTESIAN_POINT('',(2.398093605656,-1.378957850556,
    12.291471080487));
#7036 = CARTESIAN_POINT('',(2.581303029107,-0.932999071558,
    12.312306553625));
#7037 = CARTESIAN_POINT('',(2.672881784035,-0.466518558314,
    12.333137798139));
#7038 = CARTESIAN_POINT('',(2.672881457746,-3.5612832361E-07,
    12.353970772507));
#7039 = CARTESIAN_POINT('',(3.072886960797,6.948040587E-08,11.9039657254
    ));
#7040 = CARTESIAN_POINT('',(3.072886231039,0.536317116695,
    11.924799138717));
#7041 = CARTESIAN_POINT('',(2.967599119439,1.072637898189,11.94563293747
    ));
#7042 = CARTESIAN_POINT('',(2.756965353547,1.585330518895,
    11.966465794023));
#7043 = CARTESIAN_POINT('',(2.447224325921,2.05076072723,11.987298892796
    ));
#7044 = CARTESIAN_POINT('',(2.050752137667,2.447236055554,
    12.008132346586));
#7045 = CARTESIAN_POINT('',(1.585325013572,2.75696786128,12.028965800026
    ));
#7046 = CARTESIAN_POINT('',(1.072641515807,2.967578735271,12.04979921651
    ));
#7047 = CARTESIAN_POINT('',(5.51742790313E-06,3.178191052816,
    12.091465923563));
#7048 = CARTESIAN_POINT('',(-1.072638855031,2.967580447895,
    12.133132489855));
#7049 = CARTESIAN_POINT('',(-1.585331630101,2.756969396683,
    12.153965760282));
#7050 = CARTESIAN_POINT('',(-2.050764381586,2.447235684711,
    12.174799089451));
#7051 = CARTESIAN_POINT('',(-2.447240388375,2.050757426429,12.1956324718
    ));
#7052 = CARTESIAN_POINT('',(-2.756969516224,1.585327079786,
    12.216465848805));
#7053 = CARTESIAN_POINT('',(-2.967578124138,1.072638587747,12.237299185)
  );
#7054 = CARTESIAN_POINT('',(-3.178187286082,-3.451083803E-08,
    12.278965829857));
#7055 = CARTESIAN_POINT('',(-2.967578479252,-1.072638726494,
    12.320632474714));
#7056 = CARTESIAN_POINT('',(-2.756969846948,-1.585327334023,
    12.341465810907));
#7057 = CARTESIAN_POINT('',(-2.447239741865,-2.050757463,12.362299187917
    ));
#7058 = CARTESIAN_POINT('',(-2.050763245511,-2.44723490388,
    12.38313257026));
#7059 = CARTESIAN_POINT('',(-1.585331018701,-2.756968289563,
    12.403965899434));
#7060 = CARTESIAN_POINT('',(-1.072638644696,-2.967580421139,
    12.424799169859));
#7061 = CARTESIAN_POINT('',(5.63325744849E-06,-3.178192698377,
    12.466465736151));
#7062 = CARTESIAN_POINT('',(1.072641726143,-2.967579671153,
    12.508132443203));
#7063 = CARTESIAN_POINT('',(1.585326249668,-2.756966642234,
    12.528965859686));
#7064 = CARTESIAN_POINT('',(2.050748429574,-2.447235512973,
    12.549799313128));
#7065 = CARTESIAN_POINT('',(2.447223110512,-2.05075398501,
    12.570632766929));
#7066 = CARTESIAN_POINT('',(2.756962921547,-1.585335020089,
    12.59146586567));
#7067 = CARTESIAN_POINT('',(2.967607013472,-1.072638053769,
    12.612298722255));
#7068 = CARTESIAN_POINT('',(3.072885814653,-0.536316986046,
    12.633132520998));
#7069 = CARTESIAN_POINT('',(3.072885086346,6.116807684E-08,
    12.653965934312));
#7070 = ADVANCED_FACE('',(#7071),#7082,.T.);
#7071 = FACE_BOUND('',#7072,.F.);
#7072 = EDGE_LOOP('',(#7073,#7074,#7080,#7081));
#7073 = ORIENTED_EDGE('',*,*,#6918,.F.);
#7074 = ORIENTED_EDGE('',*,*,#7075,.T.);
#7075 = EDGE_CURVE('',#6571,#6744,#7076,.T.);
#7076 = LINE('',#7077,#7078);
#7077 = CARTESIAN_POINT('',(3.,0.,11.));
#7078 = VECTOR('',#7079,1.);
#7079 = DIRECTION('',(0.,0.,1.));
#7080 = ORIENTED_EDGE('',*,*,#6743,.T.);
#7081 = ORIENTED_EDGE('',*,*,#6389,.F.);
#7082 = CYLINDRICAL_SURFACE('',#7083,3.);
#7083 = AXIS2_PLACEMENT_3D('',#7084,#7085,#7086);
#7084 = CARTESIAN_POINT('',(0.,0.,11.));
#7085 = DIRECTION('',(-0.,-0.,-1.));
#7086 = DIRECTION('',(1.,0.,0.));
#7087 = ADVANCED_FACE('',(#7088),#7170,.T.);
#7088 = FACE_BOUND('',#7089,.F.);
#7089 = EDGE_LOOP('',(#7090,#7091,#7092,#7169));
#7090 = ORIENTED_EDGE('',*,*,#6570,.F.);
#7091 = ORIENTED_EDGE('',*,*,#6451,.T.);
#7092 = ORIENTED_EDGE('',*,*,#7093,.T.);
#7093 = EDGE_CURVE('',#6415,#6744,#7094,.T.);
#7094 = B_SPLINE_CURVE_WITH_KNOTS('',7,(#7095,#7096,#7097,#7098,#7099,
    #7100,#7101,#7102,#7103,#7104,#7105,#7106,#7107,#7108,#7109,#7110,
    #7111,#7112,#7113,#7114,#7115,#7116,#7117,#7118,#7119,#7120,#7121,
    #7122,#7123,#7124,#7125,#7126,#7127,#7128,#7129,#7130,#7131,#7132,
    #7133,#7134,#7135,#7136,#7137,#7138,#7139,#7140,#7141,#7142,#7143,
    #7144,#7145,#7146,#7147,#7148,#7149,#7150,#7151,#7152,#7153,#7154,
    #7155,#7156,#7157,#7158,#7159,#7160,#7161,#7162,#7163,#7164,#7165,
    #7166,#7167,#7168),.UNSPECIFIED.,.F.,.F.,(8,6,6,6,6,6,6,6,6,6,6,6,8)
  ,(0.,4.422967571168E-02,0.133882252373,0.21582572853,0.265607050301,
    0.375578534874,0.500564826352,0.624942865694,0.731642361485,
    0.783555359852,0.867559206837,0.95456608827,1.),.UNSPECIFIED.);
#7095 = CARTESIAN_POINT('',(3.,-2.69522049E-09,11.358625917031));
#7096 = CARTESIAN_POINT('',(2.999999994141,0.119090598343,
    11.363364357007));
#7097 = CARTESIAN_POINT('',(2.99448448128,0.238182305857,11.368103723881
    ));
#7098 = CARTESIAN_POINT('',(2.983453550895,0.356966618331,
    11.372843256236));
#7099 = CARTESIAN_POINT('',(2.966928503697,0.475137338094,
    11.377582609262));
#7100 = CARTESIAN_POINT('',(2.944951782307,0.592391000429,
    11.382321693668));
#7101 = CARTESIAN_POINT('',(2.917586901944,0.708427302667,
    11.387060514603));
#7102 = CARTESIAN_POINT('',(2.818700010263,1.055083567626,
    11.401403837345));
#7103 = CARTESIAN_POINT('',(2.730678715312,1.281040289123,
    11.411009099275));
#7104 = CARTESIAN_POINT('',(2.621562408557,1.498291109772,
    11.420612424534));
#7105 = CARTESIAN_POINT('',(2.49241597189,1.704502383923,11.430215282246
    ));
#7106 = CARTESIAN_POINT('',(2.344593399272,1.897512132873,
    11.439819629727));
#7107 = CARTESIAN_POINT('',(2.179729283543,2.075343666886,
    11.449425628487));
#7108 = CARTESIAN_POINT('',(1.835322770866,2.383331905432,
    11.467809326073));
#7109 = CARTESIAN_POINT('',(1.658217043991,2.516313068751,
    11.476589547171));
#7110 = CARTESIAN_POINT('',(1.469955031591,2.633863671152,
    11.485369190147));
#7111 = CARTESIAN_POINT('',(1.272159054113,2.734888838045,
    11.494148328055));
#7112 = CARTESIAN_POINT('',(1.066563697463,2.818502627858,
    11.502927784201));
#7113 = CARTESIAN_POINT('',(0.855007009728,2.884032527331,
    11.511707816231));
#7114 = CARTESIAN_POINT('',(0.50848192411,2.959630465264,11.525819957505
    ));
#7115 = CARTESIAN_POINT('',(0.376032144234,2.981374309737,
    11.531153241656));
#7116 = CARTESIAN_POINT('',(0.242521596685,2.996198364399,
    11.536486432043));
#7117 = CARTESIAN_POINT('',(0.108384039726,3.004042987711,
    11.541819569877));
#7118 = CARTESIAN_POINT('',(-2.594436847308E-02,3.004882669983,
    11.547152752554));
#7119 = CARTESIAN_POINT('',(-0.160025876804,2.998726079839,
    11.552486018946));
#7120 = CARTESIAN_POINT('',(-0.588106048271,2.956654991917,
    11.569600795179));
#7121 = CARTESIAN_POINT('',(-0.8795653645,2.893749408497,11.581386919239
    ));
#7122 = CARTESIAN_POINT('',(-1.162906696714,2.797336603236,
    11.593169673828));
#7123 = CARTESIAN_POINT('',(-1.433572071903,2.668766567425,
    11.604951415153));
#7124 = CARTESIAN_POINT('',(-1.687320084237,2.510054151107,
    11.616734374926));
#7125 = CARTESIAN_POINT('',(-1.920224660757,2.323879216701,
    11.628520667546));
#7126 = CARTESIAN_POINT('',(-2.365970820486,1.874949516214,
    11.653692375699));
#7127 = CARTESIAN_POINT('',(-2.571979045077,1.604959623788,
    11.667090422277));
#7128 = CARTESIAN_POINT('',(-2.741671182658,1.308904386537,
    11.680480982952));
#7129 = CARTESIAN_POINT('',(-2.871326028019,0.992712684637,
    11.693869372777));
#7130 = CARTESIAN_POINT('',(-2.958332548145,0.662752024416,
    11.707259859918));
#7131 = CARTESIAN_POINT('',(-3.001178242725,0.325857028767,
    11.720657841145));
#7132 = CARTESIAN_POINT('',(-2.998789615143,-0.345564559631,
    11.747373054634));
#7133 = CARTESIAN_POINT('',(-2.953981486768,-0.680504921581,
    11.760706699394));
#7134 = CARTESIAN_POINT('',(-2.865492892343,-1.008303236326,
    11.774034076455));
#7135 = CARTESIAN_POINT('',(-2.734853253165,-1.322233913473,
    11.787359672744));
#7136 = CARTESIAN_POINT('',(-2.564668489838,-1.616034972783,
    11.800686968203));
#7137 = CARTESIAN_POINT('',(-2.358631967413,-1.883881428873,
    11.81402052741));
#7138 = CARTESIAN_POINT('',(-1.918796970237,-2.323952631155,
    11.838776632355));
#7139 = CARTESIAN_POINT('',(-1.692933221529,-2.504531445739,
    11.850211117152));
#7140 = CARTESIAN_POINT('',(-1.447440203835,-2.659293887057,
    11.861642572372));
#7141 = CARTESIAN_POINT('',(-1.185886048233,-2.785785641828,
    11.873072245335));
#7142 = CARTESIAN_POINT('',(-0.912142929219,-2.882133971026,
    11.884503846727));
#7143 = CARTESIAN_POINT('',(-0.630350070875,-2.947065725686,
    11.895938444916));
#7144 = CARTESIAN_POINT('',(-0.206111000539,-2.996173596661,
    11.9129310758));
#7145 = CARTESIAN_POINT('',(-6.638366503149E-02,-3.004698728577,
    11.91849281408));
#7146 = CARTESIAN_POINT('',(7.372314673754E-02,-3.005619018388,
    11.924054511144));
#7147 = CARTESIAN_POINT('',(0.213713112033,-2.998917718346,
    11.929616178084));
#7148 = CARTESIAN_POINT('',(0.353091337776,-2.984618521974,
    11.935177888746));
#7149 = CARTESIAN_POINT('',(0.491365371843,-2.962785515573,
    11.940739646694));
#7150 = CARTESIAN_POINT('',(0.849218501466,-2.886171732959,
    11.955300852811));
#7151 = CARTESIAN_POINT('',(1.06625431519,-2.819359706444,
    11.964301472156));
#7152 = CARTESIAN_POINT('',(1.277046934472,-2.733529133762,
    11.973301059257));
#7153 = CARTESIAN_POINT('',(1.479615713195,-2.629404452048,
    11.982299930836));
#7154 = CARTESIAN_POINT('',(1.67209436789,-2.50794495856,11.991299297072
    ));
#7155 = CARTESIAN_POINT('',(1.852741027298,-2.370339652769,
    12.000299685222));
#7156 = CARTESIAN_POINT('',(2.193177292402,-2.060304807207,
    12.018620560714));
#7157 = CARTESIAN_POINT('',(2.352039375611,-1.886761597054,
    12.027943591446));
#7158 = CARTESIAN_POINT('',(2.494777446969,-1.699020205013,
    12.037266083659));
#7159 = CARTESIAN_POINT('',(2.61990520772,-1.498893209884,12.04658862903
    ));
#7160 = CARTESIAN_POINT('',(2.726186552903,-1.288357626137,
    12.055912083839));
#7161 = CARTESIAN_POINT('',(2.812642811081,-1.069543320522,
    12.065235876122));
#7162 = CARTESIAN_POINT('',(2.913056603027,-0.727369630207,
    12.079424704797));
#7163 = CARTESIAN_POINT('',(2.941919551004,-0.608346593256,
    12.084291948307));
#7164 = CARTESIAN_POINT('',(2.965104339612,-0.488004499271,
    12.089158827059));
#7165 = CARTESIAN_POINT('',(2.982540257516,-0.366668496106,
    12.094025343105));
#7166 = CARTESIAN_POINT('',(2.994180048158,-0.244667356399,
    12.098891673786));
#7167 = CARTESIAN_POINT('',(2.999999993872,-0.122332997719,
    12.103758224841));
#7168 = CARTESIAN_POINT('',(3.,-2.69485056E-09,12.10862568351));
#7169 = ORIENTED_EDGE('',*,*,#7075,.F.);
#7170 = CYLINDRICAL_SURFACE('',#7171,3.);
#7171 = AXIS2_PLACEMENT_3D('',#7172,#7173,#7174);
#7172 = CARTESIAN_POINT('',(0.,0.,11.));
#7173 = DIRECTION('',(-0.,-0.,-1.));
#7174 = DIRECTION('',(1.,0.,0.));
#7175 = ADVANCED_FACE('',(#7176),#7182,.F.);
#7176 = FACE_BOUND('',#7177,.F.);
#7177 = EDGE_LOOP('',(#7178,#7179,#7180,#7181));
#7178 = ORIENTED_EDGE('',*,*,#7093,.F.);
#7179 = ORIENTED_EDGE('',*,*,#6465,.T.);
#7180 = ORIENTED_EDGE('',*,*,#6887,.T.);
#7181 = ORIENTED_EDGE('',*,*,#6822,.F.);
#7182 = B_SPLINE_SURFACE_WITH_KNOTS('',1,8,(
    (#7183,#7184,#7185,#7186,#7187,#7188,#7189,#7190,#7191,#7192,#7193
      ,#7194,#7195,#7196,#7197,#7198,#7199,#7200,#7201,#7202,#7203,#7204
      ,#7205,#7206,#7207,#7208,#7209)
    ,(#7210,#7211,#7212,#7213,#7214,#7215,#7216,#7217,#7218,#7219,#7220
      ,#7221,#7222,#7223,#7224,#7225,#7226,#7227,#7228,#7229,#7230,#7231
      ,#7232,#7233,#7234,#7235,#7236
    )),.UNSPECIFIED.,.F.,.F.,.F.,(2,2),(9,6,6,6,9),(0.,0.5),(0.,
    1.581947328539,3.163894657078,4.745841985618,6.327789314157),
  .UNSPECIFIED.);
#7183 = CARTESIAN_POINT('',(3.072877983768,8.435701249E-08,
    11.303965725468));
#7184 = CARTESIAN_POINT('',(3.072877900586,0.603355169019,
    11.327403315437));
#7185 = CARTESIAN_POINT('',(2.937514011235,1.206715219337,
    11.350841400909));
#7186 = CARTESIAN_POINT('',(2.666679130301,1.774634007018,11.37427799068
    ));
#7187 = CARTESIAN_POINT('',(2.271645405968,2.271650218433,11.39771561464
    ));
#7188 = CARTESIAN_POINT('',(1.774622335866,2.666699202111,11.42115326167
    ));
#7189 = CARTESIAN_POINT('',(1.2067177844,2.937483925385,11.444590876922)
  );
#7190 = CARTESIAN_POINT('',(6.0844164099E-06,3.208270762567,
    11.491465933661));
#7191 = CARTESIAN_POINT('',(-1.206716257614,2.937485296527,
    11.538340809442));
#7192 = CARTESIAN_POINT('',(-1.774632714807,2.66669970308,
    11.561778235795));
#7193 = CARTESIAN_POINT('',(-2.271659133289,2.271652099318,
    11.585215772491));
#7194 = CARTESIAN_POINT('',(-2.666701857154,1.774626800429,
    11.608653346064));
#7195 = CARTESIAN_POINT('',(-2.937483557313,1.206715224063,
    11.632090854445));
#7196 = CARTESIAN_POINT('',(-3.208265809071,-8.054368559E-08,
    11.678965829912));
#7197 = CARTESIAN_POINT('',(-2.937483531525,-1.206715379363,
    11.725840805379));
#7198 = CARTESIAN_POINT('',(-2.666701795201,-1.774626955608,
    11.749278313759));
#7199 = CARTESIAN_POINT('',(-2.271658907086,-2.271652195092,
    11.772715887334));
#7200 = CARTESIAN_POINT('',(-1.774632518518,-2.666699663054,
    11.796153424028));
#7201 = CARTESIAN_POINT('',(-1.206716096114,-2.93748533407,
    11.819590850382));
#7202 = CARTESIAN_POINT('',(6.24907444776E-06,-3.2082709124,
    11.866465726163));
#7203 = CARTESIAN_POINT('',(1.206717945901,-2.937483934783,
    11.913340782902));
#7204 = CARTESIAN_POINT('',(1.774622472656,-2.666699124614,
    11.936778398153));
#7205 = CARTESIAN_POINT('',(2.27164538243,-2.271649421828,
    11.960216045186));
#7206 = CARTESIAN_POINT('',(2.666678630968,-1.774634230667,
    11.98365366914));
#7207 = CARTESIAN_POINT('',(2.937514913062,-1.206715095892,
    12.007090258916));
#7208 = CARTESIAN_POINT('',(3.072877910638,-0.603355008616,
    12.030528344387));
#7209 = CARTESIAN_POINT('',(3.072877829087,7.604560937E-08,
    12.053965934356));
#7210 = CARTESIAN_POINT('',(2.672882472328,-3.9343477876E-07,
    11.603971710119));
#7211 = CARTESIAN_POINT('',(2.672882112575,0.524832584024,
    11.627408806284));
#7212 = CARTESIAN_POINT('',(2.555132451267,1.049616941207,
    11.650843678357));
#7213 = CARTESIAN_POINT('',(2.31957620479,1.543625835449,11.674285263965
    ));
#7214 = CARTESIAN_POINT('',(1.975936009739,1.975959458275,
    11.697722207589));
#7215 = CARTESIAN_POINT('',(1.543619789641,2.319573471259,11.72115904762
    ));
#7216 = CARTESIAN_POINT('',(1.049639699464,2.555111756758,
    11.744596030306));
#7217 = CARTESIAN_POINT('',(6.79617354813E-06,2.79065034711,
    11.791470775628));
#7218 = CARTESIAN_POINT('',(-1.049638774242,2.555113567073,
    11.838346333195));
#7219 = CARTESIAN_POINT('',(-1.543631428241,2.319575888548,
    11.861784163762));
#7220 = CARTESIAN_POINT('',(-1.975957340311,1.975950522842,
    11.885221499053));
#7221 = CARTESIAN_POINT('',(-2.319576087398,1.543626653292,
    11.908658668812));
#7222 = CARTESIAN_POINT('',(-2.555110927034,1.049639938949,
    11.932096131193));
#7223 = CARTESIAN_POINT('',(-2.790646274495,4.1222612099E-07,
    11.978971241313));
#7224 = CARTESIAN_POINT('',(-2.55511146539,-1.049639235302,
    12.025846351434));
#7225 = CARTESIAN_POINT('',(-2.319576721512,-1.543626107606,
    12.049283813814));
#7226 = CARTESIAN_POINT('',(-1.975957188511,-1.975949819135,
    12.072720983574));
#7227 = CARTESIAN_POINT('',(-1.543631704276,-2.319574585526,
    12.096158318864));
#7228 = CARTESIAN_POINT('',(-1.049639437224,-2.555113105812,
    12.119596149433));
#7229 = CARTESIAN_POINT('',(5.99513982109E-06,-2.790651329893,
    12.166471706998));
#7230 = CARTESIAN_POINT('',(1.049639036483,-2.555112525918,
    12.21334645232));
#7231 = CARTESIAN_POINT('',(1.543619123336,-2.319574003433,
    12.236783435001));
#7232 = CARTESIAN_POINT('',(1.975934523488,-1.97595556515,
    12.260220275052));
#7233 = CARTESIAN_POINT('',(2.319571889072,-1.543628865842,
    12.283657218645));
#7234 = CARTESIAN_POINT('',(2.555137658903,-1.049617853835,
    12.307098804278));
#7235 = CARTESIAN_POINT('',(2.672881824821,-0.524833333587,
    12.330533676343));
#7236 = CARTESIAN_POINT('',(2.672881457746,-3.5612832416E-07,
    12.353970772507));
#7237 = ( GEOMETRIC_REPRESENTATION_CONTEXT(3) 
GLOBAL_UNCERTAINTY_ASSIGNED_CONTEXT((#7241)) 
GLOBAL_UNIT_ASSIGNED_CONTEXT((#7238,#7239,#7240)) REPRESENTATION_CONTEXT
('Context #1','3D Context with UNIT and UNCERTAINTY') );
#7238 = ( LENGTH_UNIT() NAMED_UNIT(*) SI_UNIT(.MILLI.,.METRE.) );
#7239 = ( NAMED_UNIT(*) PLANE_ANGLE_UNIT() SI_UNIT($,.RADIAN.) );
#7240 = ( NAMED_UNIT(*) SI_UNIT($,.STERADIAN.) SOLID_ANGLE_UNIT() );
#7241 = UNCERTAINTY_MEASURE_WITH_UNIT(LENGTH_MEASURE(2.E-06),#7238,
  'distance_accuracy_value','confusion accuracy');
#7242 = PRODUCT_RELATED_PRODUCT_CATEGORY('part',$,(#4360));
#7243 = SHAPE_DEFINITION_REPRESENTATION(#7244,#7250);
#7244 = PRODUCT_DEFINITION_SHAPE('','',#7245);
#7245 = PRODUCT_DEFINITION('design','',#7246,#7249);
#7246 = PRODUCT_DEFINITION_FORMATION('','',#7247);
#7247 = PRODUCT('S','S','',(#7248));
#7248 = PRODUCT_CONTEXT('',#2,'mechanical');
#7249 = PRODUCT_DEFINITION_CONTEXT('part definition',#2,'design');
#7250 = ADVANCED_BREP_SHAPE_REPRESENTATION('',(#11,#7251),#8170);
#7251 = MANIFOLD_SOLID_BREP('',#7252);
#7252 = CLOSED_SHELL('',(#7253,#7311,#7342,#7367,#7400,#7424,#7455,#7473
    ,#7492,#7517,#7548,#7573,#7590,#7614,#7661,#7685,#7702,#7726,#7750,
    #7781,#7875,#7892,#7911,#7935,#7959,#7990,#8015,#8040,#8064,#8088,
    #8106,#8124,#8149));
#7253 = ADVANCED_FACE('',(#7254),#7306,.F.);
#7254 = FACE_BOUND('',#7255,.F.);
#7255 = EDGE_LOOP('',(#7256,#7266,#7274,#7282,#7291,#7299));
#7256 = ORIENTED_EDGE('',*,*,#7257,.F.);
#7257 = EDGE_CURVE('',#7258,#7260,#7262,.T.);
#7258 = VERTEX_POINT('',#7259);
#7259 = CARTESIAN_POINT('',(0.4,-6.23,6.795061408915));
#7260 = VERTEX_POINT('',#7261);
#7261 = CARTESIAN_POINT('',(0.4,-6.23,-3.2));
#7262 = LINE('',#7263,#7264);
#7263 = CARTESIAN_POINT('',(0.4,-6.23,-3.55));
#7264 = VECTOR('',#7265,1.);
#7265 = DIRECTION('',(0.,1.571E-14,-1.));
#7266 = ORIENTED_EDGE('',*,*,#7267,.F.);
#7267 = EDGE_CURVE('',#7268,#7258,#7270,.T.);
#7268 = VERTEX_POINT('',#7269);
#7269 = CARTESIAN_POINT('',(-0.4,-6.23,6.795061408915));
#7270 = LINE('',#7271,#7272);
#7271 = CARTESIAN_POINT('',(0.4,-6.23,6.795061408915));
#7272 = VECTOR('',#7273,1.);
#7273 = DIRECTION('',(1.,0.,0.));
#7274 = ORIENTED_EDGE('',*,*,#7275,.T.);
#7275 = EDGE_CURVE('',#7268,#7276,#7278,.T.);
#7276 = VERTEX_POINT('',#7277);
#7277 = CARTESIAN_POINT('',(-0.4,-6.23,-3.2));
#7278 = LINE('',#7279,#7280);
#7279 = CARTESIAN_POINT('',(-0.4,-6.23,-3.55));
#7280 = VECTOR('',#7281,1.);
#7281 = DIRECTION('',(0.,0.,-1.));
#7282 = ORIENTED_EDGE('',*,*,#7283,.T.);
#7283 = EDGE_CURVE('',#7276,#7284,#7286,.T.);
#7284 = VERTEX_POINT('',#7285);
#7285 = CARTESIAN_POINT('',(-5.E-02,-6.23,-3.55));
#7286 = CIRCLE('',#7287,0.35);
#7287 = AXIS2_PLACEMENT_3D('',#7288,#7289,#7290);
#7288 = CARTESIAN_POINT('',(-5.E-02,-6.23,-3.2));
#7289 = DIRECTION('',(0.,-1.,-1.571E-14));
#7290 = DIRECTION('',(0.,1.571E-14,-1.));
#7291 = ORIENTED_EDGE('',*,*,#7292,.F.);
#7292 = EDGE_CURVE('',#7293,#7284,#7295,.T.);
#7293 = VERTEX_POINT('',#7294);
#7294 = CARTESIAN_POINT('',(5.E-02,-6.23,-3.55));
#7295 = LINE('',#7296,#7297);
#7296 = CARTESIAN_POINT('',(0.4,-6.23,-3.55));
#7297 = VECTOR('',#7298,1.);
#7298 = DIRECTION('',(-1.,0.,0.));
#7299 = ORIENTED_EDGE('',*,*,#7300,.F.);
#7300 = EDGE_CURVE('',#7260,#7293,#7301,.T.);
#7301 = CIRCLE('',#7302,0.35);
#7302 = AXIS2_PLACEMENT_3D('',#7303,#7304,#7305);
#7303 = CARTESIAN_POINT('',(5.E-02,-6.23,-3.2));
#7304 = DIRECTION('',(-0.,1.,1.571E-14));
#7305 = DIRECTION('',(0.,-1.571E-14,1.));
#7306 = PLANE('',#7307);
#7307 = AXIS2_PLACEMENT_3D('',#7308,#7309,#7310);
#7308 = CARTESIAN_POINT('',(0.4,-6.23,-3.55));
#7309 = DIRECTION('',(-0.,-1.,-0.));
#7310 = DIRECTION('',(-1.,0.,0.));
#7311 = ADVANCED_FACE('',(#7312),#7337,.F.);
#7312 = FACE_BOUND('',#7313,.F.);
#7313 = EDGE_LOOP('',(#7314,#7324,#7330,#7331));
#7314 = ORIENTED_EDGE('',*,*,#7315,.F.);
#7315 = EDGE_CURVE('',#7316,#7318,#7320,.T.);
#7316 = VERTEX_POINT('',#7317);
#7317 = CARTESIAN_POINT('',(0.4,-6.73,6.795061408915));
#7318 = VERTEX_POINT('',#7319);
#7319 = CARTESIAN_POINT('',(0.4,-6.73,-3.2));
#7320 = LINE('',#7321,#7322);
#7321 = CARTESIAN_POINT('',(0.4,-6.73,-3.55));
#7322 = VECTOR('',#7323,1.);
#7323 = DIRECTION('',(0.,0.,-1.));
#7324 = ORIENTED_EDGE('',*,*,#7325,.T.);
#7325 = EDGE_CURVE('',#7316,#7258,#7326,.T.);
#7326 = LINE('',#7327,#7328);
#7327 = CARTESIAN_POINT('',(0.4,-6.73,6.795061408915));
#7328 = VECTOR('',#7329,1.);
#7329 = DIRECTION('',(0.,1.,1.571E-14));
#7330 = ORIENTED_EDGE('',*,*,#7257,.T.);
#7331 = ORIENTED_EDGE('',*,*,#7332,.F.);
#7332 = EDGE_CURVE('',#7318,#7260,#7333,.T.);
#7333 = LINE('',#7334,#7335);
#7334 = CARTESIAN_POINT('',(0.4,-6.73,-3.2));
#7335 = VECTOR('',#7336,1.);
#7336 = DIRECTION('',(0.,1.,1.571E-14));
#7337 = PLANE('',#7338);
#7338 = AXIS2_PLACEMENT_3D('',#7339,#7340,#7341);
#7339 = CARTESIAN_POINT('',(0.4,-6.73,-3.55));
#7340 = DIRECTION('',(-1.,0.,0.));
#7341 = DIRECTION('',(0.,1.,1.571E-14));
#7342 = ADVANCED_FACE('',(#7343),#7362,.T.);
#7343 = FACE_BOUND('',#7344,.T.);
#7344 = EDGE_LOOP('',(#7345,#7354,#7360,#7361));
#7345 = ORIENTED_EDGE('',*,*,#7346,.T.);
#7346 = EDGE_CURVE('',#7318,#7347,#7349,.T.);
#7347 = VERTEX_POINT('',#7348);
#7348 = CARTESIAN_POINT('',(5.E-02,-6.73,-3.55));
#7349 = CIRCLE('',#7350,0.35);
#7350 = AXIS2_PLACEMENT_3D('',#7351,#7352,#7353);
#7351 = CARTESIAN_POINT('',(5.E-02,-6.73,-3.2));
#7352 = DIRECTION('',(-0.,1.,1.571E-14));
#7353 = DIRECTION('',(0.,-1.571E-14,1.));
#7354 = ORIENTED_EDGE('',*,*,#7355,.T.);
#7355 = EDGE_CURVE('',#7347,#7293,#7356,.T.);
#7356 = LINE('',#7357,#7358);
#7357 = CARTESIAN_POINT('',(5.E-02,-6.73,-3.55));
#7358 = VECTOR('',#7359,1.);
#7359 = DIRECTION('',(0.,1.,1.571E-14));
#7360 = ORIENTED_EDGE('',*,*,#7300,.F.);
#7361 = ORIENTED_EDGE('',*,*,#7332,.F.);
#7362 = CYLINDRICAL_SURFACE('',#7363,0.35);
#7363 = AXIS2_PLACEMENT_3D('',#7364,#7365,#7366);
#7364 = CARTESIAN_POINT('',(5.E-02,-6.73,-3.2));
#7365 = DIRECTION('',(0.,1.,1.571E-14));
#7366 = DIRECTION('',(1.,0.,0.));
#7367 = ADVANCED_FACE('',(#7368),#7395,.F.);
#7368 = FACE_BOUND('',#7369,.F.);
#7369 = EDGE_LOOP('',(#7370,#7379,#7387,#7394));
#7370 = ORIENTED_EDGE('',*,*,#7371,.F.);
#7371 = EDGE_CURVE('',#7372,#7258,#7374,.T.);
#7372 = VERTEX_POINT('',#7373);
#7373 = CARTESIAN_POINT('',(0.4,-5.434938591085,7.5));
#7374 = CIRCLE('',#7375,0.751352467603);
#7375 = AXIS2_PLACEMENT_3D('',#7376,#7377,#7378);
#7376 = CARTESIAN_POINT('',(0.4,-5.48,6.75));
#7377 = DIRECTION('',(1.,-0.,0.));
#7378 = DIRECTION('',(0.,0.999887819976,-1.497823296178E-02));
#7379 = ORIENTED_EDGE('',*,*,#7380,.T.);
#7380 = EDGE_CURVE('',#7372,#7381,#7383,.T.);
#7381 = VERTEX_POINT('',#7382);
#7382 = CARTESIAN_POINT('',(-0.4,-5.434938591085,7.5));
#7383 = LINE('',#7384,#7385);
#7384 = CARTESIAN_POINT('',(0.4,-5.434938591085,7.5));
#7385 = VECTOR('',#7386,1.);
#7386 = DIRECTION('',(-1.,0.,0.));
#7387 = ORIENTED_EDGE('',*,*,#7388,.T.);
#7388 = EDGE_CURVE('',#7381,#7268,#7389,.T.);
#7389 = CIRCLE('',#7390,0.751352467603);
#7390 = AXIS2_PLACEMENT_3D('',#7391,#7392,#7393);
#7391 = CARTESIAN_POINT('',(-0.4,-5.48,6.75));
#7392 = DIRECTION('',(1.,-0.,0.));
#7393 = DIRECTION('',(0.,0.999887819976,-1.497823296178E-02));
#7394 = ORIENTED_EDGE('',*,*,#7267,.T.);
#7395 = CYLINDRICAL_SURFACE('',#7396,0.751352467603);
#7396 = AXIS2_PLACEMENT_3D('',#7397,#7398,#7399);
#7397 = CARTESIAN_POINT('',(0.4,-5.48,6.75));
#7398 = DIRECTION('',(1.,0.,0.));
#7399 = DIRECTION('',(0.,0.999887819976,-1.497823296178E-02));
#7400 = ADVANCED_FACE('',(#7401),#7419,.F.);
#7401 = FACE_BOUND('',#7402,.F.);
#7402 = EDGE_LOOP('',(#7403,#7411,#7412,#7413));
#7403 = ORIENTED_EDGE('',*,*,#7404,.T.);
#7404 = EDGE_CURVE('',#7405,#7347,#7407,.T.);
#7405 = VERTEX_POINT('',#7406);
#7406 = CARTESIAN_POINT('',(-5.E-02,-6.73,-3.55));
#7407 = LINE('',#7408,#7409);
#7408 = CARTESIAN_POINT('',(-0.4,-6.73,-3.55));
#7409 = VECTOR('',#7410,1.);
#7410 = DIRECTION('',(1.,0.,0.));
#7411 = ORIENTED_EDGE('',*,*,#7355,.T.);
#7412 = ORIENTED_EDGE('',*,*,#7292,.T.);
#7413 = ORIENTED_EDGE('',*,*,#7414,.T.);
#7414 = EDGE_CURVE('',#7284,#7405,#7415,.T.);
#7415 = LINE('',#7416,#7417);
#7416 = CARTESIAN_POINT('',(-5.E-02,-6.23,-3.55));
#7417 = VECTOR('',#7418,1.);
#7418 = DIRECTION('',(0.,-1.,-1.571E-14));
#7419 = PLANE('',#7420);
#7420 = AXIS2_PLACEMENT_3D('',#7421,#7422,#7423);
#7421 = CARTESIAN_POINT('',(4.E-17,-6.48,-3.55));
#7422 = DIRECTION('',(1.1E-16,-1.582E-14,1.));
#7423 = DIRECTION('',(1.741865807683E-46,1.,1.582E-14));
#7424 = ADVANCED_FACE('',(#7425),#7450,.F.);
#7425 = FACE_BOUND('',#7426,.F.);
#7426 = EDGE_LOOP('',(#7427,#7428,#7436,#7444));
#7427 = ORIENTED_EDGE('',*,*,#7275,.F.);
#7428 = ORIENTED_EDGE('',*,*,#7429,.T.);
#7429 = EDGE_CURVE('',#7268,#7430,#7432,.T.);
#7430 = VERTEX_POINT('',#7431);
#7431 = CARTESIAN_POINT('',(-0.4,-6.73,6.795061408915));
#7432 = LINE('',#7433,#7434);
#7433 = CARTESIAN_POINT('',(-0.4,-6.23,6.795061408915));
#7434 = VECTOR('',#7435,1.);
#7435 = DIRECTION('',(0.,-1.,-1.571E-14));
#7436 = ORIENTED_EDGE('',*,*,#7437,.T.);
#7437 = EDGE_CURVE('',#7430,#7438,#7440,.T.);
#7438 = VERTEX_POINT('',#7439);
#7439 = CARTESIAN_POINT('',(-0.4,-6.73,-3.2));
#7440 = LINE('',#7441,#7442);
#7441 = CARTESIAN_POINT('',(-0.4,-6.73,-3.55));
#7442 = VECTOR('',#7443,1.);
#7443 = DIRECTION('',(0.,0.,-1.));
#7444 = ORIENTED_EDGE('',*,*,#7445,.F.);
#7445 = EDGE_CURVE('',#7276,#7438,#7446,.T.);
#7446 = LINE('',#7447,#7448);
#7447 = CARTESIAN_POINT('',(-0.4,-6.23,-3.2));
#7448 = VECTOR('',#7449,1.);
#7449 = DIRECTION('',(0.,-1.,-1.571E-14));
#7450 = PLANE('',#7451);
#7451 = AXIS2_PLACEMENT_3D('',#7452,#7453,#7454);
#7452 = CARTESIAN_POINT('',(-0.4,-6.23,-3.55));
#7453 = DIRECTION('',(1.,0.,0.));
#7454 = DIRECTION('',(0.,-1.,-1.571E-14));
#7455 = ADVANCED_FACE('',(#7456),#7468,.T.);
#7456 = FACE_BOUND('',#7457,.T.);
#7457 = EDGE_LOOP('',(#7458,#7459,#7460,#7467));
#7458 = ORIENTED_EDGE('',*,*,#7283,.T.);
#7459 = ORIENTED_EDGE('',*,*,#7414,.T.);
#7460 = ORIENTED_EDGE('',*,*,#7461,.F.);
#7461 = EDGE_CURVE('',#7438,#7405,#7462,.T.);
#7462 = CIRCLE('',#7463,0.35);
#7463 = AXIS2_PLACEMENT_3D('',#7464,#7465,#7466);
#7464 = CARTESIAN_POINT('',(-5.E-02,-6.73,-3.2));
#7465 = DIRECTION('',(0.,-1.,-1.571E-14));
#7466 = DIRECTION('',(0.,1.571E-14,-1.));
#7467 = ORIENTED_EDGE('',*,*,#7445,.F.);
#7468 = CYLINDRICAL_SURFACE('',#7469,0.35);
#7469 = AXIS2_PLACEMENT_3D('',#7470,#7471,#7472);
#7470 = CARTESIAN_POINT('',(-5.E-02,-6.23,-3.2));
#7471 = DIRECTION('',(0.,-1.,-1.571E-14));
#7472 = DIRECTION('',(-1.,0.,0.));
#7473 = ADVANCED_FACE('',(#7474),#7487,.F.);
#7474 = FACE_BOUND('',#7475,.F.);
#7475 = EDGE_LOOP('',(#7476,#7477,#7483,#7484,#7485,#7486));
#7476 = ORIENTED_EDGE('',*,*,#7437,.F.);
#7477 = ORIENTED_EDGE('',*,*,#7478,.T.);
#7478 = EDGE_CURVE('',#7430,#7316,#7479,.T.);
#7479 = LINE('',#7480,#7481);
#7480 = CARTESIAN_POINT('',(-0.4,-6.73,6.795061408915));
#7481 = VECTOR('',#7482,1.);
#7482 = DIRECTION('',(1.,0.,0.));
#7483 = ORIENTED_EDGE('',*,*,#7315,.T.);
#7484 = ORIENTED_EDGE('',*,*,#7346,.T.);
#7485 = ORIENTED_EDGE('',*,*,#7404,.F.);
#7486 = ORIENTED_EDGE('',*,*,#7461,.F.);
#7487 = PLANE('',#7488);
#7488 = AXIS2_PLACEMENT_3D('',#7489,#7490,#7491);
#7489 = CARTESIAN_POINT('',(-0.4,-6.73,-3.55));
#7490 = DIRECTION('',(0.,1.,0.));
#7491 = DIRECTION('',(1.,0.,0.));
#7492 = ADVANCED_FACE('',(#7493),#7512,.T.);
#7493 = FACE_BOUND('',#7494,.T.);
#7494 = EDGE_LOOP('',(#7495,#7504,#7505,#7506));
#7495 = ORIENTED_EDGE('',*,*,#7496,.T.);
#7496 = EDGE_CURVE('',#7497,#7316,#7499,.T.);
#7497 = VERTEX_POINT('',#7498);
#7498 = CARTESIAN_POINT('',(0.4,-5.434938591085,8.));
#7499 = CIRCLE('',#7500,1.250811948525);
#7500 = AXIS2_PLACEMENT_3D('',#7501,#7502,#7503);
#7501 = CARTESIAN_POINT('',(0.4,-5.48,6.75));
#7502 = DIRECTION('',(1.,0.,-0.));
#7503 = DIRECTION('',(0.,0.999959523463,8.997301560336E-03));
#7504 = ORIENTED_EDGE('',*,*,#7325,.T.);
#7505 = ORIENTED_EDGE('',*,*,#7371,.F.);
#7506 = ORIENTED_EDGE('',*,*,#7507,.F.);
#7507 = EDGE_CURVE('',#7497,#7372,#7508,.T.);
#7508 = LINE('',#7509,#7510);
#7509 = CARTESIAN_POINT('',(0.4,-5.434938591085,8.));
#7510 = VECTOR('',#7511,1.);
#7511 = DIRECTION('',(0.,-2.2E-16,-1.));
#7512 = PLANE('',#7513);
#7513 = AXIS2_PLACEMENT_3D('',#7514,#7515,#7516);
#7514 = CARTESIAN_POINT('',(0.4,-6.155243553373,7.488970009));
#7515 = DIRECTION('',(1.,0.,0.));
#7516 = DIRECTION('',(0.,-0.738220899027,-0.674559044294));
#7517 = ADVANCED_FACE('',(#7518),#7543,.F.);
#7518 = FACE_BOUND('',#7519,.F.);
#7519 = EDGE_LOOP('',(#7520,#7528,#7536,#7542));
#7520 = ORIENTED_EDGE('',*,*,#7521,.F.);
#7521 = EDGE_CURVE('',#7522,#7372,#7524,.T.);
#7522 = VERTEX_POINT('',#7523);
#7523 = CARTESIAN_POINT('',(0.4,-4.,7.5));
#7524 = LINE('',#7525,#7526);
#7525 = CARTESIAN_POINT('',(0.4,-4.,7.5));
#7526 = VECTOR('',#7527,1.);
#7527 = DIRECTION('',(0.,-1.,2.2E-16));
#7528 = ORIENTED_EDGE('',*,*,#7529,.T.);
#7529 = EDGE_CURVE('',#7522,#7530,#7532,.T.);
#7530 = VERTEX_POINT('',#7531);
#7531 = CARTESIAN_POINT('',(-0.4,-4.,7.5));
#7532 = LINE('',#7533,#7534);
#7533 = CARTESIAN_POINT('',(0.4,-4.,7.5));
#7534 = VECTOR('',#7535,1.);
#7535 = DIRECTION('',(-1.,0.,0.));
#7536 = ORIENTED_EDGE('',*,*,#7537,.T.);
#7537 = EDGE_CURVE('',#7530,#7381,#7538,.T.);
#7538 = LINE('',#7539,#7540);
#7539 = CARTESIAN_POINT('',(-0.4,-4.,7.5));
#7540 = VECTOR('',#7541,1.);
#7541 = DIRECTION('',(0.,-1.,0.));
#7542 = ORIENTED_EDGE('',*,*,#7380,.F.);
#7543 = PLANE('',#7544);
#7544 = AXIS2_PLACEMENT_3D('',#7545,#7546,#7547);
#7545 = CARTESIAN_POINT('',(0.4,-4.,7.5));
#7546 = DIRECTION('',(0.,0.,1.));
#7547 = DIRECTION('',(-1.,0.,0.));
#7548 = ADVANCED_FACE('',(#7549),#7568,.T.);
#7549 = FACE_BOUND('',#7550,.T.);
#7550 = EDGE_LOOP('',(#7551,#7552,#7553,#7562));
#7551 = ORIENTED_EDGE('',*,*,#7388,.T.);
#7552 = ORIENTED_EDGE('',*,*,#7429,.T.);
#7553 = ORIENTED_EDGE('',*,*,#7554,.F.);
#7554 = EDGE_CURVE('',#7555,#7430,#7557,.T.);
#7555 = VERTEX_POINT('',#7556);
#7556 = CARTESIAN_POINT('',(-0.4,-5.434938591085,8.));
#7557 = CIRCLE('',#7558,1.250811948525);
#7558 = AXIS2_PLACEMENT_3D('',#7559,#7560,#7561);
#7559 = CARTESIAN_POINT('',(-0.4,-5.48,6.75));
#7560 = DIRECTION('',(1.,0.,-0.));
#7561 = DIRECTION('',(0.,0.999959523463,8.997301560336E-03));
#7562 = ORIENTED_EDGE('',*,*,#7563,.F.);
#7563 = EDGE_CURVE('',#7381,#7555,#7564,.T.);
#7564 = LINE('',#7565,#7566);
#7565 = CARTESIAN_POINT('',(-0.4,-5.434938591085,7.5));
#7566 = VECTOR('',#7567,1.);
#7567 = DIRECTION('',(0.,2.2E-16,1.));
#7568 = PLANE('',#7569);
#7569 = AXIS2_PLACEMENT_3D('',#7570,#7571,#7572);
#7570 = CARTESIAN_POINT('',(-0.4,-6.155243553373,7.488970009));
#7571 = DIRECTION('',(-1.,0.,0.));
#7572 = DIRECTION('',(-0.,-0.738220899027,-0.674559044294));
#7573 = ADVANCED_FACE('',(#7574),#7585,.T.);
#7574 = FACE_BOUND('',#7575,.T.);
#7575 = EDGE_LOOP('',(#7576,#7577,#7578,#7579));
#7576 = ORIENTED_EDGE('',*,*,#7554,.T.);
#7577 = ORIENTED_EDGE('',*,*,#7478,.T.);
#7578 = ORIENTED_EDGE('',*,*,#7496,.F.);
#7579 = ORIENTED_EDGE('',*,*,#7580,.F.);
#7580 = EDGE_CURVE('',#7555,#7497,#7581,.T.);
#7581 = LINE('',#7582,#7583);
#7582 = CARTESIAN_POINT('',(-0.4,-5.434938591085,8.));
#7583 = VECTOR('',#7584,1.);
#7584 = DIRECTION('',(1.,0.,0.));
#7585 = CYLINDRICAL_SURFACE('',#7586,1.250811948525);
#7586 = AXIS2_PLACEMENT_3D('',#7587,#7588,#7589);
#7587 = CARTESIAN_POINT('',(-0.4,-5.48,6.75));
#7588 = DIRECTION('',(1.,0.,0.));
#7589 = DIRECTION('',(0.,0.999959523463,8.997301560336E-03));
#7590 = ADVANCED_FACE('',(#7591),#7609,.F.);
#7591 = FACE_BOUND('',#7592,.F.);
#7592 = EDGE_LOOP('',(#7593,#7601,#7607,#7608));
#7593 = ORIENTED_EDGE('',*,*,#7594,.F.);
#7594 = EDGE_CURVE('',#7595,#7497,#7597,.T.);
#7595 = VERTEX_POINT('',#7596);
#7596 = CARTESIAN_POINT('',(0.4,-4.,8.));
#7597 = LINE('',#7598,#7599);
#7598 = CARTESIAN_POINT('',(0.4,-4.,8.));
#7599 = VECTOR('',#7600,1.);
#7600 = DIRECTION('',(0.,-1.,0.));
#7601 = ORIENTED_EDGE('',*,*,#7602,.T.);
#7602 = EDGE_CURVE('',#7595,#7522,#7603,.T.);
#7603 = LINE('',#7604,#7605);
#7604 = CARTESIAN_POINT('',(0.4,-4.,8.));
#7605 = VECTOR('',#7606,1.);
#7606 = DIRECTION('',(0.,-2.2E-16,-1.));
#7607 = ORIENTED_EDGE('',*,*,#7521,.T.);
#7608 = ORIENTED_EDGE('',*,*,#7507,.F.);
#7609 = PLANE('',#7610);
#7610 = AXIS2_PLACEMENT_3D('',#7611,#7612,#7613);
#7611 = CARTESIAN_POINT('',(0.4,-4.,8.));
#7612 = DIRECTION('',(-1.,0.,0.));
#7613 = DIRECTION('',(-0.,-2.2E-16,-1.));
#7614 = ADVANCED_FACE('',(#7615),#7656,.T.);
#7615 = FACE_BOUND('',#7616,.T.);
#7616 = EDGE_LOOP('',(#7617,#7627,#7633,#7634,#7642,#7650));
#7617 = ORIENTED_EDGE('',*,*,#7618,.T.);
#7618 = EDGE_CURVE('',#7619,#7621,#7623,.T.);
#7619 = VERTEX_POINT('',#7620);
#7620 = CARTESIAN_POINT('',(0.75,-3.,7.5));
#7621 = VERTEX_POINT('',#7622);
#7622 = CARTESIAN_POINT('',(0.75,-4.,7.5));
#7623 = LINE('',#7624,#7625);
#7624 = CARTESIAN_POINT('',(0.75,-3.,7.5));
#7625 = VECTOR('',#7626,1.);
#7626 = DIRECTION('',(0.,-1.,2.2E-16));
#7627 = ORIENTED_EDGE('',*,*,#7628,.T.);
#7628 = EDGE_CURVE('',#7621,#7522,#7629,.T.);
#7629 = LINE('',#7630,#7631);
#7630 = CARTESIAN_POINT('',(0.75,-4.,7.5));
#7631 = VECTOR('',#7632,1.);
#7632 = DIRECTION('',(-1.,0.,0.));
#7633 = ORIENTED_EDGE('',*,*,#7529,.T.);
#7634 = ORIENTED_EDGE('',*,*,#7635,.T.);
#7635 = EDGE_CURVE('',#7530,#7636,#7638,.T.);
#7636 = VERTEX_POINT('',#7637);
#7637 = CARTESIAN_POINT('',(-0.75,-4.,7.5));
#7638 = LINE('',#7639,#7640);
#7639 = CARTESIAN_POINT('',(0.75,-4.,7.5));
#7640 = VECTOR('',#7641,1.);
#7641 = DIRECTION('',(-1.,0.,0.));
#7642 = ORIENTED_EDGE('',*,*,#7643,.F.);
#7643 = EDGE_CURVE('',#7644,#7636,#7646,.T.);
#7644 = VERTEX_POINT('',#7645);
#7645 = CARTESIAN_POINT('',(-0.75,-3.,7.5));
#7646 = LINE('',#7647,#7648);
#7647 = CARTESIAN_POINT('',(-0.75,-3.,7.5));
#7648 = VECTOR('',#7649,1.);
#7649 = DIRECTION('',(0.,-1.,2.2E-16));
#7650 = ORIENTED_EDGE('',*,*,#7651,.F.);
#7651 = EDGE_CURVE('',#7619,#7644,#7652,.T.);
#7652 = LINE('',#7653,#7654);
#7653 = CARTESIAN_POINT('',(0.75,-3.,7.5));
#7654 = VECTOR('',#7655,1.);
#7655 = DIRECTION('',(-1.,0.,0.));
#7656 = PLANE('',#7657);
#7657 = AXIS2_PLACEMENT_3D('',#7658,#7659,#7660);
#7658 = CARTESIAN_POINT('',(0.75,-3.,7.5));
#7659 = DIRECTION('',(-0.,-2.2E-16,-1.));
#7660 = DIRECTION('',(-1.,0.,0.));
#7661 = ADVANCED_FACE('',(#7662),#7680,.F.);
#7662 = FACE_BOUND('',#7663,.F.);
#7663 = EDGE_LOOP('',(#7664,#7665,#7673,#7679));
#7664 = ORIENTED_EDGE('',*,*,#7537,.F.);
#7665 = ORIENTED_EDGE('',*,*,#7666,.T.);
#7666 = EDGE_CURVE('',#7530,#7667,#7669,.T.);
#7667 = VERTEX_POINT('',#7668);
#7668 = CARTESIAN_POINT('',(-0.4,-4.,8.));
#7669 = LINE('',#7670,#7671);
#7670 = CARTESIAN_POINT('',(-0.4,-4.,7.5));
#7671 = VECTOR('',#7672,1.);
#7672 = DIRECTION('',(0.,2.2E-16,1.));
#7673 = ORIENTED_EDGE('',*,*,#7674,.T.);
#7674 = EDGE_CURVE('',#7667,#7555,#7675,.T.);
#7675 = LINE('',#7676,#7677);
#7676 = CARTESIAN_POINT('',(-0.4,-4.,8.));
#7677 = VECTOR('',#7678,1.);
#7678 = DIRECTION('',(0.,-1.,0.));
#7679 = ORIENTED_EDGE('',*,*,#7563,.F.);
#7680 = PLANE('',#7681);
#7681 = AXIS2_PLACEMENT_3D('',#7682,#7683,#7684);
#7682 = CARTESIAN_POINT('',(-0.4,-4.,7.5));
#7683 = DIRECTION('',(1.,0.,0.));
#7684 = DIRECTION('',(0.,2.2E-16,1.));
#7685 = ADVANCED_FACE('',(#7686),#7697,.F.);
#7686 = FACE_BOUND('',#7687,.F.);
#7687 = EDGE_LOOP('',(#7688,#7689,#7695,#7696));
#7688 = ORIENTED_EDGE('',*,*,#7674,.F.);
#7689 = ORIENTED_EDGE('',*,*,#7690,.T.);
#7690 = EDGE_CURVE('',#7667,#7595,#7691,.T.);
#7691 = LINE('',#7692,#7693);
#7692 = CARTESIAN_POINT('',(-0.4,-4.,8.));
#7693 = VECTOR('',#7694,1.);
#7694 = DIRECTION('',(1.,0.,0.));
#7695 = ORIENTED_EDGE('',*,*,#7594,.T.);
#7696 = ORIENTED_EDGE('',*,*,#7580,.F.);
#7697 = PLANE('',#7698);
#7698 = AXIS2_PLACEMENT_3D('',#7699,#7700,#7701);
#7699 = CARTESIAN_POINT('',(-0.4,-4.,8.));
#7700 = DIRECTION('',(0.,0.,-1.));
#7701 = DIRECTION('',(1.,0.,0.));
#7702 = ADVANCED_FACE('',(#7703),#7721,.F.);
#7703 = FACE_BOUND('',#7704,.F.);
#7704 = EDGE_LOOP('',(#7705,#7706,#7714,#7720));
#7705 = ORIENTED_EDGE('',*,*,#7602,.F.);
#7706 = ORIENTED_EDGE('',*,*,#7707,.T.);
#7707 = EDGE_CURVE('',#7595,#7708,#7710,.T.);
#7708 = VERTEX_POINT('',#7709);
#7709 = CARTESIAN_POINT('',(0.75,-4.,8.));
#7710 = LINE('',#7711,#7712);
#7711 = CARTESIAN_POINT('',(-0.75,-4.,8.));
#7712 = VECTOR('',#7713,1.);
#7713 = DIRECTION('',(1.,0.,0.));
#7714 = ORIENTED_EDGE('',*,*,#7715,.T.);
#7715 = EDGE_CURVE('',#7708,#7621,#7716,.T.);
#7716 = LINE('',#7717,#7718);
#7717 = CARTESIAN_POINT('',(0.75,-4.,8.));
#7718 = VECTOR('',#7719,1.);
#7719 = DIRECTION('',(0.,0.,-1.));
#7720 = ORIENTED_EDGE('',*,*,#7628,.T.);
#7721 = PLANE('',#7722);
#7722 = AXIS2_PLACEMENT_3D('',#7723,#7724,#7725);
#7723 = CARTESIAN_POINT('',(0.,-4.,7.75));
#7724 = DIRECTION('',(0.,1.,0.));
#7725 = DIRECTION('',(0.,0.,1.));
#7726 = ADVANCED_FACE('',(#7727),#7745,.T.);
#7727 = FACE_BOUND('',#7728,.T.);
#7728 = EDGE_LOOP('',(#7729,#7737,#7738,#7739));
#7729 = ORIENTED_EDGE('',*,*,#7730,.T.);
#7730 = EDGE_CURVE('',#7731,#7708,#7733,.T.);
#7731 = VERTEX_POINT('',#7732);
#7732 = CARTESIAN_POINT('',(0.75,-3.,8.));
#7733 = LINE('',#7734,#7735);
#7734 = CARTESIAN_POINT('',(0.75,-3.,8.));
#7735 = VECTOR('',#7736,1.);
#7736 = DIRECTION('',(0.,-1.,2.2E-16));
#7737 = ORIENTED_EDGE('',*,*,#7715,.T.);
#7738 = ORIENTED_EDGE('',*,*,#7618,.F.);
#7739 = ORIENTED_EDGE('',*,*,#7740,.F.);
#7740 = EDGE_CURVE('',#7731,#7619,#7741,.T.);
#7741 = LINE('',#7742,#7743);
#7742 = CARTESIAN_POINT('',(0.75,-3.,8.));
#7743 = VECTOR('',#7744,1.);
#7744 = DIRECTION('',(0.,0.,-1.));
#7745 = PLANE('',#7746);
#7746 = AXIS2_PLACEMENT_3D('',#7747,#7748,#7749);
#7747 = CARTESIAN_POINT('',(0.75,-3.,8.));
#7748 = DIRECTION('',(1.,0.,0.));
#7749 = DIRECTION('',(0.,-2.2E-16,-1.));
#7750 = ADVANCED_FACE('',(#7751),#7776,.T.);
#7751 = FACE_BOUND('',#7752,.T.);
#7752 = EDGE_LOOP('',(#7753,#7754,#7762,#7770));
#7753 = ORIENTED_EDGE('',*,*,#7643,.T.);
#7754 = ORIENTED_EDGE('',*,*,#7755,.T.);
#7755 = EDGE_CURVE('',#7636,#7756,#7758,.T.);
#7756 = VERTEX_POINT('',#7757);
#7757 = CARTESIAN_POINT('',(-0.75,-4.,8.));
#7758 = LINE('',#7759,#7760);
#7759 = CARTESIAN_POINT('',(-0.75,-4.,7.5));
#7760 = VECTOR('',#7761,1.);
#7761 = DIRECTION('',(0.,0.,1.));
#7762 = ORIENTED_EDGE('',*,*,#7763,.F.);
#7763 = EDGE_CURVE('',#7764,#7756,#7766,.T.);
#7764 = VERTEX_POINT('',#7765);
#7765 = CARTESIAN_POINT('',(-0.75,-3.,8.));
#7766 = LINE('',#7767,#7768);
#7767 = CARTESIAN_POINT('',(-0.75,-3.,8.));
#7768 = VECTOR('',#7769,1.);
#7769 = DIRECTION('',(0.,-1.,2.2E-16));
#7770 = ORIENTED_EDGE('',*,*,#7771,.F.);
#7771 = EDGE_CURVE('',#7644,#7764,#7772,.T.);
#7772 = LINE('',#7773,#7774);
#7773 = CARTESIAN_POINT('',(-0.75,-3.,7.5));
#7774 = VECTOR('',#7775,1.);
#7775 = DIRECTION('',(0.,0.,1.));
#7776 = PLANE('',#7777);
#7777 = AXIS2_PLACEMENT_3D('',#7778,#7779,#7780);
#7778 = CARTESIAN_POINT('',(-0.75,-3.,7.5));
#7779 = DIRECTION('',(-1.,0.,0.));
#7780 = DIRECTION('',(0.,2.2E-16,1.));
#7781 = ADVANCED_FACE('',(#7782,#7859),#7870,.T.);
#7782 = FACE_BOUND('',#7783,.T.);
#7783 = EDGE_LOOP('',(#7784,#7794,#7803,#7811,#7820,#7826,#7827,#7835,
    #7844,#7852));
#7784 = ORIENTED_EDGE('',*,*,#7785,.T.);
#7785 = EDGE_CURVE('',#7786,#7788,#7790,.T.);
#7786 = VERTEX_POINT('',#7787);
#7787 = CARTESIAN_POINT('',(-2.5,3.,7.5));
#7788 = VERTEX_POINT('',#7789);
#7789 = CARTESIAN_POINT('',(2.5,3.,7.5));
#7790 = LINE('',#7791,#7792);
#7791 = CARTESIAN_POINT('',(-2.9,3.,7.5));
#7792 = VECTOR('',#7793,1.);
#7793 = DIRECTION('',(1.,0.,0.));
#7794 = ORIENTED_EDGE('',*,*,#7795,.T.);
#7795 = EDGE_CURVE('',#7788,#7796,#7798,.T.);
#7796 = VERTEX_POINT('',#7797);
#7797 = CARTESIAN_POINT('',(2.9,2.6,7.5));
#7798 = CIRCLE('',#7799,0.4);
#7799 = AXIS2_PLACEMENT_3D('',#7800,#7801,#7802);
#7800 = CARTESIAN_POINT('',(2.5,2.6,7.5));
#7801 = DIRECTION('',(-0.,-0.,-1.));
#7802 = DIRECTION('',(0.,-1.,0.));
#7803 = ORIENTED_EDGE('',*,*,#7804,.T.);
#7804 = EDGE_CURVE('',#7796,#7805,#7807,.T.);
#7805 = VERTEX_POINT('',#7806);
#7806 = CARTESIAN_POINT('',(2.9,-2.6,7.5));
#7807 = LINE('',#7808,#7809);
#7808 = CARTESIAN_POINT('',(2.9,3.,7.5));
#7809 = VECTOR('',#7810,1.);
#7810 = DIRECTION('',(0.,-1.,0.));
#7811 = ORIENTED_EDGE('',*,*,#7812,.T.);
#7812 = EDGE_CURVE('',#7805,#7813,#7815,.T.);
#7813 = VERTEX_POINT('',#7814);
#7814 = CARTESIAN_POINT('',(2.5,-3.,7.5));
#7815 = CIRCLE('',#7816,0.4);
#7816 = AXIS2_PLACEMENT_3D('',#7817,#7818,#7819);
#7817 = CARTESIAN_POINT('',(2.5,-2.6,7.5));
#7818 = DIRECTION('',(-0.,-0.,-1.));
#7819 = DIRECTION('',(0.,-1.,0.));
#7820 = ORIENTED_EDGE('',*,*,#7821,.T.);
#7821 = EDGE_CURVE('',#7813,#7619,#7822,.T.);
#7822 = LINE('',#7823,#7824);
#7823 = CARTESIAN_POINT('',(2.9,-3.,7.5));
#7824 = VECTOR('',#7825,1.);
#7825 = DIRECTION('',(-1.,0.,0.));
#7826 = ORIENTED_EDGE('',*,*,#7651,.T.);
#7827 = ORIENTED_EDGE('',*,*,#7828,.T.);
#7828 = EDGE_CURVE('',#7644,#7829,#7831,.T.);
#7829 = VERTEX_POINT('',#7830);
#7830 = CARTESIAN_POINT('',(-2.5,-3.,7.5));
#7831 = LINE('',#7832,#7833);
#7832 = CARTESIAN_POINT('',(2.9,-3.,7.5));
#7833 = VECTOR('',#7834,1.);
#7834 = DIRECTION('',(-1.,0.,0.));
#7835 = ORIENTED_EDGE('',*,*,#7836,.T.);
#7836 = EDGE_CURVE('',#7829,#7837,#7839,.T.);
#7837 = VERTEX_POINT('',#7838);
#7838 = CARTESIAN_POINT('',(-2.9,-2.6,7.5));
#7839 = CIRCLE('',#7840,0.4);
#7840 = AXIS2_PLACEMENT_3D('',#7841,#7842,#7843);
#7841 = CARTESIAN_POINT('',(-2.5,-2.6,7.5));
#7842 = DIRECTION('',(-0.,-0.,-1.));
#7843 = DIRECTION('',(0.,-1.,0.));
#7844 = ORIENTED_EDGE('',*,*,#7845,.T.);
#7845 = EDGE_CURVE('',#7837,#7846,#7848,.T.);
#7846 = VERTEX_POINT('',#7847);
#7847 = CARTESIAN_POINT('',(-2.9,2.6,7.5));
#7848 = LINE('',#7849,#7850);
#7849 = CARTESIAN_POINT('',(-2.9,-3.,7.5));
#7850 = VECTOR('',#7851,1.);
#7851 = DIRECTION('',(0.,1.,0.));
#7852 = ORIENTED_EDGE('',*,*,#7853,.F.);
#7853 = EDGE_CURVE('',#7786,#7846,#7854,.T.);
#7854 = CIRCLE('',#7855,0.4);
#7855 = AXIS2_PLACEMENT_3D('',#7856,#7857,#7858);
#7856 = CARTESIAN_POINT('',(-2.5,2.6,7.5));
#7857 = DIRECTION('',(-0.,0.,1.));
#7858 = DIRECTION('',(0.,-1.,0.));
#7859 = FACE_BOUND('',#7860,.T.);
#7860 = EDGE_LOOP('',(#7861));
#7861 = ORIENTED_EDGE('',*,*,#7862,.T.);
#7862 = EDGE_CURVE('',#7863,#7863,#7865,.T.);
#7863 = VERTEX_POINT('',#7864);
#7864 = CARTESIAN_POINT('',(1.8,0.,7.5));
#7865 = CIRCLE('',#7866,1.8);
#7866 = AXIS2_PLACEMENT_3D('',#7867,#7868,#7869);
#7867 = CARTESIAN_POINT('',(0.,0.,7.5));
#7868 = DIRECTION('',(0.,0.,1.));
#7869 = DIRECTION('',(1.,0.,0.));
#7870 = PLANE('',#7871);
#7871 = AXIS2_PLACEMENT_3D('',#7872,#7873,#7874);
#7872 = CARTESIAN_POINT('',(0.,0.,7.5));
#7873 = DIRECTION('',(-0.,-0.,-1.));
#7874 = DIRECTION('',(-1.,0.,0.));
#7875 = ADVANCED_FACE('',(#7876),#7887,.F.);
#7876 = FACE_BOUND('',#7877,.F.);
#7877 = EDGE_LOOP('',(#7878,#7879,#7885,#7886));
#7878 = ORIENTED_EDGE('',*,*,#7755,.T.);
#7879 = ORIENTED_EDGE('',*,*,#7880,.T.);
#7880 = EDGE_CURVE('',#7756,#7667,#7881,.T.);
#7881 = LINE('',#7882,#7883);
#7882 = CARTESIAN_POINT('',(-0.75,-4.,8.));
#7883 = VECTOR('',#7884,1.);
#7884 = DIRECTION('',(1.,0.,0.));
#7885 = ORIENTED_EDGE('',*,*,#7666,.F.);
#7886 = ORIENTED_EDGE('',*,*,#7635,.T.);
#7887 = PLANE('',#7888);
#7888 = AXIS2_PLACEMENT_3D('',#7889,#7890,#7891);
#7889 = CARTESIAN_POINT('',(0.,-4.,7.75));
#7890 = DIRECTION('',(0.,1.,0.));
#7891 = DIRECTION('',(0.,0.,1.));
#7892 = ADVANCED_FACE('',(#7893),#7906,.T.);
#7893 = FACE_BOUND('',#7894,.T.);
#7894 = EDGE_LOOP('',(#7895,#7896,#7897,#7898,#7899,#7900));
#7895 = ORIENTED_EDGE('',*,*,#7763,.T.);
#7896 = ORIENTED_EDGE('',*,*,#7880,.T.);
#7897 = ORIENTED_EDGE('',*,*,#7690,.T.);
#7898 = ORIENTED_EDGE('',*,*,#7707,.T.);
#7899 = ORIENTED_EDGE('',*,*,#7730,.F.);
#7900 = ORIENTED_EDGE('',*,*,#7901,.F.);
#7901 = EDGE_CURVE('',#7764,#7731,#7902,.T.);
#7902 = LINE('',#7903,#7904);
#7903 = CARTESIAN_POINT('',(-0.75,-3.,8.));
#7904 = VECTOR('',#7905,1.);
#7905 = DIRECTION('',(1.,0.,0.));
#7906 = PLANE('',#7907);
#7907 = AXIS2_PLACEMENT_3D('',#7908,#7909,#7910);
#7908 = CARTESIAN_POINT('',(-0.75,-3.,8.));
#7909 = DIRECTION('',(0.,2.2E-16,1.));
#7910 = DIRECTION('',(1.,0.,0.));
#7911 = ADVANCED_FACE('',(#7912),#7930,.T.);
#7912 = FACE_BOUND('',#7913,.T.);
#7913 = EDGE_LOOP('',(#7914,#7915,#7923,#7929));
#7914 = ORIENTED_EDGE('',*,*,#7821,.F.);
#7915 = ORIENTED_EDGE('',*,*,#7916,.T.);
#7916 = EDGE_CURVE('',#7813,#7917,#7919,.T.);
#7917 = VERTEX_POINT('',#7918);
#7918 = CARTESIAN_POINT('',(2.5,-3.,8.));
#7919 = LINE('',#7920,#7921);
#7920 = CARTESIAN_POINT('',(2.5,-3.,7.5));
#7921 = VECTOR('',#7922,1.);
#7922 = DIRECTION('',(0.,0.,1.));
#7923 = ORIENTED_EDGE('',*,*,#7924,.T.);
#7924 = EDGE_CURVE('',#7917,#7731,#7925,.T.);
#7925 = LINE('',#7926,#7927);
#7926 = CARTESIAN_POINT('',(2.9,-3.,8.));
#7927 = VECTOR('',#7928,1.);
#7928 = DIRECTION('',(-1.,0.,0.));
#7929 = ORIENTED_EDGE('',*,*,#7740,.T.);
#7930 = PLANE('',#7931);
#7931 = AXIS2_PLACEMENT_3D('',#7932,#7933,#7934);
#7932 = CARTESIAN_POINT('',(2.9,-3.,7.5));
#7933 = DIRECTION('',(0.,-1.,0.));
#7934 = DIRECTION('',(-1.,0.,0.));
#7935 = ADVANCED_FACE('',(#7936),#7954,.T.);
#7936 = FACE_BOUND('',#7937,.T.);
#7937 = EDGE_LOOP('',(#7938,#7939,#7940,#7948));
#7938 = ORIENTED_EDGE('',*,*,#7828,.F.);
#7939 = ORIENTED_EDGE('',*,*,#7771,.T.);
#7940 = ORIENTED_EDGE('',*,*,#7941,.T.);
#7941 = EDGE_CURVE('',#7764,#7942,#7944,.T.);
#7942 = VERTEX_POINT('',#7943);
#7943 = CARTESIAN_POINT('',(-2.5,-3.,8.));
#7944 = LINE('',#7945,#7946);
#7945 = CARTESIAN_POINT('',(2.9,-3.,8.));
#7946 = VECTOR('',#7947,1.);
#7947 = DIRECTION('',(-1.,0.,0.));
#7948 = ORIENTED_EDGE('',*,*,#7949,.F.);
#7949 = EDGE_CURVE('',#7829,#7942,#7950,.T.);
#7950 = LINE('',#7951,#7952);
#7951 = CARTESIAN_POINT('',(-2.5,-3.,7.5));
#7952 = VECTOR('',#7953,1.);
#7953 = DIRECTION('',(0.,0.,1.));
#7954 = PLANE('',#7955);
#7955 = AXIS2_PLACEMENT_3D('',#7956,#7957,#7958);
#7956 = CARTESIAN_POINT('',(2.9,-3.,7.5));
#7957 = DIRECTION('',(0.,-1.,0.));
#7958 = DIRECTION('',(-1.,0.,0.));
#7959 = ADVANCED_FACE('',(#7960),#7985,.T.);
#7960 = FACE_BOUND('',#7961,.T.);
#7961 = EDGE_LOOP('',(#7962,#7963,#7971,#7979));
#7962 = ORIENTED_EDGE('',*,*,#7785,.F.);
#7963 = ORIENTED_EDGE('',*,*,#7964,.T.);
#7964 = EDGE_CURVE('',#7786,#7965,#7967,.T.);
#7965 = VERTEX_POINT('',#7966);
#7966 = CARTESIAN_POINT('',(-2.5,3.,8.));
#7967 = LINE('',#7968,#7969);
#7968 = CARTESIAN_POINT('',(-2.5,3.,7.5));
#7969 = VECTOR('',#7970,1.);
#7970 = DIRECTION('',(0.,0.,1.));
#7971 = ORIENTED_EDGE('',*,*,#7972,.T.);
#7972 = EDGE_CURVE('',#7965,#7973,#7975,.T.);
#7973 = VERTEX_POINT('',#7974);
#7974 = CARTESIAN_POINT('',(2.5,3.,8.));
#7975 = LINE('',#7976,#7977);
#7976 = CARTESIAN_POINT('',(-2.9,3.,8.));
#7977 = VECTOR('',#7978,1.);
#7978 = DIRECTION('',(1.,0.,0.));
#7979 = ORIENTED_EDGE('',*,*,#7980,.F.);
#7980 = EDGE_CURVE('',#7788,#7973,#7981,.T.);
#7981 = LINE('',#7982,#7983);
#7982 = CARTESIAN_POINT('',(2.5,3.,7.5));
#7983 = VECTOR('',#7984,1.);
#7984 = DIRECTION('',(0.,0.,1.));
#7985 = PLANE('',#7986);
#7986 = AXIS2_PLACEMENT_3D('',#7987,#7988,#7989);
#7987 = CARTESIAN_POINT('',(-2.9,3.,7.5));
#7988 = DIRECTION('',(0.,1.,0.));
#7989 = DIRECTION('',(1.,0.,0.));
#7990 = ADVANCED_FACE('',(#7991),#8010,.T.);
#7991 = FACE_BOUND('',#7992,.T.);
#7992 = EDGE_LOOP('',(#7993,#7994,#8002,#8009));
#7993 = ORIENTED_EDGE('',*,*,#7853,.T.);
#7994 = ORIENTED_EDGE('',*,*,#7995,.T.);
#7995 = EDGE_CURVE('',#7846,#7996,#7998,.T.);
#7996 = VERTEX_POINT('',#7997);
#7997 = CARTESIAN_POINT('',(-2.9,2.6,8.));
#7998 = LINE('',#7999,#8000);
#7999 = CARTESIAN_POINT('',(-2.9,2.6,7.5));
#8000 = VECTOR('',#8001,1.);
#8001 = DIRECTION('',(0.,0.,1.));
#8002 = ORIENTED_EDGE('',*,*,#8003,.F.);
#8003 = EDGE_CURVE('',#7965,#7996,#8004,.T.);
#8004 = CIRCLE('',#8005,0.4);
#8005 = AXIS2_PLACEMENT_3D('',#8006,#8007,#8008);
#8006 = CARTESIAN_POINT('',(-2.5,2.6,8.));
#8007 = DIRECTION('',(-0.,0.,1.));
#8008 = DIRECTION('',(0.,-1.,0.));
#8009 = ORIENTED_EDGE('',*,*,#7964,.F.);
#8010 = CYLINDRICAL_SURFACE('',#8011,0.4);
#8011 = AXIS2_PLACEMENT_3D('',#8012,#8013,#8014);
#8012 = CARTESIAN_POINT('',(-2.5,2.6,7.5));
#8013 = DIRECTION('',(0.,0.,1.));
#8014 = DIRECTION('',(0.,1.,0.));
#8015 = ADVANCED_FACE('',(#8016),#8035,.T.);
#8016 = FACE_BOUND('',#8017,.F.);
#8017 = EDGE_LOOP('',(#8018,#8019,#8027,#8034));
#8018 = ORIENTED_EDGE('',*,*,#7795,.T.);
#8019 = ORIENTED_EDGE('',*,*,#8020,.T.);
#8020 = EDGE_CURVE('',#7796,#8021,#8023,.T.);
#8021 = VERTEX_POINT('',#8022);
#8022 = CARTESIAN_POINT('',(2.9,2.6,8.));
#8023 = LINE('',#8024,#8025);
#8024 = CARTESIAN_POINT('',(2.9,2.6,7.5));
#8025 = VECTOR('',#8026,1.);
#8026 = DIRECTION('',(0.,0.,1.));
#8027 = ORIENTED_EDGE('',*,*,#8028,.F.);
#8028 = EDGE_CURVE('',#7973,#8021,#8029,.T.);
#8029 = CIRCLE('',#8030,0.4);
#8030 = AXIS2_PLACEMENT_3D('',#8031,#8032,#8033);
#8031 = CARTESIAN_POINT('',(2.5,2.6,8.));
#8032 = DIRECTION('',(-0.,-0.,-1.));
#8033 = DIRECTION('',(0.,-1.,0.));
#8034 = ORIENTED_EDGE('',*,*,#7980,.F.);
#8035 = CYLINDRICAL_SURFACE('',#8036,0.4);
#8036 = AXIS2_PLACEMENT_3D('',#8037,#8038,#8039);
#8037 = CARTESIAN_POINT('',(2.5,2.6,7.5));
#8038 = DIRECTION('',(0.,0.,1.));
#8039 = DIRECTION('',(0.,1.,0.));
#8040 = ADVANCED_FACE('',(#8041),#8059,.T.);
#8041 = FACE_BOUND('',#8042,.T.);
#8042 = EDGE_LOOP('',(#8043,#8044,#8052,#8058));
#8043 = ORIENTED_EDGE('',*,*,#7845,.F.);
#8044 = ORIENTED_EDGE('',*,*,#8045,.T.);
#8045 = EDGE_CURVE('',#7837,#8046,#8048,.T.);
#8046 = VERTEX_POINT('',#8047);
#8047 = CARTESIAN_POINT('',(-2.9,-2.6,8.));
#8048 = LINE('',#8049,#8050);
#8049 = CARTESIAN_POINT('',(-2.9,-2.6,7.5));
#8050 = VECTOR('',#8051,1.);
#8051 = DIRECTION('',(0.,0.,1.));
#8052 = ORIENTED_EDGE('',*,*,#8053,.T.);
#8053 = EDGE_CURVE('',#8046,#7996,#8054,.T.);
#8054 = LINE('',#8055,#8056);
#8055 = CARTESIAN_POINT('',(-2.9,-3.,8.));
#8056 = VECTOR('',#8057,1.);
#8057 = DIRECTION('',(0.,1.,0.));
#8058 = ORIENTED_EDGE('',*,*,#7995,.F.);
#8059 = PLANE('',#8060);
#8060 = AXIS2_PLACEMENT_3D('',#8061,#8062,#8063);
#8061 = CARTESIAN_POINT('',(-2.9,-3.,7.5));
#8062 = DIRECTION('',(-1.,0.,0.));
#8063 = DIRECTION('',(0.,1.,0.));
#8064 = ADVANCED_FACE('',(#8065),#8083,.T.);
#8065 = FACE_BOUND('',#8066,.T.);
#8066 = EDGE_LOOP('',(#8067,#8068,#8069,#8077));
#8067 = ORIENTED_EDGE('',*,*,#7804,.F.);
#8068 = ORIENTED_EDGE('',*,*,#8020,.T.);
#8069 = ORIENTED_EDGE('',*,*,#8070,.T.);
#8070 = EDGE_CURVE('',#8021,#8071,#8073,.T.);
#8071 = VERTEX_POINT('',#8072);
#8072 = CARTESIAN_POINT('',(2.9,-2.6,8.));
#8073 = LINE('',#8074,#8075);
#8074 = CARTESIAN_POINT('',(2.9,3.,8.));
#8075 = VECTOR('',#8076,1.);
#8076 = DIRECTION('',(0.,-1.,0.));
#8077 = ORIENTED_EDGE('',*,*,#8078,.F.);
#8078 = EDGE_CURVE('',#7805,#8071,#8079,.T.);
#8079 = LINE('',#8080,#8081);
#8080 = CARTESIAN_POINT('',(2.9,-2.6,7.5));
#8081 = VECTOR('',#8082,1.);
#8082 = DIRECTION('',(0.,0.,1.));
#8083 = PLANE('',#8084);
#8084 = AXIS2_PLACEMENT_3D('',#8085,#8086,#8087);
#8085 = CARTESIAN_POINT('',(2.9,3.,7.5));
#8086 = DIRECTION('',(1.,0.,0.));
#8087 = DIRECTION('',(0.,-1.,0.));
#8088 = ADVANCED_FACE('',(#8089),#8101,.T.);
#8089 = FACE_BOUND('',#8090,.F.);
#8090 = EDGE_LOOP('',(#8091,#8092,#8093,#8100));
#8091 = ORIENTED_EDGE('',*,*,#7836,.T.);
#8092 = ORIENTED_EDGE('',*,*,#8045,.T.);
#8093 = ORIENTED_EDGE('',*,*,#8094,.F.);
#8094 = EDGE_CURVE('',#7942,#8046,#8095,.T.);
#8095 = CIRCLE('',#8096,0.4);
#8096 = AXIS2_PLACEMENT_3D('',#8097,#8098,#8099);
#8097 = CARTESIAN_POINT('',(-2.5,-2.6,8.));
#8098 = DIRECTION('',(-0.,-0.,-1.));
#8099 = DIRECTION('',(0.,-1.,0.));
#8100 = ORIENTED_EDGE('',*,*,#7949,.F.);
#8101 = CYLINDRICAL_SURFACE('',#8102,0.4);
#8102 = AXIS2_PLACEMENT_3D('',#8103,#8104,#8105);
#8103 = CARTESIAN_POINT('',(-2.5,-2.6,7.5));
#8104 = DIRECTION('',(0.,0.,1.));
#8105 = DIRECTION('',(0.,-1.,0.));
#8106 = ADVANCED_FACE('',(#8107),#8119,.T.);
#8107 = FACE_BOUND('',#8108,.F.);
#8108 = EDGE_LOOP('',(#8109,#8110,#8111,#8118));
#8109 = ORIENTED_EDGE('',*,*,#7812,.T.);
#8110 = ORIENTED_EDGE('',*,*,#7916,.T.);
#8111 = ORIENTED_EDGE('',*,*,#8112,.F.);
#8112 = EDGE_CURVE('',#8071,#7917,#8113,.T.);
#8113 = CIRCLE('',#8114,0.4);
#8114 = AXIS2_PLACEMENT_3D('',#8115,#8116,#8117);
#8115 = CARTESIAN_POINT('',(2.5,-2.6,8.));
#8116 = DIRECTION('',(-0.,-0.,-1.));
#8117 = DIRECTION('',(0.,-1.,0.));
#8118 = ORIENTED_EDGE('',*,*,#8078,.F.);
#8119 = CYLINDRICAL_SURFACE('',#8120,0.4);
#8120 = AXIS2_PLACEMENT_3D('',#8121,#8122,#8123);
#8121 = CARTESIAN_POINT('',(2.5,-2.6,7.5));
#8122 = DIRECTION('',(0.,0.,1.));
#8123 = DIRECTION('',(1.,0.,0.));
#8124 = ADVANCED_FACE('',(#8125),#8144,.F.);
#8125 = FACE_BOUND('',#8126,.F.);
#8126 = EDGE_LOOP('',(#8127,#8136,#8142,#8143));
#8127 = ORIENTED_EDGE('',*,*,#8128,.F.);
#8128 = EDGE_CURVE('',#8129,#8129,#8131,.T.);
#8129 = VERTEX_POINT('',#8130);
#8130 = CARTESIAN_POINT('',(1.8,0.,8.));
#8131 = CIRCLE('',#8132,1.8);
#8132 = AXIS2_PLACEMENT_3D('',#8133,#8134,#8135);
#8133 = CARTESIAN_POINT('',(0.,0.,8.));
#8134 = DIRECTION('',(0.,0.,1.));
#8135 = DIRECTION('',(1.,0.,0.));
#8136 = ORIENTED_EDGE('',*,*,#8137,.T.);
#8137 = EDGE_CURVE('',#8129,#7863,#8138,.T.);
#8138 = LINE('',#8139,#8140);
#8139 = CARTESIAN_POINT('',(1.8,0.,8.));
#8140 = VECTOR('',#8141,1.);
#8141 = DIRECTION('',(-0.,-0.,-1.));
#8142 = ORIENTED_EDGE('',*,*,#7862,.T.);
#8143 = ORIENTED_EDGE('',*,*,#8137,.F.);
#8144 = CYLINDRICAL_SURFACE('',#8145,1.8);
#8145 = AXIS2_PLACEMENT_3D('',#8146,#8147,#8148);
#8146 = CARTESIAN_POINT('',(0.,0.,8.));
#8147 = DIRECTION('',(0.,0.,1.));
#8148 = DIRECTION('',(1.,0.,0.));
#8149 = ADVANCED_FACE('',(#8150,#8162),#8165,.F.);
#8150 = FACE_BOUND('',#8151,.F.);
#8151 = EDGE_LOOP('',(#8152,#8153,#8154,#8155,#8156,#8157,#8158,#8159,
    #8160,#8161));
#8152 = ORIENTED_EDGE('',*,*,#7972,.T.);
#8153 = ORIENTED_EDGE('',*,*,#8028,.T.);
#8154 = ORIENTED_EDGE('',*,*,#8070,.T.);
#8155 = ORIENTED_EDGE('',*,*,#8112,.T.);
#8156 = ORIENTED_EDGE('',*,*,#7924,.T.);
#8157 = ORIENTED_EDGE('',*,*,#7901,.F.);
#8158 = ORIENTED_EDGE('',*,*,#7941,.T.);
#8159 = ORIENTED_EDGE('',*,*,#8094,.T.);
#8160 = ORIENTED_EDGE('',*,*,#8053,.T.);
#8161 = ORIENTED_EDGE('',*,*,#8003,.F.);
#8162 = FACE_BOUND('',#8163,.F.);
#8163 = EDGE_LOOP('',(#8164));
#8164 = ORIENTED_EDGE('',*,*,#8128,.T.);
#8165 = PLANE('',#8166);
#8166 = AXIS2_PLACEMENT_3D('',#8167,#8168,#8169);
#8167 = CARTESIAN_POINT('',(0.,0.,8.));
#8168 = DIRECTION('',(-0.,-0.,-1.));
#8169 = DIRECTION('',(-1.,0.,0.));
#8170 = ( GEOMETRIC_REPRESENTATION_CONTEXT(3) 
GLOBAL_UNCERTAINTY_ASSIGNED_CONTEXT((#8174)) 
GLOBAL_UNIT_ASSIGNED_CONTEXT((#8171,#8172,#8173)) REPRESENTATION_CONTEXT
('Context #1','3D Context with UNIT and UNCERTAINTY') );
#8171 = ( LENGTH_UNIT() NAMED_UNIT(*) SI_UNIT(.MILLI.,.METRE.) );
#8172 = ( NAMED_UNIT(*) PLANE_ANGLE_UNIT() SI_UNIT($,.RADIAN.) );
#8173 = ( NAMED_UNIT(*) SI_UNIT($,.STERADIAN.) SOLID_ANGLE_UNIT() );
#8174 = UNCERTAINTY_MEASURE_WITH_UNIT(LENGTH_MEASURE(1.E-07),#8171,
  'distance_accuracy_value','confusion accuracy');
#8175 = PRODUCT_RELATED_PRODUCT_CATEGORY('part',$,(#7247));
#8176 = SHAPE_DEFINITION_REPRESENTATION(#8177,#8183);
#8177 = PRODUCT_DEFINITION_SHAPE('','',#8178);
#8178 = PRODUCT_DEFINITION('design','',#8179,#8182);
#8179 = PRODUCT_DEFINITION_FORMATION('','',#8180);
#8180 = PRODUCT('Body','Body','',(#8181));
#8181 = PRODUCT_CONTEXT('',#2,'mechanical');
#8182 = PRODUCT_DEFINITION_CONTEXT('part definition',#2,'design');
#8183 = ADVANCED_BREP_SHAPE_REPRESENTATION('',(#11,#8184),#10201);
#8184 = MANIFOLD_SOLID_BREP('',#8185);
#8185 = CLOSED_SHELL('',(#8186,#8390,#8437,#8461,#8493,#8563,#8588,#8612
    ,#8637,#8693,#8718,#8742,#8760,#8799,#8823,#8863,#8935,#8959,#9006,
    #9046,#9070,#9103,#9120,#9144,#9223,#9404,#9421,#9433,#9452,#9469,
    #9486,#9503,#9517,#9534,#9731,#9748,#9765,#9777,#9794,#9820,#9837,
    #9854,#9871,#9888,#9905,#9922,#9939,#9956,#9973,#9985,#10002,#10019,
    #10036,#10053,#10079,#10110,#10127,#10139,#10156,#10174,#10190));
#8186 = ADVANCED_FACE('',(#8187),#8385,.F.);
#8187 = FACE_BOUND('',#8188,.F.);
#8188 = EDGE_LOOP('',(#8189,#8199,#8207,#8215,#8223,#8231,#8239,#8247,
    #8255,#8263,#8271,#8279,#8287,#8295,#8303,#8312,#8320,#8329,#8337,
    #8346,#8354,#8363,#8371,#8379));
#8189 = ORIENTED_EDGE('',*,*,#8190,.F.);
#8190 = EDGE_CURVE('',#8191,#8193,#8195,.T.);
#8191 = VERTEX_POINT('',#8192);
#8192 = CARTESIAN_POINT('',(-3.,-4.5,9.));
#8193 = VERTEX_POINT('',#8194);
#8194 = CARTESIAN_POINT('',(-3.,-3.5,9.));
#8195 = LINE('',#8196,#8197);
#8196 = CARTESIAN_POINT('',(-3.,-4.5,9.));
#8197 = VECTOR('',#8198,1.);
#8198 = DIRECTION('',(0.,1.,-2.2E-16));
#8199 = ORIENTED_EDGE('',*,*,#8200,.T.);
#8200 = EDGE_CURVE('',#8191,#8201,#8203,.T.);
#8201 = VERTEX_POINT('',#8202);
#8202 = CARTESIAN_POINT('',(-4.5,-4.5,9.));
#8203 = LINE('',#8204,#8205);
#8204 = CARTESIAN_POINT('',(4.5,-4.5,9.));
#8205 = VECTOR('',#8206,1.);
#8206 = DIRECTION('',(-1.,0.,0.));
#8207 = ORIENTED_EDGE('',*,*,#8208,.T.);
#8208 = EDGE_CURVE('',#8201,#8209,#8211,.T.);
#8209 = VERTEX_POINT('',#8210);
#8210 = CARTESIAN_POINT('',(-4.5,6.,9.));
#8211 = LINE('',#8212,#8213);
#8212 = CARTESIAN_POINT('',(-4.5,-4.5,9.));
#8213 = VECTOR('',#8214,1.);
#8214 = DIRECTION('',(0.,1.,0.));
#8215 = ORIENTED_EDGE('',*,*,#8216,.T.);
#8216 = EDGE_CURVE('',#8209,#8217,#8219,.T.);
#8217 = VERTEX_POINT('',#8218);
#8218 = CARTESIAN_POINT('',(-1.,6.,9.));
#8219 = LINE('',#8220,#8221);
#8220 = CARTESIAN_POINT('',(-4.5,6.,9.));
#8221 = VECTOR('',#8222,1.);
#8222 = DIRECTION('',(1.,0.,0.));
#8223 = ORIENTED_EDGE('',*,*,#8224,.T.);
#8224 = EDGE_CURVE('',#8217,#8225,#8227,.T.);
#8225 = VERTEX_POINT('',#8226);
#8226 = CARTESIAN_POINT('',(-1.,4.5,9.));
#8227 = LINE('',#8228,#8229);
#8228 = CARTESIAN_POINT('',(-1.,6.,9.));
#8229 = VECTOR('',#8230,1.);
#8230 = DIRECTION('',(0.,-1.,2.2E-16));
#8231 = ORIENTED_EDGE('',*,*,#8232,.F.);
#8232 = EDGE_CURVE('',#8233,#8225,#8235,.T.);
#8233 = VERTEX_POINT('',#8234);
#8234 = CARTESIAN_POINT('',(1.,4.5,9.));
#8235 = LINE('',#8236,#8237);
#8236 = CARTESIAN_POINT('',(1.,4.5,9.));
#8237 = VECTOR('',#8238,1.);
#8238 = DIRECTION('',(-1.,0.,0.));
#8239 = ORIENTED_EDGE('',*,*,#8240,.F.);
#8240 = EDGE_CURVE('',#8241,#8233,#8243,.T.);
#8241 = VERTEX_POINT('',#8242);
#8242 = CARTESIAN_POINT('',(1.,6.,9.));
#8243 = LINE('',#8244,#8245);
#8244 = CARTESIAN_POINT('',(1.,6.,9.));
#8245 = VECTOR('',#8246,1.);
#8246 = DIRECTION('',(0.,-1.,2.2E-16));
#8247 = ORIENTED_EDGE('',*,*,#8248,.T.);
#8248 = EDGE_CURVE('',#8241,#8249,#8251,.T.);
#8249 = VERTEX_POINT('',#8250);
#8250 = CARTESIAN_POINT('',(4.5,6.,9.));
#8251 = LINE('',#8252,#8253);
#8252 = CARTESIAN_POINT('',(-4.5,6.,9.));
#8253 = VECTOR('',#8254,1.);
#8254 = DIRECTION('',(1.,0.,0.));
#8255 = ORIENTED_EDGE('',*,*,#8256,.T.);
#8256 = EDGE_CURVE('',#8249,#8257,#8259,.T.);
#8257 = VERTEX_POINT('',#8258);
#8258 = CARTESIAN_POINT('',(4.5,-4.5,9.));
#8259 = LINE('',#8260,#8261);
#8260 = CARTESIAN_POINT('',(4.5,6.,9.));
#8261 = VECTOR('',#8262,1.);
#8262 = DIRECTION('',(0.,-1.,0.));
#8263 = ORIENTED_EDGE('',*,*,#8264,.T.);
#8264 = EDGE_CURVE('',#8257,#8265,#8267,.T.);
#8265 = VERTEX_POINT('',#8266);
#8266 = CARTESIAN_POINT('',(3.,-4.5,9.));
#8267 = LINE('',#8268,#8269);
#8268 = CARTESIAN_POINT('',(4.5,-4.5,9.));
#8269 = VECTOR('',#8270,1.);
#8270 = DIRECTION('',(-1.,0.,0.));
#8271 = ORIENTED_EDGE('',*,*,#8272,.T.);
#8272 = EDGE_CURVE('',#8265,#8273,#8275,.T.);
#8273 = VERTEX_POINT('',#8274);
#8274 = CARTESIAN_POINT('',(3.,-3.5,9.));
#8275 = LINE('',#8276,#8277);
#8276 = CARTESIAN_POINT('',(3.,-4.5,9.));
#8277 = VECTOR('',#8278,1.);
#8278 = DIRECTION('',(0.,1.,-2.2E-16));
#8279 = ORIENTED_EDGE('',*,*,#8280,.T.);
#8280 = EDGE_CURVE('',#8273,#8281,#8283,.T.);
#8281 = VERTEX_POINT('',#8282);
#8282 = CARTESIAN_POINT('',(1.,-3.5,9.));
#8283 = LINE('',#8284,#8285);
#8284 = CARTESIAN_POINT('',(3.,-3.5,9.));
#8285 = VECTOR('',#8286,1.);
#8286 = DIRECTION('',(-1.,0.,0.));
#8287 = ORIENTED_EDGE('',*,*,#8288,.T.);
#8288 = EDGE_CURVE('',#8281,#8289,#8291,.T.);
#8289 = VERTEX_POINT('',#8290);
#8290 = CARTESIAN_POINT('',(1.,-3.,9.));
#8291 = LINE('',#8292,#8293);
#8292 = CARTESIAN_POINT('',(1.,-3.5,9.));
#8293 = VECTOR('',#8294,1.);
#8294 = DIRECTION('',(0.,1.,-2.2E-16));
#8295 = ORIENTED_EDGE('',*,*,#8296,.F.);
#8296 = EDGE_CURVE('',#8297,#8289,#8299,.T.);
#8297 = VERTEX_POINT('',#8298);
#8298 = CARTESIAN_POINT('',(3.8,-3.,9.));
#8299 = LINE('',#8300,#8301);
#8300 = CARTESIAN_POINT('',(4.,-3.,9.));
#8301 = VECTOR('',#8302,1.);
#8302 = DIRECTION('',(-1.,0.,0.));
#8303 = ORIENTED_EDGE('',*,*,#8304,.F.);
#8304 = EDGE_CURVE('',#8305,#8297,#8307,.T.);
#8305 = VERTEX_POINT('',#8306);
#8306 = CARTESIAN_POINT('',(4.,-2.8,9.));
#8307 = CIRCLE('',#8308,0.2);
#8308 = AXIS2_PLACEMENT_3D('',#8309,#8310,#8311);
#8309 = CARTESIAN_POINT('',(3.8,-2.8,9.));
#8310 = DIRECTION('',(-0.,-0.,-1.));
#8311 = DIRECTION('',(0.,-1.,0.));
#8312 = ORIENTED_EDGE('',*,*,#8313,.F.);
#8313 = EDGE_CURVE('',#8314,#8305,#8316,.T.);
#8314 = VERTEX_POINT('',#8315);
#8315 = CARTESIAN_POINT('',(4.,2.8,9.));
#8316 = LINE('',#8317,#8318);
#8317 = CARTESIAN_POINT('',(4.,3.,9.));
#8318 = VECTOR('',#8319,1.);
#8319 = DIRECTION('',(0.,-1.,0.));
#8320 = ORIENTED_EDGE('',*,*,#8321,.F.);
#8321 = EDGE_CURVE('',#8322,#8314,#8324,.T.);
#8322 = VERTEX_POINT('',#8323);
#8323 = CARTESIAN_POINT('',(3.8,3.,9.));
#8324 = CIRCLE('',#8325,0.2);
#8325 = AXIS2_PLACEMENT_3D('',#8326,#8327,#8328);
#8326 = CARTESIAN_POINT('',(3.8,2.8,9.));
#8327 = DIRECTION('',(-0.,-0.,-1.));
#8328 = DIRECTION('',(0.,-1.,0.));
#8329 = ORIENTED_EDGE('',*,*,#8330,.F.);
#8330 = EDGE_CURVE('',#8331,#8322,#8333,.T.);
#8331 = VERTEX_POINT('',#8332);
#8332 = CARTESIAN_POINT('',(-3.8,3.,9.));
#8333 = LINE('',#8334,#8335);
#8334 = CARTESIAN_POINT('',(-4.,3.,9.));
#8335 = VECTOR('',#8336,1.);
#8336 = DIRECTION('',(1.,0.,0.));
#8337 = ORIENTED_EDGE('',*,*,#8338,.T.);
#8338 = EDGE_CURVE('',#8331,#8339,#8341,.T.);
#8339 = VERTEX_POINT('',#8340);
#8340 = CARTESIAN_POINT('',(-4.,2.8,9.));
#8341 = CIRCLE('',#8342,0.2);
#8342 = AXIS2_PLACEMENT_3D('',#8343,#8344,#8345);
#8343 = CARTESIAN_POINT('',(-3.8,2.8,9.));
#8344 = DIRECTION('',(-0.,0.,1.));
#8345 = DIRECTION('',(0.,-1.,0.));
#8346 = ORIENTED_EDGE('',*,*,#8347,.F.);
#8347 = EDGE_CURVE('',#8348,#8339,#8350,.T.);
#8348 = VERTEX_POINT('',#8349);
#8349 = CARTESIAN_POINT('',(-4.,-2.8,9.));
#8350 = LINE('',#8351,#8352);
#8351 = CARTESIAN_POINT('',(-4.,-3.,9.));
#8352 = VECTOR('',#8353,1.);
#8353 = DIRECTION('',(0.,1.,0.));
#8354 = ORIENTED_EDGE('',*,*,#8355,.F.);
#8355 = EDGE_CURVE('',#8356,#8348,#8358,.T.);
#8356 = VERTEX_POINT('',#8357);
#8357 = CARTESIAN_POINT('',(-3.8,-3.,9.));
#8358 = CIRCLE('',#8359,0.2);
#8359 = AXIS2_PLACEMENT_3D('',#8360,#8361,#8362);
#8360 = CARTESIAN_POINT('',(-3.8,-2.8,9.));
#8361 = DIRECTION('',(-0.,-0.,-1.));
#8362 = DIRECTION('',(0.,-1.,0.));
#8363 = ORIENTED_EDGE('',*,*,#8364,.F.);
#8364 = EDGE_CURVE('',#8365,#8356,#8367,.T.);
#8365 = VERTEX_POINT('',#8366);
#8366 = CARTESIAN_POINT('',(-1.,-3.,9.));
#8367 = LINE('',#8368,#8369);
#8368 = CARTESIAN_POINT('',(4.,-3.,9.));
#8369 = VECTOR('',#8370,1.);
#8370 = DIRECTION('',(-1.,0.,0.));
#8371 = ORIENTED_EDGE('',*,*,#8372,.F.);
#8372 = EDGE_CURVE('',#8373,#8365,#8375,.T.);
#8373 = VERTEX_POINT('',#8374);
#8374 = CARTESIAN_POINT('',(-1.,-3.5,9.));
#8375 = LINE('',#8376,#8377);
#8376 = CARTESIAN_POINT('',(-1.,-3.5,9.));
#8377 = VECTOR('',#8378,1.);
#8378 = DIRECTION('',(0.,1.,-2.2E-16));
#8379 = ORIENTED_EDGE('',*,*,#8380,.T.);
#8380 = EDGE_CURVE('',#8373,#8193,#8381,.T.);
#8381 = LINE('',#8382,#8383);
#8382 = CARTESIAN_POINT('',(3.,-3.5,9.));
#8383 = VECTOR('',#8384,1.);
#8384 = DIRECTION('',(-1.,0.,0.));
#8385 = PLANE('',#8386);
#8386 = AXIS2_PLACEMENT_3D('',#8387,#8388,#8389);
#8387 = CARTESIAN_POINT('',(0.,0.75,9.));
#8388 = DIRECTION('',(-0.,-0.,-1.));
#8389 = DIRECTION('',(-1.,0.,0.));
#8390 = ADVANCED_FACE('',(#8391),#8432,.F.);
#8391 = FACE_BOUND('',#8392,.F.);
#8392 = EDGE_LOOP('',(#8393,#8401,#8402,#8410,#8418,#8426));
#8393 = ORIENTED_EDGE('',*,*,#8394,.F.);
#8394 = EDGE_CURVE('',#8191,#8395,#8397,.T.);
#8395 = VERTEX_POINT('',#8396);
#8396 = CARTESIAN_POINT('',(-3.,-4.5,6.));
#8397 = LINE('',#8398,#8399);
#8398 = CARTESIAN_POINT('',(-3.,-4.5,9.));
#8399 = VECTOR('',#8400,1.);
#8400 = DIRECTION('',(0.,0.,-1.));
#8401 = ORIENTED_EDGE('',*,*,#8190,.T.);
#8402 = ORIENTED_EDGE('',*,*,#8403,.T.);
#8403 = EDGE_CURVE('',#8193,#8404,#8406,.T.);
#8404 = VERTEX_POINT('',#8405);
#8405 = CARTESIAN_POINT('',(-3.,-3.5,8.));
#8406 = LINE('',#8407,#8408);
#8407 = CARTESIAN_POINT('',(-3.,-3.5,9.));
#8408 = VECTOR('',#8409,1.);
#8409 = DIRECTION('',(0.,0.,-1.));
#8410 = ORIENTED_EDGE('',*,*,#8411,.F.);
#8411 = EDGE_CURVE('',#8412,#8404,#8414,.T.);
#8412 = VERTEX_POINT('',#8413);
#8413 = CARTESIAN_POINT('',(-3.,-3.63,8.));
#8414 = LINE('',#8415,#8416);
#8415 = CARTESIAN_POINT('',(-3.,-1.840369458128,8.));
#8416 = VECTOR('',#8417,1.);
#8417 = DIRECTION('',(0.,1.,0.));
#8418 = ORIENTED_EDGE('',*,*,#8419,.T.);
#8419 = EDGE_CURVE('',#8412,#8420,#8422,.T.);
#8420 = VERTEX_POINT('',#8421);
#8421 = CARTESIAN_POINT('',(-3.,-3.63,6.));
#8422 = LINE('',#8423,#8424);
#8423 = CARTESIAN_POINT('',(-3.,-3.63,4.5));
#8424 = VECTOR('',#8425,1.);
#8425 = DIRECTION('',(0.,0.,-1.));
#8426 = ORIENTED_EDGE('',*,*,#8427,.F.);
#8427 = EDGE_CURVE('',#8395,#8420,#8428,.T.);
#8428 = LINE('',#8429,#8430);
#8429 = CARTESIAN_POINT('',(-3.,-4.5,6.));
#8430 = VECTOR('',#8431,1.);
#8431 = DIRECTION('',(0.,1.,-2.2E-16));
#8432 = PLANE('',#8433);
#8433 = AXIS2_PLACEMENT_3D('',#8434,#8435,#8436);
#8434 = CARTESIAN_POINT('',(-3.,-4.5,9.));
#8435 = DIRECTION('',(-1.,0.,0.));
#8436 = DIRECTION('',(-0.,-2.2E-16,-1.));
#8437 = ADVANCED_FACE('',(#8438),#8456,.T.);
#8438 = FACE_BOUND('',#8439,.T.);
#8439 = EDGE_LOOP('',(#8440,#8448,#8449,#8450));
#8440 = ORIENTED_EDGE('',*,*,#8441,.T.);
#8441 = EDGE_CURVE('',#8442,#8373,#8444,.T.);
#8442 = VERTEX_POINT('',#8443);
#8443 = CARTESIAN_POINT('',(-1.,-3.5,8.));
#8444 = LINE('',#8445,#8446);
#8445 = CARTESIAN_POINT('',(-1.,-3.5,8.));
#8446 = VECTOR('',#8447,1.);
#8447 = DIRECTION('',(0.,0.,1.));
#8448 = ORIENTED_EDGE('',*,*,#8380,.T.);
#8449 = ORIENTED_EDGE('',*,*,#8403,.T.);
#8450 = ORIENTED_EDGE('',*,*,#8451,.F.);
#8451 = EDGE_CURVE('',#8442,#8404,#8452,.T.);
#8452 = LINE('',#8453,#8454);
#8453 = CARTESIAN_POINT('',(0.,-3.5,8.));
#8454 = VECTOR('',#8455,1.);
#8455 = DIRECTION('',(-1.,0.,0.));
#8456 = PLANE('',#8457);
#8457 = AXIS2_PLACEMENT_3D('',#8458,#8459,#8460);
#8458 = CARTESIAN_POINT('',(0.,-3.5,6.684782608696));
#8459 = DIRECTION('',(0.,-1.,1.3E-16));
#8460 = DIRECTION('',(0.,-1.3E-16,-1.));
#8461 = ADVANCED_FACE('',(#8462),#8488,.T.);
#8462 = FACE_BOUND('',#8463,.T.);
#8463 = EDGE_LOOP('',(#8464,#8472,#8480,#8486,#8487));
#8464 = ORIENTED_EDGE('',*,*,#8465,.T.);
#8465 = EDGE_CURVE('',#8442,#8466,#8468,.T.);
#8466 = VERTEX_POINT('',#8467);
#8467 = CARTESIAN_POINT('',(-1.,-2.75,8.));
#8468 = LINE('',#8469,#8470);
#8469 = CARTESIAN_POINT('',(-1.,-3.5,8.));
#8470 = VECTOR('',#8471,1.);
#8471 = DIRECTION('',(0.,1.,-2.2E-16));
#8472 = ORIENTED_EDGE('',*,*,#8473,.T.);
#8473 = EDGE_CURVE('',#8466,#8474,#8476,.T.);
#8474 = VERTEX_POINT('',#8475);
#8475 = CARTESIAN_POINT('',(-1.,-2.75,9.));
#8476 = LINE('',#8477,#8478);
#8477 = CARTESIAN_POINT('',(-1.,-2.75,8.));
#8478 = VECTOR('',#8479,1.);
#8479 = DIRECTION('',(0.,0.,1.));
#8480 = ORIENTED_EDGE('',*,*,#8481,.F.);
#8481 = EDGE_CURVE('',#8365,#8474,#8482,.T.);
#8482 = LINE('',#8483,#8484);
#8483 = CARTESIAN_POINT('',(-1.,-3.5,9.));
#8484 = VECTOR('',#8485,1.);
#8485 = DIRECTION('',(0.,1.,-2.2E-16));
#8486 = ORIENTED_EDGE('',*,*,#8372,.F.);
#8487 = ORIENTED_EDGE('',*,*,#8441,.F.);
#8488 = PLANE('',#8489);
#8489 = AXIS2_PLACEMENT_3D('',#8490,#8491,#8492);
#8490 = CARTESIAN_POINT('',(-1.,-3.5,8.));
#8491 = DIRECTION('',(1.,0.,0.));
#8492 = DIRECTION('',(0.,2.2E-16,1.));
#8493 = ADVANCED_FACE('',(#8494),#8558,.T.);
#8494 = FACE_BOUND('',#8495,.T.);
#8495 = EDGE_LOOP('',(#8496,#8497,#8505,#8513,#8521,#8529,#8537,#8545,
    #8551,#8552));
#8496 = ORIENTED_EDGE('',*,*,#8296,.F.);
#8497 = ORIENTED_EDGE('',*,*,#8498,.T.);
#8498 = EDGE_CURVE('',#8297,#8499,#8501,.T.);
#8499 = VERTEX_POINT('',#8500);
#8500 = CARTESIAN_POINT('',(3.8,-3.,10.));
#8501 = LINE('',#8502,#8503);
#8502 = CARTESIAN_POINT('',(3.8,-3.,9.));
#8503 = VECTOR('',#8504,1.);
#8504 = DIRECTION('',(0.,0.,1.));
#8505 = ORIENTED_EDGE('',*,*,#8506,.T.);
#8506 = EDGE_CURVE('',#8499,#8507,#8509,.T.);
#8507 = VERTEX_POINT('',#8508);
#8508 = CARTESIAN_POINT('',(3.,-3.,10.));
#8509 = LINE('',#8510,#8511);
#8510 = CARTESIAN_POINT('',(4.,-3.,10.));
#8511 = VECTOR('',#8512,1.);
#8512 = DIRECTION('',(-1.,0.,0.));
#8513 = ORIENTED_EDGE('',*,*,#8514,.T.);
#8514 = EDGE_CURVE('',#8507,#8515,#8517,.T.);
#8515 = VERTEX_POINT('',#8516);
#8516 = CARTESIAN_POINT('',(3.,-3.,9.5));
#8517 = LINE('',#8518,#8519);
#8518 = CARTESIAN_POINT('',(3.,-3.,10.));
#8519 = VECTOR('',#8520,1.);
#8520 = DIRECTION('',(-0.,-0.,-1.));
#8521 = ORIENTED_EDGE('',*,*,#8522,.T.);
#8522 = EDGE_CURVE('',#8515,#8523,#8525,.T.);
#8523 = VERTEX_POINT('',#8524);
#8524 = CARTESIAN_POINT('',(-3.,-3.,9.5));
#8525 = LINE('',#8526,#8527);
#8526 = CARTESIAN_POINT('',(3.,-3.,9.5));
#8527 = VECTOR('',#8528,1.);
#8528 = DIRECTION('',(-1.,0.,0.));
#8529 = ORIENTED_EDGE('',*,*,#8530,.F.);
#8530 = EDGE_CURVE('',#8531,#8523,#8533,.T.);
#8531 = VERTEX_POINT('',#8532);
#8532 = CARTESIAN_POINT('',(-3.,-3.,10.));
#8533 = LINE('',#8534,#8535);
#8534 = CARTESIAN_POINT('',(-3.,-3.,10.));
#8535 = VECTOR('',#8536,1.);
#8536 = DIRECTION('',(-0.,-0.,-1.));
#8537 = ORIENTED_EDGE('',*,*,#8538,.T.);
#8538 = EDGE_CURVE('',#8531,#8539,#8541,.T.);
#8539 = VERTEX_POINT('',#8540);
#8540 = CARTESIAN_POINT('',(-3.8,-3.,10.));
#8541 = LINE('',#8542,#8543);
#8542 = CARTESIAN_POINT('',(4.,-3.,10.));
#8543 = VECTOR('',#8544,1.);
#8544 = DIRECTION('',(-1.,0.,0.));
#8545 = ORIENTED_EDGE('',*,*,#8546,.F.);
#8546 = EDGE_CURVE('',#8356,#8539,#8547,.T.);
#8547 = LINE('',#8548,#8549);
#8548 = CARTESIAN_POINT('',(-3.8,-3.,9.));
#8549 = VECTOR('',#8550,1.);
#8550 = DIRECTION('',(0.,0.,1.));
#8551 = ORIENTED_EDGE('',*,*,#8364,.F.);
#8552 = ORIENTED_EDGE('',*,*,#8553,.F.);
#8553 = EDGE_CURVE('',#8289,#8365,#8554,.T.);
#8554 = LINE('',#8555,#8556);
#8555 = CARTESIAN_POINT('',(4.,-3.,9.));
#8556 = VECTOR('',#8557,1.);
#8557 = DIRECTION('',(-1.,0.,0.));
#8558 = PLANE('',#8559);
#8559 = AXIS2_PLACEMENT_3D('',#8560,#8561,#8562);
#8560 = CARTESIAN_POINT('',(4.,-3.,9.));
#8561 = DIRECTION('',(0.,-1.,0.));
#8562 = DIRECTION('',(-1.,0.,0.));
#8563 = ADVANCED_FACE('',(#8564),#8583,.T.);
#8564 = FACE_BOUND('',#8565,.F.);
#8565 = EDGE_LOOP('',(#8566,#8567,#8575,#8582));
#8566 = ORIENTED_EDGE('',*,*,#8355,.T.);
#8567 = ORIENTED_EDGE('',*,*,#8568,.T.);
#8568 = EDGE_CURVE('',#8348,#8569,#8571,.T.);
#8569 = VERTEX_POINT('',#8570);
#8570 = CARTESIAN_POINT('',(-4.,-2.8,10.));
#8571 = LINE('',#8572,#8573);
#8572 = CARTESIAN_POINT('',(-4.,-2.8,9.));
#8573 = VECTOR('',#8574,1.);
#8574 = DIRECTION('',(0.,0.,1.));
#8575 = ORIENTED_EDGE('',*,*,#8576,.F.);
#8576 = EDGE_CURVE('',#8539,#8569,#8577,.T.);
#8577 = CIRCLE('',#8578,0.2);
#8578 = AXIS2_PLACEMENT_3D('',#8579,#8580,#8581);
#8579 = CARTESIAN_POINT('',(-3.8,-2.8,10.));
#8580 = DIRECTION('',(-0.,-0.,-1.));
#8581 = DIRECTION('',(0.,-1.,0.));
#8582 = ORIENTED_EDGE('',*,*,#8546,.F.);
#8583 = CYLINDRICAL_SURFACE('',#8584,0.2);
#8584 = AXIS2_PLACEMENT_3D('',#8585,#8586,#8587);
#8585 = CARTESIAN_POINT('',(-3.8,-2.8,9.));
#8586 = DIRECTION('',(0.,0.,1.));
#8587 = DIRECTION('',(0.,-1.,0.));
#8588 = ADVANCED_FACE('',(#8589),#8607,.T.);
#8589 = FACE_BOUND('',#8590,.T.);
#8590 = EDGE_LOOP('',(#8591,#8592,#8593,#8601));
#8591 = ORIENTED_EDGE('',*,*,#8347,.F.);
#8592 = ORIENTED_EDGE('',*,*,#8568,.T.);
#8593 = ORIENTED_EDGE('',*,*,#8594,.T.);
#8594 = EDGE_CURVE('',#8569,#8595,#8597,.T.);
#8595 = VERTEX_POINT('',#8596);
#8596 = CARTESIAN_POINT('',(-4.,2.8,10.));
#8597 = LINE('',#8598,#8599);
#8598 = CARTESIAN_POINT('',(-4.,-3.,10.));
#8599 = VECTOR('',#8600,1.);
#8600 = DIRECTION('',(0.,1.,0.));
#8601 = ORIENTED_EDGE('',*,*,#8602,.F.);
#8602 = EDGE_CURVE('',#8339,#8595,#8603,.T.);
#8603 = LINE('',#8604,#8605);
#8604 = CARTESIAN_POINT('',(-4.,2.8,9.));
#8605 = VECTOR('',#8606,1.);
#8606 = DIRECTION('',(0.,0.,1.));
#8607 = PLANE('',#8608);
#8608 = AXIS2_PLACEMENT_3D('',#8609,#8610,#8611);
#8609 = CARTESIAN_POINT('',(-4.,-3.,9.));
#8610 = DIRECTION('',(-1.,0.,0.));
#8611 = DIRECTION('',(0.,1.,0.));
#8612 = ADVANCED_FACE('',(#8613),#8632,.T.);
#8613 = FACE_BOUND('',#8614,.T.);
#8614 = EDGE_LOOP('',(#8615,#8616,#8617,#8626));
#8615 = ORIENTED_EDGE('',*,*,#8338,.T.);
#8616 = ORIENTED_EDGE('',*,*,#8602,.T.);
#8617 = ORIENTED_EDGE('',*,*,#8618,.F.);
#8618 = EDGE_CURVE('',#8619,#8595,#8621,.T.);
#8619 = VERTEX_POINT('',#8620);
#8620 = CARTESIAN_POINT('',(-3.8,3.,10.));
#8621 = CIRCLE('',#8622,0.2);
#8622 = AXIS2_PLACEMENT_3D('',#8623,#8624,#8625);
#8623 = CARTESIAN_POINT('',(-3.8,2.8,10.));
#8624 = DIRECTION('',(-0.,0.,1.));
#8625 = DIRECTION('',(0.,-1.,0.));
#8626 = ORIENTED_EDGE('',*,*,#8627,.F.);
#8627 = EDGE_CURVE('',#8331,#8619,#8628,.T.);
#8628 = LINE('',#8629,#8630);
#8629 = CARTESIAN_POINT('',(-3.8,3.,9.));
#8630 = VECTOR('',#8631,1.);
#8631 = DIRECTION('',(0.,0.,1.));
#8632 = CYLINDRICAL_SURFACE('',#8633,0.2);
#8633 = AXIS2_PLACEMENT_3D('',#8634,#8635,#8636);
#8634 = CARTESIAN_POINT('',(-3.8,2.8,9.));
#8635 = DIRECTION('',(0.,0.,1.));
#8636 = DIRECTION('',(0.,1.,0.));
#8637 = ADVANCED_FACE('',(#8638),#8688,.T.);
#8638 = FACE_BOUND('',#8639,.T.);
#8639 = EDGE_LOOP('',(#8640,#8641,#8642,#8650,#8658,#8666,#8674,#8682));
#8640 = ORIENTED_EDGE('',*,*,#8330,.F.);
#8641 = ORIENTED_EDGE('',*,*,#8627,.T.);
#8642 = ORIENTED_EDGE('',*,*,#8643,.T.);
#8643 = EDGE_CURVE('',#8619,#8644,#8646,.T.);
#8644 = VERTEX_POINT('',#8645);
#8645 = CARTESIAN_POINT('',(-3.,3.,10.));
#8646 = LINE('',#8647,#8648);
#8647 = CARTESIAN_POINT('',(-4.,3.,10.));
#8648 = VECTOR('',#8649,1.);
#8649 = DIRECTION('',(1.,0.,0.));
#8650 = ORIENTED_EDGE('',*,*,#8651,.T.);
#8651 = EDGE_CURVE('',#8644,#8652,#8654,.T.);
#8652 = VERTEX_POINT('',#8653);
#8653 = CARTESIAN_POINT('',(-3.,3.,9.5));
#8654 = LINE('',#8655,#8656);
#8655 = CARTESIAN_POINT('',(-3.,3.,10.));
#8656 = VECTOR('',#8657,1.);
#8657 = DIRECTION('',(-0.,-0.,-1.));
#8658 = ORIENTED_EDGE('',*,*,#8659,.T.);
#8659 = EDGE_CURVE('',#8652,#8660,#8662,.T.);
#8660 = VERTEX_POINT('',#8661);
#8661 = CARTESIAN_POINT('',(3.,3.,9.5));
#8662 = LINE('',#8663,#8664);
#8663 = CARTESIAN_POINT('',(-3.,3.,9.5));
#8664 = VECTOR('',#8665,1.);
#8665 = DIRECTION('',(1.,0.,0.));
#8666 = ORIENTED_EDGE('',*,*,#8667,.F.);
#8667 = EDGE_CURVE('',#8668,#8660,#8670,.T.);
#8668 = VERTEX_POINT('',#8669);
#8669 = CARTESIAN_POINT('',(3.,3.,10.));
#8670 = LINE('',#8671,#8672);
#8671 = CARTESIAN_POINT('',(3.,3.,10.));
#8672 = VECTOR('',#8673,1.);
#8673 = DIRECTION('',(-0.,-0.,-1.));
#8674 = ORIENTED_EDGE('',*,*,#8675,.T.);
#8675 = EDGE_CURVE('',#8668,#8676,#8678,.T.);
#8676 = VERTEX_POINT('',#8677);
#8677 = CARTESIAN_POINT('',(3.8,3.,10.));
#8678 = LINE('',#8679,#8680);
#8679 = CARTESIAN_POINT('',(-4.,3.,10.));
#8680 = VECTOR('',#8681,1.);
#8681 = DIRECTION('',(1.,0.,0.));
#8682 = ORIENTED_EDGE('',*,*,#8683,.F.);
#8683 = EDGE_CURVE('',#8322,#8676,#8684,.T.);
#8684 = LINE('',#8685,#8686);
#8685 = CARTESIAN_POINT('',(3.8,3.,9.));
#8686 = VECTOR('',#8687,1.);
#8687 = DIRECTION('',(0.,0.,1.));
#8688 = PLANE('',#8689);
#8689 = AXIS2_PLACEMENT_3D('',#8690,#8691,#8692);
#8690 = CARTESIAN_POINT('',(-4.,3.,9.));
#8691 = DIRECTION('',(0.,1.,0.));
#8692 = DIRECTION('',(1.,0.,0.));
#8693 = ADVANCED_FACE('',(#8694),#8713,.T.);
#8694 = FACE_BOUND('',#8695,.F.);
#8695 = EDGE_LOOP('',(#8696,#8697,#8705,#8712));
#8696 = ORIENTED_EDGE('',*,*,#8321,.T.);
#8697 = ORIENTED_EDGE('',*,*,#8698,.T.);
#8698 = EDGE_CURVE('',#8314,#8699,#8701,.T.);
#8699 = VERTEX_POINT('',#8700);
#8700 = CARTESIAN_POINT('',(4.,2.8,10.));
#8701 = LINE('',#8702,#8703);
#8702 = CARTESIAN_POINT('',(4.,2.8,9.));
#8703 = VECTOR('',#8704,1.);
#8704 = DIRECTION('',(0.,0.,1.));
#8705 = ORIENTED_EDGE('',*,*,#8706,.F.);
#8706 = EDGE_CURVE('',#8676,#8699,#8707,.T.);
#8707 = CIRCLE('',#8708,0.2);
#8708 = AXIS2_PLACEMENT_3D('',#8709,#8710,#8711);
#8709 = CARTESIAN_POINT('',(3.8,2.8,10.));
#8710 = DIRECTION('',(-0.,-0.,-1.));
#8711 = DIRECTION('',(0.,-1.,0.));
#8712 = ORIENTED_EDGE('',*,*,#8683,.F.);
#8713 = CYLINDRICAL_SURFACE('',#8714,0.2);
#8714 = AXIS2_PLACEMENT_3D('',#8715,#8716,#8717);
#8715 = CARTESIAN_POINT('',(3.8,2.8,9.));
#8716 = DIRECTION('',(0.,0.,1.));
#8717 = DIRECTION('',(0.,1.,0.));
#8718 = ADVANCED_FACE('',(#8719),#8737,.T.);
#8719 = FACE_BOUND('',#8720,.T.);
#8720 = EDGE_LOOP('',(#8721,#8722,#8723,#8731));
#8721 = ORIENTED_EDGE('',*,*,#8313,.F.);
#8722 = ORIENTED_EDGE('',*,*,#8698,.T.);
#8723 = ORIENTED_EDGE('',*,*,#8724,.T.);
#8724 = EDGE_CURVE('',#8699,#8725,#8727,.T.);
#8725 = VERTEX_POINT('',#8726);
#8726 = CARTESIAN_POINT('',(4.,-2.8,10.));
#8727 = LINE('',#8728,#8729);
#8728 = CARTESIAN_POINT('',(4.,3.,10.));
#8729 = VECTOR('',#8730,1.);
#8730 = DIRECTION('',(0.,-1.,0.));
#8731 = ORIENTED_EDGE('',*,*,#8732,.F.);
#8732 = EDGE_CURVE('',#8305,#8725,#8733,.T.);
#8733 = LINE('',#8734,#8735);
#8734 = CARTESIAN_POINT('',(4.,-2.8,9.));
#8735 = VECTOR('',#8736,1.);
#8736 = DIRECTION('',(0.,0.,1.));
#8737 = PLANE('',#8738);
#8738 = AXIS2_PLACEMENT_3D('',#8739,#8740,#8741);
#8739 = CARTESIAN_POINT('',(4.,3.,9.));
#8740 = DIRECTION('',(1.,0.,0.));
#8741 = DIRECTION('',(0.,-1.,0.));
#8742 = ADVANCED_FACE('',(#8743),#8755,.T.);
#8743 = FACE_BOUND('',#8744,.F.);
#8744 = EDGE_LOOP('',(#8745,#8746,#8747,#8754));
#8745 = ORIENTED_EDGE('',*,*,#8304,.T.);
#8746 = ORIENTED_EDGE('',*,*,#8498,.T.);
#8747 = ORIENTED_EDGE('',*,*,#8748,.F.);
#8748 = EDGE_CURVE('',#8725,#8499,#8749,.T.);
#8749 = CIRCLE('',#8750,0.2);
#8750 = AXIS2_PLACEMENT_3D('',#8751,#8752,#8753);
#8751 = CARTESIAN_POINT('',(3.8,-2.8,10.));
#8752 = DIRECTION('',(-0.,-0.,-1.));
#8753 = DIRECTION('',(0.,-1.,0.));
#8754 = ORIENTED_EDGE('',*,*,#8732,.F.);
#8755 = CYLINDRICAL_SURFACE('',#8756,0.2);
#8756 = AXIS2_PLACEMENT_3D('',#8757,#8758,#8759);
#8757 = CARTESIAN_POINT('',(3.8,-2.8,9.));
#8758 = DIRECTION('',(0.,0.,1.));
#8759 = DIRECTION('',(1.,0.,0.));
#8760 = ADVANCED_FACE('',(#8761),#8794,.T.);
#8761 = FACE_BOUND('',#8762,.T.);
#8762 = EDGE_LOOP('',(#8763,#8764,#8772,#8780,#8788));
#8763 = ORIENTED_EDGE('',*,*,#8288,.T.);
#8764 = ORIENTED_EDGE('',*,*,#8765,.T.);
#8765 = EDGE_CURVE('',#8289,#8766,#8768,.T.);
#8766 = VERTEX_POINT('',#8767);
#8767 = CARTESIAN_POINT('',(1.,-2.75,9.));
#8768 = LINE('',#8769,#8770);
#8769 = CARTESIAN_POINT('',(1.,-3.5,9.));
#8770 = VECTOR('',#8771,1.);
#8771 = DIRECTION('',(0.,1.,-2.2E-16));
#8772 = ORIENTED_EDGE('',*,*,#8773,.T.);
#8773 = EDGE_CURVE('',#8766,#8774,#8776,.T.);
#8774 = VERTEX_POINT('',#8775);
#8775 = CARTESIAN_POINT('',(1.,-2.75,8.));
#8776 = LINE('',#8777,#8778);
#8777 = CARTESIAN_POINT('',(1.,-2.75,9.));
#8778 = VECTOR('',#8779,1.);
#8779 = DIRECTION('',(0.,0.,-1.));
#8780 = ORIENTED_EDGE('',*,*,#8781,.F.);
#8781 = EDGE_CURVE('',#8782,#8774,#8784,.T.);
#8782 = VERTEX_POINT('',#8783);
#8783 = CARTESIAN_POINT('',(1.,-3.5,8.));
#8784 = LINE('',#8785,#8786);
#8785 = CARTESIAN_POINT('',(1.,-3.5,8.));
#8786 = VECTOR('',#8787,1.);
#8787 = DIRECTION('',(0.,1.,-2.2E-16));
#8788 = ORIENTED_EDGE('',*,*,#8789,.F.);
#8789 = EDGE_CURVE('',#8281,#8782,#8790,.T.);
#8790 = LINE('',#8791,#8792);
#8791 = CARTESIAN_POINT('',(1.,-3.5,9.));
#8792 = VECTOR('',#8793,1.);
#8793 = DIRECTION('',(0.,0.,-1.));
#8794 = PLANE('',#8795);
#8795 = AXIS2_PLACEMENT_3D('',#8796,#8797,#8798);
#8796 = CARTESIAN_POINT('',(1.,-3.5,9.));
#8797 = DIRECTION('',(-1.,0.,0.));
#8798 = DIRECTION('',(0.,-2.2E-16,-1.));
#8799 = ADVANCED_FACE('',(#8800),#8818,.T.);
#8800 = FACE_BOUND('',#8801,.T.);
#8801 = EDGE_LOOP('',(#8802,#8810,#8811,#8812));
#8802 = ORIENTED_EDGE('',*,*,#8803,.T.);
#8803 = EDGE_CURVE('',#8804,#8273,#8806,.T.);
#8804 = VERTEX_POINT('',#8805);
#8805 = CARTESIAN_POINT('',(3.,-3.5,8.));
#8806 = LINE('',#8807,#8808);
#8807 = CARTESIAN_POINT('',(3.,-3.5,6.));
#8808 = VECTOR('',#8809,1.);
#8809 = DIRECTION('',(0.,0.,1.));
#8810 = ORIENTED_EDGE('',*,*,#8280,.T.);
#8811 = ORIENTED_EDGE('',*,*,#8789,.T.);
#8812 = ORIENTED_EDGE('',*,*,#8813,.F.);
#8813 = EDGE_CURVE('',#8804,#8782,#8814,.T.);
#8814 = LINE('',#8815,#8816);
#8815 = CARTESIAN_POINT('',(0.,-3.5,8.));
#8816 = VECTOR('',#8817,1.);
#8817 = DIRECTION('',(-1.,0.,0.));
#8818 = PLANE('',#8819);
#8819 = AXIS2_PLACEMENT_3D('',#8820,#8821,#8822);
#8820 = CARTESIAN_POINT('',(0.,-3.5,6.684782608696));
#8821 = DIRECTION('',(0.,-1.,1.3E-16));
#8822 = DIRECTION('',(0.,-1.3E-16,-1.));
#8823 = ADVANCED_FACE('',(#8824),#8858,.F.);
#8824 = FACE_BOUND('',#8825,.F.);
#8825 = EDGE_LOOP('',(#8826,#8834,#8842,#8850,#8856,#8857));
#8826 = ORIENTED_EDGE('',*,*,#8827,.F.);
#8827 = EDGE_CURVE('',#8828,#8265,#8830,.T.);
#8828 = VERTEX_POINT('',#8829);
#8829 = CARTESIAN_POINT('',(3.,-4.5,6.));
#8830 = LINE('',#8831,#8832);
#8831 = CARTESIAN_POINT('',(3.,-4.5,6.));
#8832 = VECTOR('',#8833,1.);
#8833 = DIRECTION('',(0.,0.,1.));
#8834 = ORIENTED_EDGE('',*,*,#8835,.T.);
#8835 = EDGE_CURVE('',#8828,#8836,#8838,.T.);
#8836 = VERTEX_POINT('',#8837);
#8837 = CARTESIAN_POINT('',(3.,-3.63,6.));
#8838 = LINE('',#8839,#8840);
#8839 = CARTESIAN_POINT('',(3.,-4.5,6.));
#8840 = VECTOR('',#8841,1.);
#8841 = DIRECTION('',(0.,1.,-2.2E-16));
#8842 = ORIENTED_EDGE('',*,*,#8843,.T.);
#8843 = EDGE_CURVE('',#8836,#8844,#8846,.T.);
#8844 = VERTEX_POINT('',#8845);
#8845 = CARTESIAN_POINT('',(3.,-3.63,8.));
#8846 = LINE('',#8847,#8848);
#8847 = CARTESIAN_POINT('',(3.,-3.63,3.));
#8848 = VECTOR('',#8849,1.);
#8849 = DIRECTION('',(0.,0.,1.));
#8850 = ORIENTED_EDGE('',*,*,#8851,.F.);
#8851 = EDGE_CURVE('',#8804,#8844,#8852,.T.);
#8852 = LINE('',#8853,#8854);
#8853 = CARTESIAN_POINT('',(3.,-1.840369458128,8.));
#8854 = VECTOR('',#8855,1.);
#8855 = DIRECTION('',(0.,-1.,0.));
#8856 = ORIENTED_EDGE('',*,*,#8803,.T.);
#8857 = ORIENTED_EDGE('',*,*,#8272,.F.);
#8858 = PLANE('',#8859);
#8859 = AXIS2_PLACEMENT_3D('',#8860,#8861,#8862);
#8860 = CARTESIAN_POINT('',(3.,-4.5,6.));
#8861 = DIRECTION('',(1.,0.,0.));
#8862 = DIRECTION('',(0.,2.2E-16,1.));
#8863 = ADVANCED_FACE('',(#8864),#8930,.T.);
#8864 = FACE_BOUND('',#8865,.T.);
#8865 = EDGE_LOOP('',(#8866,#8876,#8882,#8883,#8884,#8892,#8900,#8908,
    #8916,#8922,#8923,#8924));
#8866 = ORIENTED_EDGE('',*,*,#8867,.F.);
#8867 = EDGE_CURVE('',#8868,#8870,#8872,.T.);
#8868 = VERTEX_POINT('',#8869);
#8869 = CARTESIAN_POINT('',(4.5,-4.5,0.));
#8870 = VERTEX_POINT('',#8871);
#8871 = CARTESIAN_POINT('',(-4.5,-4.5,0.));
#8872 = LINE('',#8873,#8874);
#8873 = CARTESIAN_POINT('',(4.5,-4.5,0.));
#8874 = VECTOR('',#8875,1.);
#8875 = DIRECTION('',(-1.,0.,0.));
#8876 = ORIENTED_EDGE('',*,*,#8877,.T.);
#8877 = EDGE_CURVE('',#8868,#8257,#8878,.T.);
#8878 = LINE('',#8879,#8880);
#8879 = CARTESIAN_POINT('',(4.5,-4.5,0.));
#8880 = VECTOR('',#8881,1.);
#8881 = DIRECTION('',(0.,0.,1.));
#8882 = ORIENTED_EDGE('',*,*,#8264,.T.);
#8883 = ORIENTED_EDGE('',*,*,#8827,.F.);
#8884 = ORIENTED_EDGE('',*,*,#8885,.F.);
#8885 = EDGE_CURVE('',#8886,#8828,#8888,.T.);
#8886 = VERTEX_POINT('',#8887);
#8887 = CARTESIAN_POINT('',(1.,-4.5,6.));
#8888 = LINE('',#8889,#8890);
#8889 = CARTESIAN_POINT('',(1.,-4.5,6.));
#8890 = VECTOR('',#8891,1.);
#8891 = DIRECTION('',(1.,0.,0.));
#8892 = ORIENTED_EDGE('',*,*,#8893,.F.);
#8893 = EDGE_CURVE('',#8894,#8886,#8896,.T.);
#8894 = VERTEX_POINT('',#8895);
#8895 = CARTESIAN_POINT('',(1.,-4.5,3.5));
#8896 = LINE('',#8897,#8898);
#8897 = CARTESIAN_POINT('',(1.,-4.5,3.5));
#8898 = VECTOR('',#8899,1.);
#8899 = DIRECTION('',(0.,0.,1.));
#8900 = ORIENTED_EDGE('',*,*,#8901,.F.);
#8901 = EDGE_CURVE('',#8902,#8894,#8904,.T.);
#8902 = VERTEX_POINT('',#8903);
#8903 = CARTESIAN_POINT('',(-1.,-4.5,3.5));
#8904 = LINE('',#8905,#8906);
#8905 = CARTESIAN_POINT('',(-1.,-4.5,3.5));
#8906 = VECTOR('',#8907,1.);
#8907 = DIRECTION('',(1.,0.,0.));
#8908 = ORIENTED_EDGE('',*,*,#8909,.F.);
#8909 = EDGE_CURVE('',#8910,#8902,#8912,.T.);
#8910 = VERTEX_POINT('',#8911);
#8911 = CARTESIAN_POINT('',(-1.,-4.5,6.));
#8912 = LINE('',#8913,#8914);
#8913 = CARTESIAN_POINT('',(-1.,-4.5,6.));
#8914 = VECTOR('',#8915,1.);
#8915 = DIRECTION('',(0.,0.,-1.));
#8916 = ORIENTED_EDGE('',*,*,#8917,.F.);
#8917 = EDGE_CURVE('',#8395,#8910,#8918,.T.);
#8918 = LINE('',#8919,#8920);
#8919 = CARTESIAN_POINT('',(-3.,-4.5,6.));
#8920 = VECTOR('',#8921,1.);
#8921 = DIRECTION('',(1.,0.,0.));
#8922 = ORIENTED_EDGE('',*,*,#8394,.F.);
#8923 = ORIENTED_EDGE('',*,*,#8200,.T.);
#8924 = ORIENTED_EDGE('',*,*,#8925,.F.);
#8925 = EDGE_CURVE('',#8870,#8201,#8926,.T.);
#8926 = LINE('',#8927,#8928);
#8927 = CARTESIAN_POINT('',(-4.5,-4.5,0.));
#8928 = VECTOR('',#8929,1.);
#8929 = DIRECTION('',(0.,0.,1.));
#8930 = PLANE('',#8931);
#8931 = AXIS2_PLACEMENT_3D('',#8932,#8933,#8934);
#8932 = CARTESIAN_POINT('',(4.5,-4.5,0.));
#8933 = DIRECTION('',(0.,-1.,0.));
#8934 = DIRECTION('',(-1.,0.,0.));
#8935 = ADVANCED_FACE('',(#8936),#8954,.T.);
#8936 = FACE_BOUND('',#8937,.T.);
#8937 = EDGE_LOOP('',(#8938,#8946,#8947,#8948));
#8938 = ORIENTED_EDGE('',*,*,#8939,.T.);
#8939 = EDGE_CURVE('',#8940,#8249,#8942,.T.);
#8940 = VERTEX_POINT('',#8941);
#8941 = CARTESIAN_POINT('',(4.5,6.,0.));
#8942 = LINE('',#8943,#8944);
#8943 = CARTESIAN_POINT('',(4.5,6.,0.));
#8944 = VECTOR('',#8945,1.);
#8945 = DIRECTION('',(0.,0.,1.));
#8946 = ORIENTED_EDGE('',*,*,#8256,.T.);
#8947 = ORIENTED_EDGE('',*,*,#8877,.F.);
#8948 = ORIENTED_EDGE('',*,*,#8949,.F.);
#8949 = EDGE_CURVE('',#8940,#8868,#8950,.T.);
#8950 = LINE('',#8951,#8952);
#8951 = CARTESIAN_POINT('',(4.5,6.,0.));
#8952 = VECTOR('',#8953,1.);
#8953 = DIRECTION('',(0.,-1.,0.));
#8954 = PLANE('',#8955);
#8955 = AXIS2_PLACEMENT_3D('',#8956,#8957,#8958);
#8956 = CARTESIAN_POINT('',(4.5,6.,0.));
#8957 = DIRECTION('',(1.,0.,0.));
#8958 = DIRECTION('',(0.,-1.,0.));
#8959 = ADVANCED_FACE('',(#8960),#9001,.T.);
#8960 = FACE_BOUND('',#8961,.T.);
#8961 = EDGE_LOOP('',(#8962,#8970,#8976,#8977,#8985,#8993,#8999,#9000));
#8962 = ORIENTED_EDGE('',*,*,#8963,.F.);
#8963 = EDGE_CURVE('',#8964,#8940,#8966,.T.);
#8964 = VERTEX_POINT('',#8965);
#8965 = CARTESIAN_POINT('',(-4.5,6.,0.));
#8966 = LINE('',#8967,#8968);
#8967 = CARTESIAN_POINT('',(-4.5,6.,0.));
#8968 = VECTOR('',#8969,1.);
#8969 = DIRECTION('',(1.,0.,0.));
#8970 = ORIENTED_EDGE('',*,*,#8971,.T.);
#8971 = EDGE_CURVE('',#8964,#8209,#8972,.T.);
#8972 = LINE('',#8973,#8974);
#8973 = CARTESIAN_POINT('',(-4.5,6.,0.));
#8974 = VECTOR('',#8975,1.);
#8975 = DIRECTION('',(0.,0.,1.));
#8976 = ORIENTED_EDGE('',*,*,#8216,.T.);
#8977 = ORIENTED_EDGE('',*,*,#8978,.T.);
#8978 = EDGE_CURVE('',#8217,#8979,#8981,.T.);
#8979 = VERTEX_POINT('',#8980);
#8980 = CARTESIAN_POINT('',(-1.,6.,3.));
#8981 = LINE('',#8982,#8983);
#8982 = CARTESIAN_POINT('',(-1.,6.,9.));
#8983 = VECTOR('',#8984,1.);
#8984 = DIRECTION('',(0.,0.,-1.));
#8985 = ORIENTED_EDGE('',*,*,#8986,.T.);
#8986 = EDGE_CURVE('',#8979,#8987,#8989,.T.);
#8987 = VERTEX_POINT('',#8988);
#8988 = CARTESIAN_POINT('',(1.,6.,3.));
#8989 = LINE('',#8990,#8991);
#8990 = CARTESIAN_POINT('',(-1.,6.,3.));
#8991 = VECTOR('',#8992,1.);
#8992 = DIRECTION('',(1.,0.,0.));
#8993 = ORIENTED_EDGE('',*,*,#8994,.T.);
#8994 = EDGE_CURVE('',#8987,#8241,#8995,.T.);
#8995 = LINE('',#8996,#8997);
#8996 = CARTESIAN_POINT('',(1.,6.,3.));
#8997 = VECTOR('',#8998,1.);
#8998 = DIRECTION('',(0.,0.,1.));
#8999 = ORIENTED_EDGE('',*,*,#8248,.T.);
#9000 = ORIENTED_EDGE('',*,*,#8939,.F.);
#9001 = PLANE('',#9002);
#9002 = AXIS2_PLACEMENT_3D('',#9003,#9004,#9005);
#9003 = CARTESIAN_POINT('',(-4.5,6.,0.));
#9004 = DIRECTION('',(0.,1.,0.));
#9005 = DIRECTION('',(1.,0.,0.));
#9006 = ADVANCED_FACE('',(#9007),#9041,.T.);
#9007 = FACE_BOUND('',#9008,.T.);
#9008 = EDGE_LOOP('',(#9009,#9010,#9018,#9026,#9034,#9040));
#9009 = ORIENTED_EDGE('',*,*,#8994,.F.);
#9010 = ORIENTED_EDGE('',*,*,#9011,.T.);
#9011 = EDGE_CURVE('',#8987,#9012,#9014,.T.);
#9012 = VERTEX_POINT('',#9013);
#9013 = CARTESIAN_POINT('',(1.,5.17,3.));
#9014 = LINE('',#9015,#9016);
#9015 = CARTESIAN_POINT('',(1.,6.,3.));
#9016 = VECTOR('',#9017,1.);
#9017 = DIRECTION('',(0.,-1.,2.2E-16));
#9018 = ORIENTED_EDGE('',*,*,#9019,.T.);
#9019 = EDGE_CURVE('',#9012,#9020,#9022,.T.);
#9020 = VERTEX_POINT('',#9021);
#9021 = CARTESIAN_POINT('',(1.,5.17,8.));
#9022 = LINE('',#9023,#9024);
#9023 = CARTESIAN_POINT('',(1.,5.17,1.5));
#9024 = VECTOR('',#9025,1.);
#9025 = DIRECTION('',(0.,0.,1.));
#9026 = ORIENTED_EDGE('',*,*,#9027,.F.);
#9027 = EDGE_CURVE('',#9028,#9020,#9030,.T.);
#9028 = VERTEX_POINT('',#9029);
#9029 = CARTESIAN_POINT('',(1.,4.5,8.));
#9030 = LINE('',#9031,#9032);
#9031 = CARTESIAN_POINT('',(1.,3.409630541872,8.));
#9032 = VECTOR('',#9033,1.);
#9033 = DIRECTION('',(0.,1.,0.));
#9034 = ORIENTED_EDGE('',*,*,#9035,.T.);
#9035 = EDGE_CURVE('',#9028,#8233,#9036,.T.);
#9036 = LINE('',#9037,#9038);
#9037 = CARTESIAN_POINT('',(1.,4.5,3.));
#9038 = VECTOR('',#9039,1.);
#9039 = DIRECTION('',(0.,0.,1.));
#9040 = ORIENTED_EDGE('',*,*,#8240,.F.);
#9041 = PLANE('',#9042);
#9042 = AXIS2_PLACEMENT_3D('',#9043,#9044,#9045);
#9043 = CARTESIAN_POINT('',(1.,6.,3.));
#9044 = DIRECTION('',(-1.,0.,0.));
#9045 = DIRECTION('',(0.,2.2E-16,1.));
#9046 = ADVANCED_FACE('',(#9047),#9065,.F.);
#9047 = FACE_BOUND('',#9048,.F.);
#9048 = EDGE_LOOP('',(#9049,#9050,#9051,#9059));
#9049 = ORIENTED_EDGE('',*,*,#9035,.T.);
#9050 = ORIENTED_EDGE('',*,*,#8232,.T.);
#9051 = ORIENTED_EDGE('',*,*,#9052,.T.);
#9052 = EDGE_CURVE('',#8225,#9053,#9055,.T.);
#9053 = VERTEX_POINT('',#9054);
#9054 = CARTESIAN_POINT('',(-1.,4.5,8.));
#9055 = LINE('',#9056,#9057);
#9056 = CARTESIAN_POINT('',(-1.,4.5,9.));
#9057 = VECTOR('',#9058,1.);
#9058 = DIRECTION('',(0.,0.,-1.));
#9059 = ORIENTED_EDGE('',*,*,#9060,.F.);
#9060 = EDGE_CURVE('',#9028,#9053,#9061,.T.);
#9061 = LINE('',#9062,#9063);
#9062 = CARTESIAN_POINT('',(0.,4.5,8.));
#9063 = VECTOR('',#9064,1.);
#9064 = DIRECTION('',(-1.,0.,0.));
#9065 = PLANE('',#9066);
#9066 = AXIS2_PLACEMENT_3D('',#9067,#9068,#9069);
#9067 = CARTESIAN_POINT('',(0.,4.5,6.));
#9068 = DIRECTION('',(0.,-1.,1.5E-16));
#9069 = DIRECTION('',(0.,-1.5E-16,-1.));
#9070 = ADVANCED_FACE('',(#9071),#9098,.T.);
#9071 = FACE_BOUND('',#9072,.T.);
#9072 = EDGE_LOOP('',(#9073,#9074,#9075,#9076,#9084,#9092));
#9073 = ORIENTED_EDGE('',*,*,#8978,.F.);
#9074 = ORIENTED_EDGE('',*,*,#8224,.T.);
#9075 = ORIENTED_EDGE('',*,*,#9052,.T.);
#9076 = ORIENTED_EDGE('',*,*,#9077,.F.);
#9077 = EDGE_CURVE('',#9078,#9053,#9080,.T.);
#9078 = VERTEX_POINT('',#9079);
#9079 = CARTESIAN_POINT('',(-1.,5.17,8.));
#9080 = LINE('',#9081,#9082);
#9081 = CARTESIAN_POINT('',(-1.,3.409630541872,8.));
#9082 = VECTOR('',#9083,1.);
#9083 = DIRECTION('',(0.,-1.,0.));
#9084 = ORIENTED_EDGE('',*,*,#9085,.T.);
#9085 = EDGE_CURVE('',#9078,#9086,#9088,.T.);
#9086 = VERTEX_POINT('',#9087);
#9087 = CARTESIAN_POINT('',(-1.,5.17,3.));
#9088 = LINE('',#9089,#9090);
#9089 = CARTESIAN_POINT('',(-1.,5.17,4.5));
#9090 = VECTOR('',#9091,1.);
#9091 = DIRECTION('',(0.,0.,-1.));
#9092 = ORIENTED_EDGE('',*,*,#9093,.F.);
#9093 = EDGE_CURVE('',#8979,#9086,#9094,.T.);
#9094 = LINE('',#9095,#9096);
#9095 = CARTESIAN_POINT('',(-1.,6.,3.));
#9096 = VECTOR('',#9097,1.);
#9097 = DIRECTION('',(0.,-1.,2.2E-16));
#9098 = PLANE('',#9099);
#9099 = AXIS2_PLACEMENT_3D('',#9100,#9101,#9102);
#9100 = CARTESIAN_POINT('',(-1.,6.,9.));
#9101 = DIRECTION('',(1.,0.,0.));
#9102 = DIRECTION('',(0.,-2.2E-16,-1.));
#9103 = ADVANCED_FACE('',(#9104),#9115,.T.);
#9104 = FACE_BOUND('',#9105,.T.);
#9105 = EDGE_LOOP('',(#9106,#9107,#9108,#9109));
#9106 = ORIENTED_EDGE('',*,*,#8925,.T.);
#9107 = ORIENTED_EDGE('',*,*,#8208,.T.);
#9108 = ORIENTED_EDGE('',*,*,#8971,.F.);
#9109 = ORIENTED_EDGE('',*,*,#9110,.F.);
#9110 = EDGE_CURVE('',#8870,#8964,#9111,.T.);
#9111 = LINE('',#9112,#9113);
#9112 = CARTESIAN_POINT('',(-4.5,-4.5,0.));
#9113 = VECTOR('',#9114,1.);
#9114 = DIRECTION('',(0.,1.,0.));
#9115 = PLANE('',#9116);
#9116 = AXIS2_PLACEMENT_3D('',#9117,#9118,#9119);
#9117 = CARTESIAN_POINT('',(-4.5,-4.5,0.));
#9118 = DIRECTION('',(-1.,0.,0.));
#9119 = DIRECTION('',(0.,1.,0.));
#9120 = ADVANCED_FACE('',(#9121),#9139,.F.);
#9121 = FACE_BOUND('',#9122,.F.);
#9122 = EDGE_LOOP('',(#9123,#9124,#9125,#9133));
#9123 = ORIENTED_EDGE('',*,*,#8917,.F.);
#9124 = ORIENTED_EDGE('',*,*,#8427,.T.);
#9125 = ORIENTED_EDGE('',*,*,#9126,.T.);
#9126 = EDGE_CURVE('',#8420,#9127,#9129,.T.);
#9127 = VERTEX_POINT('',#9128);
#9128 = CARTESIAN_POINT('',(-1.,-3.63,6.));
#9129 = LINE('',#9130,#9131);
#9130 = CARTESIAN_POINT('',(0.375,-3.63,6.));
#9131 = VECTOR('',#9132,1.);
#9132 = DIRECTION('',(1.,0.,0.));
#9133 = ORIENTED_EDGE('',*,*,#9134,.F.);
#9134 = EDGE_CURVE('',#8910,#9127,#9135,.T.);
#9135 = LINE('',#9136,#9137);
#9136 = CARTESIAN_POINT('',(-1.,-4.5,6.));
#9137 = VECTOR('',#9138,1.);
#9138 = DIRECTION('',(0.,1.,-2.2E-16));
#9139 = PLANE('',#9140);
#9140 = AXIS2_PLACEMENT_3D('',#9141,#9142,#9143);
#9141 = CARTESIAN_POINT('',(-3.,-4.5,6.));
#9142 = DIRECTION('',(0.,-2.2E-16,-1.));
#9143 = DIRECTION('',(1.,0.,0.));
#9144 = ADVANCED_FACE('',(#9145),#9218,.F.);
#9145 = FACE_BOUND('',#9146,.F.);
#9146 = EDGE_LOOP('',(#9147,#9157,#9165,#9171,#9172,#9180,#9188,#9196,
    #9202,#9203,#9204,#9212));
#9147 = ORIENTED_EDGE('',*,*,#9148,.F.);
#9148 = EDGE_CURVE('',#9149,#9151,#9153,.T.);
#9149 = VERTEX_POINT('',#9150);
#9150 = CARTESIAN_POINT('',(3.75,-3.63,0.));
#9151 = VERTEX_POINT('',#9152);
#9152 = CARTESIAN_POINT('',(-3.75,-3.63,0.));
#9153 = LINE('',#9154,#9155);
#9154 = CARTESIAN_POINT('',(3.75,-3.63,0.));
#9155 = VECTOR('',#9156,1.);
#9156 = DIRECTION('',(-1.,0.,0.));
#9157 = ORIENTED_EDGE('',*,*,#9158,.T.);
#9158 = EDGE_CURVE('',#9149,#9159,#9161,.T.);
#9159 = VERTEX_POINT('',#9160);
#9160 = CARTESIAN_POINT('',(3.75,-3.63,8.));
#9161 = LINE('',#9162,#9163);
#9162 = CARTESIAN_POINT('',(3.75,-3.63,0.));
#9163 = VECTOR('',#9164,1.);
#9164 = DIRECTION('',(0.,0.,1.));
#9165 = ORIENTED_EDGE('',*,*,#9166,.T.);
#9166 = EDGE_CURVE('',#9159,#8844,#9167,.T.);
#9167 = LINE('',#9168,#9169);
#9168 = CARTESIAN_POINT('',(3.75,-3.63,8.));
#9169 = VECTOR('',#9170,1.);
#9170 = DIRECTION('',(-1.,0.,0.));
#9171 = ORIENTED_EDGE('',*,*,#8843,.F.);
#9172 = ORIENTED_EDGE('',*,*,#9173,.F.);
#9173 = EDGE_CURVE('',#9174,#8836,#9176,.T.);
#9174 = VERTEX_POINT('',#9175);
#9175 = CARTESIAN_POINT('',(1.,-3.63,6.));
#9176 = LINE('',#9177,#9178);
#9177 = CARTESIAN_POINT('',(2.375,-3.63,6.));
#9178 = VECTOR('',#9179,1.);
#9179 = DIRECTION('',(1.,0.,0.));
#9180 = ORIENTED_EDGE('',*,*,#9181,.F.);
#9181 = EDGE_CURVE('',#9182,#9174,#9184,.T.);
#9182 = VERTEX_POINT('',#9183);
#9183 = CARTESIAN_POINT('',(1.,-3.63,3.5));
#9184 = LINE('',#9185,#9186);
#9185 = CARTESIAN_POINT('',(1.,-3.63,1.75));
#9186 = VECTOR('',#9187,1.);
#9187 = DIRECTION('',(0.,0.,1.));
#9188 = ORIENTED_EDGE('',*,*,#9189,.F.);
#9189 = EDGE_CURVE('',#9190,#9182,#9192,.T.);
#9190 = VERTEX_POINT('',#9191);
#9191 = CARTESIAN_POINT('',(-1.,-3.63,3.5));
#9192 = LINE('',#9193,#9194);
#9193 = CARTESIAN_POINT('',(1.375,-3.63,3.5));
#9194 = VECTOR('',#9195,1.);
#9195 = DIRECTION('',(1.,0.,0.));
#9196 = ORIENTED_EDGE('',*,*,#9197,.F.);
#9197 = EDGE_CURVE('',#9127,#9190,#9198,.T.);
#9198 = LINE('',#9199,#9200);
#9199 = CARTESIAN_POINT('',(-1.,-3.63,3.));
#9200 = VECTOR('',#9201,1.);
#9201 = DIRECTION('',(0.,0.,-1.));
#9202 = ORIENTED_EDGE('',*,*,#9126,.F.);
#9203 = ORIENTED_EDGE('',*,*,#8419,.F.);
#9204 = ORIENTED_EDGE('',*,*,#9205,.T.);
#9205 = EDGE_CURVE('',#8412,#9206,#9208,.T.);
#9206 = VERTEX_POINT('',#9207);
#9207 = CARTESIAN_POINT('',(-3.75,-3.63,8.));
#9208 = LINE('',#9209,#9210);
#9209 = CARTESIAN_POINT('',(3.75,-3.63,8.));
#9210 = VECTOR('',#9211,1.);
#9211 = DIRECTION('',(-1.,0.,0.));
#9212 = ORIENTED_EDGE('',*,*,#9213,.F.);
#9213 = EDGE_CURVE('',#9151,#9206,#9214,.T.);
#9214 = LINE('',#9215,#9216);
#9215 = CARTESIAN_POINT('',(-3.75,-3.63,0.));
#9216 = VECTOR('',#9217,1.);
#9217 = DIRECTION('',(0.,0.,1.));
#9218 = PLANE('',#9219);
#9219 = AXIS2_PLACEMENT_3D('',#9220,#9221,#9222);
#9220 = CARTESIAN_POINT('',(3.75,-3.63,0.));
#9221 = DIRECTION('',(0.,-1.,0.));
#9222 = DIRECTION('',(-1.,0.,0.));
#9223 = ADVANCED_FACE('',(#9224),#9399,.T.);
#9224 = FACE_BOUND('',#9225,.T.);
#9225 = EDGE_LOOP('',(#9226,#9236,#9242,#9243,#9244,#9245,#9246,#9252,
    #9253,#9254,#9255,#9256,#9264,#9272,#9280,#9288,#9296,#9304,#9312,
    #9320,#9328,#9334,#9335,#9336,#9337,#9345,#9353,#9361,#9369,#9377,
    #9385,#9393));
#9226 = ORIENTED_EDGE('',*,*,#9227,.T.);
#9227 = EDGE_CURVE('',#9228,#9230,#9232,.T.);
#9228 = VERTEX_POINT('',#9229);
#9229 = CARTESIAN_POINT('',(2.75,-3.13,8.));
#9230 = VERTEX_POINT('',#9231);
#9231 = CARTESIAN_POINT('',(3.75,-3.13,8.));
#9232 = LINE('',#9233,#9234);
#9233 = CARTESIAN_POINT('',(2.75,-3.13,8.));
#9234 = VECTOR('',#9235,1.);
#9235 = DIRECTION('',(1.,0.,0.));
#9236 = ORIENTED_EDGE('',*,*,#9237,.T.);
#9237 = EDGE_CURVE('',#9230,#9159,#9238,.T.);
#9238 = LINE('',#9239,#9240);
#9239 = CARTESIAN_POINT('',(3.75,-3.13,8.));
#9240 = VECTOR('',#9241,1.);
#9241 = DIRECTION('',(0.,-1.,0.));
#9242 = ORIENTED_EDGE('',*,*,#9166,.T.);
#9243 = ORIENTED_EDGE('',*,*,#8851,.F.);
#9244 = ORIENTED_EDGE('',*,*,#8813,.T.);
#9245 = ORIENTED_EDGE('',*,*,#8781,.T.);
#9246 = ORIENTED_EDGE('',*,*,#9247,.T.);
#9247 = EDGE_CURVE('',#8774,#8466,#9248,.T.);
#9248 = LINE('',#9249,#9250);
#9249 = CARTESIAN_POINT('',(1.,-2.75,8.));
#9250 = VECTOR('',#9251,1.);
#9251 = DIRECTION('',(-1.,0.,0.));
#9252 = ORIENTED_EDGE('',*,*,#8465,.F.);
#9253 = ORIENTED_EDGE('',*,*,#8451,.T.);
#9254 = ORIENTED_EDGE('',*,*,#8411,.F.);
#9255 = ORIENTED_EDGE('',*,*,#9205,.T.);
#9256 = ORIENTED_EDGE('',*,*,#9257,.T.);
#9257 = EDGE_CURVE('',#9206,#9258,#9260,.T.);
#9258 = VERTEX_POINT('',#9259);
#9259 = CARTESIAN_POINT('',(-3.75,-3.13,8.));
#9260 = LINE('',#9261,#9262);
#9261 = CARTESIAN_POINT('',(-3.75,-3.63,8.));
#9262 = VECTOR('',#9263,1.);
#9263 = DIRECTION('',(0.,1.,0.));
#9264 = ORIENTED_EDGE('',*,*,#9265,.T.);
#9265 = EDGE_CURVE('',#9258,#9266,#9268,.T.);
#9266 = VERTEX_POINT('',#9267);
#9267 = CARTESIAN_POINT('',(-2.75,-3.13,8.));
#9268 = LINE('',#9269,#9270);
#9269 = CARTESIAN_POINT('',(-3.75,-3.13,8.));
#9270 = VECTOR('',#9271,1.);
#9271 = DIRECTION('',(1.,0.,0.));
#9272 = ORIENTED_EDGE('',*,*,#9273,.T.);
#9273 = EDGE_CURVE('',#9266,#9274,#9276,.T.);
#9274 = VERTEX_POINT('',#9275);
#9275 = CARTESIAN_POINT('',(-2.75,-1.13,8.));
#9276 = LINE('',#9277,#9278);
#9277 = CARTESIAN_POINT('',(-2.75,-3.13,8.));
#9278 = VECTOR('',#9279,1.);
#9279 = DIRECTION('',(0.,1.,0.));
#9280 = ORIENTED_EDGE('',*,*,#9281,.T.);
#9281 = EDGE_CURVE('',#9274,#9282,#9284,.T.);
#9282 = VERTEX_POINT('',#9283);
#9283 = CARTESIAN_POINT('',(-3.75,-1.13,8.));
#9284 = LINE('',#9285,#9286);
#9285 = CARTESIAN_POINT('',(-2.75,-1.13,8.));
#9286 = VECTOR('',#9287,1.);
#9287 = DIRECTION('',(-1.,0.,0.));
#9288 = ORIENTED_EDGE('',*,*,#9289,.T.);
#9289 = EDGE_CURVE('',#9282,#9290,#9292,.T.);
#9290 = VERTEX_POINT('',#9291);
#9291 = CARTESIAN_POINT('',(-3.75,3.67,8.));
#9292 = LINE('',#9293,#9294);
#9293 = CARTESIAN_POINT('',(-3.75,-1.13,8.));
#9294 = VECTOR('',#9295,1.);
#9295 = DIRECTION('',(0.,1.,0.));
#9296 = ORIENTED_EDGE('',*,*,#9297,.T.);
#9297 = EDGE_CURVE('',#9290,#9298,#9300,.T.);
#9298 = VERTEX_POINT('',#9299);
#9299 = CARTESIAN_POINT('',(-2.75,3.67,8.));
#9300 = LINE('',#9301,#9302);
#9301 = CARTESIAN_POINT('',(-3.75,3.67,8.));
#9302 = VECTOR('',#9303,1.);
#9303 = DIRECTION('',(1.,0.,0.));
#9304 = ORIENTED_EDGE('',*,*,#9305,.T.);
#9305 = EDGE_CURVE('',#9298,#9306,#9308,.T.);
#9306 = VERTEX_POINT('',#9307);
#9307 = CARTESIAN_POINT('',(-2.75,4.67,8.));
#9308 = LINE('',#9309,#9310);
#9309 = CARTESIAN_POINT('',(-2.75,3.67,8.));
#9310 = VECTOR('',#9311,1.);
#9311 = DIRECTION('',(0.,1.,0.));
#9312 = ORIENTED_EDGE('',*,*,#9313,.T.);
#9313 = EDGE_CURVE('',#9306,#9314,#9316,.T.);
#9314 = VERTEX_POINT('',#9315);
#9315 = CARTESIAN_POINT('',(-3.75,4.67,8.));
#9316 = LINE('',#9317,#9318);
#9317 = CARTESIAN_POINT('',(-2.75,4.67,8.));
#9318 = VECTOR('',#9319,1.);
#9319 = DIRECTION('',(-1.,0.,0.));
#9320 = ORIENTED_EDGE('',*,*,#9321,.T.);
#9321 = EDGE_CURVE('',#9314,#9322,#9324,.T.);
#9322 = VERTEX_POINT('',#9323);
#9323 = CARTESIAN_POINT('',(-3.75,5.17,8.));
#9324 = LINE('',#9325,#9326);
#9325 = CARTESIAN_POINT('',(-3.75,4.67,8.));
#9326 = VECTOR('',#9327,1.);
#9327 = DIRECTION('',(0.,1.,0.));
#9328 = ORIENTED_EDGE('',*,*,#9329,.T.);
#9329 = EDGE_CURVE('',#9322,#9078,#9330,.T.);
#9330 = LINE('',#9331,#9332);
#9331 = CARTESIAN_POINT('',(-3.75,5.17,8.));
#9332 = VECTOR('',#9333,1.);
#9333 = DIRECTION('',(1.,0.,0.));
#9334 = ORIENTED_EDGE('',*,*,#9077,.T.);
#9335 = ORIENTED_EDGE('',*,*,#9060,.F.);
#9336 = ORIENTED_EDGE('',*,*,#9027,.T.);
#9337 = ORIENTED_EDGE('',*,*,#9338,.T.);
#9338 = EDGE_CURVE('',#9020,#9339,#9341,.T.);
#9339 = VERTEX_POINT('',#9340);
#9340 = CARTESIAN_POINT('',(3.75,5.17,8.));
#9341 = LINE('',#9342,#9343);
#9342 = CARTESIAN_POINT('',(-3.75,5.17,8.));
#9343 = VECTOR('',#9344,1.);
#9344 = DIRECTION('',(1.,0.,0.));
#9345 = ORIENTED_EDGE('',*,*,#9346,.T.);
#9346 = EDGE_CURVE('',#9339,#9347,#9349,.T.);
#9347 = VERTEX_POINT('',#9348);
#9348 = CARTESIAN_POINT('',(3.75,4.67,8.));
#9349 = LINE('',#9350,#9351);
#9350 = CARTESIAN_POINT('',(3.75,5.17,8.));
#9351 = VECTOR('',#9352,1.);
#9352 = DIRECTION('',(0.,-1.,0.));
#9353 = ORIENTED_EDGE('',*,*,#9354,.T.);
#9354 = EDGE_CURVE('',#9347,#9355,#9357,.T.);
#9355 = VERTEX_POINT('',#9356);
#9356 = CARTESIAN_POINT('',(2.75,4.67,8.));
#9357 = LINE('',#9358,#9359);
#9358 = CARTESIAN_POINT('',(3.75,4.67,8.));
#9359 = VECTOR('',#9360,1.);
#9360 = DIRECTION('',(-1.,0.,0.));
#9361 = ORIENTED_EDGE('',*,*,#9362,.T.);
#9362 = EDGE_CURVE('',#9355,#9363,#9365,.T.);
#9363 = VERTEX_POINT('',#9364);
#9364 = CARTESIAN_POINT('',(2.75,3.67,8.));
#9365 = LINE('',#9366,#9367);
#9366 = CARTESIAN_POINT('',(2.75,4.67,8.));
#9367 = VECTOR('',#9368,1.);
#9368 = DIRECTION('',(0.,-1.,0.));
#9369 = ORIENTED_EDGE('',*,*,#9370,.T.);
#9370 = EDGE_CURVE('',#9363,#9371,#9373,.T.);
#9371 = VERTEX_POINT('',#9372);
#9372 = CARTESIAN_POINT('',(3.75,3.67,8.));
#9373 = LINE('',#9374,#9375);
#9374 = CARTESIAN_POINT('',(2.75,3.67,8.));
#9375 = VECTOR('',#9376,1.);
#9376 = DIRECTION('',(1.,0.,0.));
#9377 = ORIENTED_EDGE('',*,*,#9378,.T.);
#9378 = EDGE_CURVE('',#9371,#9379,#9381,.T.);
#9379 = VERTEX_POINT('',#9380);
#9380 = CARTESIAN_POINT('',(3.75,-1.13,8.));
#9381 = LINE('',#9382,#9383);
#9382 = CARTESIAN_POINT('',(3.75,3.67,8.));
#9383 = VECTOR('',#9384,1.);
#9384 = DIRECTION('',(0.,-1.,0.));
#9385 = ORIENTED_EDGE('',*,*,#9386,.T.);
#9386 = EDGE_CURVE('',#9379,#9387,#9389,.T.);
#9387 = VERTEX_POINT('',#9388);
#9388 = CARTESIAN_POINT('',(2.75,-1.13,8.));
#9389 = LINE('',#9390,#9391);
#9390 = CARTESIAN_POINT('',(3.75,-1.13,8.));
#9391 = VECTOR('',#9392,1.);
#9392 = DIRECTION('',(-1.,0.,0.));
#9393 = ORIENTED_EDGE('',*,*,#9394,.T.);
#9394 = EDGE_CURVE('',#9387,#9228,#9395,.T.);
#9395 = LINE('',#9396,#9397);
#9396 = CARTESIAN_POINT('',(2.75,-1.13,8.));
#9397 = VECTOR('',#9398,1.);
#9398 = DIRECTION('',(0.,-1.,0.));
#9399 = PLANE('',#9400);
#9400 = AXIS2_PLACEMENT_3D('',#9401,#9402,#9403);
#9401 = CARTESIAN_POINT('',(0.,0.819261083744,8.));
#9402 = DIRECTION('',(-0.,-0.,-1.));
#9403 = DIRECTION('',(-1.,0.,0.));
#9404 = ADVANCED_FACE('',(#9405),#9416,.T.);
#9405 = FACE_BOUND('',#9406,.T.);
#9406 = EDGE_LOOP('',(#9407,#9408,#9409,#9415));
#9407 = ORIENTED_EDGE('',*,*,#8553,.T.);
#9408 = ORIENTED_EDGE('',*,*,#8481,.T.);
#9409 = ORIENTED_EDGE('',*,*,#9410,.T.);
#9410 = EDGE_CURVE('',#8474,#8766,#9411,.T.);
#9411 = LINE('',#9412,#9413);
#9412 = CARTESIAN_POINT('',(-1.,-2.75,9.));
#9413 = VECTOR('',#9414,1.);
#9414 = DIRECTION('',(1.,0.,0.));
#9415 = ORIENTED_EDGE('',*,*,#8765,.F.);
#9416 = PLANE('',#9417);
#9417 = AXIS2_PLACEMENT_3D('',#9418,#9419,#9420);
#9418 = CARTESIAN_POINT('',(-1.,-3.5,9.));
#9419 = DIRECTION('',(-0.,-2.2E-16,-1.));
#9420 = DIRECTION('',(1.,0.,0.));
#9421 = ADVANCED_FACE('',(#9422),#9428,.F.);
#9422 = FACE_BOUND('',#9423,.F.);
#9423 = EDGE_LOOP('',(#9424,#9425,#9426,#9427));
#9424 = ORIENTED_EDGE('',*,*,#9410,.T.);
#9425 = ORIENTED_EDGE('',*,*,#8773,.T.);
#9426 = ORIENTED_EDGE('',*,*,#9247,.T.);
#9427 = ORIENTED_EDGE('',*,*,#8473,.T.);
#9428 = PLANE('',#9429);
#9429 = AXIS2_PLACEMENT_3D('',#9430,#9431,#9432);
#9430 = CARTESIAN_POINT('',(0.,-2.75,8.5));
#9431 = DIRECTION('',(0.,1.,0.));
#9432 = DIRECTION('',(0.,0.,1.));
#9433 = ADVANCED_FACE('',(#9434),#9447,.F.);
#9434 = FACE_BOUND('',#9435,.F.);
#9435 = EDGE_LOOP('',(#9436,#9437,#9438,#9444,#9445,#9446));
#9436 = ORIENTED_EDGE('',*,*,#8618,.F.);
#9437 = ORIENTED_EDGE('',*,*,#8643,.T.);
#9438 = ORIENTED_EDGE('',*,*,#9439,.F.);
#9439 = EDGE_CURVE('',#8531,#8644,#9440,.T.);
#9440 = LINE('',#9441,#9442);
#9441 = CARTESIAN_POINT('',(-3.,-3.,10.));
#9442 = VECTOR('',#9443,1.);
#9443 = DIRECTION('',(0.,1.,0.));
#9444 = ORIENTED_EDGE('',*,*,#8538,.T.);
#9445 = ORIENTED_EDGE('',*,*,#8576,.T.);
#9446 = ORIENTED_EDGE('',*,*,#8594,.T.);
#9447 = PLANE('',#9448);
#9448 = AXIS2_PLACEMENT_3D('',#9449,#9450,#9451);
#9449 = CARTESIAN_POINT('',(0.,0.,10.));
#9450 = DIRECTION('',(-0.,-0.,-1.));
#9451 = DIRECTION('',(-1.,0.,0.));
#9452 = ADVANCED_FACE('',(#9453),#9464,.T.);
#9453 = FACE_BOUND('',#9454,.T.);
#9454 = EDGE_LOOP('',(#9455,#9456,#9462,#9463));
#9455 = ORIENTED_EDGE('',*,*,#8530,.T.);
#9456 = ORIENTED_EDGE('',*,*,#9457,.T.);
#9457 = EDGE_CURVE('',#8523,#8652,#9458,.T.);
#9458 = LINE('',#9459,#9460);
#9459 = CARTESIAN_POINT('',(-3.,-3.,9.5));
#9460 = VECTOR('',#9461,1.);
#9461 = DIRECTION('',(0.,1.,0.));
#9462 = ORIENTED_EDGE('',*,*,#8651,.F.);
#9463 = ORIENTED_EDGE('',*,*,#9439,.F.);
#9464 = PLANE('',#9465);
#9465 = AXIS2_PLACEMENT_3D('',#9466,#9467,#9468);
#9466 = CARTESIAN_POINT('',(-3.,-3.,10.));
#9467 = DIRECTION('',(1.,0.,0.));
#9468 = DIRECTION('',(0.,1.,0.));
#9469 = ADVANCED_FACE('',(#9470),#9481,.F.);
#9470 = FACE_BOUND('',#9471,.F.);
#9471 = EDGE_LOOP('',(#9472,#9473,#9479,#9480));
#9472 = ORIENTED_EDGE('',*,*,#8659,.T.);
#9473 = ORIENTED_EDGE('',*,*,#9474,.T.);
#9474 = EDGE_CURVE('',#8660,#8515,#9475,.T.);
#9475 = LINE('',#9476,#9477);
#9476 = CARTESIAN_POINT('',(3.,3.,9.5));
#9477 = VECTOR('',#9478,1.);
#9478 = DIRECTION('',(0.,-1.,0.));
#9479 = ORIENTED_EDGE('',*,*,#8522,.T.);
#9480 = ORIENTED_EDGE('',*,*,#9457,.T.);
#9481 = PLANE('',#9482);
#9482 = AXIS2_PLACEMENT_3D('',#9483,#9484,#9485);
#9483 = CARTESIAN_POINT('',(0.,3.E-16,9.5));
#9484 = DIRECTION('',(-0.,-0.,-1.));
#9485 = DIRECTION('',(-1.,0.,0.));
#9486 = ADVANCED_FACE('',(#9487),#9498,.T.);
#9487 = FACE_BOUND('',#9488,.T.);
#9488 = EDGE_LOOP('',(#9489,#9490,#9491,#9492));
#9489 = ORIENTED_EDGE('',*,*,#8667,.T.);
#9490 = ORIENTED_EDGE('',*,*,#9474,.T.);
#9491 = ORIENTED_EDGE('',*,*,#8514,.F.);
#9492 = ORIENTED_EDGE('',*,*,#9493,.F.);
#9493 = EDGE_CURVE('',#8668,#8507,#9494,.T.);
#9494 = LINE('',#9495,#9496);
#9495 = CARTESIAN_POINT('',(3.,3.,10.));
#9496 = VECTOR('',#9497,1.);
#9497 = DIRECTION('',(0.,-1.,0.));
#9498 = PLANE('',#9499);
#9499 = AXIS2_PLACEMENT_3D('',#9500,#9501,#9502);
#9500 = CARTESIAN_POINT('',(3.,3.,10.));
#9501 = DIRECTION('',(-1.,0.,0.));
#9502 = DIRECTION('',(0.,-1.,0.));
#9503 = ADVANCED_FACE('',(#9504),#9512,.F.);
#9504 = FACE_BOUND('',#9505,.F.);
#9505 = EDGE_LOOP('',(#9506,#9507,#9508,#9509,#9510,#9511));
#9506 = ORIENTED_EDGE('',*,*,#9493,.F.);
#9507 = ORIENTED_EDGE('',*,*,#8675,.T.);
#9508 = ORIENTED_EDGE('',*,*,#8706,.T.);
#9509 = ORIENTED_EDGE('',*,*,#8724,.T.);
#9510 = ORIENTED_EDGE('',*,*,#8748,.T.);
#9511 = ORIENTED_EDGE('',*,*,#8506,.T.);
#9512 = PLANE('',#9513);
#9513 = AXIS2_PLACEMENT_3D('',#9514,#9515,#9516);
#9514 = CARTESIAN_POINT('',(0.,0.,10.));
#9515 = DIRECTION('',(-0.,-0.,-1.));
#9516 = DIRECTION('',(-1.,0.,0.));
#9517 = ADVANCED_FACE('',(#9518),#9529,.F.);
#9518 = FACE_BOUND('',#9519,.F.);
#9519 = EDGE_LOOP('',(#9520,#9521,#9527,#9528));
#9520 = ORIENTED_EDGE('',*,*,#8885,.F.);
#9521 = ORIENTED_EDGE('',*,*,#9522,.T.);
#9522 = EDGE_CURVE('',#8886,#9174,#9523,.T.);
#9523 = LINE('',#9524,#9525);
#9524 = CARTESIAN_POINT('',(1.,-4.5,6.));
#9525 = VECTOR('',#9526,1.);
#9526 = DIRECTION('',(0.,1.,-2.2E-16));
#9527 = ORIENTED_EDGE('',*,*,#9173,.T.);
#9528 = ORIENTED_EDGE('',*,*,#8835,.F.);
#9529 = PLANE('',#9530);
#9530 = AXIS2_PLACEMENT_3D('',#9531,#9532,#9533);
#9531 = CARTESIAN_POINT('',(1.,-4.5,6.));
#9532 = DIRECTION('',(0.,-2.2E-16,-1.));
#9533 = DIRECTION('',(1.,0.,0.));
#9534 = ADVANCED_FACE('',(#9535,#9541),#9726,.T.);
#9535 = FACE_BOUND('',#9536,.T.);
#9536 = EDGE_LOOP('',(#9537,#9538,#9539,#9540));
#9537 = ORIENTED_EDGE('',*,*,#8963,.T.);
#9538 = ORIENTED_EDGE('',*,*,#8949,.T.);
#9539 = ORIENTED_EDGE('',*,*,#8867,.T.);
#9540 = ORIENTED_EDGE('',*,*,#9110,.T.);
#9541 = FACE_BOUND('',#9542,.T.);
#9542 = EDGE_LOOP('',(#9543,#9551,#9552,#9560,#9568,#9576,#9584,#9592,
    #9600,#9608,#9616,#9624,#9632,#9640,#9648,#9656,#9664,#9672,#9680,
    #9688,#9696,#9704,#9712,#9720));
#9543 = ORIENTED_EDGE('',*,*,#9544,.F.);
#9544 = EDGE_CURVE('',#9151,#9545,#9547,.T.);
#9545 = VERTEX_POINT('',#9546);
#9546 = CARTESIAN_POINT('',(-3.75,-3.13,0.));
#9547 = LINE('',#9548,#9549);
#9548 = CARTESIAN_POINT('',(-3.75,-3.63,0.));
#9549 = VECTOR('',#9550,1.);
#9550 = DIRECTION('',(0.,1.,0.));
#9551 = ORIENTED_EDGE('',*,*,#9148,.F.);
#9552 = ORIENTED_EDGE('',*,*,#9553,.F.);
#9553 = EDGE_CURVE('',#9554,#9149,#9556,.T.);
#9554 = VERTEX_POINT('',#9555);
#9555 = CARTESIAN_POINT('',(3.75,-3.13,0.));
#9556 = LINE('',#9557,#9558);
#9557 = CARTESIAN_POINT('',(3.75,-3.13,0.));
#9558 = VECTOR('',#9559,1.);
#9559 = DIRECTION('',(0.,-1.,0.));
#9560 = ORIENTED_EDGE('',*,*,#9561,.F.);
#9561 = EDGE_CURVE('',#9562,#9554,#9564,.T.);
#9562 = VERTEX_POINT('',#9563);
#9563 = CARTESIAN_POINT('',(2.75,-3.13,0.));
#9564 = LINE('',#9565,#9566);
#9565 = CARTESIAN_POINT('',(2.75,-3.13,0.));
#9566 = VECTOR('',#9567,1.);
#9567 = DIRECTION('',(1.,0.,0.));
#9568 = ORIENTED_EDGE('',*,*,#9569,.F.);
#9569 = EDGE_CURVE('',#9570,#9562,#9572,.T.);
#9570 = VERTEX_POINT('',#9571);
#9571 = CARTESIAN_POINT('',(2.75,-1.13,0.));
#9572 = LINE('',#9573,#9574);
#9573 = CARTESIAN_POINT('',(2.75,-1.13,0.));
#9574 = VECTOR('',#9575,1.);
#9575 = DIRECTION('',(0.,-1.,0.));
#9576 = ORIENTED_EDGE('',*,*,#9577,.F.);
#9577 = EDGE_CURVE('',#9578,#9570,#9580,.T.);
#9578 = VERTEX_POINT('',#9579);
#9579 = CARTESIAN_POINT('',(3.75,-1.13,0.));
#9580 = LINE('',#9581,#9582);
#9581 = CARTESIAN_POINT('',(3.75,-1.13,0.));
#9582 = VECTOR('',#9583,1.);
#9583 = DIRECTION('',(-1.,0.,0.));
#9584 = ORIENTED_EDGE('',*,*,#9585,.F.);
#9585 = EDGE_CURVE('',#9586,#9578,#9588,.T.);
#9586 = VERTEX_POINT('',#9587);
#9587 = CARTESIAN_POINT('',(3.75,3.67,0.));
#9588 = LINE('',#9589,#9590);
#9589 = CARTESIAN_POINT('',(3.75,3.67,0.));
#9590 = VECTOR('',#9591,1.);
#9591 = DIRECTION('',(0.,-1.,0.));
#9592 = ORIENTED_EDGE('',*,*,#9593,.F.);
#9593 = EDGE_CURVE('',#9594,#9586,#9596,.T.);
#9594 = VERTEX_POINT('',#9595);
#9595 = CARTESIAN_POINT('',(2.75,3.67,0.));
#9596 = LINE('',#9597,#9598);
#9597 = CARTESIAN_POINT('',(2.75,3.67,0.));
#9598 = VECTOR('',#9599,1.);
#9599 = DIRECTION('',(1.,0.,0.));
#9600 = ORIENTED_EDGE('',*,*,#9601,.F.);
#9601 = EDGE_CURVE('',#9602,#9594,#9604,.T.);
#9602 = VERTEX_POINT('',#9603);
#9603 = CARTESIAN_POINT('',(2.75,4.67,0.));
#9604 = LINE('',#9605,#9606);
#9605 = CARTESIAN_POINT('',(2.75,4.67,0.));
#9606 = VECTOR('',#9607,1.);
#9607 = DIRECTION('',(0.,-1.,0.));
#9608 = ORIENTED_EDGE('',*,*,#9609,.F.);
#9609 = EDGE_CURVE('',#9610,#9602,#9612,.T.);
#9610 = VERTEX_POINT('',#9611);
#9611 = CARTESIAN_POINT('',(3.75,4.67,0.));
#9612 = LINE('',#9613,#9614);
#9613 = CARTESIAN_POINT('',(3.75,4.67,0.));
#9614 = VECTOR('',#9615,1.);
#9615 = DIRECTION('',(-1.,0.,0.));
#9616 = ORIENTED_EDGE('',*,*,#9617,.F.);
#9617 = EDGE_CURVE('',#9618,#9610,#9620,.T.);
#9618 = VERTEX_POINT('',#9619);
#9619 = CARTESIAN_POINT('',(3.75,5.17,0.));
#9620 = LINE('',#9621,#9622);
#9621 = CARTESIAN_POINT('',(3.75,5.17,0.));
#9622 = VECTOR('',#9623,1.);
#9623 = DIRECTION('',(0.,-1.,0.));
#9624 = ORIENTED_EDGE('',*,*,#9625,.F.);
#9625 = EDGE_CURVE('',#9626,#9618,#9628,.T.);
#9626 = VERTEX_POINT('',#9627);
#9627 = CARTESIAN_POINT('',(-3.75,5.17,0.));
#9628 = LINE('',#9629,#9630);
#9629 = CARTESIAN_POINT('',(-3.75,5.17,0.));
#9630 = VECTOR('',#9631,1.);
#9631 = DIRECTION('',(1.,0.,0.));
#9632 = ORIENTED_EDGE('',*,*,#9633,.F.);
#9633 = EDGE_CURVE('',#9634,#9626,#9636,.T.);
#9634 = VERTEX_POINT('',#9635);
#9635 = CARTESIAN_POINT('',(-3.75,4.67,0.));
#9636 = LINE('',#9637,#9638);
#9637 = CARTESIAN_POINT('',(-3.75,4.67,0.));
#9638 = VECTOR('',#9639,1.);
#9639 = DIRECTION('',(0.,1.,0.));
#9640 = ORIENTED_EDGE('',*,*,#9641,.F.);
#9641 = EDGE_CURVE('',#9642,#9634,#9644,.T.);
#9642 = VERTEX_POINT('',#9643);
#9643 = CARTESIAN_POINT('',(-2.75,4.67,0.));
#9644 = LINE('',#9645,#9646);
#9645 = CARTESIAN_POINT('',(-2.75,4.67,0.));
#9646 = VECTOR('',#9647,1.);
#9647 = DIRECTION('',(-1.,0.,0.));
#9648 = ORIENTED_EDGE('',*,*,#9649,.F.);
#9649 = EDGE_CURVE('',#9650,#9642,#9652,.T.);
#9650 = VERTEX_POINT('',#9651);
#9651 = CARTESIAN_POINT('',(-2.75,3.67,0.));
#9652 = LINE('',#9653,#9654);
#9653 = CARTESIAN_POINT('',(-2.75,3.67,0.));
#9654 = VECTOR('',#9655,1.);
#9655 = DIRECTION('',(0.,1.,0.));
#9656 = ORIENTED_EDGE('',*,*,#9657,.F.);
#9657 = EDGE_CURVE('',#9658,#9650,#9660,.T.);
#9658 = VERTEX_POINT('',#9659);
#9659 = CARTESIAN_POINT('',(-3.75,3.67,0.));
#9660 = LINE('',#9661,#9662);
#9661 = CARTESIAN_POINT('',(-3.75,3.67,0.));
#9662 = VECTOR('',#9663,1.);
#9663 = DIRECTION('',(1.,0.,0.));
#9664 = ORIENTED_EDGE('',*,*,#9665,.F.);
#9665 = EDGE_CURVE('',#9666,#9658,#9668,.T.);
#9666 = VERTEX_POINT('',#9667);
#9667 = CARTESIAN_POINT('',(-3.75,1.8,0.));
#9668 = LINE('',#9669,#9670);
#9669 = CARTESIAN_POINT('',(-3.75,-1.13,0.));
#9670 = VECTOR('',#9671,1.);
#9671 = DIRECTION('',(0.,1.,0.));
#9672 = ORIENTED_EDGE('',*,*,#9673,.F.);
#9673 = EDGE_CURVE('',#9674,#9666,#9676,.T.);
#9674 = VERTEX_POINT('',#9675);
#9675 = CARTESIAN_POINT('',(-3.75,-1.13,0.));
#9676 = LINE('',#9677,#9678);
#9677 = CARTESIAN_POINT('',(-3.75,-1.13,0.));
#9678 = VECTOR('',#9679,1.);
#9679 = DIRECTION('',(0.,1.,0.));
#9680 = ORIENTED_EDGE('',*,*,#9681,.F.);
#9681 = EDGE_CURVE('',#9682,#9674,#9684,.T.);
#9682 = VERTEX_POINT('',#9683);
#9683 = CARTESIAN_POINT('',(-3.75,-1.8,0.));
#9684 = LINE('',#9685,#9686);
#9685 = CARTESIAN_POINT('',(-3.75,-0.19,0.));
#9686 = VECTOR('',#9687,1.);
#9687 = DIRECTION('',(0.,1.,0.));
#9688 = ORIENTED_EDGE('',*,*,#9689,.T.);
#9689 = EDGE_CURVE('',#9682,#9690,#9692,.T.);
#9690 = VERTEX_POINT('',#9691);
#9691 = CARTESIAN_POINT('',(-3.,-1.8,0.));
#9692 = LINE('',#9693,#9694);
#9693 = CARTESIAN_POINT('',(-3.,-1.8,0.));
#9694 = VECTOR('',#9695,1.);
#9695 = DIRECTION('',(1.,0.,0.));
#9696 = ORIENTED_EDGE('',*,*,#9697,.F.);
#9697 = EDGE_CURVE('',#9698,#9690,#9700,.T.);
#9698 = VERTEX_POINT('',#9699);
#9699 = CARTESIAN_POINT('',(-3.,-1.13,0.));
#9700 = LINE('',#9701,#9702);
#9701 = CARTESIAN_POINT('',(-3.,0.375,0.));
#9702 = VECTOR('',#9703,1.);
#9703 = DIRECTION('',(0.,-1.,0.));
#9704 = ORIENTED_EDGE('',*,*,#9705,.F.);
#9705 = EDGE_CURVE('',#9706,#9698,#9708,.T.);
#9706 = VERTEX_POINT('',#9707);
#9707 = CARTESIAN_POINT('',(-2.75,-1.13,0.));
#9708 = LINE('',#9709,#9710);
#9709 = CARTESIAN_POINT('',(-2.75,-1.13,0.));
#9710 = VECTOR('',#9711,1.);
#9711 = DIRECTION('',(-1.,0.,0.));
#9712 = ORIENTED_EDGE('',*,*,#9713,.F.);
#9713 = EDGE_CURVE('',#9714,#9706,#9716,.T.);
#9714 = VERTEX_POINT('',#9715);
#9715 = CARTESIAN_POINT('',(-2.75,-3.13,0.));
#9716 = LINE('',#9717,#9718);
#9717 = CARTESIAN_POINT('',(-2.75,-3.13,0.));
#9718 = VECTOR('',#9719,1.);
#9719 = DIRECTION('',(0.,1.,0.));
#9720 = ORIENTED_EDGE('',*,*,#9721,.F.);
#9721 = EDGE_CURVE('',#9545,#9714,#9722,.T.);
#9722 = LINE('',#9723,#9724);
#9723 = CARTESIAN_POINT('',(-3.75,-3.13,0.));
#9724 = VECTOR('',#9725,1.);
#9725 = DIRECTION('',(1.,0.,0.));
#9726 = PLANE('',#9727);
#9727 = AXIS2_PLACEMENT_3D('',#9728,#9729,#9730);
#9728 = CARTESIAN_POINT('',(0.,0.75,0.));
#9729 = DIRECTION('',(-0.,-0.,-1.));
#9730 = DIRECTION('',(-1.,0.,0.));
#9731 = ADVANCED_FACE('',(#9732),#9743,.F.);
#9732 = FACE_BOUND('',#9733,.F.);
#9733 = EDGE_LOOP('',(#9734,#9735,#9736,#9737));
#9734 = ORIENTED_EDGE('',*,*,#8909,.F.);
#9735 = ORIENTED_EDGE('',*,*,#9134,.T.);
#9736 = ORIENTED_EDGE('',*,*,#9197,.T.);
#9737 = ORIENTED_EDGE('',*,*,#9738,.F.);
#9738 = EDGE_CURVE('',#8902,#9190,#9739,.T.);
#9739 = LINE('',#9740,#9741);
#9740 = CARTESIAN_POINT('',(-1.,-4.5,3.5));
#9741 = VECTOR('',#9742,1.);
#9742 = DIRECTION('',(0.,1.,-2.2E-16));
#9743 = PLANE('',#9744);
#9744 = AXIS2_PLACEMENT_3D('',#9745,#9746,#9747);
#9745 = CARTESIAN_POINT('',(-1.,-4.5,6.));
#9746 = DIRECTION('',(-1.,0.,0.));
#9747 = DIRECTION('',(-0.,-2.2E-16,-1.));
#9748 = ADVANCED_FACE('',(#9749),#9760,.F.);
#9749 = FACE_BOUND('',#9750,.F.);
#9750 = EDGE_LOOP('',(#9751,#9752,#9753,#9754));
#9751 = ORIENTED_EDGE('',*,*,#8901,.F.);
#9752 = ORIENTED_EDGE('',*,*,#9738,.T.);
#9753 = ORIENTED_EDGE('',*,*,#9189,.T.);
#9754 = ORIENTED_EDGE('',*,*,#9755,.F.);
#9755 = EDGE_CURVE('',#8894,#9182,#9756,.T.);
#9756 = LINE('',#9757,#9758);
#9757 = CARTESIAN_POINT('',(1.,-4.5,3.5));
#9758 = VECTOR('',#9759,1.);
#9759 = DIRECTION('',(0.,1.,-2.2E-16));
#9760 = PLANE('',#9761);
#9761 = AXIS2_PLACEMENT_3D('',#9762,#9763,#9764);
#9762 = CARTESIAN_POINT('',(-1.,-4.5,3.5));
#9763 = DIRECTION('',(0.,-2.2E-16,-1.));
#9764 = DIRECTION('',(1.,0.,0.));
#9765 = ADVANCED_FACE('',(#9766),#9772,.F.);
#9766 = FACE_BOUND('',#9767,.F.);
#9767 = EDGE_LOOP('',(#9768,#9769,#9770,#9771));
#9768 = ORIENTED_EDGE('',*,*,#8893,.F.);
#9769 = ORIENTED_EDGE('',*,*,#9755,.T.);
#9770 = ORIENTED_EDGE('',*,*,#9181,.T.);
#9771 = ORIENTED_EDGE('',*,*,#9522,.F.);
#9772 = PLANE('',#9773);
#9773 = AXIS2_PLACEMENT_3D('',#9774,#9775,#9776);
#9774 = CARTESIAN_POINT('',(1.,-4.5,3.5));
#9775 = DIRECTION('',(1.,0.,0.));
#9776 = DIRECTION('',(0.,2.2E-16,1.));
#9777 = ADVANCED_FACE('',(#9778),#9789,.T.);
#9778 = FACE_BOUND('',#9779,.T.);
#9779 = EDGE_LOOP('',(#9780,#9781,#9782,#9788));
#9780 = ORIENTED_EDGE('',*,*,#8986,.F.);
#9781 = ORIENTED_EDGE('',*,*,#9093,.T.);
#9782 = ORIENTED_EDGE('',*,*,#9783,.T.);
#9783 = EDGE_CURVE('',#9086,#9012,#9784,.T.);
#9784 = LINE('',#9785,#9786);
#9785 = CARTESIAN_POINT('',(-2.375,5.17,3.));
#9786 = VECTOR('',#9787,1.);
#9787 = DIRECTION('',(1.,0.,0.));
#9788 = ORIENTED_EDGE('',*,*,#9011,.F.);
#9789 = PLANE('',#9790);
#9790 = AXIS2_PLACEMENT_3D('',#9791,#9792,#9793);
#9791 = CARTESIAN_POINT('',(-1.,6.,3.));
#9792 = DIRECTION('',(0.,2.2E-16,1.));
#9793 = DIRECTION('',(1.,0.,0.));
#9794 = ADVANCED_FACE('',(#9795),#9815,.F.);
#9795 = FACE_BOUND('',#9796,.F.);
#9796 = EDGE_LOOP('',(#9797,#9798,#9804,#9805,#9806,#9807,#9808,#9809));
#9797 = ORIENTED_EDGE('',*,*,#9625,.F.);
#9798 = ORIENTED_EDGE('',*,*,#9799,.T.);
#9799 = EDGE_CURVE('',#9626,#9322,#9800,.T.);
#9800 = LINE('',#9801,#9802);
#9801 = CARTESIAN_POINT('',(-3.75,5.17,0.));
#9802 = VECTOR('',#9803,1.);
#9803 = DIRECTION('',(0.,0.,1.));
#9804 = ORIENTED_EDGE('',*,*,#9329,.T.);
#9805 = ORIENTED_EDGE('',*,*,#9085,.T.);
#9806 = ORIENTED_EDGE('',*,*,#9783,.T.);
#9807 = ORIENTED_EDGE('',*,*,#9019,.T.);
#9808 = ORIENTED_EDGE('',*,*,#9338,.T.);
#9809 = ORIENTED_EDGE('',*,*,#9810,.F.);
#9810 = EDGE_CURVE('',#9618,#9339,#9811,.T.);
#9811 = LINE('',#9812,#9813);
#9812 = CARTESIAN_POINT('',(3.75,5.17,0.));
#9813 = VECTOR('',#9814,1.);
#9814 = DIRECTION('',(0.,0.,1.));
#9815 = PLANE('',#9816);
#9816 = AXIS2_PLACEMENT_3D('',#9817,#9818,#9819);
#9817 = CARTESIAN_POINT('',(-3.75,5.17,0.));
#9818 = DIRECTION('',(0.,1.,0.));
#9819 = DIRECTION('',(1.,0.,0.));
#9820 = ADVANCED_FACE('',(#9821),#9832,.F.);
#9821 = FACE_BOUND('',#9822,.F.);
#9822 = EDGE_LOOP('',(#9823,#9824,#9825,#9831));
#9823 = ORIENTED_EDGE('',*,*,#9213,.T.);
#9824 = ORIENTED_EDGE('',*,*,#9257,.T.);
#9825 = ORIENTED_EDGE('',*,*,#9826,.F.);
#9826 = EDGE_CURVE('',#9545,#9258,#9827,.T.);
#9827 = LINE('',#9828,#9829);
#9828 = CARTESIAN_POINT('',(-3.75,-3.13,0.));
#9829 = VECTOR('',#9830,1.);
#9830 = DIRECTION('',(0.,0.,1.));
#9831 = ORIENTED_EDGE('',*,*,#9544,.F.);
#9832 = PLANE('',#9833);
#9833 = AXIS2_PLACEMENT_3D('',#9834,#9835,#9836);
#9834 = CARTESIAN_POINT('',(-3.75,-3.63,0.));
#9835 = DIRECTION('',(-1.,0.,0.));
#9836 = DIRECTION('',(0.,1.,0.));
#9837 = ADVANCED_FACE('',(#9838),#9849,.F.);
#9838 = FACE_BOUND('',#9839,.F.);
#9839 = EDGE_LOOP('',(#9840,#9846,#9847,#9848));
#9840 = ORIENTED_EDGE('',*,*,#9841,.T.);
#9841 = EDGE_CURVE('',#9554,#9230,#9842,.T.);
#9842 = LINE('',#9843,#9844);
#9843 = CARTESIAN_POINT('',(3.75,-3.13,0.));
#9844 = VECTOR('',#9845,1.);
#9845 = DIRECTION('',(0.,0.,1.));
#9846 = ORIENTED_EDGE('',*,*,#9237,.T.);
#9847 = ORIENTED_EDGE('',*,*,#9158,.F.);
#9848 = ORIENTED_EDGE('',*,*,#9553,.F.);
#9849 = PLANE('',#9850);
#9850 = AXIS2_PLACEMENT_3D('',#9851,#9852,#9853);
#9851 = CARTESIAN_POINT('',(3.75,-3.13,0.));
#9852 = DIRECTION('',(1.,0.,0.));
#9853 = DIRECTION('',(0.,-1.,0.));
#9854 = ADVANCED_FACE('',(#9855),#9866,.F.);
#9855 = FACE_BOUND('',#9856,.F.);
#9856 = EDGE_LOOP('',(#9857,#9863,#9864,#9865));
#9857 = ORIENTED_EDGE('',*,*,#9858,.T.);
#9858 = EDGE_CURVE('',#9562,#9228,#9859,.T.);
#9859 = LINE('',#9860,#9861);
#9860 = CARTESIAN_POINT('',(2.75,-3.13,0.));
#9861 = VECTOR('',#9862,1.);
#9862 = DIRECTION('',(0.,0.,1.));
#9863 = ORIENTED_EDGE('',*,*,#9227,.T.);
#9864 = ORIENTED_EDGE('',*,*,#9841,.F.);
#9865 = ORIENTED_EDGE('',*,*,#9561,.F.);
#9866 = PLANE('',#9867);
#9867 = AXIS2_PLACEMENT_3D('',#9868,#9869,#9870);
#9868 = CARTESIAN_POINT('',(2.75,-3.13,0.));
#9869 = DIRECTION('',(0.,1.,0.));
#9870 = DIRECTION('',(1.,0.,0.));
#9871 = ADVANCED_FACE('',(#9872),#9883,.F.);
#9872 = FACE_BOUND('',#9873,.F.);
#9873 = EDGE_LOOP('',(#9874,#9880,#9881,#9882));
#9874 = ORIENTED_EDGE('',*,*,#9875,.T.);
#9875 = EDGE_CURVE('',#9570,#9387,#9876,.T.);
#9876 = LINE('',#9877,#9878);
#9877 = CARTESIAN_POINT('',(2.75,-1.13,0.));
#9878 = VECTOR('',#9879,1.);
#9879 = DIRECTION('',(0.,0.,1.));
#9880 = ORIENTED_EDGE('',*,*,#9394,.T.);
#9881 = ORIENTED_EDGE('',*,*,#9858,.F.);
#9882 = ORIENTED_EDGE('',*,*,#9569,.F.);
#9883 = PLANE('',#9884);
#9884 = AXIS2_PLACEMENT_3D('',#9885,#9886,#9887);
#9885 = CARTESIAN_POINT('',(2.75,-1.13,0.));
#9886 = DIRECTION('',(1.,0.,0.));
#9887 = DIRECTION('',(0.,-1.,0.));
#9888 = ADVANCED_FACE('',(#9889),#9900,.F.);
#9889 = FACE_BOUND('',#9890,.F.);
#9890 = EDGE_LOOP('',(#9891,#9897,#9898,#9899));
#9891 = ORIENTED_EDGE('',*,*,#9892,.T.);
#9892 = EDGE_CURVE('',#9578,#9379,#9893,.T.);
#9893 = LINE('',#9894,#9895);
#9894 = CARTESIAN_POINT('',(3.75,-1.13,0.));
#9895 = VECTOR('',#9896,1.);
#9896 = DIRECTION('',(0.,0.,1.));
#9897 = ORIENTED_EDGE('',*,*,#9386,.T.);
#9898 = ORIENTED_EDGE('',*,*,#9875,.F.);
#9899 = ORIENTED_EDGE('',*,*,#9577,.F.);
#9900 = PLANE('',#9901);
#9901 = AXIS2_PLACEMENT_3D('',#9902,#9903,#9904);
#9902 = CARTESIAN_POINT('',(3.75,-1.13,0.));
#9903 = DIRECTION('',(0.,-1.,0.));
#9904 = DIRECTION('',(-1.,0.,0.));
#9905 = ADVANCED_FACE('',(#9906),#9917,.F.);
#9906 = FACE_BOUND('',#9907,.F.);
#9907 = EDGE_LOOP('',(#9908,#9914,#9915,#9916));
#9908 = ORIENTED_EDGE('',*,*,#9909,.T.);
#9909 = EDGE_CURVE('',#9586,#9371,#9910,.T.);
#9910 = LINE('',#9911,#9912);
#9911 = CARTESIAN_POINT('',(3.75,3.67,0.));
#9912 = VECTOR('',#9913,1.);
#9913 = DIRECTION('',(0.,0.,1.));
#9914 = ORIENTED_EDGE('',*,*,#9378,.T.);
#9915 = ORIENTED_EDGE('',*,*,#9892,.F.);
#9916 = ORIENTED_EDGE('',*,*,#9585,.F.);
#9917 = PLANE('',#9918);
#9918 = AXIS2_PLACEMENT_3D('',#9919,#9920,#9921);
#9919 = CARTESIAN_POINT('',(3.75,3.67,0.));
#9920 = DIRECTION('',(1.,0.,0.));
#9921 = DIRECTION('',(0.,-1.,0.));
#9922 = ADVANCED_FACE('',(#9923),#9934,.F.);
#9923 = FACE_BOUND('',#9924,.F.);
#9924 = EDGE_LOOP('',(#9925,#9931,#9932,#9933));
#9925 = ORIENTED_EDGE('',*,*,#9926,.T.);
#9926 = EDGE_CURVE('',#9594,#9363,#9927,.T.);
#9927 = LINE('',#9928,#9929);
#9928 = CARTESIAN_POINT('',(2.75,3.67,0.));
#9929 = VECTOR('',#9930,1.);
#9930 = DIRECTION('',(0.,0.,1.));
#9931 = ORIENTED_EDGE('',*,*,#9370,.T.);
#9932 = ORIENTED_EDGE('',*,*,#9909,.F.);
#9933 = ORIENTED_EDGE('',*,*,#9593,.F.);
#9934 = PLANE('',#9935);
#9935 = AXIS2_PLACEMENT_3D('',#9936,#9937,#9938);
#9936 = CARTESIAN_POINT('',(2.75,3.67,0.));
#9937 = DIRECTION('',(0.,1.,0.));
#9938 = DIRECTION('',(1.,0.,0.));
#9939 = ADVANCED_FACE('',(#9940),#9951,.F.);
#9940 = FACE_BOUND('',#9941,.F.);
#9941 = EDGE_LOOP('',(#9942,#9948,#9949,#9950));
#9942 = ORIENTED_EDGE('',*,*,#9943,.T.);
#9943 = EDGE_CURVE('',#9602,#9355,#9944,.T.);
#9944 = LINE('',#9945,#9946);
#9945 = CARTESIAN_POINT('',(2.75,4.67,0.));
#9946 = VECTOR('',#9947,1.);
#9947 = DIRECTION('',(0.,0.,1.));
#9948 = ORIENTED_EDGE('',*,*,#9362,.T.);
#9949 = ORIENTED_EDGE('',*,*,#9926,.F.);
#9950 = ORIENTED_EDGE('',*,*,#9601,.F.);
#9951 = PLANE('',#9952);
#9952 = AXIS2_PLACEMENT_3D('',#9953,#9954,#9955);
#9953 = CARTESIAN_POINT('',(2.75,4.67,0.));
#9954 = DIRECTION('',(1.,0.,0.));
#9955 = DIRECTION('',(0.,-1.,0.));
#9956 = ADVANCED_FACE('',(#9957),#9968,.F.);
#9957 = FACE_BOUND('',#9958,.F.);
#9958 = EDGE_LOOP('',(#9959,#9965,#9966,#9967));
#9959 = ORIENTED_EDGE('',*,*,#9960,.T.);
#9960 = EDGE_CURVE('',#9610,#9347,#9961,.T.);
#9961 = LINE('',#9962,#9963);
#9962 = CARTESIAN_POINT('',(3.75,4.67,0.));
#9963 = VECTOR('',#9964,1.);
#9964 = DIRECTION('',(0.,0.,1.));
#9965 = ORIENTED_EDGE('',*,*,#9354,.T.);
#9966 = ORIENTED_EDGE('',*,*,#9943,.F.);
#9967 = ORIENTED_EDGE('',*,*,#9609,.F.);
#9968 = PLANE('',#9969);
#9969 = AXIS2_PLACEMENT_3D('',#9970,#9971,#9972);
#9970 = CARTESIAN_POINT('',(3.75,4.67,0.));
#9971 = DIRECTION('',(0.,-1.,0.));
#9972 = DIRECTION('',(-1.,0.,0.));
#9973 = ADVANCED_FACE('',(#9974),#9980,.F.);
#9974 = FACE_BOUND('',#9975,.F.);
#9975 = EDGE_LOOP('',(#9976,#9977,#9978,#9979));
#9976 = ORIENTED_EDGE('',*,*,#9810,.T.);
#9977 = ORIENTED_EDGE('',*,*,#9346,.T.);
#9978 = ORIENTED_EDGE('',*,*,#9960,.F.);
#9979 = ORIENTED_EDGE('',*,*,#9617,.F.);
#9980 = PLANE('',#9981);
#9981 = AXIS2_PLACEMENT_3D('',#9982,#9983,#9984);
#9982 = CARTESIAN_POINT('',(3.75,5.17,0.));
#9983 = DIRECTION('',(1.,0.,0.));
#9984 = DIRECTION('',(0.,-1.,0.));
#9985 = ADVANCED_FACE('',(#9986),#9997,.F.);
#9986 = FACE_BOUND('',#9987,.F.);
#9987 = EDGE_LOOP('',(#9988,#9994,#9995,#9996));
#9988 = ORIENTED_EDGE('',*,*,#9989,.T.);
#9989 = EDGE_CURVE('',#9634,#9314,#9990,.T.);
#9990 = LINE('',#9991,#9992);
#9991 = CARTESIAN_POINT('',(-3.75,4.67,0.));
#9992 = VECTOR('',#9993,1.);
#9993 = DIRECTION('',(0.,0.,1.));
#9994 = ORIENTED_EDGE('',*,*,#9321,.T.);
#9995 = ORIENTED_EDGE('',*,*,#9799,.F.);
#9996 = ORIENTED_EDGE('',*,*,#9633,.F.);
#9997 = PLANE('',#9998);
#9998 = AXIS2_PLACEMENT_3D('',#9999,#10000,#10001);
#9999 = CARTESIAN_POINT('',(-3.75,4.67,0.));
#10000 = DIRECTION('',(-1.,0.,0.));
#10001 = DIRECTION('',(0.,1.,0.));
#10002 = ADVANCED_FACE('',(#10003),#10014,.F.);
#10003 = FACE_BOUND('',#10004,.F.);
#10004 = EDGE_LOOP('',(#10005,#10011,#10012,#10013));
#10005 = ORIENTED_EDGE('',*,*,#10006,.T.);
#10006 = EDGE_CURVE('',#9642,#9306,#10007,.T.);
#10007 = LINE('',#10008,#10009);
#10008 = CARTESIAN_POINT('',(-2.75,4.67,0.));
#10009 = VECTOR('',#10010,1.);
#10010 = DIRECTION('',(0.,0.,1.));
#10011 = ORIENTED_EDGE('',*,*,#9313,.T.);
#10012 = ORIENTED_EDGE('',*,*,#9989,.F.);
#10013 = ORIENTED_EDGE('',*,*,#9641,.F.);
#10014 = PLANE('',#10015);
#10015 = AXIS2_PLACEMENT_3D('',#10016,#10017,#10018);
#10016 = CARTESIAN_POINT('',(-2.75,4.67,0.));
#10017 = DIRECTION('',(0.,-1.,0.));
#10018 = DIRECTION('',(-1.,0.,0.));
#10019 = ADVANCED_FACE('',(#10020),#10031,.F.);
#10020 = FACE_BOUND('',#10021,.F.);
#10021 = EDGE_LOOP('',(#10022,#10028,#10029,#10030));
#10022 = ORIENTED_EDGE('',*,*,#10023,.T.);
#10023 = EDGE_CURVE('',#9650,#9298,#10024,.T.);
#10024 = LINE('',#10025,#10026);
#10025 = CARTESIAN_POINT('',(-2.75,3.67,0.));
#10026 = VECTOR('',#10027,1.);
#10027 = DIRECTION('',(0.,0.,1.));
#10028 = ORIENTED_EDGE('',*,*,#9305,.T.);
#10029 = ORIENTED_EDGE('',*,*,#10006,.F.);
#10030 = ORIENTED_EDGE('',*,*,#9649,.F.);
#10031 = PLANE('',#10032);
#10032 = AXIS2_PLACEMENT_3D('',#10033,#10034,#10035);
#10033 = CARTESIAN_POINT('',(-2.75,3.67,0.));
#10034 = DIRECTION('',(-1.,0.,0.));
#10035 = DIRECTION('',(0.,1.,0.));
#10036 = ADVANCED_FACE('',(#10037),#10048,.F.);
#10037 = FACE_BOUND('',#10038,.F.);
#10038 = EDGE_LOOP('',(#10039,#10045,#10046,#10047));
#10039 = ORIENTED_EDGE('',*,*,#10040,.T.);
#10040 = EDGE_CURVE('',#9658,#9290,#10041,.T.);
#10041 = LINE('',#10042,#10043);
#10042 = CARTESIAN_POINT('',(-3.75,3.67,0.));
#10043 = VECTOR('',#10044,1.);
#10044 = DIRECTION('',(0.,0.,1.));
#10045 = ORIENTED_EDGE('',*,*,#9297,.T.);
#10046 = ORIENTED_EDGE('',*,*,#10023,.F.);
#10047 = ORIENTED_EDGE('',*,*,#9657,.F.);
#10048 = PLANE('',#10049);
#10049 = AXIS2_PLACEMENT_3D('',#10050,#10051,#10052);
#10050 = CARTESIAN_POINT('',(-3.75,3.67,0.));
#10051 = DIRECTION('',(0.,1.,0.));
#10052 = DIRECTION('',(1.,0.,0.));
#10053 = ADVANCED_FACE('',(#10054),#10074,.F.);
#10054 = FACE_BOUND('',#10055,.F.);
#10055 = EDGE_LOOP('',(#10056,#10065,#10071,#10072,#10073));
#10056 = ORIENTED_EDGE('',*,*,#10057,.T.);
#10057 = EDGE_CURVE('',#9666,#10058,#10060,.T.);
#10058 = VERTEX_POINT('',#10059);
#10059 = CARTESIAN_POINT('',(-3.75,-1.13,1.40110670543));
#10060 = CIRCLE('',#10061,1.8);
#10061 = AXIS2_PLACEMENT_3D('',#10062,#10063,#10064);
#10062 = CARTESIAN_POINT('',(-3.75,0.,0.));
#10063 = DIRECTION('',(1.,0.,0.));
#10064 = DIRECTION('',(0.,1.,0.));
#10065 = ORIENTED_EDGE('',*,*,#10066,.T.);
#10066 = EDGE_CURVE('',#10058,#9282,#10067,.T.);
#10067 = LINE('',#10068,#10069);
#10068 = CARTESIAN_POINT('',(-3.75,-1.13,0.));
#10069 = VECTOR('',#10070,1.);
#10070 = DIRECTION('',(0.,0.,1.));
#10071 = ORIENTED_EDGE('',*,*,#9289,.T.);
#10072 = ORIENTED_EDGE('',*,*,#10040,.F.);
#10073 = ORIENTED_EDGE('',*,*,#9665,.F.);
#10074 = PLANE('',#10075);
#10075 = AXIS2_PLACEMENT_3D('',#10076,#10077,#10078);
#10076 = CARTESIAN_POINT('',(-3.75,-1.13,0.));
#10077 = DIRECTION('',(-1.,0.,0.));
#10078 = DIRECTION('',(0.,1.,0.));
#10079 = ADVANCED_FACE('',(#10080),#10105,.F.);
#10080 = FACE_BOUND('',#10081,.F.);
#10081 = EDGE_LOOP('',(#10082,#10083,#10089,#10090,#10091,#10099));
#10082 = ORIENTED_EDGE('',*,*,#9705,.F.);
#10083 = ORIENTED_EDGE('',*,*,#10084,.T.);
#10084 = EDGE_CURVE('',#9706,#9274,#10085,.T.);
#10085 = LINE('',#10086,#10087);
#10086 = CARTESIAN_POINT('',(-2.75,-1.13,0.));
#10087 = VECTOR('',#10088,1.);
#10088 = DIRECTION('',(0.,0.,1.));
#10089 = ORIENTED_EDGE('',*,*,#9281,.T.);
#10090 = ORIENTED_EDGE('',*,*,#10066,.F.);
#10091 = ORIENTED_EDGE('',*,*,#10092,.T.);
#10092 = EDGE_CURVE('',#10058,#10093,#10095,.T.);
#10093 = VERTEX_POINT('',#10094);
#10094 = CARTESIAN_POINT('',(-3.,-1.13,1.40110670543));
#10095 = LINE('',#10096,#10097);
#10096 = CARTESIAN_POINT('',(-3.,-1.13,1.40110670543));
#10097 = VECTOR('',#10098,1.);
#10098 = DIRECTION('',(1.,0.,0.));
#10099 = ORIENTED_EDGE('',*,*,#10100,.F.);
#10100 = EDGE_CURVE('',#9698,#10093,#10101,.T.);
#10101 = LINE('',#10102,#10103);
#10102 = CARTESIAN_POINT('',(-3.,-1.13,6.E-17));
#10103 = VECTOR('',#10104,1.);
#10104 = DIRECTION('',(0.,0.,1.));
#10105 = PLANE('',#10106);
#10106 = AXIS2_PLACEMENT_3D('',#10107,#10108,#10109);
#10107 = CARTESIAN_POINT('',(-2.75,-1.13,0.));
#10108 = DIRECTION('',(0.,-1.,0.));
#10109 = DIRECTION('',(-1.,0.,0.));
#10110 = ADVANCED_FACE('',(#10111),#10122,.F.);
#10111 = FACE_BOUND('',#10112,.F.);
#10112 = EDGE_LOOP('',(#10113,#10119,#10120,#10121));
#10113 = ORIENTED_EDGE('',*,*,#10114,.T.);
#10114 = EDGE_CURVE('',#9714,#9266,#10115,.T.);
#10115 = LINE('',#10116,#10117);
#10116 = CARTESIAN_POINT('',(-2.75,-3.13,0.));
#10117 = VECTOR('',#10118,1.);
#10118 = DIRECTION('',(0.,0.,1.));
#10119 = ORIENTED_EDGE('',*,*,#9273,.T.);
#10120 = ORIENTED_EDGE('',*,*,#10084,.F.);
#10121 = ORIENTED_EDGE('',*,*,#9713,.F.);
#10122 = PLANE('',#10123);
#10123 = AXIS2_PLACEMENT_3D('',#10124,#10125,#10126);
#10124 = CARTESIAN_POINT('',(-2.75,-3.13,0.));
#10125 = DIRECTION('',(-1.,0.,0.));
#10126 = DIRECTION('',(0.,1.,0.));
#10127 = ADVANCED_FACE('',(#10128),#10134,.F.);
#10128 = FACE_BOUND('',#10129,.F.);
#10129 = EDGE_LOOP('',(#10130,#10131,#10132,#10133));
#10130 = ORIENTED_EDGE('',*,*,#9826,.T.);
#10131 = ORIENTED_EDGE('',*,*,#9265,.T.);
#10132 = ORIENTED_EDGE('',*,*,#10114,.F.);
#10133 = ORIENTED_EDGE('',*,*,#9721,.F.);
#10134 = PLANE('',#10135);
#10135 = AXIS2_PLACEMENT_3D('',#10136,#10137,#10138);
#10136 = CARTESIAN_POINT('',(-3.75,-3.13,0.));
#10137 = DIRECTION('',(0.,1.,0.));
#10138 = DIRECTION('',(1.,0.,0.));
#10139 = ADVANCED_FACE('',(#10140),#10151,.F.);
#10140 = FACE_BOUND('',#10141,.F.);
#10141 = EDGE_LOOP('',(#10142,#10143,#10150));
#10142 = ORIENTED_EDGE('',*,*,#10100,.T.);
#10143 = ORIENTED_EDGE('',*,*,#10144,.T.);
#10144 = EDGE_CURVE('',#10093,#9690,#10145,.T.);
#10145 = CIRCLE('',#10146,1.8);
#10146 = AXIS2_PLACEMENT_3D('',#10147,#10148,#10149);
#10147 = CARTESIAN_POINT('',(-3.,0.,0.));
#10148 = DIRECTION('',(1.,0.,0.));
#10149 = DIRECTION('',(0.,1.,0.));
#10150 = ORIENTED_EDGE('',*,*,#9697,.F.);
#10151 = PLANE('',#10152);
#10152 = AXIS2_PLACEMENT_3D('',#10153,#10154,#10155);
#10153 = CARTESIAN_POINT('',(-3.,-5.E-17,1.2E-16));
#10154 = DIRECTION('',(1.,0.,0.));
#10155 = DIRECTION('',(0.,0.,1.));
#10156 = ADVANCED_FACE('',(#10157),#10169,.F.);
#10157 = FACE_BOUND('',#10158,.F.);
#10158 = EDGE_LOOP('',(#10159,#10160,#10161,#10168));
#10159 = ORIENTED_EDGE('',*,*,#10144,.F.);
#10160 = ORIENTED_EDGE('',*,*,#10092,.F.);
#10161 = ORIENTED_EDGE('',*,*,#10162,.T.);
#10162 = EDGE_CURVE('',#10058,#9682,#10163,.T.);
#10163 = CIRCLE('',#10164,1.8);
#10164 = AXIS2_PLACEMENT_3D('',#10165,#10166,#10167);
#10165 = CARTESIAN_POINT('',(-3.75,0.,0.));
#10166 = DIRECTION('',(1.,0.,0.));
#10167 = DIRECTION('',(0.,1.,0.));
#10168 = ORIENTED_EDGE('',*,*,#9689,.T.);
#10169 = CYLINDRICAL_SURFACE('',#10170,1.8);
#10170 = AXIS2_PLACEMENT_3D('',#10171,#10172,#10173);
#10171 = CARTESIAN_POINT('',(-3.,0.,0.));
#10172 = DIRECTION('',(1.,0.,0.));
#10173 = DIRECTION('',(0.,1.,0.));
#10174 = ADVANCED_FACE('',(#10175),#10185,.F.);
#10175 = FACE_BOUND('',#10176,.F.);
#10176 = EDGE_LOOP('',(#10177,#10178,#10184));
#10177 = ORIENTED_EDGE('',*,*,#10162,.F.);
#10178 = ORIENTED_EDGE('',*,*,#10179,.F.);
#10179 = EDGE_CURVE('',#9674,#10058,#10180,.T.);
#10180 = LINE('',#10181,#10182);
#10181 = CARTESIAN_POINT('',(-3.75,-1.13,0.));
#10182 = VECTOR('',#10183,1.);
#10183 = DIRECTION('',(0.,0.,1.));
#10184 = ORIENTED_EDGE('',*,*,#9681,.F.);
#10185 = PLANE('',#10186);
#10186 = AXIS2_PLACEMENT_3D('',#10187,#10188,#10189);
#10187 = CARTESIAN_POINT('',(-3.75,-1.13,0.));
#10188 = DIRECTION('',(-1.,0.,0.));
#10189 = DIRECTION('',(0.,1.,0.));
#10190 = ADVANCED_FACE('',(#10191),#10196,.F.);
#10191 = FACE_BOUND('',#10192,.F.);
#10192 = EDGE_LOOP('',(#10193,#10194,#10195));
#10193 = ORIENTED_EDGE('',*,*,#9673,.F.);
#10194 = ORIENTED_EDGE('',*,*,#10179,.T.);
#10195 = ORIENTED_EDGE('',*,*,#10057,.F.);
#10196 = PLANE('',#10197);
#10197 = AXIS2_PLACEMENT_3D('',#10198,#10199,#10200);
#10198 = CARTESIAN_POINT('',(-3.75,-1.13,0.));
#10199 = DIRECTION('',(-1.,0.,0.));
#10200 = DIRECTION('',(0.,1.,0.));
#10201 = ( GEOMETRIC_REPRESENTATION_CONTEXT(3) 
GLOBAL_UNCERTAINTY_ASSIGNED_CONTEXT((#10205)) 
GLOBAL_UNIT_ASSIGNED_CONTEXT((#10202,#10203,#10204)) 
REPRESENTATION_CONTEXT('Context #1',
  '3D Context with UNIT and UNCERTAINTY') );
#10202 = ( LENGTH_UNIT() NAMED_UNIT(*) SI_UNIT(.MILLI.,.METRE.) );
#10203 = ( NAMED_UNIT(*) PLANE_ANGLE_UNIT() SI_UNIT($,.RADIAN.) );
#10204 = ( NAMED_UNIT(*) SI_UNIT($,.STERADIAN.) SOLID_ANGLE_UNIT() );
#10205 = UNCERTAINTY_MEASURE_WITH_UNIT(LENGTH_MEASURE(2.E-07),#10202,
  'distance_accuracy_value','confusion accuracy');
#10206 = PRODUCT_RELATED_PRODUCT_CATEGORY('part',$,(#8180));
#10207 = MECHANICAL_DESIGN_GEOMETRIC_PRESENTATION_REPRESENTATION('',(
    #10208),#10201);
#10208 = STYLED_ITEM('color',(#10209),#8184);
#10209 = PRESENTATION_STYLE_ASSIGNMENT((#10210,#10216));
#10210 = SURFACE_STYLE_USAGE(.BOTH.,#10211);
#10211 = SURFACE_SIDE_STYLE('',(#10212));
#10212 = SURFACE_STYLE_FILL_AREA(#10213);
#10213 = FILL_AREA_STYLE('',(#10214));
#10214 = FILL_AREA_STYLE_COLOUR('',#10215);
#10215 = COLOUR_RGB('',0.392156863511,0.392156863511,0.392156863511);
#10216 = CURVE_STYLE('',#10217,POSITIVE_LENGTH_MEASURE(0.1),#10215);
#10217 = DRAUGHTING_PRE_DEFINED_CURVE_FONT('continuous');
#10218 = MECHANICAL_DESIGN_GEOMETRIC_PRESENTATION_REPRESENTATION('',(
    #10219),#7237);
#10219 = STYLED_ITEM('color',(#10220),#4364);
#10220 = PRESENTATION_STYLE_ASSIGNMENT((#10221,#10227));
#10221 = SURFACE_STYLE_USAGE(.BOTH.,#10222);
#10222 = SURFACE_SIDE_STYLE('',(#10223));
#10223 = SURFACE_STYLE_FILL_AREA(#10224);
#10224 = FILL_AREA_STYLE('',(#10225));
#10225 = FILL_AREA_STYLE_COLOUR('',#10226);
#10226 = COLOUR_RGB('',0.800000010877,0.800000010877,0.800000010877);
#10227 = CURVE_STYLE('',#10228,POSITIVE_LENGTH_MEASURE(0.1),#10226);
#10228 = DRAUGHTING_PRE_DEFINED_CURVE_FONT('continuous');
#10229 = MECHANICAL_DESIGN_GEOMETRIC_PRESENTATION_REPRESENTATION('',(
    #10230),#8170);
#10230 = STYLED_ITEM('color',(#10231),#7251);
#10231 = PRESENTATION_STYLE_ASSIGNMENT((#10232,#10237));
#10232 = SURFACE_STYLE_USAGE(.BOTH.,#10233);
#10233 = SURFACE_SIDE_STYLE('',(#10234));
#10234 = SURFACE_STYLE_FILL_AREA(#10235);
#10235 = FILL_AREA_STYLE('',(#10236));
#10236 = FILL_AREA_STYLE_COLOUR('',#10226);
#10237 = CURVE_STYLE('',#10238,POSITIVE_LENGTH_MEASURE(0.1),#10226);
#10238 = DRAUGHTING_PRE_DEFINED_CURVE_FONT('continuous');
#10239 = MECHANICAL_DESIGN_GEOMETRIC_PRESENTATION_REPRESENTATION('',(
    #10240),#3618);
#10240 = STYLED_ITEM('color',(#10241),#15);
#10241 = PRESENTATION_STYLE_ASSIGNMENT((#10242,#10247));
#10242 = SURFACE_STYLE_USAGE(.BOTH.,#10243);
#10243 = SURFACE_SIDE_STYLE('',(#10244));
#10244 = SURFACE_STYLE_FILL_AREA(#10245);
#10245 = FILL_AREA_STYLE('',(#10246));
#10246 = FILL_AREA_STYLE_COLOUR('',#10226);
#10247 = CURVE_STYLE('',#10248,POSITIVE_LENGTH_MEASURE(0.1),#10226);
#10248 = DRAUGHTING_PRE_DEFINED_CURVE_FONT('continuous');
#10249 = MECHANICAL_DESIGN_GEOMETRIC_PRESENTATION_REPRESENTATION('',(
    #10250),#4350);
#10250 = STYLED_ITEM('color',(#10251),#3998);
#10251 = PRESENTATION_STYLE_ASSIGNMENT((#10252,#10257));
#10252 = SURFACE_STYLE_USAGE(.BOTH.,#10253);
#10253 = SURFACE_SIDE_STYLE('',(#10254));
#10254 = SURFACE_STYLE_FILL_AREA(#10255);
#10255 = FILL_AREA_STYLE('',(#10256));
#10256 = FILL_AREA_STYLE_COLOUR('',#10226);
#10257 = CURVE_STYLE('',#10258,POSITIVE_LENGTH_MEASURE(0.1),#10226);
#10258 = DRAUGHTING_PRE_DEFINED_CURVE_FONT('continuous');
#10259 = MECHANICAL_DESIGN_GEOMETRIC_PRESENTATION_REPRESENTATION('',(
    #10260),#3984);
#10260 = STYLED_ITEM('color',(#10261),#3632);
#10261 = PRESENTATION_STYLE_ASSIGNMENT((#10262,#10267));
#10262 = SURFACE_STYLE_USAGE(.BOTH.,#10263);
#10263 = SURFACE_SIDE_STYLE('',(#10264));
#10264 = SURFACE_STYLE_FILL_AREA(#10265);
#10265 = FILL_AREA_STYLE('',(#10266));
#10266 = FILL_AREA_STYLE_COLOUR('',#10226);
#10267 = CURVE_STYLE('',#10268,POSITIVE_LENGTH_MEASURE(0.1),#10226);
#10268 = DRAUGHTING_PRE_DEFINED_CURVE_FONT('continuous');
ENDSEC;
END-ISO-10303-21;
